from_id,to_id,travel_time
1,1,0
1,3,78
1,4,75
1,5,57
1,6,71
1,7,68
1,8,66
1,9,55
1,10,56
1,11,61
1,12,57
1,13,59
1,14,52
1,15,62
1,16,59
1,17,58
1,18,63
1,19,48
1,20,49
1,21,50
1,22,58
1,23,54
1,24,46
1,25,40
1,26,43
1,27,43
1,28,35
1,29,47
1,30,32
1,31,30
1,32,34
1,33,35
1,34,45
1,35,57
1,36,70
1,37,44
1,38,50
1,39,53
1,40,54
1,41,50
1,42,41
1,43,47
1,44,42
1,45,55
1,46,33
1,47,30
1,48,41
1,49,94
1,50,63
1,51,59
1,52,53
1,53,43
1,54,39
1,55,24
1,56,34
1,57,20
1,58,22
1,59,17
1,60,23
1,61,28
1,62,33
3,1,67
3,3,0
3,4,21
3,5,29
3,6,58
3,7,16
3,8,27
3,9,30
3,10,35
3,11,28
3,12,34
3,13,40
3,14,37
3,15,27
3,16,28
3,17,36
3,18,43
3,19,37
3,20,45
3,21,71
3,22,40
3,23,47
3,24,42
3,25,49
3,26,51
3,27,56
3,28,52
3,29,56
3,30,57
3,31,59
3,32,59
3,33,55
3,34,63
3,35,63
3,36,59
3,37,52
3,38,49
3,39,46
3,40,54
3,41,52
3,42,52
3,43,59
3,44,57
3,45,62
3,46,61
3,47,66
3,48,69
3,49,98
3,50,76
3,51,70
3,52,82
3,53,73
3,54,64
3,55,67
3,56,81
3,57,72
3,58,75
3,59,72
3,60,71
3,61,76
3,62,80
4,1,60
4,3,22
4,4,0
4,5,27
4,6,51
4,7,23
4,8,36
4,9,23
4,10,28
4,11,23
4,12,27
4,13,34
4,14,30
4,15,25
4,16,31
4,17,41
4,18,46
4,19,32
4,20,43
4,21,64
4,22,33
4,23,40
4,24,35
4,25,45
4,26,44
4,27,50
4,28,52
4,29,57
4,30,60
4,31,52
4,32,58
4,33,48
4,34,56
4,35,56
4,36,52
4,37,45
4,38,42
4,39,39
4,40,47
4,41,45
4,42,45
4,43,52
4,44,50
4,45,55
4,46,54
4,47,67
4,48,62
4,49,91
4,50,69
4,51,63
4,52,75
4,53,66
4,54,57
4,55,64
4,56,74
4,57,69
4,58,68
4,59,65
4,60,67
4,61,72
4,62,79
5,1,52
5,3,29
5,4,28
5,5,0
5,6,38
5,7,21
5,8,35
5,9,8
5,10,15
5,11,15
5,12,26
5,13,22
5,14,20
5,15,19
5,16,25
5,17,35
5,18,40
5,19,31
5,20,41
5,21,50
5,22,33
5,23,39
5,24,34
5,25,42
5,26,42
5,27,49
5,28,45
5,29,50
5,30,44
5,31,40
5,32,45
5,33,39
5,34,42
5,35,42
5,36,43
5,37,31
5,38,31
5,39,31
5,40,37
5,41,40
5,42,36
5,43,38
5,44,36
5,45,41
5,46,40
5,47,58
5,48,48
5,49,77
5,50,55
5,51,49
5,52,61
5,53,52
5,54,43
5,55,54
5,56,60
5,57,61
5,58,54
5,59,54
5,60,59
5,61,64
5,62,71
6,1,64
6,3,58
6,4,56
6,5,38
6,6,0
6,7,53
6,8,65
6,9,37
6,10,40
6,11,46
6,12,48
6,13,42
6,14,32
6,15,51
6,16,57
6,17,65
6,18,69
6,19,57
6,20,60
6,21,64
6,22,46
6,23,54
6,24,56
6,25,55
6,26,59
6,27,64
6,28,59
6,29,62
6,30,58
6,31,53
6,32,59
6,33,53
6,34,56
6,35,56
6,36,25
6,37,44
6,38,41
6,39,39
6,40,48
6,41,54
6,42,50
6,43,52
6,44,50
6,45,55
6,46,54
6,47,70
6,48,62
6,49,91
6,50,69
6,51,63
6,52,75
6,53,66
6,54,57
6,55,67
6,56,74
6,57,73
6,58,68
6,59,67
6,60,71
6,61,76
6,62,83
7,1,58
7,3,16
7,4,24
7,5,21
7,6,52
7,7,0
7,8,18
7,9,19
7,10,24
7,11,15
7,12,20
7,13,27
7,14,31
7,15,13
7,16,14
7,17,24
7,18,29
7,19,24
7,20,33
7,21,60
7,22,27
7,23,33
7,24,28
7,25,35
7,26,37
7,27,42
7,28,38
7,29,42
7,30,43
7,31,47
7,32,45
7,33,43
7,34,51
7,35,57
7,36,53
7,37,44
7,38,42
7,39,38
7,40,44
7,41,38
7,42,40
7,43,47
7,44,45
7,45,50
7,46,49
7,47,52
7,48,57
7,49,88
7,50,64
7,51,58
7,52,70
7,53,61
7,54,52
7,55,57
7,56,69
7,57,62
7,58,63
7,59,62
7,60,61
7,61,67
7,62,67
8,1,52
8,3,27
8,4,38
8,5,32
8,6,61
8,7,18
8,8,0
8,9,29
8,10,32
8,11,22
8,12,23
8,13,32
8,14,38
8,15,22
8,16,17
8,17,11
8,18,20
8,19,27
8,20,21
8,21,63
8,22,30
8,23,35
8,24,31
8,25,32
8,26,36
8,27,39
8,28,33
8,29,36
8,30,37
8,31,44
8,32,39
8,33,41
8,34,51
8,35,66
8,36,62
8,37,55
8,38,51
8,39,46
8,40,48
8,41,38
8,42,40
8,43,47
8,44,47
8,45,51
8,46,46
8,47,46
8,48,59
8,49,93
8,50,64
8,51,58
8,52,70
8,53,63
8,54,52
8,55,51
8,56,66
8,57,56
8,58,60
8,59,57
8,60,55
8,61,61
8,62,61
9,1,51
9,3,27
9,4,25
9,5,8
9,6,37
9,7,19
9,8,32
9,9,0
9,10,7
9,11,9
9,12,21
9,13,14
9,14,15
9,15,16
9,16,22
9,17,32
9,18,37
9,19,28
9,20,38
9,21,49
9,22,26
9,23,37
9,24,32
9,25,40
9,26,41
9,27,46
9,28,44
9,29,49
9,30,43
9,31,39
9,32,44
9,33,38
9,34,41
9,35,41
9,36,41
9,37,30
9,38,29
9,39,29
9,40,35
9,41,39
9,42,35
9,43,37
9,44,35
9,45,40
9,46,39
9,47,57
9,48,47
9,49,76
9,50,54
9,51,48
9,52,60
9,53,51
9,54,42
9,55,53
9,56,59
9,57,60
9,58,53
9,59,53
9,60,58
9,61,63
9,62,70
10,1,52
10,3,32
10,4,30
10,5,15
10,6,40
10,7,24
10,8,37
10,9,7
10,10,0
10,11,9
10,12,20
10,13,12
10,14,13
10,15,22
10,16,28
10,17,38
10,18,42
10,19,29
10,20,40
10,21,50
10,22,24
10,23,35
10,24,33
10,25,41
10,26,42
10,27,48
10,28,45
10,29,49
10,30,44
10,31,40
10,32,45
10,33,39
10,34,42
10,35,42
10,36,43
10,37,30
10,38,32
10,39,30
10,40,35
10,41,40
10,42,36
10,43,38
10,44,36
10,45,41
10,46,40
10,47,58
10,48,48
10,49,77
10,50,55
10,51,49
10,52,61
10,53,52
10,54,43
10,55,54
10,56,60
10,57,61
10,58,54
10,59,54
10,60,59
10,61,64
10,62,71
11,1,57
11,3,28
11,4,25
11,5,15
11,6,46
11,7,15
11,8,27
11,9,9
11,10,9
11,11,0
11,12,13
11,13,12
11,14,16
11,15,12
11,16,18
11,17,28
11,18,32
11,19,20
11,20,31
11,21,55
11,22,22
11,23,29
11,24,24
11,25,34
11,26,33
11,27,39
11,28,39
11,29,44
11,30,46
11,31,45
11,32,45
11,33,39
11,34,47
11,35,49
11,36,48
11,37,36
11,38,35
11,39,34
11,40,39
11,41,34
11,42,36
11,43,43
11,44,41
11,45,46
11,46,45
11,47,55
11,48,53
11,49,83
11,50,60
11,51,54
11,52,66
11,53,57
11,54,48
11,55,57
11,56,65
11,57,62
11,58,59
11,59,59
11,60,60
11,61,66
11,62,69
12,1,53
12,3,30
12,4,27
12,5,26
12,6,46
12,7,20
12,8,25
12,9,21
12,10,20
12,11,13
12,12,0
12,13,10
12,14,20
12,15,12
12,16,14
12,17,24
12,18,30
12,19,11
12,20,23
12,21,52
12,22,12
12,23,18
12,24,17
12,25,25
12,26,28
12,27,32
12,28,34
12,29,41
12,30,42
12,31,41
12,32,39
12,33,34
12,34,42
12,35,46
12,36,46
12,37,29
12,38,30
12,39,23
12,40,31
12,41,27
12,42,31
12,43,38
12,44,37
12,45,41
12,46,40
12,47,50
12,48,49
12,49,75
12,50,55
12,51,49
12,52,61
12,53,53
12,54,43
12,55,53
12,56,60
12,57,59
12,58,54
12,59,55
12,60,57
12,61,63
12,62,66
13,1,52
13,3,36
13,4,33
13,5,22
13,6,42
13,7,27
13,8,35
13,9,14
13,10,12
13,11,12
13,12,10
13,13,0
13,14,11
13,15,21
13,16,24
13,17,33
13,18,38
13,19,21
13,20,31
13,21,54
13,22,11
13,23,22
13,24,23
13,25,30
13,26,32
13,27,38
13,28,38
13,29,44
13,30,45
13,31,43
13,32,44
13,33,38
13,34,46
13,35,44
13,36,42
13,37,30
13,38,29
13,39,22
13,40,27
13,41,29
13,42,35
13,43,42
13,44,40
13,45,43
13,46,44
13,47,54
13,48,52
13,49,76
13,50,59
13,51,53
13,52,65
13,53,56
13,54,47
13,55,54
13,56,64
13,57,59
13,58,58
13,59,57
13,60,57
13,61,63
13,62,66
14,1,44
14,3,31
14,4,29
14,5,18
14,6,32
14,7,26
14,8,38
14,9,15
14,10,13
14,11,16
14,12,20
14,13,11
14,14,0
14,15,24
14,16,30
14,17,39
14,18,42
14,19,31
14,20,36
14,21,44
14,22,21
14,23,29
14,24,32
14,25,33
14,26,38
14,27,43
14,28,38
14,29,41
14,30,38
14,31,33
14,32,39
14,33,33
14,34,36
14,35,36
14,36,32
14,37,24
14,38,23
14,39,20
14,40,28
14,41,34
14,42,30
14,43,32
14,44,30
14,45,35
14,46,34
14,47,50
14,48,42
14,49,71
14,50,49
14,51,43
14,52,55
14,53,46
14,54,37
14,55,47
14,56,54
14,57,53
14,58,48
14,59,47
14,60,51
14,61,56
14,62,63
15,1,58
15,3,27
15,4,25
15,5,19
15,6,50
15,7,13
15,8,22
15,9,16
15,10,22
15,11,12
15,12,12
15,13,21
15,14,28
15,15,0
15,16,6
15,17,18
15,18,29
15,19,14
15,20,25
15,21,58
15,22,24
15,23,30
15,24,25
15,25,30
15,26,35
15,27,39
15,28,38
15,29,42
15,30,43
15,31,46
15,32,44
15,33,40
15,34,49
15,35,54
15,36,51
15,37,41
15,38,38
15,39,35
15,40,41
15,41,36
15,42,38
15,43,45
15,44,43
15,45,48
15,46,47
15,47,52
15,48,55
15,49,85
15,50,62
15,51,56
15,52,68
15,53,59
15,54,50
15,55,57
15,56,67
15,57,62
15,58,61
15,59,61
15,60,61
15,61,67
15,62,67
16,1,56
16,3,28
16,4,31
16,5,25
16,6,56
16,7,14
16,8,17
16,9,22
16,10,28
16,11,18
16,12,14
16,13,24
16,14,34
16,15,6
16,16,0
16,17,13
16,18,29
16,19,13
16,20,21
16,21,63
16,22,27
16,23,33
16,24,26
16,25,27
16,26,38
16,27,39
16,28,38
16,29,42
16,30,43
16,31,48
16,32,43
16,33,43
16,34,52
16,35,59
16,36,57
16,37,44
16,38,43
16,39,38
16,40,44
16,41,39
16,42,41
16,43,48
16,44,48
16,45,52
16,46,50
16,47,51
16,48,60
16,49,88
16,50,65
16,51,59
16,52,71
16,53,64
16,54,53
16,55,55
16,56,70
16,57,61
16,58,64
16,59,61
16,60,60
16,61,65
16,62,67
17,1,53
17,3,36
17,4,42
17,5,35
17,6,65
17,7,24
17,8,11
17,9,32
17,10,36
17,11,26
17,12,24
17,13,33
17,14,42
17,15,18
17,16,13
17,17,0
17,18,20
17,19,18
17,20,13
17,21,67
17,22,33
17,23,39
17,24,30
17,25,24
17,26,36
17,27,38
17,28,33
17,29,37
17,30,39
17,31,45
17,32,41
17,33,41
17,34,54
17,35,67
17,36,66
17,37,53
17,38,51
17,39,45
17,40,50
17,41,42
17,42,44
17,43,51
17,44,49
17,45,55
17,46,47
17,47,48
17,48,63
17,49,94
17,50,68
17,51,62
17,52,74
17,53,67
17,54,56
17,55,52
17,56,67
17,57,57
17,58,61
17,59,58
17,60,56
17,61,62
17,62,63
18,1,51
18,3,43
18,4,48
18,5,40
18,6,69
18,7,29
18,8,20
18,9,37
18,10,40
18,11,30
18,12,31
18,13,40
18,14,46
18,15,31
18,16,30
18,17,20
18,18,0
18,19,29
18,20,19
18,21,71
18,22,38
18,23,43
18,24,36
18,25,26
18,26,39
18,27,38
18,28,32
18,29,35
18,30,36
18,31,43
18,32,38
18,33,45
18,34,55
18,35,72
18,36,70
18,37,59
18,38,59
18,39,54
18,40,56
18,41,46
18,42,48
18,43,55
18,44,50
18,45,59
18,46,45
18,47,45
18,48,65
18,49,101
18,50,72
18,51,66
18,52,78
18,53,71
18,54,60
18,55,50
18,56,65
18,57,55
18,58,59
18,59,56
18,60,54
18,61,60
18,62,60
19,1,45
19,3,35
19,4,32
19,5,32
19,6,54
19,7,24
19,8,27
19,9,29
19,10,29
19,11,20
19,12,11
19,13,21
19,14,31
19,15,14
19,16,13
19,17,18
19,18,29
19,19,0
19,20,11
19,21,56
19,22,20
19,23,26
19,24,17
19,25,16
19,26,27
19,27,28
19,28,27
19,29,34
19,30,33
19,31,37
19,32,33
19,33,32
19,34,44
19,35,54
19,36,54
19,37,37
19,38,38
19,39,31
19,40,36
19,41,31
19,42,33
19,43,40
19,44,40
19,45,44
19,46,39
19,47,42
19,48,52
19,49,81
19,50,57
19,51,51
19,52,63
19,53,56
19,54,45
19,55,46
19,56,59
19,57,52
19,58,53
19,59,50
19,60,50
19,61,55
19,62,58
20,1,43
20,3,44
20,4,43
20,5,41
20,6,61
20,7,33
20,8,21
20,9,38
20,10,40
20,11,31
20,12,23
20,13,32
20,14,39
20,15,25
20,16,21
20,17,13
20,18,19
20,19,11
20,20,0
20,21,64
20,22,29
20,23,33
20,24,21
20,25,11
20,26,29
20,27,28
20,28,23
20,29,30
20,30,31
20,31,35
20,32,32
20,33,33
20,34,49
20,35,60
20,36,61
20,37,46
20,38,46
20,39,40
20,40,45
20,41,39
20,42,41
20,43,49
20,44,44
20,45,53
20,46,37
20,47,39
20,48,59
20,49,90
20,50,66
20,51,60
20,52,72
20,53,65
20,54,54
20,55,43
20,56,57
20,57,48
20,58,51
20,59,48
20,60,46
20,61,52
20,62,55
21,1,46
21,3,65
21,4,63
21,5,49
21,6,64
21,7,60
21,8,72
21,9,47
21,10,47
21,11,54
21,12,53
21,13,51
21,14,44
21,15,58
21,16,62
21,17,71
21,18,74
21,19,55
21,20,62
21,21,0
21,22,51
21,23,43
21,24,50
21,25,56
21,26,45
21,27,55
21,28,54
21,29,59
21,30,54
21,31,43
21,32,47
21,33,39
21,34,31
21,35,50
21,36,64
21,37,37
21,38,44
21,39,46
21,40,48
21,41,39
21,42,36
21,43,32
21,44,32
21,45,27
21,46,39
21,47,55
21,48,21
21,49,77
21,50,22
21,51,15
21,52,25
21,53,16
21,54,13
21,55,47
21,56,41
21,57,57
21,58,35
21,59,39
21,60,48
21,61,52
21,62,61
22,1,52
22,3,38
22,4,35
22,5,30
22,6,46
22,7,28
22,8,31
22,9,26
22,10,24
22,11,23
22,12,12
22,13,11
22,14,21
22,15,24
22,16,27
22,17,33
22,18,35
22,19,20
22,20,28
22,21,52
22,22,0
22,23,12
22,24,17
22,25,25
22,26,23
22,27,29
22,28,32
22,29,39
22,30,39
22,31,39
22,32,39
22,33,32
22,34,41
22,35,46
22,36,46
22,37,29
22,38,24
22,39,16
22,40,19
22,41,19
22,42,30
22,43,37
22,44,36
22,45,41
22,46,39
22,47,49
22,48,48
22,49,75
22,50,54
22,51,48
22,52,60
22,53,53
22,54,42
22,55,53
22,56,59
22,57,58
22,58,53
22,59,54
22,60,57
22,61,62
22,62,66
23,1,49
23,3,44
23,4,41
23,5,38
23,6,54
23,7,34
23,8,38
23,9,34
23,10,35
23,11,31
23,12,18
23,13,22
23,14,29
23,15,30
23,16,32
23,17,37
23,18,42
23,19,26
23,20,31
23,21,42
23,22,12
23,23,0
23,24,15
23,25,25
23,26,13
23,27,24
23,28,30
23,29,39
23,30,31
23,31,35
23,32,34
23,33,25
23,34,30
23,35,45
23,36,54
23,37,24
23,38,25
23,39,18
23,40,13
23,41,9
23,42,19
23,43,26
23,44,26
23,45,30
23,46,33
23,47,46
23,48,38
23,49,71
23,50,43
23,51,37
23,52,49
23,53,42
23,54,36
23,55,49
23,56,54
23,57,55
23,58,48
23,59,49
23,60,53
23,61,58
23,62,63
24,1,42
24,3,35
24,4,32
24,5,32
24,6,53
24,7,25
24,8,33
24,9,29
24,10,34
24,11,24
24,12,17
24,13,23
24,14,31
24,15,21
24,16,26
24,17,30
24,18,36
24,19,17
24,20,21
24,21,51
24,22,17
24,23,15
24,24,0
24,25,15
24,26,17
24,27,19
24,28,25
24,29,31
24,30,35
24,31,34
24,32,31
24,33,29
24,34,39
24,35,51
24,36,53
24,37,36
24,38,35
24,39,28
24,40,29
24,41,24
24,42,28
24,43,35
24,44,35
24,45,39
24,46,36
24,47,43
24,48,47
24,49,78
24,50,52
24,51,46
24,52,58
24,53,51
24,54,42
24,55,44
24,56,56
24,57,50
24,58,50
24,59,47
24,60,49
24,61,53
24,62,57
25,1,35
25,3,44
25,4,44
25,5,41
25,6,60
25,7,33
25,8,30
25,9,38
25,10,42
25,11,32
25,12,25
25,13,31
25,14,38
25,15,30
25,16,27
25,17,24
25,18,26
25,19,16
25,20,11
25,21,58
25,22,27
25,23,25
25,24,15
25,25,0
25,26,20
25,27,18
25,28,17
25,29,22
25,30,27
25,31,27
25,32,29
25,33,28
25,34,42
25,35,56
25,36,60
25,37,40
25,38,44
25,39,38
25,40,39
25,41,33
25,42,36
25,43,42
25,44,37
25,45,47
25,46,29
25,47,36
25,48,53
25,49,87
25,50,62
25,51,56
25,52,65
25,53,58
25,54,47
25,55,36
25,56,49
25,57,41
25,58,43
25,59,40
25,60,40
25,61,45
25,62,49
26,1,38
26,3,47
26,4,44
26,5,44
26,6,58
26,7,37
26,8,41
26,9,41
26,10,41
26,11,33
26,12,23
26,13,28
26,14,36
26,15,30
26,16,32
26,17,37
26,18,43
26,19,25
26,20,28
26,21,45
26,22,23
26,23,13
26,24,17
26,25,20
26,26,0
26,27,11
26,28,17
26,29,34
26,30,28
26,31,31
26,32,24
26,33,20
26,34,33
26,35,48
26,36,59
26,37,34
26,38,38
26,39,31
26,40,23
26,41,16
26,42,22
26,43,29
26,44,29
26,45,33
26,46,30
26,47,38
26,48,41
26,49,75
26,50,46
26,51,40
26,52,52
26,53,45
26,54,36
26,55,38
26,56,50
26,57,47
26,58,44
26,59,41
26,60,45
26,61,48
26,62,50
27,1,39
27,3,51
27,4,48
27,5,48
27,6,64
27,7,41
27,8,44
27,9,45
27,10,48
27,11,40
27,12,32
27,13,38
27,14,44
27,15,37
27,16,37
27,17,36
27,18,44
27,19,26
27,20,27
27,21,55
27,22,29
27,23,24
27,24,19
27,25,18
27,26,11
27,27,0
27,28,14
27,29,31
27,30,30
27,31,30
27,32,26
27,33,24
27,34,43
27,35,54
27,36,64
27,37,40
27,38,45
27,39,38
27,40,33
27,41,26
27,42,31
27,43,39
27,44,37
27,45,43
27,46,33
27,47,38
27,48,51
27,49,85
27,50,56
27,51,50
27,52,62
27,53,55
27,54,46
27,55,39
27,56,51
27,57,48
27,58,45
27,59,42
27,60,46
27,61,49
27,62,51
28,1,36
28,3,56
28,4,54
28,5,52
28,6,66
28,7,46
28,8,44
28,9,50
28,10,51
28,11,45
28,12,36
28,13,42
28,14,47
28,15,41
28,16,39
28,17,38
28,18,40
28,19,28
28,20,27
28,21,59
28,22,36
28,23,30
28,24,25
28,25,17
28,26,17
28,27,14
28,28,0
28,29,26
28,30,17
28,31,28
28,32,22
28,33,26
28,34,43
28,35,58
28,36,66
28,37,40
28,38,45
28,39,45
28,40,39
28,41,32
28,42,34
28,43,43
28,44,38
28,45,48
28,46,30
28,47,30
28,48,53
28,49,90
28,50,62
28,51,56
28,52,66
28,53,59
28,54,48
28,55,35
28,56,50
28,57,40
28,58,44
28,59,41
28,60,39
28,61,45
28,62,47
29,1,37
29,3,59
29,4,61
29,5,56
29,6,75
29,7,47
29,8,42
29,9,53
29,10,57
29,11,47
29,12,44
29,13,49
29,14,55
29,15,46
29,16,45
29,17,40
29,18,39
29,19,36
29,20,30
29,21,61
29,22,43
29,23,39
29,24,31
29,25,22
29,26,34
29,27,31
29,28,26
29,29,0
29,30,34
29,31,29
29,32,37
29,33,37
29,34,44
29,35,61
29,36,74
29,37,48
29,38,54
29,39,52
29,40,52
29,41,46
29,42,44
29,43,48
29,44,39
29,45,54
29,46,31
29,47,42
29,48,57
29,49,97
29,50,74
29,51,68
29,52,67
29,53,60
29,54,49
29,55,41
29,56,51
29,57,46
29,58,45
29,59,42
29,60,44
29,61,49
29,62,56
30,1,37
30,3,61
30,4,58
30,5,47
30,6,60
30,7,53
30,8,51
30,9,45
30,10,45
30,11,49
30,12,42
30,13,46
30,14,41
30,15,46
30,16,44
30,17,42
30,18,47
30,19,33
30,20,34
30,21,55
30,22,41
30,23,34
30,24,30
30,25,25
30,26,27
30,27,27
30,28,20
30,29,31
30,30,0
30,31,23
30,32,12
30,33,20
30,34,41
30,35,53
30,36,60
30,37,34
30,38,39
30,39,42
30,40,34
30,41,29
30,42,31
30,43,44
30,44,36
30,45,51
30,46,33
30,47,22
30,48,49
30,49,89
30,50,68
30,51,62
30,52,61
30,53,54
30,54,43
30,55,35
30,56,51
30,57,40
30,58,45
30,59,42
30,60,40
30,61,46
30,62,46
31,1,23
31,3,60
31,4,57
31,5,38
31,6,53
31,7,52
31,8,56
31,9,36
31,10,37
31,11,43
31,12,43
31,13,43
31,14,33
31,15,48
31,16,48
31,17,49
31,18,55
31,19,39
31,20,40
31,21,43
31,22,41
31,23,38
31,24,35
31,25,34
31,26,31
31,27,33
31,28,29
31,29,39
31,30,23
31,31,0
31,32,12
31,33,18
31,34,24
31,35,40
31,36,52
31,37,26
31,38,33
31,39,35
31,40,37
31,41,34
31,42,25
31,43,28
31,44,19
31,45,35
31,46,10
31,47,20
31,48,38
31,49,72
31,50,54
31,51,48
31,52,51
31,53,44
31,54,33
31,55,27
31,56,37
31,57,35
31,58,31
31,59,28
31,60,32
31,61,35
31,62,41
32,1,31
32,3,62
32,4,59
32,5,41
32,6,55
32,7,53
32,8,52
32,9,39
32,10,39
32,11,46
32,12,41
32,13,44
32,14,36
32,15,47
32,16,45
32,17,44
32,18,52
32,19,34
32,20,35
32,21,47
32,22,41
32,23,34
32,24,32
32,25,29
32,26,24
32,27,27
32,28,23
32,29,36
32,30,12
32,31,12
32,32,0
32,33,10
32,34,36
32,35,42
32,36,55
32,37,29
32,38,35
32,39,38
32,40,38
32,41,27
32,42,26
32,43,32
32,44,28
32,45,42
32,46,23
32,47,27
32,48,44
32,49,79
32,50,57
32,51,51
32,52,56
32,53,48
32,54,38
32,55,30
32,56,45
32,57,36
32,58,39
32,59,36
32,60,35
32,61,40
32,62,41
33,1,32
33,3,54
33,4,51
33,5,35
33,6,49
33,7,44
33,8,48
33,9,33
33,10,33
33,11,40
33,12,33
33,13,38
33,14,30
33,15,41
33,16,41
33,17,46
33,18,50
33,19,34
33,20,37
33,21,40
33,22,33
33,23,26
33,24,29
33,25,31
33,26,20
33,27,25
33,28,26
33,29,37
33,30,20
33,31,18
33,32,10
33,33,0
33,34,29
33,35,36
33,36,49
33,37,23
33,38,29
33,39,32
33,40,30
33,41,19
33,42,15
33,43,25
33,44,20
33,45,34
33,46,24
33,47,33
33,48,37
33,49,71
33,50,49
33,51,43
33,52,48
33,53,40
33,54,30
33,55,34
33,56,44
33,57,42
33,58,38
33,59,35
33,60,40
33,61,44
33,62,46
34,1,38
34,3,57
34,4,55
34,5,40
34,6,55
34,7,50
34,8,57
34,9,38
34,10,38
34,11,45
34,12,39
34,13,42
34,14,35
34,15,46
34,16,48
34,17,56
34,18,60
34,19,41
34,20,48
34,21,29
34,22,38
34,23,31
34,24,36
34,25,44
34,26,31
34,27,41
34,28,44
34,29,49
34,30,42
34,31,24
34,32,34
34,33,26
34,34,0
34,35,38
34,36,55
34,37,27
34,38,36
34,39,37
34,40,36
34,41,29
34,42,26
34,43,22
34,44,21
34,45,12
34,46,17
34,47,41
34,48,21
34,49,63
34,50,34
34,51,28
34,52,40
34,53,31
34,54,26
34,55,39
34,56,44
34,57,50
34,58,38
34,59,39
34,60,47
34,61,49
34,62,57
35,1,45
35,3,61
35,4,59
35,5,42
35,6,56
35,7,56
35,8,63
35,9,40
35,10,40
35,11,47
35,12,50
35,13,46
35,14,37
35,15,54
35,16,58
35,17,58
35,18,59
35,19,50
35,20,49
35,21,47
35,22,44
35,23,44
35,24,46
35,25,40
35,26,44
35,27,49
35,28,42
35,29,43
35,30,47
35,31,36
35,32,45
35,33,37
35,34,38
35,35,0
35,36,56
35,37,23
35,38,36
35,39,38
35,40,35
35,41,39
35,42,33
35,43,21
35,44,30
35,45,32
35,46,38
35,47,52
35,48,45
35,49,39
35,50,52
35,51,46
35,52,58
35,53,49
35,54,41
35,55,49
35,56,58
35,57,54
35,58,52
35,59,50
35,60,52
35,61,57
35,62,64
36,1,64
36,3,61
36,4,59
36,5,45
36,6,25
36,7,56
36,8,68
36,9,42
36,10,43
36,11,48
36,12,48
36,13,42
36,14,32
36,15,54
36,16,60
36,17,68
36,18,71
36,19,58
36,20,60
36,21,65
36,22,46
36,23,54
36,24,56
36,25,55
36,26,60
36,27,64
36,28,59
36,29,62
36,30,58
36,31,54
36,32,60
36,33,53
36,34,57
36,35,57
36,36,0
36,37,44
36,38,41
36,39,39
36,40,48
36,41,54
36,42,50
36,43,53
36,44,51
36,45,56
36,46,55
36,47,70
36,48,63
36,49,92
36,50,70
36,51,64
36,52,76
36,53,67
36,54,58
36,55,68
36,56,75
36,57,73
36,58,69
36,59,68
36,60,71
36,61,76
36,62,83
37,1,36
37,3,47
37,4,45
37,5,28
37,6,42
37,7,42
37,8,52
37,9,26
37,10,26
37,11,33
37,12,36
37,13,32
37,14,22
37,15,40
37,16,45
37,17,46
37,18,49
37,19,36
37,20,37
37,21,38
37,22,28
37,23,24
37,24,32
37,25,30
37,26,31
37,27,34
37,28,30
37,29,34
37,30,28
37,31,27
37,32,31
37,33,25
37,34,30
37,35,23
37,36,41
37,37,0
37,38,19
37,39,20
37,40,11
37,41,21
37,42,22
37,43,24
37,44,24
37,45,25
37,46,29
37,47,41
37,48,36
37,49,55
37,50,43
37,51,37
37,52,49
37,53,40
37,54,32
37,55,40
37,56,49
37,57,45
37,58,43
37,59,41
37,60,43
37,61,48
37,62,55
38,1,46
38,3,45
38,4,43
38,5,28
38,6,41
38,7,40
38,8,52
38,9,25
38,10,26
38,11,32
38,12,34
38,13,29
38,14,22
38,15,38
38,16,44
38,17,49
38,18,54
38,19,38
38,20,40
38,21,47
38,22,24
38,23,25
38,24,34
38,25,36
38,26,36
38,27,40
38,28,39
38,29,44
38,30,34
38,31,36
38,32,38
38,33,33
38,34,39
38,35,39
38,36,41
38,37,19
38,38,0
38,39,8
38,40,19
38,41,28
38,42,30
38,43,35
38,44,33
38,45,38
38,46,38
38,47,50
38,48,45
38,49,73
38,50,52
38,51,46
38,52,58
38,53,49
38,54,41
38,55,50
38,56,58
38,57,55
38,58,52
38,59,50
38,60,53
38,61,58
38,62,64
39,1,47
39,3,44
39,4,42
39,5,30
39,6,39
39,7,38
39,8,48
39,9,27
39,10,27
39,11,34
39,12,27
39,13,22
39,14,20
39,15,35
39,16,41
39,17,45
39,18,50
39,19,36
39,20,37
39,21,49
39,22,16
39,23,18
39,24,28
39,25,34
39,26,31
39,27,37
39,28,38
39,29,43
39,30,36
39,31,37
39,32,40
39,33,34
39,34,41
39,35,36
39,36,39
39,37,19
39,38,8
39,39,0
39,40,13
39,41,24
39,42,31
39,43,34
39,44,35
39,45,35
39,46,39
39,47,50
39,48,47
39,49,65
39,50,54
39,51,48
39,52,60
39,53,51
39,54,42
39,55,51
39,56,59
39,57,56
39,58,53
39,59,51
39,60,54
39,61,59
39,62,66
40,1,47
40,3,51
40,4,49
40,5,35
40,6,49
40,7,44
40,8,51
40,9,32
40,10,33
40,11,39
40,12,31
40,13,27
40,14,29
40,15,40
40,16,44
40,17,47
40,18,53
40,19,38
40,20,40
40,21,45
40,22,19
40,23,13
40,24,29
40,25,36
40,26,23
40,27,33
40,28,37
40,29,44
40,30,32
40,31,38
40,32,37
40,33,31
40,34,37
40,35,35
40,36,49
40,37,11
40,38,19
40,39,13
40,40,0
40,41,12
40,42,19
40,43,32
40,44,31
40,45,34
40,46,40
40,47,48
40,48,43
40,49,66
40,50,50
40,51,44
40,52,56
40,53,47
40,54,43
40,55,50
40,56,60
40,57,55
40,58,54
40,59,52
40,60,54
40,61,59
40,62,63
41,1,42
41,3,53
41,4,50
41,5,38
41,6,51
41,7,43
41,8,46
41,9,36
41,10,36
41,11,38
41,12,27
41,13,29
41,14,32
41,15,35
41,16,37
41,17,44
41,18,49
41,19,30
41,20,35
41,21,38
41,22,19
41,23,9
41,24,24
41,25,32
41,26,16
41,27,26
41,28,30
41,29,40
41,30,25
41,31,33
41,32,27
41,33,19
41,34,29
41,35,40
41,36,51
41,37,21
41,38,30
41,39,24
41,40,12
41,41,0
41,42,11
41,43,22
41,44,22
41,45,26
41,46,34
41,47,41
41,48,34
41,49,68
41,50,39
41,51,33
41,52,45
41,53,39
41,54,38
41,55,44
41,56,55
41,57,49
41,58,49
41,59,47
41,60,48
41,61,53
41,62,57
42,1,33
42,3,50
42,4,47
42,5,32
42,6,46
42,7,42
42,8,48
42,9,30
42,10,30
42,11,36
42,12,30
42,13,32
42,14,27
42,15,37
42,16,39
42,17,43
42,18,46
42,19,31
42,20,34
42,21,33
42,22,30
42,23,20
42,24,27
42,25,28
42,26,22
42,27,30
42,28,27
42,29,31
42,30,25
42,31,25
42,32,26
42,33,15
42,34,24
42,35,33
42,36,46
42,37,20
42,38,26
42,39,29
42,40,19
42,41,11
42,42,0
42,43,18
42,44,14
42,45,22
42,46,27
42,47,38
42,48,30
42,49,63
42,50,36
42,51,30
42,52,42
42,53,34
42,54,30
42,55,37
42,56,47
42,57,42
42,58,41
42,59,38
42,60,40
42,61,45
42,62,52
43,1,37
43,3,52
43,4,50
43,5,34
43,6,49
43,7,46
43,8,53
43,9,32
43,10,32
43,11,39
43,12,37
43,13,36
43,14,29
43,15,42
43,16,45
43,17,49
43,18,51
43,19,37
43,20,40
43,21,30
43,22,32
43,23,27
43,24,32
43,25,32
43,26,29
43,27,36
43,28,34
43,29,35
43,30,36
43,31,28
43,32,32
43,33,25
43,34,22
43,35,21
43,36,49
43,37,19
43,38,30
43,39,29
43,40,27
43,41,23
43,42,18
43,43,0
43,44,9
43,45,21
43,46,25
43,47,44
43,48,28
43,49,46
43,50,35
43,51,29
43,52,41
43,53,32
43,54,31
43,55,41
43,56,51
43,57,46
43,58,45
43,59,42
43,60,44
43,61,49
43,62,56
44,1,34
44,3,51
44,4,49
44,5,34
44,6,49
44,7,45
44,8,51
44,9,32
44,10,32
44,11,39
44,12,35
44,13,35
44,14,29
44,15,40
44,16,43
44,17,47
44,18,48
44,19,34
44,20,38
44,21,30
44,22,33
44,23,26
44,24,31
44,25,29
44,26,27
44,27,34
44,28,31
44,29,32
44,30,34
44,31,19
44,32,28
44,33,20
44,34,21
44,35,30
44,36,49
44,37,21
44,38,29
44,39,31
44,40,31
44,41,22
44,42,14
44,43,9
44,44,0
44,45,21
44,46,16
44,47,40
44,48,28
44,49,55
44,50,35
44,51,29
44,52,41
44,53,32
44,54,28
44,55,38
44,56,45
44,57,43
44,58,39
44,59,38
44,60,41
44,61,46
44,62,53
45,1,49
45,3,55
45,4,53
45,5,38
45,6,52
45,7,50
45,8,60
45,9,35
45,10,36
45,11,43
45,12,41
45,13,40
45,14,32
45,15,46
45,16,50
45,17,56
45,18,62
45,19,43
45,20,47
45,21,26
45,22,36
45,23,31
45,24,37
45,25,42
45,26,33
45,27,43
45,28,44
45,29,47
45,30,42
45,31,35
45,32,39
45,33,32
45,34,12
45,35,33
45,36,52
45,37,22
45,38,33
45,39,33
45,40,31
45,41,27
45,42,24
45,43,17
45,44,20
45,45,0
45,46,30
45,47,54
45,48,20
45,49,59
45,50,31
45,51,25
45,52,37
45,53,28
45,54,31
45,55,50
45,56,52
45,57,58
45,58,47
45,59,49
45,60,55
45,61,59
45,62,66
46,1,25
46,3,58
46,4,55
46,5,39
46,6,53
46,7,50
46,8,56
46,9,37
46,10,37
46,11,44
46,12,41
46,13,42
46,14,34
46,15,47
46,16,50
46,17,55
46,18,59
46,19,43
46,20,46
46,21,38
46,22,39
46,23,36
46,24,38
46,25,42
46,26,33
46,27,38
46,28,37
46,29,45
46,30,33
46,31,10
46,32,23
46,33,23
46,34,17
46,35,40
46,36,53
46,37,27
46,38,33
46,39,36
46,40,37
46,41,33
46,42,26
46,43,25
46,44,16
46,45,30
46,46,0
46,47,28
46,48,31
46,49,69
46,50,49
46,51,43
46,52,45
46,53,38
46,54,27
46,55,29
46,56,39
46,57,37
46,58,33
46,59,30
46,60,34
46,61,37
46,62,44
47,1,35
47,3,70
47,4,67
47,5,49
47,6,63
47,7,61
47,8,59
47,9,47
47,10,48
47,11,53
47,12,50
47,13,51
47,14,44
47,15,54
47,16,52
47,17,50
47,18,55
47,19,41
47,20,42
47,21,58
47,22,50
47,23,46
47,24,38
47,25,32
47,26,36
47,27,35
47,28,27
47,29,39
47,30,22
47,31,20
47,32,27
47,33,31
47,34,41
47,35,49
47,36,62
47,37,36
47,38,42
47,39,45
47,40,45
47,41,41
47,42,34
47,43,41
47,44,37
47,45,49
47,46,28
47,47,0
47,48,51
47,49,86
47,50,64
47,51,58
47,52,69
47,53,60
47,54,50
47,55,30
47,56,50
47,57,34
47,58,45
47,59,43
47,60,37
47,61,43
47,62,45
48,1,41
48,3,64
48,4,62
48,5,47
48,6,61
48,7,58
48,8,68
48,9,44
48,10,45
48,11,52
48,12,49
48,13,49
48,14,41
48,15,54
48,16,58
48,17,67
48,18,71
48,19,51
48,20,58
48,21,21
48,22,47
48,23,40
48,24,46
48,25,53
48,26,41
48,27,51
48,28,48
48,29,56
48,30,46
48,31,38
48,32,43
48,33,36
48,34,21
48,35,45
48,36,61
48,37,33
48,38,42
48,39,43
48,40,43
48,41,36
48,42,33
48,43,29
48,44,29
48,45,20
48,46,31
48,47,46
48,48,0
48,49,71
48,50,34
48,51,29
48,52,38
48,53,29
48,54,25
48,55,36
48,56,44
48,57,48
48,58,38
48,59,41
48,60,46
48,61,51
48,62,55
49,1,77
49,3,93
49,4,91
49,5,73
49,6,87
49,7,87
49,8,95
49,9,71
49,10,71
49,11,78
49,12,80
49,13,77
49,14,68
49,15,85
49,16,88
49,17,89
49,18,91
49,19,81
49,20,80
49,21,75
49,22,73
49,23,73
49,24,78
49,25,72
49,26,75
49,27,81
49,28,74
49,29,75
49,30,77
49,31,68
49,32,77
49,33,69
49,34,63
49,35,39
49,36,87
49,37,55
49,38,67
49,39,68
49,40,66
49,41,69
49,42,63
49,43,46
49,44,55
49,45,58
49,46,69
49,47,84
49,48,71
49,49,0
49,50,80
49,51,74
49,52,86
49,53,77
49,54,73
49,55,81
49,56,90
49,57,86
49,58,84
49,59,82
49,60,84
49,61,89
49,62,96
50,1,58
50,3,73
50,4,70
50,5,58
50,6,72
50,7,65
50,8,73
50,9,55
50,10,56
50,11,61
50,12,54
50,13,56
50,14,52
50,15,60
50,16,63
50,17,72
50,18,75
50,19,56
50,20,63
50,21,22
50,22,53
50,23,44
50,24,51
50,25,57
50,26,46
50,27,56
50,28,59
50,29,60
50,30,63
50,31,51
50,32,54
50,33,47
50,34,33
50,35,53
50,36,72
50,37,42
50,38,53
50,39,53
50,40,51
50,41,40
50,42,37
50,43,34
50,44,34
50,45,29
50,46,48
50,47,64
50,48,34
50,49,79
50,50,0
50,51,13
50,52,14
50,53,26
50,54,29
50,55,60
50,56,52
50,57,69
50,58,47
50,59,51
50,60,63
50,61,67
50,62,76
51,1,52
51,3,66
51,4,64
51,5,52
51,6,67
51,7,60
51,8,70
51,9,50
51,10,50
51,11,56
51,12,51
51,13,51
51,14,47
51,15,56
51,16,60
51,17,69
51,18,72
51,19,53
51,20,60
51,21,15
51,22,49
51,23,41
51,24,48
51,25,54
51,26,43
51,27,53
51,28,56
51,29,57
51,30,58
51,31,46
51,32,49
51,33,41
51,34,29
51,35,49
51,36,67
51,37,37
51,38,47
51,39,48
51,40,47
51,41,37
51,42,34
51,43,30
51,44,30
51,45,25
51,46,43
51,47,60
51,48,29
51,49,75
51,50,13
51,51,0
51,52,18
51,53,20
51,54,23
51,55,56
51,56,46
51,57,63
51,58,40
51,59,44
51,60,55
51,61,59
51,62,68
52,1,60
52,3,75
52,4,73
52,5,62
52,6,76
52,7,70
52,8,81
52,9,59
52,10,60
52,11,66
52,12,62
52,13,61
52,14,56
52,15,67
52,16,71
52,17,80
52,18,83
52,19,64
52,20,71
52,21,27
52,22,60
52,23,52
52,24,59
52,25,65
52,26,54
52,27,64
52,28,67
52,29,68
52,30,70
52,31,57
52,32,60
52,33,53
52,34,40
52,35,60
52,36,76
52,37,47
52,38,56
52,39,58
52,40,58
52,41,48
52,42,45
52,43,41
52,44,41
52,45,36
52,46,52
52,47,72
52,48,38
52,49,86
52,50,14
52,51,18
52,52,0
52,53,19
52,54,27
52,55,59
52,56,49
52,57,73
52,58,43
52,59,47
52,60,62
52,61,66
52,62,75
53,1,39
53,3,68
53,4,66
53,5,50
53,6,65
53,7,63
53,8,75
53,9,48
53,10,48
53,11,55
53,12,56
53,13,54
53,14,45
53,15,61
53,16,65
53,17,74
53,18,77
53,19,58
53,20,65
53,21,20
53,22,54
53,23,46
53,24,53
53,25,59
53,26,48
53,27,58
53,28,54
53,29,62
53,30,52
53,31,43
53,32,47
53,33,39
53,34,34
53,35,53
53,36,65
53,37,39
53,38,46
53,39,48
53,40,50
53,41,42
53,42,39
53,43,35
53,44,35
53,45,30
53,46,38
53,47,52
53,48,31
53,49,80
53,50,26
53,51,23
53,52,16
53,53,0
53,54,20
53,55,48
53,56,33
53,57,53
53,58,28
53,59,33
53,60,41
53,61,45
53,62,54
54,1,34
54,3,60
54,4,58
54,5,42
54,6,57
54,7,53
54,8,62
54,9,40
54,10,40
54,11,47
54,12,44
54,13,46
54,14,37
54,15,50
54,16,54
54,17,62
54,18,65
54,19,49
54,20,53
54,21,13
54,22,43
54,23,41
54,24,44
54,25,49
54,26,39
54,27,48
54,28,46
54,29,54
54,30,43
54,31,32
54,32,37
54,33,29
54,34,27
54,35,45
54,36,57
54,37,31
54,38,38
54,39,40
54,40,42
54,41,37
54,42,31
54,43,33
54,44,28
54,45,31
54,46,27
54,47,43
54,48,25
54,49,78
54,50,30
54,51,26
54,52,26
54,53,17
54,54,0
54,55,35
54,56,30
54,57,45
54,58,24
54,59,29
54,60,36
54,61,40
54,62,49
55,1,24
55,3,72
55,4,69
55,5,48
55,6,62
55,7,62
55,8,60
55,9,46
55,10,47
55,11,53
55,12,51
55,13,53
55,14,43
55,15,56
55,16,53
55,17,52
55,18,57
55,19,42
55,20,43
55,21,48
55,22,52
55,23,48
55,24,40
55,25,34
55,26,37
55,27,37
55,28,29
55,29,41
55,30,27
55,31,26
55,32,29
55,33,31
55,34,41
55,35,48
55,36,61
55,37,35
55,38,41
55,39,44
55,40,45
55,41,42
55,42,33
55,43,40
55,44,37
55,45,49
55,46,29
55,47,26
55,48,36
55,49,85
55,50,60
55,51,54
55,52,57
55,53,47
55,54,36
55,55,0
55,56,39
55,57,31
55,58,28
55,59,26
55,60,30
55,61,35
55,62,38
56,1,30
56,3,76
56,4,74
56,5,58
56,6,73
56,7,70
56,8,76
56,9,56
56,10,56
56,11,63
56,12,60
56,13,62
56,14,53
56,15,66
56,16,69
56,17,70
56,18,78
56,19,60
56,20,62
56,21,41
56,22,59
56,23,58
56,24,57
56,25,57
56,26,55
56,27,57
56,28,51
56,29,62
56,30,42
56,31,40
56,32,47
56,33,42
56,34,44
56,35,61
56,36,73
56,37,47
56,38,54
56,39,56
56,40,58
56,41,54
56,42,47
56,43,53
56,44,44
56,45,52
56,46,40
56,47,40
56,48,44
56,49,98
56,50,53
56,51,48
56,52,48
56,53,33
56,54,30
56,55,36
56,56,0
56,57,40
56,58,15
56,59,32
56,60,27
56,61,32
56,62,35
57,1,20
57,3,75
57,4,72
57,5,51
57,6,65
57,7,65
57,8,63
57,9,49
57,10,50
57,11,56
57,12,54
57,13,56
57,14,46
57,15,59
57,16,56
57,17,55
57,18,60
57,19,45
57,20,46
57,21,55
57,22,55
57,23,51
57,24,43
57,25,37
57,26,40
57,27,40
57,28,32
57,29,44
57,30,30
57,31,29
57,32,32
57,33,34
57,34,44
57,35,51
57,36,64
57,37,38
57,38,44
57,39,47
57,40,48
57,41,45
57,42,36
57,43,43
57,44,40
57,45,52
57,46,32
57,47,29
57,48,46
57,49,88
57,50,66
57,51,60
57,52,72
57,53,57
57,54,43
57,55,24
57,56,40
57,57,0
57,58,38
57,59,37
57,60,21
57,61,22
57,62,29
58,1,26
58,3,73
58,4,71
58,5,55
58,6,70
58,7,67
58,8,74
58,9,53
58,10,53
58,11,60
58,12,58
58,13,59
58,14,50
58,15,63
58,16,66
58,17,67
58,18,73
58,19,57
58,20,59
58,21,37
58,22,56
58,23,56
58,24,54
58,25,51
58,26,52
58,27,53
58,28,46
58,29,57
58,30,39
58,31,37
58,32,44
58,33,39
58,34,41
58,35,58
58,36,70
58,37,44
58,38,51
58,39,53
58,40,55
58,41,51
58,42,44
58,43,49
58,44,42
58,45,48
58,46,37
58,47,37
58,48,41
58,49,94
58,50,47
58,51,44
58,52,40
58,53,27
58,54,27
58,55,33
58,56,15
58,57,39
58,58,0
58,59,18
58,60,29
58,61,31
58,62,37
59,1,17
59,3,77
59,4,74
59,5,56
59,6,70
59,7,69
59,8,69
59,9,54
59,10,54
59,11,61
59,12,59
59,13,60
59,14,51
59,15,64
59,16,62
59,17,60
59,18,65
59,19,51
59,20,52
59,21,41
59,22,59
59,23,55
59,24,48
59,25,43
59,26,45
59,27,45
59,28,37
59,29,49
59,30,34
59,31,32
59,32,36
59,33,37
59,34,45
59,35,57
59,36,70
59,37,44
59,38,50
59,39,53
59,40,54
59,41,51
59,42,43
59,43,49
59,44,43
59,45,52
59,46,35
59,47,32
59,48,42
59,49,95
59,50,52
59,51,48
59,52,46
59,53,33
59,54,32
59,55,26
59,56,34
59,57,34
59,58,18
59,59,0
59,60,31
59,61,34
59,62,41
60,1,23
60,3,84
60,4,81
60,5,61
60,6,75
60,7,74
60,8,72
60,9,59
60,10,60
60,11,66
60,12,63
60,13,65
60,14,56
60,15,68
60,16,65
60,17,64
60,18,69
60,19,54
60,20,55
60,21,58
60,22,64
60,23,60
60,24,52
60,25,46
60,26,49
60,27,49
60,28,41
60,29,53
60,30,39
60,31,38
60,32,41
60,33,43
60,34,54
60,35,61
60,36,74
60,37,48
60,38,54
60,39,57
60,40,58
60,41,55
60,42,46
60,43,53
60,44,50
60,45,62
60,46,41
60,47,38
60,48,53
60,49,98
60,50,68
60,51,64
60,52,59
60,53,48
60,54,46
60,55,33
60,56,27
60,57,21
60,58,28
60,59,34
60,60,0
60,61,24
60,62,28
61,1,32
61,3,82
61,4,79
61,5,59
61,6,73
61,7,72
61,8,70
61,9,57
61,10,58
61,11,64
61,12,61
61,13,63
61,14,54
61,15,66
61,16,63
61,17,62
61,18,67
61,19,52
61,20,53
61,21,60
61,22,62
61,23,58
61,24,50
61,25,44
61,26,47
61,27,47
61,28,39
61,29,51
61,30,37
61,31,36
61,32,39
61,33,41
61,34,52
61,35,59
61,36,72
61,37,46
61,38,52
61,39,55
61,40,56
61,41,53
61,42,44
61,43,51
61,44,48
61,45,60
61,46,39
61,47,36
61,48,52
61,49,96
61,50,71
61,51,65
61,52,67
61,53,52
61,54,50
61,55,31
61,56,32
61,57,22
61,58,33
61,59,37
61,60,24
61,61,0
61,62,15
62,1,31
62,3,79
62,4,76
62,5,55
62,6,69
62,7,69
62,8,67
62,9,53
62,10,54
62,11,60
62,12,58
62,13,60
62,14,50
62,15,63
62,16,60
62,17,59
62,18,64
62,19,49
62,20,50
62,21,59
62,22,59
62,23,55
62,24,47
62,25,41
62,26,44
62,27,44
62,28,36
62,29,48
62,30,34
62,31,33
62,32,36
62,33,38
62,34,48
62,35,55
62,36,68
62,37,42
62,38,48
62,39,51
62,40,52
62,41,49
62,42,40
62,43,47
62,44,44
62,45,56
62,46,36
62,47,33
62,48,50
62,49,92
62,50,70
62,51,64
62,52,75
62,53,59
62,54,47
62,55,28
62,56,40
62,57,19
62,58,42
62,59,40
62,60,32
62,61,15
62,62,0
