Time [sec],Acceleration [g]
0,0.001
0.01,0.001
0.02,0.001
0.03,0.001
0.04,0.001
0.05,0.001
0.06,0.001
0.07,0.001
0.08,0.001
0.09,0.001
0.1,0.001
0.11,0.001
0.12,0.001
0.13,0.001
0.14,0.001
0.15,0.001
0.16,0.001
0.17,0.001
0.18,0.001
0.19,0.001
0.2,0.001
0.21,0.001
0.22,0.001
0.23,0.001
0.24,0.001
0.25,0.001
0.26,0.001
0.27,0.001
0.28,0.001
0.29,0.001
0.3,0.001
0.31,0.00101
0.32,0.00101
0.33,0.00101
0.34,0.00101
0.35,0.00101
0.36,0.001
0.37,0.001
0.38,0.001
0.39,0.00099
0.4,0.00099
0.41,0.00099
0.42,0.00098
0.43,0.00098
0.44,0.00098
0.45,0.00099
0.46,0.001
0.47,0.00102
0.48,0.00104
0.49,0.00105
0.5,0.00105
0.51,0.00103
0.52,0.001
0.53,0.00095
0.54,0.00089
0.55,0.00084
0.56,0.00081
0.57,0.00081
0.58,0.00085
0.59,0.00092
0.6,0.001
0.61,0.00108
0.62,0.00113
0.63,0.00117
0.64,0.0012
0.65,0.00124
0.66,0.00129
0.67,0.00135
0.68,0.00142
0.69,0.00148
0.7,0.00149
0.71,0.00146
0.72,0.00139
0.73,0.00131
0.74,0.00125
0.75,0.00121
0.76,0.0012
0.77,0.00121
0.78,0.0012
0.79,0.00115
0.8,0.00103
0.81,0.00084
0.82,0.00059
0.83,0.00028
0.84,-0.00005
0.85,-0.00036
0.86,-0.00063
0.87,-0.00085
0.88,-0.00105
0.89,-0.00126
0.9,-0.00153
0.91,-0.00189
0.92,-0.0023
0.93,-0.00271
0.94,-0.00302
0.95,-0.00318
0.96,-0.00317
0.97,-0.00301
0.98,-0.00274
0.99,-0.00243
1,-0.00216
1.01,-0.00201
1.02,-0.00206
1.03,-0.00235
1.04,-0.00287
1.05,-0.00357
1.06,-0.00438
1.07,-0.00524
1.08,-0.00614
1.09,-0.00705
1.1,-0.00794
1.11,-0.00875
1.12,-0.00938
1.13,-0.00976
1.14,-0.00984
1.15,-0.0096
1.16,-0.00905
1.17,-0.00829
1.18,-0.00746
1.19,-0.00663
1.2,-0.0056
1.21,-0.004
1.22,-0.00148
1.23,0.0021
1.24,0.00644
1.25,0.01073
1.26,0.01405
1.27,0.01574
1.28,0.01561
1.29,0.0139
1.3,0.01115
1.31,0.00797
1.32,0.00487
1.33,0.00215
1.34,-0.00014
1.35,-0.00213
1.36,-0.00405
1.37,-0.00611
1.38,-0.00847
1.39,-0.01118
1.4,-0.0143
1.41,-0.01782
1.42,-0.02173
1.43,-0.02599
1.44,-0.03053
1.45,-0.0353
1.46,-0.04024
1.47,-0.04511
1.48,-0.04924
1.49,-0.05181
1.5,-0.05226
1.51,-0.05045
1.52,-0.04676
1.53,-0.04214
1.54,-0.03782
1.55,-0.03487
1.56,-0.03377
1.57,-0.03433
1.58,-0.03591
1.59,-0.03774
1.6,-0.03929
1.61,-0.04054
1.62,-0.0418
1.63,-0.04351
1.64,-0.04597
1.65,-0.04823
1.66,-0.04722
1.67,-0.03906
1.68,-0.02088
1.69,0.00742
1.7,0.04182
1.71,0.07557
1.72,0.10228
1.73,0.11816
1.74,0.12287
1.75,0.11891
1.76,0.11024
1.77,0.10077
1.78,0.0935
1.79,0.09002
1.8,0.09041
1.81,0.09364
1.82,0.09821
1.83,0.10269
1.84,0.10619
1.85,0.10815
1.86,0.10814
1.87,0.10586
1.88,0.10133
1.89,0.09487
1.9,0.087
1.91,0.07829
1.92,0.06917
1.93,0.05983
1.94,0.05009
1.95,0.03962
1.96,0.0281
1.97,0.01543
1.98,0.00168
1.99,-0.01291
2,-0.02803
2.01,-0.04344
2.02,-0.05896
2.03,-0.07456
2.04,-0.09028
2.05,-0.10619
2.06,-0.12239
2.07,-0.13893
2.08,-0.15581
2.09,-0.17301
2.1,-0.19031
2.11,-0.20721
2.12,-0.22308
2.13,-0.23754
2.14,-0.25052
2.15,-0.26222
2.16,-0.27223
2.17,-0.27904
2.18,-0.2808
2.19,-0.27548
2.2,-0.26049
2.21,-0.2301
2.22,-0.17462
2.23,-0.09051
2.24,0.01098
2.25,0.10916
2.26,0.18408
2.27,0.22411
2.28,0.22842
2.29,0.20512
2.3,0.16673
2.31,0.12552
2.32,0.09
2.33,0.06367
2.34,0.04576
2.35,0.03307
2.36,0.02175
2.37,0.00879
2.38,-0.0073
2.39,-0.02645
2.4,-0.04749
2.41,-0.06893
2.42,-0.08949
2.43,-0.10855
2.44,-0.12615
2.45,-0.1414
2.46,-0.14559
2.47,-0.12251
2.48,-0.06291
2.49,0.02415
2.5,0.11661
2.51,0.19095
2.52,0.23151
2.53,0.23441
2.54,0.20622
2.55,0.15958
2.56,0.10791
2.57,0.06128
2.58,0.02475
2.59,0.00129
2.6,-0.00478
2.61,0.01063
2.62,0.04705
2.63,0.09627
2.64,0.14548
2.65,0.18293
2.66,0.20199
2.67,0.20225
2.68,0.18822
2.69,0.16678
2.7,0.14448
2.71,0.12575
2.72,0.11219
2.73,0.10304
2.74,0.09615
2.75,0.08917
2.76,0.08039
2.77,0.06916
2.78,0.05581
2.79,0.04129
2.8,0.02664
2.81,0.01269
2.82,0.00009
2.83,-0.00969
2.84,-0.01444
2.85,-0.0123
2.86,-0.00275
2.87,0.01332
2.88,0.03392
2.89,0.05623
2.9,0.07637
2.91,0.09053
2.92,0.0964
2.93,0.09381
2.94,0.08447
2.95,0.07109
2.96,0.0564
2.97,0.04231
2.98,0.02961
2.99,0.01811
3,0.00712
3.01,-0.00419
3.02,-0.01637
3.03,-0.02957
3.04,-0.04294
3.05,-0.05303
3.06,-0.05467
3.07,-0.04438
3.08,-0.02399
3.09,0.0001
3.1,0.0203
3.11,0.03099
3.12,0.0301
3.13,0.01903
3.14,0.00139
3.15,-0.01866
3.16,-0.03776
3.17,-0.05412
3.18,-0.06753
3.19,-0.07894
3.2,-0.08973
3.21,-0.10117
3.22,-0.11325
3.23,-0.12156
3.24,-0.11856
3.25,-0.10155
3.26,-0.07529
3.27,-0.04869
3.28,-0.03029
3.29,-0.02512
3.3,-0.03376
3.31,-0.05308
3.32,-0.07814
3.33,-0.10405
3.34,-0.12742
3.35,-0.14691
3.36,-0.1621
3.37,-0.16635
3.38,-0.14508
3.39,-0.09159
3.4,-0.01602
3.41,0.06123
3.42,0.11994
3.43,0.14772
3.44,0.14268
3.45,0.11175
3.46,0.06646
3.47,0.0184
3.48,-0.02337
3.49,-0.04907
3.5,-0.04768
3.51,-0.01591
3.52,0.03696
3.53,0.09435
3.54,0.14016
3.55,0.16452
3.56,0.16565
3.57,0.14849
3.58,0.12149
3.59,0.09312
3.6,0.06931
3.61,0.05246
3.62,0.04174
3.63,0.03449
3.64,0.02893
3.65,0.02645
3.66,0.02856
3.67,0.03442
3.68,0.04136
3.69,0.0464
3.7,0.04742
3.71,0.04375
3.72,0.03606
3.73,0.02581
3.74,0.01455
3.75,0.00335
3.76,-0.00736
3.77,-0.01763
3.78,-0.0278
3.79,-0.03812
3.8,-0.0477
3.81,-0.0543
3.82,-0.05554
3.83,-0.05005
3.84,-0.03798
3.85,-0.02097
3.86,-0.00255
3.87,0.01265
3.88,0.02074
3.89,0.01993
3.9,0.01082
3.91,-0.00425
3.92,-0.02231
3.93,-0.04081
3.94,-0.05819
3.95,-0.07401
3.96,-0.08864
3.97,-0.10288
3.98,-0.11751
3.99,-0.13293
4,-0.14754
4.01,-0.15592
4.02,-0.15113
4.03,-0.1291
4.04,-0.09298
4.05,-0.05212
4.06,-0.01734
4.07,0.00353
4.08,0.00817
4.09,0.00065
4.1,-0.01085
4.11,-0.01842
4.12,-0.01849
4.13,-0.01226
4.14,-0.00384
4.15,0.00221
4.16,0.0027
4.17,-0.00336
4.18,-0.01494
4.19,-0.0298
4.2,-0.04546
4.21,-0.06011
4.22,-0.07296
4.23,-0.08414
4.24,-0.0944
4.25,-0.10464
4.26,-0.11556
4.27,-0.12748
4.28,-0.14042
4.29,-0.15408
4.3,-0.16776
4.31,-0.18018
4.32,-0.18999
4.33,-0.1964
4.34,-0.1994
4.35,-0.19947
4.36,-0.19668
4.37,-0.19066
4.38,-0.1792
4.39,-0.15427
4.4,-0.10844
4.41,-0.04575
4.42,0.01983
4.43,0.07226
4.44,0.10033
4.45,0.10124
4.46,0.08215
4.47,0.05714
4.48,0.04086
4.49,0.04307
4.5,0.0665
4.51,0.10746
4.52,0.15759
4.53,0.2053
4.54,0.23963
4.55,0.25409
4.56,0.24814
4.57,0.22623
4.58,0.1954
4.59,0.16259
4.6,0.13267
4.61,0.1075
4.62,0.08613
4.63,0.06606
4.64,0.04462
4.65,0.02008
4.66,-0.00803
4.67,-0.039
4.68,-0.0715
4.69,-0.10401
4.7,-0.1333
4.71,-0.15116
4.72,-0.14755
4.73,-0.11881
4.74,-0.07257
4.75,-0.02359
4.76,0.0135
4.77,0.02955
4.78,0.02291
4.79,-0.00182
4.8,-0.03664
4.81,-0.07341
4.82,-0.10634
4.83,-0.13292
4.84,-0.1537
4.85,-0.17114
4.86,-0.18816
4.87,-0.2058
4.88,-0.2168
4.89,-0.20581
4.9,-0.16019
4.91,-0.08279
4.92,0.00873
4.93,0.09178
4.94,0.14859
4.95,0.1716
4.96,0.1637
4.97,0.13493
4.98,0.09793
4.99,0.06577
5,0.05082
5.01,0.06073
5.02,0.09359
5.03,0.13834
5.04,0.18062
5.05,0.20886
5.06,0.2177
5.07,0.20834
5.08,0.18658
5.09,0.15988
5.1,0.13463
5.11,0.11455
5.12,0.10038
5.13,0.09056
5.14,0.08245
5.15,0.07407
5.16,0.06622
5.17,0.06224
5.18,0.0657
5.19,0.07758
5.2,0.09512
5.21,0.1134
5.22,0.12773
5.23,0.13523
5.24,0.1352
5.25,0.12837
5.26,0.11626
5.27,0.10074
5.28,0.08353
5.29,0.06589
5.3,0.0485
5.31,0.03252
5.32,0.02471
5.33,0.03333
5.34,0.05835
5.35,0.09161
5.36,0.12192
5.37,0.14012
5.38,0.14195
5.39,0.12841
5.4,0.10419
5.41,0.07539
5.42,0.0473
5.43,0.02312
5.44,0.00359
5.45,-0.0124
5.46,-0.02688
5.47,-0.04168
5.48,-0.05661
5.49,-0.0691
5.5,-0.07578
5.51,-0.07426
5.52,-0.06404
5.53,-0.04679
5.54,-0.02657
5.55,-0.00893
5.56,0.00131
5.57,0.00177
5.58,-0.00713
5.59,-0.02289
5.6,-0.04206
5.61,-0.06155
5.62,-0.0793
5.63,-0.09459
5.64,-0.10781
5.65,-0.11994
5.66,-0.13207
5.67,-0.14497
5.68,-0.15836
5.69,-0.16939
5.7,-0.17345
5.71,-0.16659
5.72,-0.14741
5.73,-0.1176
5.74,-0.08213
5.75,-0.04826
5.76,-0.02275
5.77,-0.00943
5.78,-0.00843
5.79,-0.01688
5.8,-0.03008
5.81,-0.04241
5.82,-0.0489
5.83,-0.04676
5.84,-0.03591
5.85,-0.01885
5.86,-0.00009
5.87,0.01567
5.88,0.02538
5.89,0.02861
5.9,0.02713
5.91,0.02372
5.92,0.02085
5.93,0.01965
5.94,0.01986
5.95,0.02036
5.96,0.01987
5.97,0.01722
5.98,0.01165
5.99,0.00302
6,-0.00817
6.01,-0.02101
6.02,-0.03399
6.03,-0.04445
6.04,-0.04943
6.05,-0.04697
6.06,-0.0368
6.07,-0.0201
6.08,0.00048
6.09,0.02029
6.1,0.03426
6.11,0.03894
6.12,0.0335
6.13,0.01982
6.14,0.00247
6.15,-0.01258
6.16,-0.02028
6.17,-0.01882
6.18,-0.01035
6.19,0.00046
6.2,0.00879
6.21,0.01142
6.22,0.00747
6.23,-0.00192
6.24,-0.0144
6.25,-0.02749
6.26,-0.03894
6.27,-0.04608
6.28,-0.04664
6.29,-0.04013
6.3,-0.02794
6.31,-0.01277
6.32,0.00186
6.33,0.01261
6.34,0.01753
6.35,0.0164
6.36,0.01057
6.37,0.00262
6.38,-0.0044
6.39,-0.00802
6.4,-0.00723
6.41,-0.00282
6.42,0.00315
6.43,0.00836
6.44,0.01114
6.45,0.01088
6.46,0.00799
6.47,0.0035
6.48,-0.00137
6.49,-0.0051
6.5,-0.00611
6.51,-0.00327
6.52,0.00367
6.53,0.01403
6.54,0.02592
6.55,0.03637
6.56,0.0426
6.57,0.04347
6.58,0.03967
6.59,0.03311
6.6,0.02597
6.61,0.01994
6.62,0.01585
6.63,0.01362
6.64,0.01211
6.65,0.00951
6.66,0.00488
6.67,-0.00068
6.68,-0.00475
6.69,-0.00537
6.7,-0.00241
6.71,0.00259
6.72,0.00761
6.73,0.01122
6.74,0.01292
6.75,0.01303
6.76,0.01234
6.77,0.01161
6.78,0.01112
6.79,0.01064
6.8,0.00968
6.81,0.00779
6.82,0.00466
6.83,0.00017
6.84,-0.00561
6.85,-0.01239
6.86,-0.01991
6.87,-0.02835
6.88,-0.03817
6.89,-0.04968
6.9,-0.0614
6.91,-0.06954
6.92,-0.06984
6.93,-0.05962
6.94,-0.03944
6.95,-0.01395
6.96,0.01005
6.97,0.0266
6.98,0.03258
6.99,0.0282
7,0.01627
7.01,0.00138
7.02,-0.01114
7.03,-0.017
7.04,-0.01425
7.05,-0.00349
7.06,0.01282
7.07,0.03071
7.08,0.04558
7.09,0.05376
7.1,0.0537
7.11,0.04612
7.12,0.03332
7.13,0.01825
7.14,0.0036
7.15,-0.00886
7.16,-0.01858
7.17,-0.02598
7.18,-0.0315
7.19,-0.03459
7.2,-0.03408
7.21,-0.02902
7.22,-0.01928
7.23,-0.00614
7.24,0.00751
7.25,0.01832
7.26,0.02413
7.27,0.02488
7.28,0.02219
7.29,0.01834
7.3,0.01502
7.31,0.01282
7.32,0.01136
7.33,0.00985
7.34,0.00749
7.35,0.00387
7.36,-0.00101
7.37,-0.00683
7.38,-0.01306
7.39,-0.01902
7.4,-0.02361
7.41,-0.02569
7.42,-0.02454
7.43,-0.02019
7.44,-0.01366
7.45,-0.00722
7.46,-0.00358
7.47,-0.00478
7.48,-0.01145
7.49,-0.0226
7.5,-0.0353
7.51,-0.04546
7.52,-0.04963
7.53,-0.04632
7.54,-0.03663
7.55,-0.02349
7.56,-0.01023
7.57,0.00052
7.58,0.00701
7.59,0.00865
7.6,0.00624
7.61,0.00149
7.62,-0.00403
7.63,-0.00938
7.64,-0.01432
7.65,-0.01911
7.66,-0.02416
7.67,-0.02984
7.68,-0.0363
7.69,-0.0432
7.7,-0.04953
7.71,-0.05397
7.72,-0.0556
7.73,-0.05417
7.74,-0.05039
7.75,-0.04612
7.76,-0.04378
7.77,-0.04526
7.78,-0.051
7.79,-0.05849
7.8,-0.06368
7.81,-0.06399
7.82,-0.05925
7.83,-0.05061
7.84,-0.03916
7.85,-0.0257
7.86,-0.01128
7.87,0.0026
7.88,0.01462
7.89,0.02404
7.9,0.03083
7.91,0.03545
7.92,0.0385
7.93,0.04061
7.94,0.04227
7.95,0.0437
7.96,0.04488
7.97,0.04566
7.98,0.04581
7.99,0.04443
8,0.03974
8.01,0.03018
8.02,0.01659
8.03,0.00281
8.04,-0.00631
8.05,-0.00718
8.06,0.00132
8.07,0.01717
8.08,0.03545
8.09,0.05055
8.1,0.05868
8.11,0.059
8.12,0.05321
8.13,0.0444
8.14,0.03571
8.15,0.02936
8.16,0.02619
8.17,0.02581
8.18,0.02704
8.19,0.02857
8.2,0.02938
8.21,0.02912
8.22,0.02814
8.23,0.02715
8.24,0.02688
8.25,0.02766
8.26,0.02914
8.27,0.03034
8.28,0.03023
8.29,0.0281
8.3,0.0237
8.31,0.01716
8.32,0.00895
8.33,-0.00034
8.34,-0.01003
8.35,-0.0193
8.36,-0.02719
8.37,-0.03302
8.38,-0.03659
8.39,-0.03819
8.4,-0.03844
8.41,-0.03796
8.42,-0.03721
8.43,-0.03646
8.44,-0.03576
8.45,-0.03503
8.46,-0.034
8.47,-0.03228
8.48,-0.02956
8.49,-0.02594
8.5,-0.02214
8.51,-0.01914
8.52,-0.01772
8.53,-0.01821
8.54,-0.02024
8.55,-0.01987
8.56,-0.00982
8.57,0.01338
8.58,0.04749
8.59,0.08612
8.6,0.12125
8.61,0.14619
8.62,0.15779
8.63,0.15677
8.64,0.14673
8.65,0.13239
8.66,0.11785
8.67,0.10562
8.68,0.09637
8.69,0.08936
8.7,0.08318
8.71,0.07644
8.72,0.06827
8.73,0.05848
8.74,0.04743
8.75,0.03582
8.76,0.0244
8.77,0.01427
8.78,0.00677
8.79,0.00291
8.8,0.0029
8.81,0.00602
8.82,0.01032
8.83,0.01326
8.84,0.01276
8.85,0.00793
8.86,-0.00031
8.87,-0.00937
8.88,-0.01637
8.89,-0.02008
8.9,-0.02163
8.91,-0.02358
8.92,-0.02844
8.93,-0.03768
8.94,-0.05144
8.95,-0.06876
8.96,-0.0882
8.97,-0.10838
8.98,-0.12831
8.99,-0.14671
9,-0.15729
9.01,-0.14821
9.02,-0.11223
9.03,-0.0552
9.04,0.00749
9.05,0.05904
9.06,0.08798
9.07,0.09117
9.08,0.07456
9.09,0.05099
9.1,0.03371
9.11,0.02974
9.12,0.03839
9.13,0.05377
9.14,0.06852
9.15,0.07736
9.16,0.07899
9.17,0.07496
9.18,0.06713
9.19,0.05645
9.2,0.04317
9.21,0.02718
9.22,0.0081
9.23,-0.01459
9.24,-0.04113
9.25,-0.07122
9.26,-0.10347
9.27,-0.13286
9.28,-0.15111
9.29,-0.15152
9.3,-0.13414
9.31,-0.10565
9.32,-0.0754
9.33,-0.05067
9.34,-0.03424
9.35,-0.02469
9.36,-0.01829
9.37,-0.01094
9.38,0.00022
9.39,0.01623
9.4,0.03637
9.41,0.05861
9.42,0.08025
9.43,0.0989
9.44,0.11246
9.45,0.11878
9.46,0.11648
9.47,0.10558
9.48,0.08756
9.49,0.06477
9.5,0.03975
9.51,0.01449
9.52,-0.01001
9.53,-0.03406
9.54,-0.05888
9.55,-0.08567
9.56,-0.11256
9.57,-0.13054
9.58,-0.12882
9.59,-0.10485
9.6,-0.06583
9.61,-0.02388
9.62,0.00961
9.63,0.02789
9.64,0.02995
9.65,0.01945
9.66,0.00236
9.67,-0.0159
9.68,-0.03245
9.69,-0.04696
9.7,-0.059
9.71,-0.06545
9.72,-0.06169
9.73,-0.04476
9.74,-0.01697
9.75,0.01395
9.76,0.03885
9.77,0.0513
9.78,0.04997
9.79,0.038
9.8,0.02086
9.81,0.00398
9.82,-0.00906
9.83,-0.01749
9.84,-0.02298
9.85,-0.0281
9.86,-0.03487
9.87,-0.04404
9.88,-0.05519
9.89,-0.06712
9.9,-0.07788
9.91,-0.08504
9.92,-0.08677
9.93,-0.08234
9.94,-0.07211
9.95,-0.05717
9.96,-0.03982
9.97,-0.02345
9.98,-0.01061
9.99,-0.00139
10,0.00612
10.01,0.01417
10.02,0.02302
10.03,0.03056
10.04,0.03379
10.05,0.03048
10.06,0.02001
10.07,0.00344
10.08,-0.01687
10.09,-0.03617
10.1,-0.04823
10.11,-0.04941
10.12,-0.04025
10.13,-0.02489
10.14,-0.00887
10.15,0.00337
10.16,0.01015
10.17,0.01249
10.18,0.01296
10.19,0.01427
10.2,0.01814
10.21,0.02434
10.22,0.03104
10.23,0.03593
10.24,0.03732
10.25,0.0346
10.26,0.02813
10.27,0.01856
10.28,0.00654
10.29,-0.00731
10.3,-0.02245
10.31,-0.03844
10.32,-0.05498
10.33,-0.07184
10.34,-0.08828
10.35,-0.10176
10.36,-0.10869
10.37,-0.10609
10.38,-0.09273
10.39,-0.0694
10.4,-0.03895
10.41,-0.00677
10.42,0.02041
10.43,0.0373
10.44,0.04289
10.45,0.0414
10.46,0.03973
10.47,0.04384
10.48,0.05501
10.49,0.06951
10.5,0.08138
10.51,0.08545
10.52,0.07924
10.53,0.06331
10.54,0.04065
10.55,0.0156
10.56,-0.00766
10.57,-0.02645
10.58,-0.03991
10.59,-0.04815
10.6,-0.05117
10.61,-0.049
10.62,-0.04204
10.63,-0.03145
10.64,-0.01907
10.65,-0.00677
10.66,0.00409
10.67,0.01291
10.68,0.01957
10.69,0.02394
10.7,0.02602
10.71,0.02644
10.72,0.02661
10.73,0.02811
10.74,0.03204
10.75,0.03873
10.76,0.04775
10.77,0.05812
10.78,0.068
10.79,0.07487
10.8,0.07657
10.81,0.07218
10.82,0.06222
10.83,0.04824
10.84,0.03216
10.85,0.01597
10.86,0.00198
10.87,-0.00768
10.88,-0.01205
10.89,-0.01161
10.9,-0.00787
10.91,-0.00271
10.92,0.00256
10.93,0.00843
10.94,0.01519
10.95,0.02146
10.96,0.02502
10.97,0.02401
10.98,0.01773
10.99,0.00669
11,-0.00768
11.01,-0.02361
11.02,-0.03942
11.03,-0.05367
11.04,-0.06462
11.05,-0.07003
11.06,-0.06816
11.07,-0.05862
11.08,-0.04242
11.09,-0.02161
11.1,0.00116
11.11,0.02231
11.12,0.03813
11.13,0.04614
11.14,0.04588
11.15,0.03873
11.16,0.02723
11.17,0.01405
11.18,0.00127
11.19,-0.01002
11.2,-0.01968
11.21,-0.02766
11.22,-0.03272
11.23,-0.0328
11.24,-0.02627
11.25,-0.01319
11.26,0.00453
11.27,0.02406
11.28,0.04259
11.29,0.0577
11.3,0.06763
11.31,0.07183
11.32,0.07094
11.33,0.06648
11.34,0.06023
11.35,0.05371
11.36,0.04786
11.37,0.04297
11.38,0.03884
11.39,0.03505
11.4,0.03168
11.41,0.02981
11.42,0.03079
11.43,0.03533
11.44,0.04305
11.45,0.0529
11.46,0.06409
11.47,0.07636
11.48,0.08865
11.49,0.09883
11.5,0.10473
11.51,0.10512
11.52,0.1001
11.53,0.09091
11.54,0.07952
11.55,0.06798
11.56,0.0578
11.57,0.04967
11.58,0.04343
11.59,0.03839
11.6,0.03353
11.61,0.02782
11.62,0.02054
11.63,0.0115
11.64,0.00097
11.65,-0.01046
11.66,-0.02218
11.67,-0.03365
11.68,-0.04447
11.69,-0.05439
11.7,-0.06339
11.71,-0.07164
11.72,-0.07943
11.73,-0.08704
11.74,-0.09455
11.75,-0.10172
11.76,-0.10814
11.77,-0.11348
11.78,-0.11764
11.79,-0.12079
11.8,-0.12325
11.81,-0.12545
11.82,-0.12808
11.83,-0.13206
11.84,-0.1382
11.85,-0.14683
11.86,-0.15777
11.87,-0.17041
11.88,-0.1834
11.89,-0.19291
11.9,-0.19326
11.91,-0.17975
11.92,-0.15148
11.93,-0.11174
11.94,-0.0662
11.95,-0.02076
11.96,0.01918
11.97,0.04926
11.98,0.06735
11.99,0.07411
12,0.07311
12.01,0.0697
12.02,0.069
12.03,0.07424
12.04,0.08597
12.05,0.10169
12.06,0.117
12.07,0.12766
12.08,0.13119
12.09,0.12743
12.1,0.11806
12.11,0.10574
12.12,0.09315
12.13,0.08271
12.14,0.07625
12.15,0.07441
12.16,0.07652
12.17,0.081
12.18,0.08599
12.19,0.08997
12.2,0.09213
12.21,0.09241
12.22,0.0914
12.23,0.08991
12.24,0.08869
12.25,0.08817
12.26,0.08827
12.27,0.08788
12.28,0.08473
12.29,0.07621
12.3,0.06079
12.31,0.03926
12.32,0.01516
12.33,-0.0069
12.34,-0.02361
12.35,-0.03422
12.36,-0.04018
12.37,-0.04321
12.38,-0.04373
12.39,-0.04144
12.4,-0.03705
12.41,-0.03258
12.42,-0.03029
12.43,-0.03177
12.44,-0.03732
12.45,-0.04544
12.46,-0.05329
12.47,-0.05802
12.48,-0.05785
12.49,-0.05255
12.5,-0.04322
12.51,-0.03205
12.52,-0.02218
12.53,-0.01663
12.54,-0.01711
12.55,-0.02307
12.56,-0.03145
12.57,-0.03851
12.58,-0.04199
12.59,-0.04176
12.6,-0.03922
12.61,-0.03593
12.62,-0.03244
12.63,-0.02844
12.64,-0.02371
12.65,-0.01835
12.66,-0.01274
12.67,-0.00709
12.68,-0.00122
12.69,0.00463
12.7,0.00957
12.71,0.01261
12.72,0.01311
12.73,0.01107
12.74,0.007
12.75,0.00188
12.76,-0.0027
12.77,-0.00495
12.78,-0.00355
12.79,0.00182
12.8,0.01052
12.81,0.02065
12.82,0.02928
12.83,0.0337
12.84,0.03238
12.85,0.02536
12.86,0.01376
12.87,-0.00064
12.88,-0.01565
12.89,-0.02907
12.9,-0.0393
12.91,-0.04572
12.92,-0.04865
12.93,-0.04903
12.94,-0.048
12.95,-0.04654
12.96,-0.04521
12.97,-0.04356
12.98,-0.04032
12.99,-0.03505
13,-0.02863
13.01,-0.02265
13.02,-0.01876
13.03,-0.01804
13.04,-0.02075
13.05,-0.02637
13.06,-0.03382
13.07,-0.04176
13.08,-0.04882
13.09,-0.05409
13.1,-0.05742
13.11,-0.05973
13.12,-0.06237
13.13,-0.0661
13.14,-0.07086
13.15,-0.07628
13.16,-0.08164
13.17,-0.08459
13.18,-0.08175
13.19,-0.07098
13.2,-0.05306
13.21,-0.03108
13.22,-0.0089
13.23,0.01033
13.24,0.02487
13.25,0.03455
13.26,0.04035
13.27,0.04352
13.28,0.0449
13.29,0.04481
13.3,0.04332
13.31,0.04052
13.32,0.03672
13.33,0.03207
13.34,0.02551
13.35,0.01529
13.36,0.00169
13.37,-0.0114
13.38,-0.01852
13.39,-0.01562
13.4,-0.00297
13.41,0.01445
13.42,0.02972
13.43,0.03709
13.44,0.03385
13.45,0.02061
13.46,0.00069
13.47,-0.01971
13.48,-0.03295
13.49,-0.03299
13.5,-0.0175
13.51,0.01115
13.52,0.04517
13.53,0.07392
13.54,0.08862
13.55,0.08595
13.56,0.06863
13.57,0.04318
13.58,0.01718
13.59,-0.00265
13.6,-0.0121
13.61,-0.01049
13.62,-0.00023
13.63,0.01453
13.64,0.02916
13.65,0.03991
13.66,0.0449
13.67,0.0444
13.68,0.04023
13.69,0.03469
13.7,0.02943
13.71,0.02502
13.72,0.02125
13.73,0.01779
13.74,0.01446
13.75,0.01101
13.76,0.00682
13.77,0.00136
13.78,-0.0054
13.79,-0.01301
13.8,-0.02103
13.81,-0.03004
13.82,-0.04165
13.83,-0.05663
13.84,-0.07215
13.85,-0.08257
13.86,-0.08247
13.87,-0.069
13.88,-0.04267
13.89,-0.00675
13.9,0.03317
13.91,0.06979
13.92,0.09654
13.93,0.10985
13.94,0.10994
13.95,0.1
13.96,0.08464
13.97,0.06821
13.98,0.05366
13.99,0.04217
14,0.03338
14.01,0.02624
14.02,0.01963
14.03,0.01276
14.04,0.00519
14.05,-0.00358
14.06,-0.01389
14.07,-0.024
14.08,-0.02936
14.09,-0.02547
14.1,-0.01152
14.11,0.00912
14.12,0.03109
14.13,0.04975
14.14,0.06273
14.15,0.06957
14.16,0.07075
14.17,0.0672
14.18,0.06011
14.19,0.05035
14.2,0.03758
14.21,0.02078
14.22,-0.00005
14.23,-0.02348
14.24,-0.04737
14.25,-0.0698
14.26,-0.08974
14.27,-0.10704
14.28,-0.12128
14.29,-0.13118
14.3,-0.1353
14.31,-0.1327
14.32,-0.12266
14.33,-0.10503
14.34,-0.08128
14.35,-0.05437
14.36,-0.02752
14.37,-0.00357
14.38,0.01466
14.39,0.02499
14.4,0.02671
14.41,0.02074
14.42,0.00925
14.43,-0.00519
14.44,-0.02028
14.45,-0.03406
14.46,-0.04389
14.47,-0.04699
14.48,-0.04215
14.49,-0.03067
14.5,-0.01518
14.51,0.00113
14.52,0.01483
14.53,0.02329
14.54,0.02547
14.55,0.022
14.56,0.01501
14.57,0.00762
14.58,0.00284
14.59,0.00241
14.6,0.00643
14.61,0.01362
14.62,0.02224
14.63,0.031
14.64,0.03933
14.65,0.04736
14.66,0.05547
14.67,0.06328
14.68,0.06898
14.69,0.07029
14.7,0.06595
14.71,0.05647
14.72,0.0437
14.73,0.02996
14.74,0.0172
14.75,0.0067
14.76,-0.00095
14.77,-0.00581
14.78,-0.00848
14.79,-0.00987
14.8,-0.01117
14.81,-0.01381
14.82,-0.01868
14.83,-0.02462
14.84,-0.02809
14.85,-0.02508
14.86,-0.01305
14.87,0.00732
14.88,0.03115
14.89,0.05159
14.9,0.0629
14.91,0.06253
14.92,0.05148
14.93,0.03322
14.94,0.01204
14.95,-0.00834
14.96,-0.02499
14.97,-0.03554
14.98,-0.03865
14.99,-0.03449
15,-0.02449
15.01,-0.01085
15.02,0.00387
15.03,0.01636
15.04,0.0234
15.05,0.02302
15.06,0.01513
15.07,0.00139
15.08,-0.01565
15.09,-0.03346
15.1,-0.05012
15.11,-0.06367
15.12,-0.07194
15.13,-0.0733
15.14,-0.06739
15.15,-0.05507
15.16,-0.03796
15.17,-0.01862
15.18,-0.0001
15.19,0.01505
15.2,0.02544
15.21,0.03074
15.22,0.03152
15.23,0.02894
15.24,0.02428
15.25,0.01862
15.26,0.01239
15.27,0.00537
15.28,-0.00222
15.29,-0.00887
15.3,-0.01244
15.31,-0.01128
15.32,-0.00486
15.33,0.00616
15.34,0.02009
15.35,0.03409
15.36,0.04484
15.37,0.0498
15.38,0.04809
15.39,0.04047
15.4,0.02888
15.41,0.01556
15.42,0.00281
15.43,-0.00681
15.44,-0.01111
15.45,-0.00975
15.46,-0.00483
15.47,0.00016
15.48,0.00202
15.49,-0.00107
15.5,-0.0092
15.51,-0.02114
15.52,-0.03481
15.53,-0.04753
15.54,-0.0567
15.55,-0.06073
15.56,-0.05947
15.57,-0.05399
15.58,-0.04637
15.59,-0.03935
15.6,-0.03548
15.61,-0.03621
15.62,-0.04163
15.63,-0.05052
15.64,-0.0601
15.65,-0.0662
15.66,-0.06499
15.67,-0.05459
15.68,-0.03577
15.69,-0.01155
15.7,0.01421
15.71,0.03808
15.72,0.05695
15.73,0.0682
15.74,0.07059
15.75,0.06471
15.76,0.05285
15.77,0.03815
15.78,0.02346
15.79,0.01068
15.8,0.0009
15.81,-0.00485
15.82,-0.0057
15.83,-0.00142
15.84,0.00741
15.85,0.01954
15.86,0.03275
15.87,0.04404
15.88,0.05072
15.89,0.05141
15.9,0.04631
15.91,0.03685
15.92,0.02506
15.93,0.01282
15.94,0.00161
15.95,-0.00712
15.96,-0.01218
15.97,-0.01306
15.98,-0.01006
15.99,-0.00423
16,0.003
16.01,0.01038
16.02,0.01747
16.03,0.02421
16.04,0.02994
16.05,0.03325
16.06,0.03282
16.07,0.02802
16.08,0.0192
16.09,0.00754
16.1,-0.00549
16.11,-0.01851
16.12,-0.03046
16.13,-0.04062
16.14,-0.04879
16.15,-0.05507
16.16,-0.05912
16.17,-0.0601
16.18,-0.05721
16.19,-0.04989
16.2,-0.03736
16.21,-0.01882
16.22,0.0055
16.23,0.03254
16.24,0.0568
16.25,0.07299
16.26,0.07813
16.27,0.0724
16.28,0.05848
16.29,0.04027
16.3,0.02142
16.31,0.00441
16.32,-0.00982
16.33,-0.0212
16.34,-0.02909
16.35,-0.03239
16.36,-0.03123
16.37,-0.0274
16.38,-0.0235
16.39,-0.02173
16.4,-0.02284
16.41,-0.02594
16.42,-0.02934
16.43,-0.03136
16.44,-0.03113
16.45,-0.0288
16.46,-0.02524
16.47,-0.02154
16.48,-0.01854
16.49,-0.01623
16.5,-0.01388
16.51,-0.01047
16.52,-0.00524
16.53,0.00205
16.54,0.0111
16.55,0.02091
16.56,0.02955
16.57,0.03493
16.58,0.03566
16.59,0.03156
16.6,0.02349
16.61,0.01299
16.62,0.00186
16.63,-0.0074
16.64,-0.01206
16.65,-0.01043
16.66,-0.00299
16.67,0.00798
16.68,0.01956
16.69,0.02936
16.7,0.03599
16.71,0.03887
16.72,0.03807
16.73,0.03437
16.74,0.02913
16.75,0.02385
16.76,0.01967
16.77,0.0171
16.78,0.01601
16.79,0.01571
16.8,0.0149
16.81,0.01268
16.82,0.00943
16.83,0.00642
16.84,0.00505
16.85,0.00606
16.86,0.00873
16.87,0.0111
16.88,0.011
16.89,0.00683
16.9,-0.00205
16.91,-0.01528
16.92,-0.03176
16.93,-0.04985
16.94,-0.06749
16.95,-0.08236
16.96,-0.09241
16.97,-0.09662
16.98,-0.09524
16.99,-0.08922
17,-0.07963
17.01,-0.06744
17.02,-0.05354
17.03,-0.03896
17.04,-0.02478
17.05,-0.01181
17.06,-0.0005
17.07,0.00867
17.08,0.015
17.09,0.01799
17.1,0.01763
17.11,0.01444
17.12,0.00931
17.13,0.0032
17.14,-0.00309
17.15,-0.00904
17.16,-0.01419
17.17,-0.01763
17.18,-0.01832
17.19,-0.01562
17.2,-0.00955
17.21,-0.00076
17.22,0.00975
17.23,0.02095
17.24,0.03205
17.25,0.04264
17.26,0.05241
17.27,0.06049
17.28,0.06566
17.29,0.06697
17.3,0.06424
17.31,0.05806
17.32,0.04957
17.33,0.04003
17.34,0.03047
17.35,0.02151
17.36,0.01365
17.37,0.00785
17.38,0.00519
17.39,0.00633
17.4,0.01122
17.41,0.01909
17.42,0.0285
17.43,0.03739
17.44,0.04381
17.45,0.0466
17.46,0.04568
17.47,0.04189
17.48,0.03692
17.49,0.03276
17.5,0.03104
17.51,0.03246
17.52,0.03664
17.53,0.04219
17.54,0.04732
17.55,0.05056
17.56,0.0512
17.57,0.04928
17.58,0.04535
17.59,0.04035
17.6,0.03527
17.61,0.03084
17.62,0.02737
17.63,0.02471
17.64,0.02239
17.65,0.01982
17.66,0.01633
17.67,0.01036
17.68,-0.00013
17.69,-0.01588
17.7,-0.03535
17.71,-0.05565
17.72,-0.07375
17.73,-0.08708
17.74,-0.09401
17.75,-0.09451
17.76,-0.09011
17.77,-0.08273
17.78,-0.07313
17.79,-0.06119
17.8,-0.04728
17.81,-0.03259
17.82,-0.01859
17.83,-0.00651
17.84,0.00268
17.85,0.00831
17.86,0.01025
17.87,0.00893
17.88,0.00526
17.89,0.00036
17.9,-0.00462
17.91,-0.0088
17.92,-0.01174
17.93,-0.0135
17.94,-0.01465
17.95,-0.01596
17.96,-0.0176
17.97,-0.01894
17.98,-0.01902
17.99,-0.01706
18,-0.01281
18.01,-0.00667
18.02,-0.00005
18.03,0.00496
18.04,0.00678
18.05,0.00502
18.06,0.00036
18.07,-0.00585
18.08,-0.01187
18.09,-0.0158
18.1,-0.01629
18.11,-0.01288
18.12,-0.00609
18.13,0.00278
18.14,0.01156
18.15,0.01773
18.16,0.01941
18.17,0.01598
18.18,0.00819
18.19,-0.00194
18.2,-0.01123
18.21,-0.0166
18.22,-0.01618
18.23,-0.0098
18.24,0.00125
18.25,0.01443
18.26,0.02626
18.27,0.03357
18.28,0.03463
18.29,0.02971
18.3,0.0208
18.31,0.01072
18.32,0.00205
18.33,-0.00369
18.34,-0.00619
18.35,-0.00619
18.36,-0.00492
18.37,-0.0036
18.38,-0.00307
18.39,-0.00367
18.4,-0.00533
18.41,-0.0077
18.42,-0.01037
18.43,-0.01296
18.44,-0.01529
18.45,-0.01731
18.46,-0.01912
18.47,-0.02088
18.48,-0.02272
18.49,-0.0247
18.5,-0.02686
18.51,-0.02912
18.52,-0.03144
18.53,-0.03373
18.54,-0.03598
18.55,-0.03831
18.56,-0.04093
18.57,-0.04359
18.58,-0.04541
18.59,-0.04537
18.6,-0.04277
18.61,-0.03753
18.62,-0.03016
18.63,-0.02145
18.64,-0.01217
18.65,-0.00308
18.66,0.00464
18.67,0.00958
18.68,0.0108
18.69,0.00821
18.7,0.00327
18.71,-0.00107
18.72,-0.00171
18.73,0.00337
18.74,0.0145
18.75,0.03
18.76,0.04648
18.77,0.06024
18.78,0.06863
18.79,0.07063
18.8,0.06632
18.81,0.05657
18.82,0.04272
18.83,0.02628
18.84,0.00868
18.85,-0.00832
18.86,-0.02209
18.87,-0.02997
18.88,-0.03049
18.89,-0.02414
18.9,-0.01337
18.91,-0.00155
18.92,0.00841
18.93,0.01499
18.94,0.01848
18.95,0.02049
18.96,0.02295
18.97,0.02734
18.98,0.03372
18.99,0.04014
19,0.04366
19.01,0.0418
19.02,0.03384
19.03,0.02127
19.04,0.00706
19.05,-0.00566
19.06,-0.01472
19.07,-0.01941
19.08,-0.02047
19.09,-0.0196
19.1,-0.0187
19.11,-0.01918
19.12,-0.02167
19.13,-0.02599
19.14,-0.03129
19.15,-0.03579
19.16,-0.03719
19.17,-0.03374
19.18,-0.02486
19.19,-0.01131
19.2,0.00464
19.21,0.0198
19.22,0.03126
19.23,0.03745
19.24,0.0384
19.25,0.03564
19.26,0.03143
19.27,0.02791
19.28,0.0264
19.29,0.02689
19.3,0.02817
19.31,0.02856
19.32,0.02657
19.33,0.02132
19.34,0.01276
19.35,0.00156
19.36,-0.01118
19.37,-0.02398
19.38,-0.03479
19.39,-0.04168
19.4,-0.04356
19.41,-0.04056
19.42,-0.03377
19.43,-0.02473
19.44,-0.01494
19.45,-0.00552
19.46,0.00288
19.47,0.01004
19.48,0.01615
19.49,0.02153
19.5,0.02605
19.51,0.02878
19.52,0.02857
19.53,0.02463
19.54,0.01691
19.55,0.00604
19.56,-0.00691
19.57,-0.0208
19.58,-0.03453
19.59,-0.04638
19.6,-0.05405
19.61,-0.05565
19.62,-0.05059
19.63,-0.03981
19.64,-0.0257
19.65,-0.01112
19.66,0.00161
19.67,0.01131
19.68,0.01799
19.69,0.02247
19.7,0.02574
19.71,0.02849
19.72,0.03109
19.73,0.0336
19.74,0.03592
19.75,0.0379
19.76,0.03948
19.77,0.04079
19.78,0.0422
19.79,0.04399
19.8,0.04588
19.81,0.04725
19.82,0.04753
19.83,0.04656
19.84,0.04461
19.85,0.04216
19.86,0.03955
19.87,0.0366
19.88,0.03287
19.89,0.02794
19.9,0.02173
19.91,0.0146
19.92,0.00726
19.93,0.00085
19.94,-0.00346
19.95,-0.00496
19.96,-0.00361
19.97,0.00002
19.98,0.00502
19.99,0.01024
20,0.01412
20.01,0.015
20.02,0.0118
20.03,0.00424
20.04,-0.00708
20.05,-0.02109
20.06,-0.03644
20.07,-0.05137
20.08,-0.06407
20.09,-0.07333
20.1,-0.07882
20.11,-0.08098
20.12,-0.08062
20.13,-0.07853
20.14,-0.07524
20.15,-0.07099
20.16,-0.0658
20.17,-0.05945
20.18,-0.0516
20.19,-0.04193
20.2,-0.03021
20.21,-0.01655
20.22,-0.0018
20.23,0.01259
20.24,0.02519
20.25,0.03515
20.26,0.04214
20.27,0.04619
20.28,0.04761
20.29,0.04699
20.3,0.045
20.31,0.04219
20.32,0.03857
20.33,0.03375
20.34,0.02718
20.35,0.01832
20.36,0.00702
20.37,-0.00617
20.38,-0.02013
20.39,-0.03367
20.4,-0.04572
20.41,-0.05493
20.42,-0.05984
20.43,-0.0596
20.44,-0.05445
20.45,-0.04559
20.46,-0.03471
20.47,-0.0234
20.48,-0.01276
20.49,-0.0032
20.5,0.00561
20.51,0.01438
20.52,0.02306
20.53,0.03024
20.54,0.03395
20.55,0.03278
20.56,0.02639
20.57,0.01562
20.58,0.00198
20.59,-0.01278
20.6,-0.02716
20.61,-0.04022
20.62,-0.05126
20.63,-0.05949
20.64,-0.06422
20.65,-0.06506
20.66,-0.06201
20.67,-0.05546
20.68,-0.04613
20.69,-0.03492
20.7,-0.02267
20.71,-0.01001
20.72,0.00267
20.73,0.01519
20.74,0.02741
20.75,0.03917
20.76,0.05035
20.77,0.06092
20.78,0.07092
20.79,0.07998
20.8,0.0868
20.81,0.08981
20.82,0.08797
20.83,0.08115
20.84,0.06978
20.85,0.0545
20.86,0.03626
20.87,0.01643
20.88,-0.00324
20.89,-0.02128
20.9,-0.03687
20.91,-0.04969
20.92,-0.05904
20.93,-0.06396
20.94,-0.06382
20.95,-0.05914
20.96,-0.05159
20.97,-0.04339
20.98,-0.03642
20.99,-0.03172
21,-0.02916
21.01,-0.02741
21.02,-0.02463
21.03,-0.0193
21.04,-0.01088
21.05,-0.00041
21.06,0.00963
21.07,0.01654
21.08,0.01856
21.09,0.01535
21.1,0.00786
21.11,-0.00219
21.12,-0.01304
21.13,-0.02331
21.14,-0.03223
21.15,-0.03964
21.16,-0.04588
21.17,-0.05125
21.18,-0.05534
21.19,-0.05712
21.2,-0.05561
21.21,-0.05047
21.22,-0.04216
21.23,-0.03179
21.24,-0.0206
21.25,-0.00965
21.26,0.00036
21.27,0.00898
21.28,0.01606
21.29,0.02174
21.3,0.02639
21.31,0.03046
21.32,0.03436
21.33,0.03834
21.34,0.04247
21.35,0.0464
21.36,0.0493
21.37,0.05028
21.38,0.04889
21.39,0.04525
21.4,0.03994
21.41,0.03376
21.42,0.02756
21.43,0.02215
21.44,0.01807
21.45,0.0155
21.46,0.01422
21.47,0.01372
21.48,0.01333
21.49,0.01243
21.5,0.01066
21.51,0.00797
21.52,0.00459
21.53,0.00084
21.54,-0.00281
21.55,-0.00569
21.56,-0.00702
21.57,-0.00629
21.58,-0.00346
21.59,0.00109
21.6,0.00673
21.61,0.01279
21.62,0.01878
21.63,0.0244
21.64,0.02937
21.65,0.03321
21.66,0.03544
21.67,0.0358
21.68,0.03444
21.69,0.03198
21.7,0.02953
21.71,0.02822
21.72,0.02881
21.73,0.03145
21.74,0.03576
21.75,0.04104
21.76,0.04653
21.77,0.05165
21.78,0.05606
21.79,0.05929
21.8,0.06075
21.81,0.06001
21.82,0.05687
21.83,0.0507
21.84,0.04047
21.85,0.02604
21.86,0.00876
21.87,-0.0092
21.88,-0.02578
21.89,-0.03974
21.9,-0.05077
21.91,-0.05887
21.92,-0.06387
21.93,-0.0656
21.94,-0.06417
21.95,-0.06011
21.96,-0.05442
21.97,-0.04844
21.98,-0.04337
21.99,-0.03992
22,-0.03823
22.01,-0.0379
22.02,-0.03822
22.03,-0.03771
22.04,-0.03428
22.05,-0.02635
22.06,-0.01397
22.07,0.00142
22.08,0.01774
22.09,0.03271
22.1,0.04382
22.11,0.04909
22.12,0.04779
22.13,0.04058
22.14,0.0292
22.15,0.0158
22.16,0.00231
22.17,-0.00999
22.18,-0.0207
22.19,-0.03004
22.2,-0.03816
22.21,-0.04455
22.22,-0.04834
22.23,-0.04891
22.24,-0.04618
22.25,-0.04075
22.26,-0.03363
22.27,-0.02592
22.28,-0.01851
22.29,-0.01191
22.3,-0.00653
22.31,-0.00275
22.32,-0.00083
22.33,-0.0007
22.34,-0.00204
22.35,-0.00434
22.36,-0.0071
22.37,-0.0099
22.38,-0.01245
22.39,-0.01435
22.4,-0.01524
22.41,-0.01495
22.42,-0.0136
22.43,-0.01148
22.44,-0.00896
22.45,-0.00636
22.46,-0.0039
22.47,-0.00173
22.48,-0.00007
22.49,0.00086
22.5,0.00095
22.51,0.00034
22.52,-0.00042
22.53,-0.0006
22.54,0.00046
22.55,0.00318
22.56,0.0077
22.57,0.01384
22.58,0.02119
22.59,0.02923
22.6,0.03749
22.61,0.04565
22.62,0.05336
22.63,0.05919
22.64,0.0606
22.65,0.05565
22.66,0.04443
22.67,0.02891
22.68,0.01188
22.69,-0.00416
22.7,-0.01766
22.71,-0.0282
22.72,-0.03626
22.73,-0.0426
22.74,-0.0474
22.75,-0.05031
22.76,-0.05084
22.77,-0.0489
22.78,-0.04512
22.79,-0.04055
22.8,-0.03626
22.81,-0.03299
22.82,-0.03098
22.83,-0.03007
22.84,-0.02978
22.85,-0.0294
22.86,-0.02811
22.87,-0.02518
22.88,-0.02015
22.89,-0.01289
22.9,-0.00369
22.91,0.00683
22.92,0.0176
22.93,0.02706
22.94,0.03374
22.95,0.03687
22.96,0.03671
22.97,0.03425
22.98,0.03079
22.99,0.02748
23,0.02499
23.01,0.02361
23.02,0.02339
23.03,0.02421
23.04,0.02587
23.05,0.0281
23.06,0.03064
23.07,0.0332
23.08,0.03531
23.09,0.03647
23.1,0.03634
23.11,0.03478
23.12,0.03159
23.13,0.02656
23.14,0.01962
23.15,0.01095
23.16,0.00113
23.17,-0.00854
23.18,-0.01633
23.19,-0.02094
23.2,-0.02206
23.21,-0.02042
23.22,-0.01732
23.23,-0.01407
23.24,-0.01161
23.25,-0.01032
23.26,-0.01009
23.27,-0.01049
23.28,-0.01099
23.29,-0.01122
23.3,-0.01097
23.31,-0.01016
23.32,-0.00855
23.33,-0.00582
23.34,-0.00176
23.35,0.00367
23.36,0.01026
23.37,0.01774
23.38,0.02572
23.39,0.03364
23.4,0.04036
23.41,0.04457
23.42,0.04534
23.43,0.04253
23.44,0.03674
23.45,0.02904
23.46,0.02056
23.47,0.01222
23.48,0.00452
23.49,-0.00233
23.5,-0.00809
23.51,-0.01246
23.52,-0.0153
23.53,-0.01668
23.54,-0.01689
23.55,-0.01622
23.56,-0.01464
23.57,-0.01192
23.58,-0.00779
23.59,-0.00222
23.6,0.00462
23.61,0.01222
23.62,0.01924
23.63,0.0235
23.64,0.023
23.65,0.01695
23.66,0.00616
23.67,-0.00715
23.68,-0.01962
23.69,-0.028
23.7,-0.03032
23.71,-0.02638
23.72,-0.01748
23.73,-0.00576
23.74,0.00638
23.75,0.01635
23.76,0.02203
23.77,0.02245
23.78,0.01795
23.79,0.00993
23.8,0.0002
23.81,-0.00959
23.82,-0.01838
23.83,-0.02585
23.84,-0.03224
23.85,-0.03792
23.86,-0.04243
23.87,-0.04441
23.88,-0.04243
23.89,-0.03575
23.9,-0.02463
23.91,-0.01012
23.92,0.00631
23.93,0.02284
23.94,0.03697
23.95,0.04622
23.96,0.04911
23.97,0.0456
23.98,0.03685
23.99,0.02462
24,0.01069
24.01,-0.00322
24.02,-0.01511
24.03,-0.02303
24.04,-0.02582
24.05,-0.02348
24.06,-0.01705
24.07,-0.0081
24.08,0.00188
24.09,0.01191
24.1,0.02156
24.11,0.03086
24.12,0.04009
24.13,0.04953
24.14,0.05923
24.15,0.06833
24.16,0.07466
24.17,0.07583
24.18,0.07033
24.19,0.05819
24.2,0.04076
24.21,0.02013
24.22,-0.0016
24.23,-0.02285
24.24,-0.04271
24.25,-0.06079
24.26,-0.07704
24.27,-0.09087
24.28,-0.10028
24.29,-0.10281
24.3,-0.09688
24.31,-0.0826
24.32,-0.0616
24.33,-0.03637
24.34,-0.0095
24.35,0.01709
24.36,0.04235
24.37,0.06609
24.38,0.08771
24.39,0.10501
24.4,0.11514
24.41,0.11619
24.42,0.10806
24.43,0.09241
24.44,0.07192
24.45,0.04941
24.46,0.02709
24.47,0.00622
24.48,-0.01232
24.49,-0.02713
24.5,-0.03676
24.51,-0.04047
24.52,-0.03858
24.53,-0.03235
24.54,-0.0237
24.55,-0.01522
24.56,-0.00945
24.57,-0.00803
24.58,-0.01131
24.59,-0.01844
24.6,-0.02794
24.61,-0.03815
24.62,-0.04741
24.63,-0.05415
24.64,-0.05744
24.65,-0.05743
24.66,-0.0553
24.67,-0.05268
24.68,-0.05098
24.69,-0.05096
24.7,-0.05264
24.71,-0.05529
24.72,-0.05777
24.73,-0.059
24.74,-0.0579
24.75,-0.05347
24.76,-0.04521
24.77,-0.03334
24.78,-0.01899
24.79,-0.00393
24.8,0.01004
24.81,0.02156
24.82,0.02986
24.83,0.03489
24.84,0.03726
24.85,0.03793
24.86,0.03807
24.87,0.03879
24.88,0.04098
24.89,0.04527
24.9,0.05172
24.91,0.05959
24.92,0.06767
24.93,0.07482
24.94,0.08038
24.95,0.08425
24.96,0.08669
24.97,0.08736
24.98,0.08512
24.99,0.07873
25,0.06762
25.01,0.0521
25.02,0.03336
25.03,0.01337
25.04,-0.00581
25.05,-0.02251
25.06,-0.03539
25.07,-0.04337
25.08,-0.04607
25.09,-0.04395
25.1,-0.03821
25.11,-0.03038
25.12,-0.02232
25.13,-0.01634
25.14,-0.0145
25.15,-0.01782
25.16,-0.02605
25.17,-0.03769
25.18,-0.04973
25.19,-0.05852
25.2,-0.06129
25.21,-0.05713
25.22,-0.04706
25.23,-0.03343
25.24,-0.0191
25.25,-0.00675
25.26,0.00194
25.27,0.00661
25.28,0.0083
25.29,0.00918
25.3,0.01147
25.31,0.01643
25.32,0.024
25.33,0.03296
25.34,0.0417
25.35,0.04888
25.36,0.05405
25.37,0.05788
25.38,0.06175
25.39,0.06644
25.4,0.07072
25.41,0.07191
25.42,0.0674
25.43,0.0559
25.44,0.0378
25.45,0.01515
25.46,-0.00894
25.47,-0.03142
25.48,-0.05025
25.49,-0.06431
25.5,-0.07286
25.51,-0.07573
25.52,-0.07348
25.53,-0.06729
25.54,-0.05886
25.55,-0.05045
25.56,-0.04437
25.57,-0.04215
25.58,-0.04415
25.59,-0.04963
25.6,-0.05718
25.61,-0.06531
25.62,-0.07288
25.63,-0.07925
25.64,-0.08425
25.65,-0.08805
25.66,-0.09097
25.67,-0.09307
25.68,-0.09414
25.69,-0.09391
25.7,-0.0918
25.71,-0.08633
25.72,-0.07562
25.73,-0.05844
25.74,-0.03484
25.75,-0.00602
25.76,0.02611
25.77,0.05946
25.78,0.09106
25.79,0.11608
25.8,0.12968
25.81,0.12914
25.82,0.11487
25.83,0.0899
25.84,0.05864
25.85,0.02539
25.86,-0.00633
25.87,-0.03412
25.88,-0.05623
25.89,-0.07093
25.9,-0.07696
25.91,-0.0743
25.92,-0.06423
25.93,-0.04895
25.94,-0.03092
25.95,-0.01216
25.96,0.00598
25.97,0.02219
25.98,0.03443
25.99,0.04054
26,0.03933
26.01,0.03106
26.02,0.01726
26.03,0.00002
26.04,-0.01903
26.05,-0.03914
26.06,-0.05946
26.07,-0.07858
26.08,-0.09502
26.09,-0.10745
26.1,-0.11483
26.11,-0.11679
26.12,-0.11381
26.13,-0.10707
26.14,-0.09804
26.15,-0.08813
26.16,-0.07837
26.17,-0.06942
26.18,-0.06149
26.19,-0.05414
26.2,-0.04611
26.21,-0.03589
26.22,-0.0224
26.23,-0.00538
26.24,0.01459
26.25,0.03643
26.26,0.05909
26.27,0.08169
26.28,0.10286
26.29,0.12046
26.3,0.13251
26.31,0.13811
26.32,0.13773
26.33,0.13274
26.34,0.12467
26.35,0.11479
26.36,0.10394
26.37,0.09264
26.38,0.08131
26.39,0.07063
26.4,0.06139
26.41,0.0541
26.42,0.04878
26.43,0.0449
26.44,0.04155
26.45,0.03784
26.46,0.03329
26.47,0.028
26.48,0.02258
26.49,0.01771
26.5,0.01387
26.51,0.01118
26.52,0.00936
26.53,0.00785
26.54,0.0061
26.55,0.00372
26.56,0.00068
26.57,-0.00257
26.58,-0.00517
26.59,-0.0063
26.6,-0.00556
26.61,-0.00311
26.62,0.00035
26.63,0.00384
26.64,0.0064
26.65,0.00741
26.66,0.00677
26.67,0.0047
26.68,0.00148
26.69,-0.00272
26.7,-0.00772
26.71,-0.01337
26.72,-0.01952
26.73,-0.02598
26.74,-0.03258
26.75,-0.03919
26.76,-0.04568
26.77,-0.05168
26.78,-0.0564
26.79,-0.05905
26.8,-0.05905
26.81,-0.05617
26.82,-0.05053
26.83,-0.04263
26.84,-0.03321
26.85,-0.02322
26.86,-0.01373
26.87,-0.00578
26.88,0
26.89,0.00353
26.9,0.00522
26.91,0.00578
26.92,0.00607
26.93,0.00693
26.94,0.00889
26.95,0.01202
26.96,0.01546
26.97,0.01762
26.98,0.01693
26.99,0.01267
27,0.00528
27.01,-0.00392
27.02,-0.01336
27.03,-0.02157
27.04,-0.02746
27.05,-0.03064
27.06,-0.03137
27.07,-0.03018
27.08,-0.02738
27.09,-0.02302
27.1,-0.01728
27.11,-0.0106
27.12,-0.00357
27.13,0.00327
27.14,0.0095
27.15,0.01458
27.16,0.01791
27.17,0.01911
27.18,0.01822
27.19,0.01562
27.2,0.01204
27.21,0.00855
27.22,0.00626
27.23,0.00584
27.24,0.00729
27.25,0.01008
27.26,0.01343
27.27,0.01665
27.28,0.01932
27.29,0.02126
27.3,0.02239
27.31,0.02255
27.32,0.02167
27.33,0.01979
27.34,0.01715
27.35,0.0144
27.36,0.01247
27.37,0.01215
27.38,0.01381
27.39,0.01726
27.4,0.02175
27.41,0.02636
27.42,0.03029
27.43,0.03328
27.44,0.03565
27.45,0.03781
27.46,0.03968
27.47,0.04074
27.48,0.04039
27.49,0.03827
27.5,0.03419
27.51,0.02828
27.52,0.02106
27.53,0.01332
27.54,0.00583
27.55,-0.00058
27.56,-0.00494
27.57,-0.00651
27.58,-0.00527
27.59,-0.00199
27.6,0.00222
27.61,0.00626
27.62,0.00943
27.63,0.01153
27.64,0.01274
27.65,0.01354
27.66,0.01455
27.67,0.01637
27.68,0.0193
27.69,0.02335
27.7,0.02825
27.71,0.03351
27.72,0.03839
27.73,0.04197
27.74,0.04361
27.75,0.04309
27.76,0.0407
27.77,0.03695
27.78,0.03245
27.79,0.02772
27.8,0.02305
27.81,0.01837
27.82,0.01332
27.83,0.00743
27.84,0.00046
27.85,-0.00756
27.86,-0.01612
27.87,-0.02445
27.88,-0.03181
27.89,-0.03754
27.9,-0.04109
27.91,-0.04224
27.92,-0.04101
27.93,-0.03749
27.94,-0.03191
27.95,-0.02466
27.96,-0.01644
27.97,-0.00813
27.98,-0.00049
27.99,0.00604
28,0.01142
28.01,0.01571
28.02,0.01872
28.03,0.02004
28.04,0.01942
28.05,0.01689
28.06,0.01291
28.07,0.0081
28.08,0.00311
28.09,-0.00161
28.1,-0.00588
28.11,-0.00984
28.12,-0.01374
28.13,-0.01786
28.14,-0.02236
28.15,-0.02715
28.16,-0.03192
28.17,-0.03613
28.18,-0.03896
28.19,-0.03956
28.2,-0.03745
28.21,-0.03265
28.22,-0.02557
28.23,-0.01691
28.24,-0.00742
28.25,0.00228
28.26,0.01158
28.27,0.01944
28.28,0.02457
28.29,0.0261
28.3,0.02389
28.31,0.01854
28.32,0.01114
28.33,0.00283
28.34,-0.00546
28.35,-0.0132
28.36,-0.02023
28.37,-0.02619
28.38,-0.03036
28.39,-0.03198
28.4,-0.03079
28.41,-0.02725
28.42,-0.02232
28.43,-0.01705
28.44,-0.01229
28.45,-0.00845
28.46,-0.00566
28.47,-0.00382
28.48,-0.0027
28.49,-0.00201
28.5,-0.00151
28.51,-0.00102
28.52,-0.00044
28.53,0.00034
28.54,0.00146
28.55,0.00305
28.56,0.00517
28.57,0.00768
28.58,0.01008
28.59,0.01165
28.6,0.01176
28.61,0.01016
28.62,0.00702
28.63,0.00299
28.64,-0.0007
28.65,-0.00275
28.66,-0.00227
28.67,0.00092
28.68,0.00634
28.69,0.01314
28.7,0.02041
28.71,0.02725
28.72,0.03258
28.73,0.03539
28.74,0.03518
28.75,0.03208
28.76,0.02674
28.77,0.02007
28.78,0.0128
28.79,0.00538
28.8,-0.00207
28.81,-0.00958
28.82,-0.01718
28.83,-0.02469
28.84,-0.03177
28.85,-0.03792
28.86,-0.04258
28.87,-0.04536
28.88,-0.04625
28.89,-0.04552
28.9,-0.04345
28.91,-0.04018
28.92,-0.0358
28.93,-0.03058
28.94,-0.02504
28.95,-0.01981
28.96,-0.01532
28.97,-0.0117
28.98,-0.00876
28.99,-0.00613
29,-0.00344
29.01,-0.00046
29.02,0.00284
29.03,0.00618
29.04,0.00905
29.05,0.011
29.06,0.01181
29.07,0.01155
29.08,0.01051
29.09,0.00908
29.1,0.00765
29.11,0.0067
29.12,0.00667
29.13,0.00784
29.14,0.0102
29.15,0.01352
29.16,0.01741
29.17,0.0215
29.18,0.02553
29.19,0.02925
29.2,0.03227
29.21,0.03411
29.22,0.03444
29.23,0.0332
29.24,0.0304
29.25,0.02585
29.26,0.01935
29.27,0.01124
29.28,0.0024
29.29,-0.00611
29.3,-0.01349
29.31,-0.01937
29.32,-0.02362
29.33,-0.02613
29.34,-0.02691
29.35,-0.02614
29.36,-0.02416
29.37,-0.02139
29.38,-0.01834
29.39,-0.01569
29.4,-0.01407
29.41,-0.01389
29.42,-0.01519
29.43,-0.01767
29.44,-0.02071
29.45,-0.02333
29.46,-0.02446
29.47,-0.02341
29.48,-0.02008
29.49,-0.01486
29.5,-0.00848
29.51,-0.00183
29.52,0.00399
29.53,0.00794
29.54,0.0094
29.55,0.00837
29.56,0.00537
29.57,0.00122
29.58,-0.0033
29.59,-0.00743
29.6,-0.01048
29.61,-0.01193
29.62,-0.01163
29.63,-0.00982
29.64,-0.00697
29.65,-0.00361
29.66,-0.0002
29.67,0.00296
29.68,0.00569
29.69,0.00783
29.7,0.00934
29.71,0.01027
29.72,0.01077
29.73,0.01103
29.74,0.01127
29.75,0.01174
29.76,0.01265
29.77,0.01405
29.78,0.0158
29.79,0.01734
29.8,0.01786
29.81,0.01667
29.82,0.01357
29.83,0.00894
29.84,0.00352
29.85,-0.00192
29.86,-0.0068
29.87,-0.01088
29.88,-0.01424
29.89,-0.01696
29.9,-0.01899
29.91,-0.02019
29.92,-0.02046
29.93,-0.01984
29.94,-0.0185
29.95,-0.01668
29.96,-0.01467
29.97,-0.01286
29.98,-0.01163
29.99,-0.01123
30,-0.0117
30.01,-0.01275
30.02,-0.01392
30.03,-0.0147
30.04,-0.01477
30.05,-0.01408
30.06,-0.01276
30.07,-0.01109
30.08,-0.00923
30.09,-0.00715
30.1,-0.0047
30.11,-0.00192
30.12,0.00099
30.13,0.00377
30.14,0.00623
30.15,0.00843
30.16,0.0108
30.17,0.01393
30.18,0.01821
30.19,0.02374
30.2,0.0302
30.21,0.03703
30.22,0.04358
30.23,0.04907
30.24,0.05265
30.25,0.05372
30.26,0.05222
30.27,0.04858
30.28,0.04337
30.29,0.03707
30.3,0.03
30.31,0.02233
30.32,0.01427
30.33,0.00621
30.34,-0.00127
30.35,-0.00754
30.36,-0.01216
30.37,-0.01504
30.38,-0.01643
30.39,-0.01684
30.4,-0.01686
30.41,-0.01711
30.42,-0.01811
30.43,-0.02012
30.44,-0.02309
30.45,-0.02665
30.46,-0.03001
30.47,-0.03223
30.48,-0.0326
30.49,-0.03089
30.5,-0.02729
30.51,-0.02222
30.52,-0.01622
30.53,-0.00975
30.54,-0.00314
30.55,0.00345
30.56,0.00971
30.57,0.01534
30.58,0.02009
30.59,0.02394
30.6,0.02702
30.61,0.02943
30.62,0.03105
30.63,0.03165
30.64,0.0311
30.65,0.02945
30.66,0.0269
30.67,0.02378
30.68,0.0205
30.69,0.01755
30.7,0.01535
30.71,0.01413
30.72,0.01385
30.73,0.0141
30.74,0.01428
30.75,0.01379
30.76,0.01231
30.77,0.0098
30.78,0.00652
30.79,0.00288
30.8,-0.00052
30.81,-0.00315
30.82,-0.00467
30.83,-0.00507
30.84,-0.00459
30.85,-0.00365
30.86,-0.00279
30.87,-0.00259
30.88,-0.00342
30.89,-0.00537
30.9,-0.00826
30.91,-0.01173
30.92,-0.01542
30.93,-0.01903
30.94,-0.02239
30.95,-0.02531
30.96,-0.02745
30.97,-0.02848
30.98,-0.02826
30.99,-0.02688
31,-0.02464
31.01,-0.0219
31.02,-0.01905
31.03,-0.01653
31.04,-0.01486
31.05,-0.01439
31.06,-0.01521
31.07,-0.01715
31.08,-0.01982
31.09,-0.0228
31.1,-0.02549
31.11,-0.02709
31.12,-0.02695
31.13,-0.02476
31.14,-0.02065
31.15,-0.01499
31.16,-0.00833
31.17,-0.00118
31.18,0.00607
31.19,0.01321
31.2,0.02016
31.21,0.02678
31.22,0.03239
31.23,0.03604
31.24,0.037
31.25,0.03512
31.26,0.03079
31.27,0.02482
31.28,0.01808
31.29,0.01146
31.3,0.00591
31.31,0.00233
31.32,0.00117
31.33,0.00239
31.34,0.0054
31.35,0.0093
31.36,0.01311
31.37,0.0161
31.38,0.01794
31.39,0.01864
31.4,0.01841
31.41,0.01754
31.42,0.01632
31.43,0.01498
31.44,0.0136
31.45,0.01211
31.46,0.01041
31.47,0.00839
31.48,0.00601
31.49,0.00334
31.5,0.00047
31.51,-0.00253
31.52,-0.00565
31.53,-0.00896
31.54,-0.0125
31.55,-0.01631
31.56,-0.02033
31.57,-0.02434
31.58,-0.02789
31.59,-0.03054
31.6,-0.03194
31.61,-0.03177
31.62,-0.02975
31.63,-0.02588
31.64,-0.02039
31.65,-0.01388
31.66,-0.00725
31.67,-0.00145
31.68,0.00288
31.69,0.00558
31.7,0.00691
31.71,0.00742
31.72,0.00775
31.73,0.00843
31.74,0.00976
31.75,0.01176
31.76,0.01419
31.77,0.01654
31.78,0.0181
31.79,0.01833
31.8,0.01703
31.81,0.01438
31.82,0.01088
31.83,0.00727
31.84,0.00429
31.85,0.00238
31.86,0.00164
31.87,0.0018
31.88,0.00235
31.89,0.00272
31.9,0.0025
31.91,0.00152
31.92,-0.0001
31.93,-0.00205
31.94,-0.00394
31.95,-0.00548
31.96,-0.00654
31.97,-0.0072
31.98,-0.00769
31.99,-0.00824
32,-0.00903
32.01,-0.01012
32.02,-0.01148
32.03,-0.013
32.04,-0.01457
32.05,-0.01621
32.06,-0.01802
32.07,-0.02016
32.08,-0.02266
32.09,-0.02526
32.1,-0.02738
32.11,-0.02843
32.12,-0.02798
32.13,-0.0258
32.14,-0.02189
32.15,-0.01649
32.16,-0.01023
32.17,-0.00405
32.18,0.00112
32.19,0.0047
32.2,0.0066
32.21,0.00717
32.22,0.00705
32.23,0.00689
32.24,0.00717
32.25,0.00792
32.26,0.00879
32.27,0.00924
32.28,0.00884
32.29,0.00743
32.3,0.00511
32.31,0.00216
32.32,-0.00109
32.33,-0.00438
32.34,-0.00754
32.35,-0.01053
32.36,-0.01328
32.37,-0.01549
32.38,-0.01664
32.39,-0.01635
32.4,-0.01448
32.41,-0.0113
32.42,-0.00736
32.43,-0.00332
32.44,0.00031
32.45,0.00325
32.46,0.00553
32.47,0.00733
32.48,0.00885
32.49,0.01009
32.5,0.01091
32.51,0.01114
32.52,0.01071
32.53,0.00969
32.54,0.00825
32.55,0.00665
32.56,0.00515
32.57,0.00389
32.58,0.00295
32.59,0.00232
32.6,0.00197
32.61,0.00184
32.62,0.00189
32.63,0.00206
32.64,0.00229
32.65,0.00254
32.66,0.00273
32.67,0.00281
32.68,0.00274
32.69,0.00253
32.7,0.00221
32.71,0.00182
32.72,0.00135
32.73,0.00071
32.74,-0.00021
32.75,-0.00147
32.76,-0.00308
32.77,-0.00496
32.78,-0.00702
32.79,-0.00913
32.8,-0.01113
32.81,-0.01276
32.82,-0.01373
32.83,-0.01389
32.84,-0.0132
32.85,-0.01176
32.86,-0.00974
32.87,-0.00735
32.88,-0.00479
32.89,-0.00221
32.9,0.00031
32.91,0.00277
32.92,0.00519
32.93,0.00751
32.94,0.00947
32.95,0.01065
32.96,0.01076
32.97,0.00969
32.98,0.00763
32.99,0.00491
33,0.00204
33.01,-0.00055
33.02,-0.00258
33.03,-0.00398
33.04,-0.00484
33.05,-0.00529
33.06,-0.00542
33.07,-0.00531
33.08,-0.00501
33.09,-0.00451
33.1,-0.00381
33.11,-0.00291
33.12,-0.00185
33.13,-0.00066
33.14,0.0006
33.15,0.00181
33.16,0.00281
33.17,0.00344
33.18,0.0036
33.19,0.00331
33.2,0.00267
33.21,0.00187
33.22,0.00112
33.23,0.00063
33.24,0.0005
33.25,0.00073
33.26,0.00123
33.27,0.00188
33.28,0.00256
33.29,0.00315
33.3,0.00356
33.31,0.00363
33.32,0.00329
33.33,0.00251
33.34,0.00137
33.35,0
33.36,-0.00149
33.37,-0.00298
33.38,-0.00438
33.39,-0.00559
33.4,-0.00649
33.41,-0.00698
33.42,-0.00703
33.43,-0.00655
33.44,-0.00551
33.45,-0.00387
33.46,-0.00173
33.47,0.00075
33.48,0.00328
33.49,0.00546
33.5,0.00694
33.51,0.00758
33.52,0.00748
33.53,0.00706
33.54,0.00688
33.55,0.0074
33.56,0.00885
33.57,0.01114
33.58,0.01375
33.59,0.01591
33.6,0.01687
33.61,0.01628
33.62,0.01417
33.63,0.01102
33.64,0.00754
33.65,0.00441
33.66,0.0021
33.67,0.00072
33.68,0.0001
33.69,-0.0001
33.7,-0.00021
33.71,-0.00051
33.72,-0.00122
33.73,-0.00246
33.74,-0.00421
33.75,-0.00638
33.76,-0.00869
33.77,-0.01066
33.78,-0.01179
33.79,-0.01177
33.8,-0.01059
33.81,-0.00847
33.82,-0.00581
33.83,-0.00307
33.84,-0.00068
33.85,0.00106
33.86,0.00207
33.87,0.00248
33.88,0.0025
33.89,0.00241
33.9,0.00237
33.91,0.00253
33.92,0.00299
33.93,0.00389
33.94,0.00531
33.95,0.00711
33.96,0.00895
33.97,0.0104
33.98,0.01117
33.99,0.01119
34,0.01056
34.01,0.00953
34.02,0.00836
34.03,0.00726
34.04,0.00643
34.05,0.00605
34.06,0.00627
34.07,0.00711
34.08,0.00848
34.09,0.0102
34.1,0.01202
34.11,0.01358
34.12,0.01455
34.13,0.01477
34.14,0.01424
34.15,0.01314
34.16,0.01178
34.17,0.01045
34.18,0.00939
34.19,0.00871
34.2,0.00837
34.21,0.00825
34.22,0.00822
34.23,0.00809
34.24,0.00763
34.25,0.00659
34.26,0.00484
34.27,0.00239
34.28,-0.00061
34.29,-0.00393
34.3,-0.00727
34.31,-0.01042
34.32,-0.01324
34.33,-0.01572
34.34,-0.01791
34.35,-0.0197
34.36,-0.02088
34.37,-0.02124
34.38,-0.0207
34.39,-0.01936
34.4,-0.01744
34.41,-0.01521
34.42,-0.01291
34.43,-0.01067
34.44,-0.00845
34.45,-0.00609
34.46,-0.00345
34.47,-0.00047
34.48,0.00268
34.49,0.00566
34.5,0.00813
34.51,0.00994
34.52,0.01107
34.53,0.01171
34.54,0.01219
34.55,0.01289
34.56,0.01412
34.57,0.01599
34.58,0.01844
34.59,0.02121
34.6,0.02376
34.61,0.02545
34.62,0.02581
34.63,0.02473
34.64,0.02242
34.65,0.01931
34.66,0.01586
34.67,0.01245
34.68,0.00928
34.69,0.00637
34.7,0.00366
34.71,0.00099
34.72,-0.00173
34.73,-0.00451
34.74,-0.00728
34.75,-0.00997
34.76,-0.01252
34.77,-0.0149
34.78,-0.01714
34.79,-0.01928
34.8,-0.02139
34.81,-0.0235
34.82,-0.02556
34.83,-0.02735
34.84,-0.02867
34.85,-0.02932
34.86,-0.02916
34.87,-0.02812
34.88,-0.02629
34.89,-0.02385
34.9,-0.02104
34.91,-0.01808
34.92,-0.01502
34.93,-0.01175
34.94,-0.00808
34.95,-0.00387
34.96,0.00089
34.97,0.00599
34.98,0.01102
34.99,0.01555
35,0.01928
35.01,0.02199
35.02,0.02359
35.03,0.02419
35.04,0.02402
35.05,0.02337
35.06,0.02247
35.07,0.02139
35.08,0.02009
35.09,0.01851
35.1,0.01661
35.11,0.01439
35.12,0.0119
35.13,0.00915
35.14,0.00617
35.15,0.00301
35.16,-0.00024
35.17,-0.00344
35.18,-0.00645
35.19,-0.00907
35.2,-0.01109
35.21,-0.01241
35.22,-0.01306
35.23,-0.01318
35.24,-0.01298
35.25,-0.01268
35.26,-0.01248
35.27,-0.01257
35.28,-0.01308
35.29,-0.01393
35.3,-0.01481
35.31,-0.01539
35.32,-0.01541
35.33,-0.01478
35.34,-0.01355
35.35,-0.0118
35.36,-0.00967
35.37,-0.00728
35.38,-0.00474
35.39,-0.00214
35.4,0.00048
35.41,0.0031
35.42,0.00572
35.43,0.00835
35.44,0.01101
35.45,0.01361
35.46,0.01584
35.47,0.01726
35.48,0.01751
35.49,0.01649
35.5,0.01435
35.51,0.01146
35.52,0.00826
35.53,0.00526
35.54,0.00292
35.55,0.00148
35.56,0.00096
35.57,0.00114
35.58,0.00171
35.59,0.00237
35.6,0.00291
35.61,0.0032
35.62,0.00316
35.63,0.00278
35.64,0.00214
35.65,0.00138
35.66,0.00067
35.67,0.00012
35.68,-0.00021
35.69,-0.00034
35.7,-0.00033
35.71,-0.00028
35.72,-0.00025
35.73,-0.00028
35.74,-0.00038
35.75,-0.00066
35.76,-0.00126
35.77,-0.00232
35.78,-0.00388
35.79,-0.0059
35.8,-0.00823
35.81,-0.01052
35.82,-0.01228
35.83,-0.01307
35.84,-0.01268
35.85,-0.01118
35.86,-0.00886
35.87,-0.0061
35.88,-0.00326
35.89,-0.00057
35.9,0.00187
35.91,0.00401
35.92,0.00577
35.93,0.00709
35.94,0.00792
35.95,0.00833
35.96,0.00841
35.97,0.00829
35.98,0.00811
35.99,0.00793
36,0.00777
36.01,0.0075
36.02,0.00697
36.03,0.00607
36.04,0.00477
36.05,0.00314
36.06,0.00129
36.07,-0.00064
36.08,-0.00247
36.09,-0.00398
36.1,-0.005
36.11,-0.00549
36.12,-0.0055
36.13,-0.00519
36.14,-0.00473
36.15,-0.00433
36.16,-0.00414
36.17,-0.00428
36.18,-0.00475
36.19,-0.00547
36.2,-0.00635
36.21,-0.00726
36.22,-0.00814
36.23,-0.00892
36.24,-0.00952
36.25,-0.00986
36.26,-0.00992
36.27,-0.00969
36.28,-0.00926
36.29,-0.0087
36.3,-0.00811
36.31,-0.00764
36.32,-0.00742
36.33,-0.00752
36.34,-0.00794
36.35,-0.00863
36.36,-0.00946
36.37,-0.01035
36.38,-0.01115
36.39,-0.0117
36.4,-0.01185
36.41,-0.01153
36.42,-0.01079
36.43,-0.00974
36.44,-0.00852
36.45,-0.00736
36.46,-0.0065
36.47,-0.00613
36.48,-0.00632
36.49,-0.00702
36.5,-0.00807
36.51,-0.00929
36.52,-0.01051
36.53,-0.01165
36.54,-0.01263
36.55,-0.0133
36.56,-0.0135
36.57,-0.0131
36.58,-0.01211
36.59,-0.01063
36.6,-0.00883
36.61,-0.0069
36.62,-0.00498
36.63,-0.00317
36.64,-0.00148
36.65,0.00009
36.66,0.00152
36.67,0.00285
36.68,0.00409
36.69,0.00527
36.7,0.00643
36.71,0.00759
36.72,0.00884
36.73,0.01024
36.74,0.01186
36.75,0.01369
36.76,0.01569
36.77,0.0178
36.78,0.0199
36.79,0.02188
36.8,0.02366
36.81,0.02516
36.82,0.02634
36.83,0.0272
36.84,0.02781
36.85,0.02823
36.86,0.02856
36.87,0.02883
36.88,0.02899
36.89,0.02901
36.9,0.02885
36.91,0.02851
36.92,0.02802
36.93,0.02744
36.94,0.02682
36.95,0.02617
36.96,0.0254
36.97,0.02435
36.98,0.02292
36.99,0.02107
37,0.01887
37.01,0.01651
37.02,0.01428
37.03,0.01247
37.04,0.01123
37.05,0.01057
37.06,0.01035
37.07,0.01037
37.08,0.01042
37.09,0.01031
37.1,0.00993
37.11,0.00928
37.12,0.00842
37.13,0.00744
37.14,0.00644
37.15,0.00549
37.16,0.0046
37.17,0.00367
37.18,0.00258
37.19,0.00126
37.2,-0.00019
37.21,-0.00162
37.22,-0.00283
37.23,-0.00372
37.24,-0.00424
37.25,-0.00442
37.26,-0.00436
37.27,-0.00415
37.28,-0.0039
37.29,-0.00367
37.3,-0.00349
37.31,-0.00336
37.32,-0.00325
37.33,-0.00314
37.34,-0.00301
37.35,-0.00292
37.36,-0.00295
37.37,-0.0032
37.38,-0.00372
37.39,-0.00449
37.4,-0.00547
37.41,-0.00661
37.42,-0.00783
37.43,-0.00909
37.44,-0.01036
37.45,-0.0116
37.46,-0.01283
37.47,-0.01406
37.48,-0.01524
37.49,-0.01629
37.5,-0.01705
37.51,-0.01744
37.52,-0.01743
37.53,-0.01708
37.54,-0.01652
37.55,-0.01586
37.56,-0.01519
37.57,-0.01446
37.58,-0.01356
37.59,-0.01234
37.6,-0.01075
37.61,-0.00883
37.62,-0.0067
37.63,-0.00456
37.64,-0.00259
37.65,-0.00106
37.66,-0.00012
37.67,0.00017
37.68,-0.00011
37.69,-0.00079
37.7,-0.00165
37.71,-0.00254
37.72,-0.00333
37.73,-0.00402
37.74,-0.00463
37.75,-0.00527
37.76,-0.00603
37.77,-0.00697
37.78,-0.0081
37.79,-0.00938
37.8,-0.01073
37.81,-0.01203
37.82,-0.01309
37.83,-0.01371
37.84,-0.0138
37.85,-0.0134
37.86,-0.01268
37.87,-0.01189
37.88,-0.01127
37.89,-0.01096
37.9,-0.01098
37.91,-0.01125
37.92,-0.01166
37.93,-0.01208
37.94,-0.01241
37.95,-0.01251
37.96,-0.01225
37.97,-0.01154
37.98,-0.01041
37.99,-0.00893
38,-0.00724
38.01,-0.00548
38.02,-0.00378
38.03,-0.00226
38.04,-0.00099
38.05,0.00001
38.06,0.00081
38.07,0.00148
38.08,0.0021
38.09,0.00266
38.1,0.00302
38.11,0.00301
38.12,0.00252
38.13,0.00153
38.14,0.00015
38.15,-0.00148
38.16,-0.0032
38.17,-0.0049
38.18,-0.00651
38.19,-0.00802
38.2,-0.00943
38.21,-0.0106
38.22,-0.01128
38.23,-0.0112
38.24,-0.01025
38.25,-0.00852
38.26,-0.0062
38.27,-0.00357
38.28,-0.00087
38.29,0.00173
38.3,0.00418
38.31,0.00644
38.32,0.00832
38.33,0.00958
38.34,0.00998
38.35,0.00949
38.36,0.00822
38.37,0.0064
38.38,0.00435
38.39,0.00239
38.4,0.00079
38.41,-0.0003
38.42,-0.0009
38.43,-0.00114
38.44,-0.00119
38.45,-0.00121
38.46,-0.00132
38.47,-0.00159
38.48,-0.00207
38.49,-0.00277
38.5,-0.00366
38.51,-0.0047
38.52,-0.00581
38.53,-0.00695
38.54,-0.00808
38.55,-0.00919
38.56,-0.01028
38.57,-0.01131
38.58,-0.01222
38.59,-0.01291
38.6,-0.01335
38.61,-0.01353
38.62,-0.01351
38.63,-0.01336
38.64,-0.01318
38.65,-0.01301
38.66,-0.01288
38.67,-0.01275
38.68,-0.01239
38.69,-0.01148
38.7,-0.00978
38.71,-0.00721
38.72,-0.00391
38.73,-0.00028
38.74,0.0032
38.75,0.00609
38.76,0.00819
38.77,0.00955
38.78,0.01042
38.79,0.01117
38.8,0.01218
38.81,0.01368
38.82,0.01565
38.83,0.01782
38.84,0.01972
38.85,0.02099
38.86,0.02144
38.87,0.02112
38.88,0.02026
38.89,0.01914
38.9,0.01803
38.91,0.01707
38.92,0.01632
38.93,0.01573
38.94,0.01523
38.95,0.01476
38.96,0.0143
38.97,0.01386
38.98,0.01347
38.99,0.01316
39,0.01291
39.01,0.01273
39.02,0.01259
39.03,0.01247
39.04,0.01229
39.05,0.01191
39.06,0.01115
39.07,0.00989
39.08,0.00812
39.09,0.00596
39.1,0.00372
39.11,0.00176
39.12,0.00041
39.13,-0.00023
39.14,-0.0002
39.15,0.00028
39.16,0.00097
39.17,0.00166
39.18,0.00221
39.19,0.00253
39.2,0.00253
39.21,0.00221
39.22,0.00158
39.23,0.00072
39.24,-0.00029
39.25,-0.00135
39.26,-0.00241
39.27,-0.0034
39.28,-0.00424
39.29,-0.00481
39.3,-0.00502
39.31,-0.00486
39.32,-0.00438
39.33,-0.00364
39.34,-0.00275
39.35,-0.00181
39.36,-0.00088
39.37,0.00002
39.38,0.00088
39.39,0.00166
39.4,0.00226
39.41,0.00257
39.42,0.00254
39.43,0.00216
39.44,0.00153
39.45,0.00073
39.46,-0.00013
39.47,-0.00096
39.48,-0.00174
39.49,-0.00246
39.5,-0.00313
39.51,-0.00378
39.52,-0.00439
39.53,-0.00497
39.54,-0.00551
39.55,-0.006
39.56,-0.00645
39.57,-0.00688
39.58,-0.00729
39.59,-0.0077
39.6,-0.00813
39.61,-0.00867
39.62,-0.00947
39.63,-0.01067
39.64,-0.01227
39.65,-0.01405
39.66,-0.01552
39.67,-0.01622
39.68,-0.01587
39.69,-0.01447
39.7,-0.01229
39.71,-0.00972
39.72,-0.00717
39.73,-0.0049
39.74,-0.003
39.75,-0.00143
39.76,-0.00005
39.77,0.00131
39.78,0.00275
39.79,0.00434
39.8,0.00603
39.81,0.00766
39.82,0.00898
39.83,0.00979
39.84,0.01002
39.85,0.00973
39.86,0.00906
39.87,0.00817
39.88,0.00719
39.89,0.00618
39.9,0.00518
39.91,0.00415
39.92,0.00307
39.93,0.00185
39.94,0.00045
39.95,-0.00112
39.96,-0.00274
39.97,-0.00416
39.98,-0.00517
39.99,-0.00563
40,-0.00558
40.01,-0.00512
40.02,-0.00444
40.03,-0.00371
40.04,-0.00306
40.05,-0.00251
40.06,-0.00208
40.07,-0.0017
40.08,-0.00132
40.09,-0.00091
40.1,-0.00043
40.11,0.00009
40.12,0.00059
40.13,0.00094
40.14,0.00102
40.15,0.00077
40.16,0.00018
40.17,-0.00065
40.18,-0.0016
40.19,-0.00246
40.2,-0.00307
40.21,-0.00332
40.22,-0.00319
40.23,-0.0028
40.24,-0.00231
40.25,-0.00193
40.26,-0.0018
40.27,-0.00198
40.28,-0.00242
40.29,-0.00302
40.3,-0.00369
40.31,-0.00432
40.32,-0.00481
40.33,-0.00503
40.34,-0.00485
40.35,-0.00421
40.36,-0.00316
40.37,-0.00181
40.38,-0.00028
40.39,0.00129
40.4,0.00283
40.41,0.00429
40.42,0.0057
40.43,0.00707
40.44,0.00843
40.45,0.00969
40.46,0.01067
40.47,0.0112
40.48,0.0112
40.49,0.0107
40.5,0.00983
40.51,0.00878
40.52,0.00777
40.53,0.00694
40.54,0.00637
40.55,0.00605
40.56,0.00589
40.57,0.00579
40.58,0.00566
40.59,0.00542
40.6,0.00505
40.61,0.00457
40.62,0.00404
40.63,0.00349
40.64,0.00297
40.65,0.00248
40.66,0.00203
40.67,0.0016
40.68,0.00117
40.69,0.00074
40.7,0.00028
40.71,-0.00019
40.72,-0.00068
40.73,-0.00116
40.74,-0.00162
40.75,-0.00196
40.76,-0.00203
40.77,-0.00176
40.78,-0.00109
40.79,-0.0001
40.8,0.00111
40.81,0.00243
40.82,0.00375
40.83,0.00501
40.84,0.0062
40.85,0.00733
40.86,0.00844
40.87,0.00954
40.88,0.01064
40.89,0.01174
40.9,0.01283
40.91,0.01389
40.92,0.01488
40.93,0.01577
40.94,0.01652
40.95,0.01714
40.96,0.01764
40.97,0.01808
40.98,0.0185
40.99,0.01892
41,0.01936
41.01,0.01982
41.02,0.0203
41.03,0.02072
41.04,0.02095
41.05,0.02083
41.06,0.02028
41.07,0.01929
41.08,0.01784
41.09,0.01593
41.1,0.01353
41.11,0.0107
41.12,0.0076
41.13,0.00449
41.14,0.00163
41.15,-0.00082
41.16,-0.00283
41.17,-0.00448
41.18,-0.00587
41.19,-0.00706
41.2,-0.00808
41.21,-0.00893
41.22,-0.0096
41.23,-0.01008
41.24,-0.01034
41.25,-0.01032
41.26,-0.01002
41.27,-0.00946
41.28,-0.00868
41.29,-0.0077
41.3,-0.00655
41.31,-0.00525
41.32,-0.00384
41.33,-0.00236
41.34,-0.00084
41.35,0.00069
41.36,0.00221
41.37,0.00362
41.38,0.00469
41.39,0.00516
41.4,0.0049
41.41,0.0039
41.42,0.00235
41.43,0.00052
41.44,-0.00127
41.45,-0.0028
41.46,-0.00395
41.47,-0.00472
41.48,-0.00518
41.49,-0.00544
41.5,-0.0056
41.51,-0.00574
41.52,-0.00592
41.53,-0.00614
41.54,-0.00638
41.55,-0.00661
41.56,-0.00683
41.57,-0.00701
41.58,-0.00716
41.59,-0.0073
41.6,-0.00743
41.61,-0.00756
41.62,-0.0077
41.63,-0.00781
41.64,-0.00786
41.65,-0.00781
41.66,-0.00767
41.67,-0.00745
41.68,-0.00716
41.69,-0.00686
41.7,-0.00656
41.71,-0.00628
41.72,-0.00602
41.73,-0.00577
41.74,-0.00553
41.75,-0.00534
41.76,-0.00529
41.77,-0.00548
41.78,-0.00594
41.79,-0.00668
41.8,-0.00762
41.81,-0.00868
41.82,-0.00975
41.83,-0.01073
41.84,-0.01159
41.85,-0.01231
41.86,-0.01291
41.87,-0.01339
41.88,-0.01369
41.89,-0.01378
41.9,-0.01363
41.91,-0.01327
41.92,-0.01276
41.93,-0.01217
41.94,-0.01155
41.95,-0.01093
41.96,-0.0103
41.97,-0.00965
41.98,-0.00895
41.99,-0.0082
42,-0.0074
42.01,-0.00656
42.02,-0.0057
42.03,-0.00485
42.04,-0.00401
42.05,-0.00318
42.06,-0.00236
42.07,-0.00159
42.08,-0.00091
42.09,-0.00042
42.1,-0.00016
42.11,-0.00013
42.12,-0.00028
42.13,-0.00056
42.14,-0.00094
42.15,-0.00145
42.16,-0.00209
42.17,-0.00284
42.18,-0.00365
42.19,-0.00444
42.2,-0.00515
42.21,-0.00574
42.22,-0.00622
42.23,-0.00663
42.24,-0.00701
42.25,-0.00738
42.26,-0.00778
42.27,-0.00821
42.28,-0.00866
42.29,-0.00907
42.3,-0.00938
42.31,-0.00957
42.32,-0.0096
42.33,-0.00952
42.34,-0.0093
42.35,-0.0088
42.36,-0.00781
42.37,-0.00622
42.38,-0.00419
42.39,-0.00206
42.4,-0.00018
42.41,0.00119
42.42,0.00201
42.43,0.00237
42.44,0.00244
42.45,0.00245
42.46,0.00255
42.47,0.00284
42.48,0.00337
42.49,0.00412
42.5,0.005
42.51,0.00595
42.52,0.00689
42.53,0.00778
42.54,0.00863
42.55,0.00944
42.56,0.01024
42.57,0.01105
42.58,0.01185
42.59,0.0125
42.6,0.01283
42.61,0.01271
42.62,0.01213
42.63,0.01115
42.64,0.0099
42.65,0.00855
42.66,0.00721
42.67,0.00594
42.68,0.00477
42.69,0.00371
42.7,0.00279
42.71,0.00206
42.72,0.00155
42.73,0.00124
42.74,0.00109
42.75,0.00103
42.76,0.00101
42.77,0.00096
42.78,0.00081
42.79,0.00054
42.8,0.00015
42.81,-0.00035
42.82,-0.0009
42.83,-0.00147
42.84,-0.00203
42.85,-0.00256
42.86,-0.00305
42.87,-0.00348
42.88,-0.00381
42.89,-0.00403
42.9,-0.00408
42.91,-0.0039
42.92,-0.00342
42.93,-0.00261
42.94,-0.00152
42.95,-0.00023
42.96,0.00116
42.97,0.00254
42.98,0.00377
42.99,0.00476
43,0.00548
43.01,0.00595
43.02,0.00624
43.03,0.00646
43.04,0.00667
43.05,0.00693
43.06,0.00723
43.07,0.00758
43.08,0.00794
43.09,0.00827
43.1,0.00849
43.11,0.00854
43.12,0.00835
43.13,0.00786
43.14,0.007
43.15,0.00574
43.16,0.00413
43.17,0.00226
43.18,0.00023
43.19,-0.00181
43.2,-0.00368
43.21,-0.00515
43.22,-0.00609
43.23,-0.00647
43.24,-0.0064
43.25,-0.00604
43.26,-0.00557
43.27,-0.00512
43.28,-0.00476
43.29,-0.00452
43.3,-0.00435
43.31,-0.00421
43.32,-0.00404
43.33,-0.00383
43.34,-0.00351
43.35,-0.00303
43.36,-0.00231
43.37,-0.00131
43.38,-0.00006
43.39,0.00138
43.4,0.00288
43.41,0.00423
43.42,0.00522
43.43,0.00571
43.44,0.00568
43.45,0.00524
43.46,0.00455
43.47,0.00378
43.48,0.00304
43.49,0.0024
43.5,0.00186
43.51,0.00139
43.52,0.00099
43.53,0.00067
43.54,0.00044
43.55,0.00034
43.56,0.00035
43.57,0.00044
43.58,0.0006
43.59,0.00077
43.6,0.00095
43.61,0.0011
43.62,0.00119
43.63,0.0012
43.64,0.00112
43.65,0.00095
43.66,0.00071
43.67,0.00044
43.68,0.00017
43.69,-0.00002
43.7,-0.00009
43.71,0.00002
43.72,0.00028
43.73,0.00066
43.74,0.00112
43.75,0.0016
43.76,0.00207
43.77,0.0025
43.78,0.00288
43.79,0.00318
43.8,0.00339
43.81,0.00348
43.82,0.00348
43.83,0.00341
43.84,0.0033
43.85,0.00318
43.86,0.00307
43.87,0.00297
43.88,0.00288
43.89,0.00282
43.9,0.00281
43.91,0.00293
43.92,0.00324
43.93,0.00376
43.94,0.00448
43.95,0.00533
43.96,0.00626
43.97,0.00717
43.98,0.008
43.99,0.00864
44,0.00904
44.01,0.0092
44.02,0.00917
44.03,0.00902
44.04,0.00878
44.05,0.00841
44.06,0.00785
44.07,0.00707
44.08,0.00606
44.09,0.00485
44.1,0.00352
44.11,0.00215
44.12,0.00082
44.13,-0.00034
44.14,-0.00121
44.15,-0.00175
44.16,-0.00199
44.17,-0.00199
44.18,-0.00187
44.19,-0.00172
44.2,-0.00161
44.21,-0.00161
44.22,-0.00176
44.23,-0.00208
44.24,-0.00257
44.25,-0.00316
44.26,-0.00379
44.27,-0.00433
44.28,-0.00471
44.29,-0.00491
44.3,-0.00494
44.31,-0.00485
44.32,-0.00471
44.33,-0.00458
44.34,-0.00449
44.35,-0.00444
44.36,-0.00449
44.37,-0.00466
44.38,-0.00499
44.39,-0.0055
44.4,-0.00615
44.41,-0.00691
44.42,-0.00771
44.43,-0.00849
44.44,-0.00914
44.45,-0.0096
44.46,-0.00984
44.47,-0.00987
44.48,-0.00977
44.49,-0.0096
44.5,-0.00942
44.51,-0.00927
44.52,-0.00916
44.53,-0.00908
44.54,-0.00902
44.55,-0.00896
44.56,-0.00887
44.57,-0.00877
44.58,-0.00865
44.59,-0.00852
44.6,-0.00839
44.61,-0.00827
44.62,-0.00815
44.63,-0.00805
44.64,-0.00794
44.65,-0.00777
44.66,-0.00749
44.67,-0.00705
44.68,-0.00644
44.69,-0.0057
44.7,-0.00489
44.71,-0.00414
44.72,-0.00356
44.73,-0.00321
44.74,-0.00308
44.75,-0.00312
44.76,-0.00325
44.77,-0.00341
44.78,-0.00353
44.79,-0.0036
44.8,-0.00356
44.81,-0.0034
44.82,-0.0031
44.83,-0.00267
44.84,-0.00218
44.85,-0.00172
44.86,-0.00137
44.87,-0.00116
44.88,-0.00109
44.89,-0.0011
44.9,-0.00117
44.91,-0.00122
44.92,-0.00124
44.93,-0.00116
44.94,-0.00096
44.95,-0.00062
44.96,-0.00015
44.97,0.0004
44.98,0.001
44.99,0.00157
45,0.00207
45.01,0.00246
45.02,0.00274
45.03,0.00293
45.04,0.00307
45.05,0.0032
45.06,0.00335
45.07,0.00354
45.08,0.00383
45.09,0.00424
45.1,0.00479
45.11,0.00546
45.12,0.00622
45.13,0.00702
45.14,0.00783
45.15,0.00863
45.16,0.0094
45.17,0.01015
45.18,0.0109
45.19,0.01165
45.2,0.01241
45.21,0.01317
45.22,0.01386
45.23,0.01432
45.24,0.0144
45.25,0.01402
45.26,0.0132
45.27,0.01206
45.28,0.01073
45.29,0.00939
45.3,0.00819
45.31,0.00726
45.32,0.00664
45.33,0.00631
45.34,0.00618
45.35,0.00614
45.36,0.0061
45.37,0.00601
45.38,0.00585
45.39,0.00565
45.4,0.00543
45.41,0.00522
45.42,0.00504
45.43,0.00489
45.44,0.00477
45.45,0.00466
45.46,0.00455
45.47,0.00442
45.48,0.00427
45.49,0.00408
45.5,0.00383
45.51,0.00354
45.52,0.0032
45.53,0.00282
45.54,0.00236
45.55,0.00178
45.56,0.00103
45.57,0.00013
45.58,-0.00091
45.59,-0.00203
45.6,-0.00313
45.61,-0.00408
45.62,-0.00481
45.63,-0.00527
45.64,-0.00551
45.65,-0.0056
45.66,-0.00563
45.67,-0.00567
45.68,-0.00579
45.69,-0.00608
45.7,-0.0066
45.71,-0.00737
45.72,-0.00831
45.73,-0.00923
45.74,-0.00987
45.75,-0.01006
45.76,-0.00973
45.77,-0.00896
45.78,-0.0079
45.79,-0.00672
45.8,-0.00557
45.81,-0.00455
45.82,-0.00376
45.83,-0.00325
45.84,-0.003
45.85,-0.00296
45.86,-0.00306
45.87,-0.00319
45.88,-0.00329
45.89,-0.00325
45.9,-0.00302
45.91,-0.00257
45.92,-0.00194
45.93,-0.0012
45.94,-0.00046
45.95,0.00018
45.96,0.00065
45.97,0.00094
45.98,0.00108
45.99,0.00113
46,0.00115
46.01,0.00121
46.02,0.00141
46.03,0.00189
46.04,0.00278
46.05,0.00409
46.06,0.00573
46.07,0.00747
46.08,0.00902
46.09,0.01016
46.1,0.01078
46.11,0.01094
46.12,0.01079
46.13,0.0105
46.14,0.01016
46.15,0.00984
46.16,0.00954
46.17,0.00921
46.18,0.00883
46.19,0.00839
46.2,0.00793
46.21,0.00748
46.22,0.00712
46.23,0.00685
46.24,0.00668
46.25,0.00659
46.26,0.00653
46.27,0.00649
46.28,0.0064
46.29,0.00621
46.3,0.0058
46.31,0.0051
46.32,0.00407
46.33,0.00278
46.34,0.0013
46.35,-0.00027
46.36,-0.00184
46.37,-0.00337
46.38,-0.00484
46.39,-0.00627
46.4,-0.00766
46.41,-0.00892
46.42,-0.00986
46.43,-0.01026
46.44,-0.01003
46.45,-0.0092
46.46,-0.00792
46.47,-0.0064
46.48,-0.0048
46.49,-0.00327
46.5,-0.00186
46.51,-0.00056
46.52,0.00062
46.53,0.00166
46.54,0.0025
46.55,0.00312
46.56,0.00352
46.57,0.00375
46.58,0.00386
46.59,0.00393
46.6,0.00401
46.61,0.00411
46.62,0.00425
46.63,0.0044
46.64,0.00457
46.65,0.00473
46.66,0.00487
46.67,0.00499
46.68,0.0051
46.69,0.00516
46.7,0.0051
46.71,0.00483
46.72,0.00433
46.73,0.00361
46.74,0.0027
46.75,0.00171
46.76,0.00068
46.77,-0.00031
46.78,-0.00119
46.79,-0.0019
46.8,-0.0024
46.81,-0.00272
46.82,-0.00291
46.83,-0.00301
46.84,-0.0031
46.85,-0.00322
46.86,-0.00343
46.87,-0.00377
46.88,-0.00426
46.89,-0.0049
46.9,-0.00565
46.91,-0.00646
46.92,-0.00728
46.93,-0.00809
46.94,-0.00887
46.95,-0.00956
46.96,-0.01014
46.97,-0.01058
46.98,-0.01089
46.99,-0.01109
47,-0.01122
47.01,-0.01132
47.02,-0.01143
47.03,-0.01156
47.04,-0.01171
47.05,-0.01183
47.06,-0.01188
47.07,-0.01182
47.08,-0.01164
47.09,-0.01137
47.1,-0.01102
47.11,-0.01065
47.12,-0.01028
47.13,-0.00993
47.14,-0.00961
47.15,-0.0093
47.16,-0.00899
47.17,-0.00866
47.18,-0.0083
47.19,-0.00789
47.2,-0.00746
47.21,-0.007
47.22,-0.00655
47.23,-0.00609
47.24,-0.00565
47.25,-0.00522
47.26,-0.00482
47.27,-0.00444
47.28,-0.00412
47.29,-0.00383
47.3,-0.00357
47.31,-0.00333
47.32,-0.0031
47.33,-0.00287
47.34,-0.00264
47.35,-0.0024
47.36,-0.00215
47.37,-0.0019
47.38,-0.00166
47.39,-0.00147
47.4,-0.00136
47.41,-0.00138
47.42,-0.00153
47.43,-0.00179
47.44,-0.00213
47.45,-0.0025
47.46,-0.00283
47.47,-0.00304
47.48,-0.00304
47.49,-0.00277
47.5,-0.00226
47.51,-0.00156
47.52,-0.00076
47.53,0.00007
47.54,0.00088
47.55,0.00163
47.56,0.00235
47.57,0.00303
47.58,0.00365
47.59,0.00414
47.6,0.00444
47.61,0.0045
47.62,0.00435
47.63,0.00403
47.64,0.00363
47.65,0.00319
47.66,0.00273
47.67,0.00224
47.68,0.00167
47.69,0.00101
47.7,0.00025
47.71,-0.00057
47.72,-0.00137
47.73,-0.00209
47.74,-0.00266
47.75,-0.00311
47.76,-0.00348
47.77,-0.00391
47.78,-0.00453
47.79,-0.0054
47.8,-0.00653
47.81,-0.00785
47.82,-0.00927
47.83,-0.01064
47.84,-0.01173
47.85,-0.01232
47.86,-0.01231
47.87,-0.01171
47.88,-0.01068
47.89,-0.00942
47.9,-0.00809
47.91,-0.00682
47.92,-0.00567
47.93,-0.00462
47.94,-0.00363
47.95,-0.00264
47.96,-0.00162
47.97,-0.00062
47.98,0.00031
47.99,0.00111
48,0.00174
48.01,0.00222
48.02,0.00264
48.03,0.0031
48.04,0.00372
48.05,0.00454
48.06,0.00554
48.07,0.00656
48.08,0.00746
48.09,0.00813
48.1,0.00852
48.11,0.00869
48.12,0.00871
48.13,0.00867
48.14,0.00867
48.15,0.00872
48.16,0.00885
48.17,0.00902
48.18,0.0092
48.19,0.00937
48.2,0.0095
48.21,0.00956
48.22,0.00954
48.23,0.00944
48.24,0.00927
48.25,0.00905
48.26,0.00882
48.27,0.00858
48.28,0.00836
48.29,0.00819
48.3,0.00809
48.31,0.00808
48.32,0.00814
48.33,0.00826
48.34,0.0084
48.35,0.00875
48.36,0.0089
48.37,0.00904
48.38,0.00915
48.39,0.0092
48.4,0.00914
48.41,0.00895
48.42,0.00864
48.43,0.00822
48.44,0.00774
48.45,0.00724
48.46,0.00681
48.47,0.00647
48.48,0.00627
48.49,0.00618
48.5,0.00617
48.51,0.00621
48.52,0.00624
48.53,0.00626
48.54,0.00625
48.55,0.00621
48.56,0.00617
48.57,0.00613
48.58,0.00608
48.59,0.00599
48.6,0.00583
48.61,0.0056
48.62,0.00529
48.63,0.00493
48.64,0.00452
48.65,0.00411
48.66,0.0037
48.67,0.00327
48.68,0.00283
48.69,0.00235
48.7,0.00184
48.71,0.0013
48.72,0.00074
48.73,0.00017
48.74,-0.0004
48.75,-0.00096
48.76,-0.00148
48.77,-0.00188
48.78,-0.00211
48.79,-0.00212
48.8,-0.00191
48.81,-0.00153
48.82,-0.00105
48.83,-0.00054
48.84,-0.00005
48.85,0.00035
48.86,0.00059
48.87,0.00058
48.88,0.00031
48.89,-0.00018
48.9,-0.00082
48.91,-0.00147
48.92,-0.00198
48.93,-0.00227
48.94,-0.00232
48.95,-0.00217
48.96,-0.00191
48.97,-0.0016
48.98,-0.00132
48.99,-0.00109
49,-0.00092
49.01,-0.0008
49.02,-0.00074
49.03,-0.00074
49.04,-0.00083
49.05,-0.001
49.06,-0.00124
49.07,-0.00153
49.08,-0.00185
49.09,-0.00217
49.1,-0.00243
49.11,-0.00257
49.12,-0.00252
49.13,-0.00225
49.14,-0.00179
49.15,-0.0012
49.16,-0.00055
49.17,0.00012
49.18,0.00075
49.19,0.0013
49.2,0.00172
49.21,0.00195
49.22,0.00198
49.23,0.00184
49.24,0.00159
49.25,0.0013
49.26,0.00109
49.27,0.001
49.28,0.00106
49.29,0.00125
49.3,0.00151
49.31,0.0018
49.32,0.00207
49.33,0.00225
49.34,0.00233
49.35,0.00228
49.36,0.00211
49.37,0.00188
49.38,0.00166
49.39,0.00152
49.4,0.00154
49.41,0.00176
49.42,0.00214
49.43,0.00263
49.44,0.00317
49.45,0.00363
49.46,0.00394
49.47,0.00404
49.48,0.00393
49.49,0.00367
49.5,0.00333
49.51,0.00296
49.52,0.00263
49.53,0.00234
49.54,0.00209
49.55,0.00186
49.56,0.00164
49.57,0.00141
49.58,0.00121
49.59,0.00103
49.6,0.0009
49.61,0.00082
49.62,0.00075
49.63,0.00061
49.64,0.00026
49.65,-0.00038
49.66,-0.00132
49.67,-0.00253
49.68,-0.00387
49.69,-0.00516
49.7,-0.00621
49.71,-0.00691
49.72,-0.00726
49.73,-0.00733
49.74,-0.00723
49.75,-0.00709
49.76,-0.00699
49.77,-0.00698
49.78,-0.00703
49.79,-0.00713
49.8,-0.00723
49.81,-0.00729
49.82,-0.00727
49.83,-0.00711
49.84,-0.00677
49.85,-0.00625
49.86,-0.00559
49.87,-0.00485
49.88,-0.00409
49.89,-0.00338
49.9,-0.0028
49.91,-0.00241
49.92,-0.00222
49.93,-0.00221
49.94,-0.00231
49.95,-0.00246
49.96,-0.0026
49.97,-0.00271
49.98,-0.00278
49.99,-0.00278
50,-0.00265
50.01,-0.00237
50.02,-0.00192
50.03,-0.00132
50.04,-0.00063
50.05,0.00012
50.06,0.00087
50.07,0.00158
50.08,0.00219
50.09,0.00261
50.1,0.00276
50.11,0.00264
50.12,0.00228
50.13,0.00175
50.14,0.00116
50.15,0.00058
50.16,0.00012
50.17,-0.00017
50.18,-0.00028
50.19,-0.00023
50.2,-0.00008
50.21,0.0001
50.22,0.00028
50.23,0.00043
50.24,0.00054
50.25,0.00063
50.26,0.00071
50.27,0.00079
50.28,0.00089
50.29,0.00098
50.3,0.00105
50.31,0.00107
50.32,0.00102
50.33,0.0009
50.34,0.00073
50.35,0.00054
50.36,0.00034
50.37,0.00016
50.38,-0.00001
50.39,-0.00016
50.4,-0.00029
50.41,-0.0004
50.42,-0.00047
50.43,-0.00052
50.44,-0.00054
50.45,-0.00054
50.46,-0.00055
50.47,-0.00058
50.48,-0.00069
50.49,-0.0009
50.5,-0.00121
50.51,-0.00159
50.52,-0.00202
50.53,-0.00246
50.54,-0.00289
50.55,-0.00329
50.56,-0.00367
50.57,-0.00402
50.58,-0.00433
50.59,-0.00453
50.6,-0.00455
50.61,-0.00437
50.62,-0.00398
50.63,-0.00345
50.64,-0.00282
50.65,-0.00218
50.66,-0.00156
50.67,-0.00098
50.68,-0.00046
50.69,0.00002
50.7,0.00038
50.71,0.00054
50.72,0.0004
50.73,-0.00003
50.74,-0.00072
50.75,-0.00159
50.76,-0.00253
50.77,-0.00342
50.78,-0.0041
50.79,-0.00437
50.8,-0.00411
50.81,-0.00331
50.82,-0.00209
50.83,-0.0006
50.84,0.00096
50.85,0.00237
50.86,0.00331
50.87,0.00347
50.88,0.00271
50.89,0.00109
50.9,-0.00116
50.91,-0.00374
50.92,-0.00636
50.93,-0.00864
50.94,-0.01013
50.95,-0.0105
50.96,-0.00968
50.97,-0.00791
50.98,-0.00573
50.99,-0.00372
51,-0.00231
51.01,-0.00163
51.02,-0.00161
51.03,-0.00192
51.04,-0.00208
51.05,-0.00165
51.06,-0.00036
51.07,0.00178
51.08,0.00452
51.09,0.00737
51.1,0.00958
51.11,0.01047
51.12,0.00969
51.13,0.00734
51.14,0.00388
51.15,0.00011
51.16,-0.00305
51.17,-0.00493
51.18,-0.00528
51.19,-0.00431
51.2,-0.00247
51.21,-0.00031
51.22,0.00173
51.23,0.00342
51.24,0.00461
51.25,0.00518
51.26,0.00503
51.27,0.00415
51.28,0.00265
51.29,0.00075
51.3,-0.00125
51.31,-0.00291
51.32,-0.00384
51.33,-0.00385
51.34,-0.00301
51.35,-0.00167
51.36,-0.00032
51.37,0.00058
51.38,0.00078
51.39,0.00031
51.4,-0.00057
51.41,-0.00144
51.42,-0.00196
51.43,-0.00196
51.44,-0.00145
51.45,-0.00061
51.46,0.00027
51.47,0.00099
51.48,0.00142
51.49,0.00156
51.5,0.00154
51.51,0.00149
51.52,0.00155
51.53,0.00176
51.54,0.00213
51.55,0.00256
51.56,0.00294
51.57,0.00313
51.58,0.00305
51.59,0.0027
51.6,0.00215
51.61,0.0015
51.62,0.00085
51.63,0.00026
51.64,-0.00025
51.65,-0.00063
51.66,-0.00081
51.67,-0.00069
51.68,-0.00021
51.69,0.00061
51.7,0.00164
51.71,0.00267
51.72,0.00345
51.73,0.00382
51.74,0.00375
51.75,0.0033
51.76,0.00263
51.77,0.00189
51.78,0.00121
51.79,0.00067
51.8,0.0003
51.81,0.00013
51.82,0.00014
51.83,0.00028
51.84,0.0005
51.85,0.00073
51.86,0.00092
51.87,0.00102
51.88,0.00103
51.89,0.00096
51.9,0.00084
51.91,0.00072
51.92,0.0006
51.93,0.00052
51.94,0.00048
51.95,0.00049
51.96,0.00054
51.97,0.00061
51.98,0.0007
51.99,0.00078
52,0.00086
52.01,0.00094
52.02,0.00103
52.03,0.00112
52.04,0.00123
52.05,0.00134
52.06,0.00143
52.07,0.00148
52.08,0.00146
52.09,0.00136
52.1,0.00121
52.11,0.00101
52.12,0.00081
52.13,0.00061
52.14,0.00043
52.15,0.00029
52.16,0.00019
52.17,0.00014
52.18,0.00016
52.19,0.00024
52.2,0.00037
52.21,0.00052
52.22,0.00068
52.23,0.00081
52.24,0.00088
52.25,0.00089
52.26,0.0008
52.27,0.00066
52.28,0.00047
52.29,0.00027
52.3,0.00011
52.31,0.00001
52.32,-0.00003
52.33,-0.00001
52.34,0.00004
52.35,0.00011
52.36,0.00016
52.37,0.00018
52.38,0.00016
52.39,0.00011
52.4,0.00004
52.41,-0.00002
52.42,-0.00007
52.43,-0.00008
52.44,-0.00008
52.45,-0.00006
52.46,-0.00004
52.47,-0.00001
52.48,0
52.49,0.00001
52.5,0.00002
52.51,0.00003
52.52,0.00004
52.53,0.00005
52.54,0.00007
52.55,0.00009
52.56,0.00011
52.57,0.00013
52.58,0.00014
52.59,0.00016
52.6,0.00017
52.61,0.00018
52.62,0.00018
52.63,0.00018
52.64,0.00017
52.65,0.00016
52.66,0.00014
52.67,0.00012
52.68,0.0001
52.69,0.00009
52.7,0.00008
52.71,0.00007
52.72,0.00006
52.73,0.00005
52.74,0.00004
52.75,0.00002
52.76,0
52.77,-0.00002
52.78,-0.00003
52.79,-0.00005
52.8,-0.00006
52.81,-0.00007
52.82,-0.00007
52.83,-0.00007
52.84,-0.00007
52.85,-0.00007
52.86,-0.00007
52.87,-0.00007
52.88,-0.00007
52.89,-0.00007
52.9,-0.00007
52.91,-0.00007
52.92,-0.00008
52.93,-0.00008
52.94,-0.00008
52.95,-0.00008
52.96,-0.00008
52.97,-0.00008
52.98,-0.00008
52.99,-0.00008
53,-0.00009
53.01,-0.00009
53.02,-0.00009
53.03,-0.00009
53.04,-0.0001
53.05,-0.0001
53.06,-0.0001
53.07,-0.00011
53.08,-0.00011
53.09,-0.00011
53.1,-0.00011
53.11,-0.00011
53.12,-0.00012
53.13,-0.00012
53.14,-0.00012
53.15,-0.00012
53.16,-0.00013
53.17,-0.00013
53.18,-0.00013
53.19,-0.00014
53.2,-0.00014
53.21,-0.00014
53.22,-0.00014
53.23,-0.00014
53.24,-0.00015
53.25,-0.00015
53.26,-0.00015
53.27,-0.00015
53.28,-0.00015
53.29,-0.00015
53.3,-0.00015
53.31,-0.00016
53.32,-0.00016
53.33,-0.00016
53.34,-0.00016
53.35,-0.00016
53.36,-0.00016
53.37,-0.00016
53.38,-0.00016
53.39,-0.00016
53.4,-0.00017
53.41,-0.00017
53.42,-0.00017
53.43,-0.00017
53.44,-0.00017
53.45,-0.00017
53.46,-0.00017
53.47,-0.00017
53.48,-0.00017
53.49,-0.00017
53.5,-0.00017
53.51,-0.00017
53.52,-0.00017
53.53,-0.00017
53.54,-0.00017
53.55,-0.00017
53.56,-0.00018
53.57,-0.00018
53.58,-0.00018
53.59,-0.00018
53.6,-0.00018
53.61,-0.00018
53.62,-0.00018
53.63,-0.00018
53.64,-0.00018
53.65,-0.00018
53.66,-0.00018
53.67,-0.00018
53.68,-0.00018
53.69,-0.00018
53.7,-0.00018
53.71,-0.00018
