﻿,file_name,subject,refrence_code,student_name,national_id,student_id,major,message,latency,duration,is_null
0,file_10_1.txt,افزایش سقف واحد,4421425915227711,حسین مختاری اردکان,4421425915,403222882,کارشناسی پیوسته_مهندسی کامپیوتر_یزد_4031,"{('request_details', jdatetime.datetime(1404, 5, 30, 10, 35, 22)): 'سلام وقت بخیر\nبنده معدلم الف شده ولی سایت برام نوشته سقف مجاز ۲۰ واحد\nپیام اقای سلیمیان کارشناس آموزش دادم و بهم اینو گفتن:""مدیر آموزش و کارشناس آموزش کاری نمی توانند انجام بدهند چرا ؟ چونکه سایت آموزشیار گزینه ای برای فعال کردن دانشجویان ممتاز ندارد""\nممنون میشم ی پیگیری انجام بدید...'}",,,True
1,file_10_2.txt,از من بپرس (اخذ راهنمایی اداری),5039476851808715,ابوذر فلاح زاده ابرقوئی,5039476851,403104108,کارشناسی ارشد ناپیوسته_مهندسی ایمنی، بهداشت و محیط زیست (HSE)_یزد_4031,"{('request_details', jdatetime.datetime(1404, 5, 26, 5, 40, 43)): '', ('request_details', jdatetime.datetime(1404, 5, 29, 5, 48, 11)): 'دانشجوی گرامی : متن درخواست شما مشخص نیست . لطفا مجددا با ذکز شرح درخواست خود اقدام فرمایید'}",3 days 00:07:28,3 days 00:07:28,False
2,file_10_3.txt,از من بپرس (اخذ راهنمایی اداری),503947685164066,ابوذر فلاح زاده ابرقوئی,5039476851,403104108,کارشناسی ارشد ناپیوسته_مهندسی ایمنی، بهداشت و محیط زیست (HSE)_یزد_4031,"{('request_details', jdatetime.datetime(1404, 5, 26, 5, 47, 14)): '------------------------------------------------------------------------------ سلام لطفا در خصوص تخفیف شهریه دانشجویی ممتاز اطلاع رسانی نمایید', ('request_details', jdatetime.datetime(1404, 5, 29, 5, 47, 12)): 'دانشجوی گرامی : جهت استفاده از تخفیف دانشجویی ممتاز پس از گزارش سیستم از طرف گروه به امور شهریه دانشگاه تماس حاصل فرمایید'}",2 days 23:59:58,2 days 23:59:58,False
3,file_10_4.txt,مجوز انتخاب واحد,4459967413820759,سجاد مهدی,4459967413,403103786,کارشناسی ارشد ناپیوسته_مهندسی مکانیک - تبدیل انرژی_یزد_4031,"{('request_details', jdatetime.datetime(1404, 5, 26, 7, 18, 11)): 'با سلام \n\nامکان انتخاب ندارم چه کار کنم؟', ('request_details', jdatetime.datetime(1404, 5, 29, 5, 45, 55)): 'برای مجوز انتخاب واحد لطفا پس از ثبت درخواست سرترم جاری و پرداخت شهریه اقدام نمایید'}",2 days 22:27:44,2 days 22:27:44,False
4,file_10_5.txt,درخواست تاییدیه ممتازی,503947685189884,ابوذر فلاح زاده ابرقوئی,5039476851,403104108,کارشناسی ارشد ناپیوسته_مهندسی ایمنی، بهداشت و محیط زیست (HSE)_یزد_4031,"{('request_details', jdatetime.datetime(1404, 5, 27, 10, 1, 50)): '', ('request_details', jdatetime.datetime(1404, 5, 29, 5, 44, 41)): 'دانشجوی گرامی با سلام . احترامامتن درخواست شما مشخص نیست . لطفا مجددا درخواست خود را با ذکر مشخصات و کامل ایمیل نمایید . با تشکر'}",1 days 19:42:51,1 days 19:42:51,False
5,file_10_6.txt,درخواست گواهی اشتغال  به تحصیل,4421353841537666,Moein Mosalman Yazdi,4421353841,40210541054027,کارشناسی پیوسته_مهندسی کامپیوتر_یزد_4021,"{('request_details', jdatetime.datetime(1404, 5, 28, 10, 17, 58)): 'سلام و روز بخیر خدمت شما،\n\nبنده معین مسلمان یزدی در جهت شرکت در مسابقات برون مرزی اسکیت و در حهت ارائه مدارک به  فدراسیون ملی اسکیت ایران و سفارت خانه و همچنین ارائه به مراجه دولتی برای ترجمه نیازمند به گواهی اشتغال به تحصیل دارم، ممنون می شوم همراهی لازم در این خصوص را انجام دهید.', ('request_details', jdatetime.datetime(1404, 5, 29, 5, 41, 5)): 'با سلام و احترام . جهت اقدام مقتضی'}",0 days 19:23:07,0 days 19:23:07,False
6,file_10_7.txt,درخواست تاییدیه ممتازی,4421425915751059,حسین مختاری اردکان,4421425915,403222882,کارشناسی پیوسته_مهندسی کامپیوتر_یزد_4031,"{('request_details', jdatetime.datetime(1404, 5, 26, 10, 16, 30)): 'سلام وقت بخیر\nببخشید من این ترم معدلم الف شده ولی سقف مجاز برام ۲۰ واحد زده\nممنون میشم برام درستش کنید تا بتونم بیشتر از ۲۰ تا واحد بردارم', ('request_details', jdatetime.datetime(1404, 5, 28, 9, 49, 7)): 'سلام . برای انجام امور ممتازی به آقای سلیمیان در طبقه چهارم ساحتمان دکتر سلطانی مراجعه فرمایید'}",1 days 23:32:37,1 days 23:32:37,False
7,file_10_8.txt,افزایش سقف واحد,4421425915388491,حسین مختاری اردکان,4421425915,403222882,کارشناسی پیوسته_مهندسی کامپیوتر_یزد_4031,"{('request_details', jdatetime.datetime(1404, 5, 26, 1, 1, 45)): 'سلام وقت بخیر\nببخشید من این ترم معدلم الف شده ولی سقف مجاز برام ۲۰ واحد زده\nمیخواستم اگه امکانش هست بهم مجوز ۲۴ واحد بهم بدید', ('request_details', jdatetime.datetime(1404, 5, 28, 9, 48, 1)): 'سلام . لطفا به کارشناس گوه آقای سلیمیان در طبقه چهارم ساختمان دکتر سلطانی مراجعه فرمایید'}",2 days 08:46:16,2 days 08:46:16,False
8,file_10_9.txt,درخواست معادلسازی دروس,4420957069766360,Farhad Zare,4420957069,40110541054057,کارشناسی پیوسته_مهندسی کامپیوتر_یزد_4011,"{('request_details', jdatetime.datetime(1404, 5, 27, 8, 6, 17)): '----------------------------------------------------------------------------باسلام. بنده مدتی پیش با دریافت نامه ای از واحد آموزش دانشگاه آزاد اسلامی یزد(واحد یزد ) مبنی بر ارسال پرونده تحصیلی به همراه ریز نمرات از واحد ستاد مرکزی(شعبه باهنر) علوم پزشکی شهید صدوقی یزد را داشتم. چندی پیش این پرونده به دانشگاه آزاد ارسال شده. و الان درخواست معادل سازی دروس عمومی با دروس عمومی رشته تحصیلیِ فعلی خودم را دارم. با تشکر.', ('request_details', jdatetime.datetime(1404, 5, 28, 9, 46, 32)): ''}",1 days 01:40:15,1 days 01:40:15,True
9,file_10_10.txt,درخواست انتخاب واحد- حذف و اضافه خارج از زمان,4421044040973505,عرفان لسان صدق,4421044040,40110541054112,کارشناسی پیوسته_مهندسی کامپیوتر_یزد_4011,"{('request_details', jdatetime.datetime(1404, 5, 22, 5, 44, 2)): 'مجوز انتخاب واحد  مهر ۱۴۰۴', ('request_details', jdatetime.datetime(1404, 5, 25, 8, 24, 40)): 'دانشجوی گرامی . دانشگاه ازاد اسلامی تا تاریخ 26 مرداد 1404 تعطیل است . لطفا پس از زمان فوق مجددا درخواست خود را ارسال فرمایید'}",3 days 02:40:38,3 days 02:40:38,False
10,file_10_11.txt,درخواست انتخاب واحد- حذف و اضافه خارج از زمان,4421044040510176,عرفان لسان صدق,4421044040,40110541054112,کارشناسی پیوسته_مهندسی کامپیوتر_یزد_4011,"{('request_details', jdatetime.datetime(1404, 5, 22, 5, 44, 54)): '', ('request_details', jdatetime.datetime(1404, 5, 25, 8, 23, 17)): 'با سلام . دانشگاه آزاد اسلامی تا تاریخ 26/5/1404 تعطیل است لطفا پس از تاریخ فوق مجددا درخواست خود را ارسال فرمایید'}",3 days 02:38:23,3 days 02:38:23,False
11,file_10_12.txt,افزایش سقف واحد,442142591570174,حسین مختاری اردکان,4421425915,403222882,کارشناسی پیوسته_مهندسی کامپیوتر_یزد_4031,"{('request_details', jdatetime.datetime(1404, 5, 23, 1, 13, 28)): 'سلام وقت بخیر\nببخشید من این ترم معدلم الف شده ولی سقف مجاز برام ۲۰ واحد زده\nمیخواستم بدونم برای مجوز بیشتر از ۲۰ تا باید چیکار کنم؟', ('request_details', jdatetime.datetime(1404, 5, 25, 8, 22, 18)): 'با سلام . احتراما دانشگاه آزاد اسلامی تا تاریخ 26 مرداد 1404 تعطیل می باشد و امکان رسیدگی به درخواستها وجود ندارد . لطفا پس از تاریخ فوق مجددا درخواست خود را ارسال فرمایید'}",2 days 07:08:50,2 days 07:08:50,False
12,file_10_13.txt,درخواست گواهی اشتغال  به تحصیل,4421353841356387,Moein Mosalman Yazdi,4421353841,40210541054027,کارشناسی پیوسته_مهندسی کامپیوتر_یزد_4021,"{('request_details', jdatetime.datetime(1404, 5, 18, 12, 1, 44)): 'سلام و روز بخیر خدمت شما،\n\nبنده معین مسلمان یزدی در جهت شرکت در کلاس مربیگری در فدراسیون ملی اسکیت نیازمند به گواهی اشتغال به تحصیل دارم، ممنون می شوم همراهی لازم در این خصوص را انجام دهید.', ('request_details', jdatetime.datetime(1404, 5, 19, 10, 43, 32)): 'دانشجوی گرامی : دانشگاه ازاد اسلامی تا تاریخ 26 مردادماه 1404 تعطیل می باشد و امکان رسیدگی به درخواست شما وجود ندارد . لطفا پس از تاریخ ذکر شده مجددا درخواست خود را تنظیم و ارسال فرمایید'}",0 days 22:41:48,0 days 22:41:48,False
13,file_10_14.txt,شرکت در آزمون زبان انگلیسی ۱,5610027608566455,Amir hossein Zeinali,5610027608,40110540675011,کارشناسی پیوسته_مهندسی مکانیک_یزد_4011,"{('request_details', jdatetime.datetime(1404, 5, 3, 11, 4, 45)): 'با سلام وقتتون بخیر اینجانب در آزمون زبان انگلیسی ۱ که در تاریخ ۲تیر برگذار شد نتوانستم شرکت کنم که تقاضا دارم در آزمون مجدد شرکت نمایم', ('request_details', jdatetime.datetime(1404, 5, 11, 6, 30)): 'با سلام . احتراما به اطلاع می رساند دانشگاه آزاد اسلامی تا تاریخ 25 مرداد تعطیل می باشد و در حال حاظز امکان بررسی درخواست شما میسر نمی باشد . لطفا پس از تاریخ اعلام شده مجددا درخواست خود را ارسال فرمایید'}",7 days 19:25:15,7 days 19:25:15,False
14,file_10_15.txt,شرکت در آزمون مجدد درس تفسیر موضوعی قرآن ترم بهمن ۱۴۰۴,3140229054600163,مهدی دهقان زاده,3140229054,403353309,کارشناسی پیوسته_مهندسی کامپیوتر_یزد_4031,"{('request_details', jdatetime.datetime(1404, 5, 4, 5, 11, 25)): '', ('request_details', jdatetime.datetime(1404, 5, 11, 6, 28, 35)): 'با سلام . به اطلاع می رساند دانشگاه آزاد  اسلامی تا تاریخ 25 مرداد تعطیل می باشد . در حال حاظر امکان بررسی درخواست شما نمی باشد . لطفا پس از تاریخ ذکر شده مجددا درخواست خود را ارسال فرمایید'}",7 days 01:17:10,7 days 01:17:10,False
15,file_10_16.txt,درخواست شرکت در امتحان مجدد,4440172997507450,amirreza heydari,4440172997,403674416,کارشناسی پیوسته_مهندسی مکانیک_یزد_4031,"{('request_details', jdatetime.datetime(1404, 4, 23, 1, 59, 50)): 'سلام \n\nبه دلیل شرایط پیش آمده در زمان امتحانات نتوانستم در امتحان درس اندیشه های امامین انقلاب اسلامی و وصایای حضرت امام خمینی (ره) شرکت کنم\n\nلذا خواهشمندم تا با شرکت در امتحان مجدد موافقت نمایید\n\nضمنا سایت pdf را به صورت ناقص نمایش می دهد\n\nhttps://yazd.iau.ir/fa/form/print/9916/17720611283094537\n\nاین لینک فرم پرشده می باشد', ('request_details', jdatetime.datetime(1404, 4, 24, 9, 2, 9)): ''}",1 days 07:02:19,1 days 07:02:19,True
16,file_10_17.txt,درخواست گواهی اشتغال  به تحصیل,4420957069398537,Farhad Zare,4420957069,40110541054057,کارشناسی پیوسته_مهندسی کامپیوتر_یزد_4011,"{('request_details', jdatetime.datetime(1404, 4, 13, 11, 29, 42)): '------------------------------------------------------------------------------سلام.بنده یک ماه پیش درخواست صادر کردن گواهی اشتغال به تحصیل برای بیمه تامین اجتماعی یزد واحد اشکذر داده بودم ولی هنوز فایل شو برام ارسال نکردید.\nممنون میشم', ('request_details', jdatetime.datetime(1404, 4, 18, 12, 13, 54)): 'سلام و اردادت .  نامه شما جهت گواهی اشتغال به تحصیل به آقای فاطمی اداره پذیرش و ثبت نام ارسال شده است . جهت دریافت اصل نامه ممهمور به مهر دبیرخاه لطفا به اداره پذیرش و ثبت نام و یا شماره مستقیم 31872481 تماس حاصل فرمایید'}",5 days 00:44:12,5 days 00:44:12,False
17,file_10_18.txt,درخواست معافیت تحصیلی,442135715457236,arash zamaninia,4421357154,403839526,کارشناسی پیوسته_مهندسی کامپیوتر_یزد_4032,"{('request_details', jdatetime.datetime(1404, 4, 8, 8, 10, 55)): 'با سلام\n\nدرخواست معافیت تحصیلی داشتم برای ایجاد حساب بانکی در بانک های :(صادرات شعبه جمهوری ، ملی شعبه الغدیر ، تجارت جمهوری)\n\nعلت معافیت : گرفتن دسته چک.\n\nبا تشکر', ('request_details', jdatetime.datetime(1404, 4, 12, 10, 43, 18)): 'درخواست تکراری است'}",4 days 02:32:23,4 days 02:32:23,False
18,file_10_19.txt,درخواست معافیت تحصیلی,442135715457236,arash zamaninia,4421357154,403839526,کارشناسی پیوسته_مهندسی کامپیوتر_یزد_4032,"{('request_details', jdatetime.datetime(1404, 4, 8, 8, 10, 55)): 'با سلام\n\nدرخواست معافیت تحصیلی داشتم برای ایجاد حساب بانکی در بانک های :(صادرات شعبه جمهوری ، ملی شعبه الغدیر ، تجارت جمهوری)\n\nعلت معافیت : گرفتن دسته چک.\n\nبا تشکر', ('request_details', jdatetime.datetime(1404, 4, 12, 10, 42, 44)): 'با سلام و ارادات ---- احتراما دانشجو برای ایجاد حساب بانکی نیاز به گواهی اشتغال به تحصیل دارد . لطفا مساعدت فرمایید'}",4 days 02:31:49,4 days 02:31:49,False
19,file_10_20.txt,درخواست گواهی اشتغال  به تحصیل,4421417361688802,علی امین الرعایا,4421417361,403239513,کارشناسی پیوسته_مهندسی کامپیوتر_یزد_4031,"{('request_details', jdatetime.datetime(1404, 4, 8, 9, 59, 28)): 'با سلام . دانشجوی گرامی گواهی اشتغال به تحصیل برای کدام سازمان یا اداره می خواهید ؟', ('request_details', jdatetime.datetime(1404, 4, 8, 12, 48, 16)): ''}",0 days 02:48:48,0 days 02:48:48,True
20,file_10_21.txt,درخواست انتخاب واحد- حذف و اضافه خارج از زمان,4421252840468777,sina hashmian,4421252840,40110541054138,کارشناسی پیوسته_مهندسی کامپیوتر_یزد_4011,"{('request_details', jdatetime.datetime(1404, 3, 3, 6, 19)): 'با سلام درخواست مجوز انتخاب واحد در ترم تابستان را دارم \nباتشکر.', ('request_details', jdatetime.datetime(1404, 3, 8, 8, 22, 13)): '', ('request_details', jdatetime.datetime(1404, 4, 2, 10, 9, 9)): '', ('request_details', jdatetime.datetime(1404, 4, 4, 7, 47, 43)): '', ('request_details', jdatetime.datetime(1404, 4, 8, 9, 58, 7)): ''}",5 days 02:03:13,36 days 03:39:07,True
21,file_10_22.txt,درخواست فعالسازی ایمیل,3410048065117420,saeid naser,3410048065,40110541054008,دکتری تخصصی_مهندسی کامپیوتر_یزد_4011,"{('request_details', jdatetime.datetime(1404, 4, 2, 11, 39, 34)): '', ('request_details', jdatetime.datetime(1404, 4, 4, 7, 52, 1)): 'دانشجوی گرامی لطفا مشکل را توضیح دهید . ایمیل برای کلیه دانشجویان فعال است'}",1 days 20:12:27,1 days 20:12:27,False
22,file_10_23.txt,درخواست شركت در امتحانات تابستان 1404,3410048065783463,saeid naser,3410048065,40110541054008,دکتری تخصصی_مهندسی کامپیوتر_یزد_4011,"{('request_details', jdatetime.datetime(1404, 4, 2, 12, 1, 16)): 'با سلام و احترام\n\nبه استحضار می رساند پیرو شرایط خاص کشور و حمله اسرائیل به ایران، امکان حضور سر جلسه آزمون مباحث ویژه در نرم افزار 2 در تاریخ 1404/03/25 برای بنده فراهم نبود. با توجه به اینکه محل سکونت بنده بندرعباس میباشد در آن زمان وسایل حمل نقل عمومی ارائه سرویس نداشتند و امکان حضور با وسیله شخصی نیز وجود نداشت.\n\nاز این رو تقاضا می شود شرایط حضور در آزمون مجدد برای بنده فراهم شود.\n\nبا تشکر و تقدیم احترام', ('request_details', jdatetime.datetime(1404, 4, 4, 7, 51, 2)): ''}",1 days 19:49:46,1 days 19:49:46,True
23,file_10_24.txt,گرفتن امتحان مجدد پایانترم ,4421236217339694,Ali Mehranian,4421236217,40110540675006,کارشناسی پیوسته_مهندسی مکانیک_یزد_4011,"{('request_details', jdatetime.datetime(1404, 4, 2, 12, 44, 15)): '', ('request_details', jdatetime.datetime(1404, 4, 4, 7, 50, 34)): ''}",1 days 19:06:19,1 days 19:06:19,True
24,file_10_25.txt,درخواست شرکت در امتحانات تابستان1404,4421363898819328,mahdi mozaffari,4421363898,40210541054076,کارشناسی پیوسته_مهندسی کامپیوتر_یزد_4021,"{('request_details', jdatetime.datetime(1404, 4, 2, 8, 1, 6)): 'سلام خسته نباشید بنده در تاریخ1404/03/22بعد از امتحان به تهران رفتم و فردای آن رو رژیم صهیونیستی به تهران حمله کرد که متاسفانه بنده اونجا گیر کردم و اصلا شرایط مناسب نبود و نتونستم به موقع خودمو به یزد برسونم.برا اثباتش هم لوکیشن و زمانی که بنده تهران بودم هم توی اسکرین شات گوشیم را همینجا اپلود کردم که لوکیشن دقیق جایی که بودم.\nاین هم کد پیگیری درخواستم در سایت : 1776402424773490', ('request_details', jdatetime.datetime(1404, 4, 4, 7, 49, 41)): 'سلام . لطفا فرم تهیه شده در این رابطه را تکمیل و به پیوست نامه تان ارسال فرمایید'}",1 days 23:48:35,1 days 23:48:35,False
25,file_10_26.txt,درخواست گواهی اشتغال  به تحصیل,4420957069503068,Farhad Zare,4420957069,40110541054057,کارشناسی پیوسته_مهندسی کامپیوتر_یزد_4011,"{('request_details', jdatetime.datetime(1404, 3, 6, 11, 16, 49)): '', ('request_details', jdatetime.datetime(1404, 3, 8, 8, 21, 36)): '', ('request_details', jdatetime.datetime(1404, 3, 8, 11, 18, 59)): '', ('request_details', jdatetime.datetime(1404, 3, 22, 12, 54, 20)): '', ('request_details', jdatetime.datetime(1404, 3, 22, 12, 54, 57)): '', ('request_details', jdatetime.datetime(1404, 4, 4, 7, 47)): '', ('request_details', jdatetime.datetime(1404, 4, 4, 7, 47, 19)): ''}",1 days 21:04:47,28 days 20:30:30,True
26,file_10_27.txt,درخواست شرکت در امتحانات تابستان ۱۴۰۴ ,0830214720192429,ابوالفضل حسین زاده,830214720,403295765,کارشناسی پیوسته_مهندسی کامپیوتر_یزد_4031,"{('request_details', jdatetime.datetime(1404, 3, 29, 3, 59, 8)): '', ('request_details', jdatetime.datetime(1404, 4, 2, 10, 16, 21)): 'دانشجوی محترم . فرم مشخص شده را تکمیل و ارسال بفرمایید'}",4 days 06:17:13,4 days 06:17:13,False
27,file_10_28.txt,درخواست شرکت در امتحانات تابستان ۱۴۰۴ ( ویژه دانشجویان غیر بومی استان یزد),0830214720343667,ابوالفضل حسین زاده,830214720,403295765,کارشناسی پیوسته_مهندسی کامپیوتر_یزد_4031,"{('request_details', jdatetime.datetime(1404, 3, 30, 11, 55, 41)): '', ('request_details', jdatetime.datetime(1404, 4, 2, 10, 12, 45)): 'دانشجوی محترم . فرم درخواست را تکمیل و به ضمیمه نامه ارسال بفرمایید'}",2 days 22:17:04,2 days 22:17:04,False
28,file_10_29.txt,درخواست امتحان مجدد برای دانشجویان غیر بومی دانشگاه آزاد یزد,0441361323364014,Iliya Doostdar ایلیا دوستدار,441361323,403465556,کارشناسی پیوسته_مهندسی کامپیوتر_یزد_4031,"{('request_details', jdatetime.datetime(1404, 3, 31, 9, 6, 51)): 'در سامانه مربوط فرم مخصوص به هر امتحان پر شده است.\nفرم کاغذی هم در نگهبانی خوابگاه پر شده است.', ('request_details', jdatetime.datetime(1404, 4, 2, 10, 11, 49)): ''}",2 days 01:04:58,2 days 01:04:58,True
29,file_10_30.txt,درخواست شرکت در آزمون تابستانه ۱۴۰۴,0850278554344424,Saman Mashhadipour,850278554,40110541054151,کارشناسی پیوسته_مهندسی کامپیوتر_یزد_4011,"{('request_details', jdatetime.datetime(1404, 3, 28, 11, 48, 47)): '', ('request_details', jdatetime.datetime(1404, 4, 2, 10, 11, 3)): 'متن درخواست دانشجو مشخص نیست'}",4 days 22:22:16,4 days 22:22:16,False
30,file_10_31.txt,درخواست امتحان مجدد برای دانشجویان غیر بومی استان یزد,0441361323634352,Iliya Doostdar,441361323,403465556,کارشناسی پیوسته_مهندسی کامپیوتر_یزد_4031,"{('request_details', jdatetime.datetime(1404, 4, 1, 9, 42, 32)): 'فرم درخواست امتحان مجدد تمامی درس ها در سامانه ثبت شده و همچنین فرم فیزیکی در نگهبانی تکمیل شده است.', ('request_details', jdatetime.datetime(1404, 4, 1, 12, 41, 17)): ''}",0 days 02:58:45,0 days 02:58:45,True
31,file_10_32.txt,شیوه دریافت فرم درخواست شرکت در امتحانات تابستان 1404 برای دانشجویان ساکن خارج یزد,5420073900142500,hamidreza baharestani,5420073900,40210541054025,کارشناسی پیوسته_مهندسی کامپیوتر_یزد_4021,"{('request_details', jdatetime.datetime(1404, 3, 27, 12, 12, 9)): 'سلام و عرض ادب \nبرای دانشجویان شهرستان قرار شده فرم الکتریکی جهت درخواست شرکت در امتحان تابستان 1404 ارایه شود،اگر امکان دارد راهنمایی کنید.', ('request_details', jdatetime.datetime(1404, 3, 28, 2, 33, 40)): 'نامه فاقد فرم تکمیل شده است . به شیوه نامه مندرج در کانال های رسمی دانشگاه مراجعه فرمایید'}",0 days 14:21:31,0 days 14:21:31,False
32,file_10_33.txt,درخواست صدور کارت دانشجویی,3381543180154900,Abolfazl Kargar Bideh,3381543180,403781090,کارشناسی پیوسته_مهندسی کامپیوتر_یزد_4032,"{('request_details', jdatetime.datetime(1404, 3, 27, 11, 24, 59)): '', ('request_details', jdatetime.datetime(1404, 3, 28, 2, 32, 13)): ''}",0 days 15:07:14,0 days 15:07:14,True
33,file_10_34.txt,درخواست صدور کارت دانشجویی,3381543180154900,Abolfazl Kargar Bideh,3381543180,403781090,کارشناسی پیوسته_مهندسی کامپیوتر_یزد_4032,"{('request_details', jdatetime.datetime(1404, 3, 27, 11, 24, 59)): '', ('request_details', jdatetime.datetime(1404, 3, 28, 2, 31, 45)): ''}",0 days 15:06:46,0 days 15:06:46,True
34,file_10_35.txt,درخواست گواهی اشتغال  به تحصیل,3080343611857595,امیرمحمد صادقی زرندی,3080343611,403297780,کارشناسی پیوسته_مهندسی کامپیوتر_یزد_4031,"{('request_details', jdatetime.datetime(1404, 3, 26, 2, 16, 38)): 'با سلام و احترام\nخواهشمندم گواهی اشتغال به تحصیل مرا جهت ارائه به بیمه خدمات درمانی آماده نمایید .', ('request_details', jdatetime.datetime(1404, 3, 28, 2, 31, 12)): ''}",2 days 00:14:34,2 days 00:14:34,True
35,file_10_36.txt,امتحان مجدد,424058751461151,Ahmadreza Tabeshnezhad,4240587514,402745529,کارشناسی پیوسته_مهندسی کامپیوتر_یزد_4021,"{('request_details', jdatetime.datetime(1404, 3, 27, 8, 50, 18)): '', ('request_details', jdatetime.datetime(1404, 3, 28, 2, 30, 26)): 'درخواست شما دریافت شد . اطلاع رسانی های بعدی از طریق کانال های رسمی دانشگاه آزاد اسلامی یزد در پلتفرم های ایتا  و تلگرام اعلام می گردد'}",0 days 17:40:08,0 days 17:40:08,False
36,file_10_37.txt,درخواست گواهی اشتغال  به تحصیل,442143990848876,علی محمد کارگر,4421439908,403215001,کارشناسی پیوسته_مهندسی کامپیوتر_یزد_4031,"{('request_details', jdatetime.datetime(1404, 3, 11, 4, 8, 35)): '', ('request_details', jdatetime.datetime(1404, 3, 21, 9, 50, 32)): ''}",10 days 05:41:57,10 days 05:41:57,True
37,file_10_38.txt,درخواست گواهی اشتغال  به تحصیل,4421327786183267,Mohammad Hajiabdallahi,4421327786,402767652,کارشناسی پیوسته_مهندسی کامپیوتر_یزد_4021,"{('request_details', jdatetime.datetime(1404, 3, 12, 7, 55, 4)): '', ('request_details', jdatetime.datetime(1404, 3, 21, 9, 50, 1)): ''}",9 days 01:54:57,9 days 01:54:57,True
38,file_10_39.txt,تمایل به اخذ ترم تابستان,4460160463419207,ابوالفضل زارع مهرپادینی,4460160463,402828933,کارشناسی پیوسته_مهندسی کامپیوتر_یزد_4021,"{('request_details', jdatetime.datetime(1404, 3, 12, 5, 55, 34)): '', ('request_details', jdatetime.datetime(1404, 3, 21, 9, 49, 18)): ''}",9 days 03:53:44,9 days 03:53:44,True
39,file_10_40.txt,درخواست گواهی اشتغال  به تحصیل,314022905424438,مهدی دهقان زاده,3140229054,403353309,کارشناسی پیوسته_مهندسی کامپیوتر_یزد_4031,"{('request_details', jdatetime.datetime(1404, 3, 13, 9, 40, 9)): 'گواهی اشتغال به تحصیل برای بیمه تامین اجتماعی میخواستم', ('request_details', jdatetime.datetime(1404, 3, 21, 9, 48, 48)): ''}",8 days 00:08:39,8 days 00:08:39,True
40,file_10_41.txt,از من بپرس (اخذ راهنمایی اداری),4421459968563854,navid roosta,4421459968,403246338,کارشناسی پیوسته_مهندسی کامپیوتر_یزد_4031,"{('request_details', jdatetime.datetime(1404, 3, 15, 12, 20, 38)): 'سلام \nدر چه صئرت امکان اخذ 23 واحد وجود دارد؟', ('request_details', jdatetime.datetime(1404, 3, 21, 9, 47, 47)): 'سلام . دانشجو در ترم آخر باشد . یا معدل بالا داشته باشد'}",5 days 21:27:09,5 days 21:27:09,False
41,file_10_42.txt,درخواست گواهی اشتغال  به تحصیل,3140229054524943,مهدی دهقان زاده,3140229054,403353309,کارشناسی پیوسته_مهندسی کامپیوتر_یزد_4031,"{('request_details', jdatetime.datetime(1404, 3, 10, 1, 20, 31)): 'سلام . درخواست اشتغال به تحصیل برای کدام سازمان یا اداره نیاز دارید ؟', ('request_details', jdatetime.datetime(1404, 3, 10, 3, 56, 26)): ''}",0 days 02:35:55,0 days 02:35:55,True
42,file_10_43.txt,درخواست ارسال نامه همکاری جهت به دانشگاه علوم پزشکی شهید صدوقی یزد,4432857293207198,samaneh mozafari,4432857293,40110550668004,دکتری تخصصی_علوم و مهندسی محیط زیست_یزد_4011,"{('request_details', jdatetime.datetime(1404, 3, 3, 6, 15, 23)): 'با سلام\nاحتراما با توجه به اینکه استاد راهنمای اول اینجانب آقای دکتر رضاعلی فلاح زاده عضو هیئت علمی دانشگاه علوم پزشکی شهید صدوقی یزد می باشد، ضروريست دو نامه درخواست از دانشگاه آزاد به آقای دکتر هوشنگ مهرپرور سرپرست معاونت تحقیقات و فناوری دانشگاه علوم پزشکی شهید صدوقی یزد و آقای دکتر حسین سلیمانی معاونت آموزشی دانشگاه علوم پزشکی شهید صدوقی یزد ارسال گردد.\nمتن پیشنهادی نامه به شرح زیر می باشد:\nبدینوسیله دانشجو سمانه مظفری خسروی دانشجوی دکترای علوم و مهندسی محیط،زیست جهت انجام پایان نامه تحت راهنمایی آقای دکتر رضاعلی فلاح زاده معرفی می\u200cگردد. خواهشمند است دستور همکاری و مساعدت لازم مبذول فرمایید.\nسپاسگزارم', ('request_details', jdatetime.datetime(1404, 3, 4, 12, 35, 28)): ''}",1 days 06:20:05,1 days 06:20:05,True
43,file_10_44.txt,درخواست ارسال نامه به دانشگاه شهید صدوقی یزد جهت همکاری,4432857293951982,samaneh mozafari,4432857293,40110550668004,دکتری تخصصی_علوم و مهندسی محیط زیست_یزد_4011,"{('request_details', jdatetime.datetime(1404, 3, 1, 7, 36, 54)): 'با سلام\n\nاحتراما با توجه به اینکه استاد راهنمای اول اینجانب جهت پایان نامه آقای دکتر رضا علی فلاح زاده هیات علمی دانشگاه شهید صدوقی یزد می باشند، ضروريست نامه های درخواستی از دانشگاه آزاد به معاونت آموزشی دانشگاه شهید صدوقی یزد آقای دکتر حسین سلیمانی و سرپرست معاونت تحقیقات و فناوری آقای دکتر امیر هوشنگ مهرپرور جهت همکاری و هماهنگی ارسال گردد.\n\nمتن پیشنهادی جهت ارسال به شرح زیر می باشد:\n\nبدینوسیله دانشجو سمانه مظفری خسروی دانشجوی مقطع دکترای علوم و مهندسی محیط زیست برای انجام پایان نامه تحت راهنمای آقای دکتر رضا علی فلاح زاده معرفی می گردد، خواهشمند است دستور همکاری و مساعدت لازم مبذول فرمایید', ('request_details', jdatetime.datetime(1404, 3, 4, 12, 34, 53)): ''}",3 days 04:57:59,3 days 04:57:59,True
44,file_10_45.txt,خرابی کولر ,4421256323196694,عرفان عابدی جعفرآباد,4421256323,40110541054012,کارشناسی پیوسته_مهندسی کامپیوتر_یزد_4011 g,"{('request_details', jdatetime.datetime(1404, 2, 31, 6, 5, 43)): 'سلام با وقت به خیر \nکولر طبقه منفی یک روشن نمی شود \nلطفا پیگیری بفرمایید', ('request_details', jdatetime.datetime(1404, 3, 1, 9, 32, 26)): 'سلام . درخواست شما مشخص نیست مربوط به کدام ساختمان دانشگاه می باشد'}",1 days 03:26:43,1 days 03:26:43,False
45,file_10_46.txt,آب سردکن ساختمان سلطانی,5430078050281234,حامد ابراهیمی مروست,5430078050,40110541054049,کارشناسی پیوسته_مهندسی کامپیوتر_یزد_4011,"{('request_details', jdatetime.datetime(1404, 2, 31, 6, 4, 23)): 'با سلام ساختمان سلطانی طبقه ی زیر زمین آب سرد کن ندارد لطفا پیگیری کنید', ('request_details', jdatetime.datetime(1404, 3, 1, 9, 31, 16)): 'با سلام . درخواست شما به حوزه عمرانی ارسال شد .'}",1 days 03:26:53,1 days 03:26:53,False
46,file_10_47.txt,از من بپرس (اخذ راهنمایی اداری),5510057386918735,امیرمحمد کمالیان,5510057386,None,کارشناسی ارشد ناپیوسته_مهندسی کامپیوتر- نرم افزار_یزد_4031,"{('request_details', jdatetime.datetime(1404, 2, 26, 7, 33, 39)): 'سلام حداکثر واحد قابل اخذ در ترم های تابستانی چندتاست ؟\nچگونه میتون لیست دروس ارائه شده در تابستان را دید ؟', ('request_details', jdatetime.datetime(1404, 2, 29, 11, 4, 50)): 'برای جواب سوال خود به طبقه چهارم سلطانی آقای سلیمیان با شماره تماس 03531872724  مراجعه فرمایید'}",3 days 03:31:11,3 days 03:31:11,False
47,file_10_48.txt,,442137401676868,Amirreza Khoshamadi,4421374016,None,کارشناسی پیوسته_مهندسی کامپیوتر_یزد_4031,"{('request_details', jdatetime.datetime(1404, 2, 28, 10, 9, 9)): 'باسلام درچه صورت امکان اخذ 23 واحد وجود دارد', ('request_details', jdatetime.datetime(1404, 2, 29, 11, 1, 16)): 'با طبقه چهارم سلطامی آقای سلیمیان و شماره تماس 03531872742 مراجعه فرمایید'}",1 days 00:52:07,1 days 00:52:07,False
48,file_10_49.txt,زمان امتحانات پایان ترم ,4421347851408790,سید محمد امین موسوی,4421347851,None,کارشناسی پیوسته_مهندسی کامپیوتر_یزد_4031,"{('request_details', jdatetime.datetime(1404, 2, 28, 2, 55, 5)): '------------------------------------------------------------------------------تاریخ امتحانات پایان ترم کی هست؟', ('request_details', jdatetime.datetime(1404, 2, 29, 10, 59, 8)): 'امتحانات پایان ترم از 17 خرداد شروع می شود - جهت دریافت کارت ورود به جلسه به سامانه آموزشیار مراجعه فرمایید'}",1 days 08:04:03,1 days 08:04:03,False
49,file_10_50.txt,درخواست صدور کارت دانشجویی,4421451711270646,علی میرجلیلی,4421451711,None,کارشناسی پیوسته_مهندسی کامپیوتر_یزد_4031,"{('request_details', jdatetime.datetime(1404, 2, 28, 6, 57, 18)): '', ('request_details', jdatetime.datetime(1404, 2, 29, 10, 58, 1)): 'جهت کارت دانشجویی به ساختمان طاهری آقای معلایی مراجعه فرمایید'}",1 days 04:00:43,1 days 04:00:43,False
50,file_10_51.txt,درخواست گواهی اشتغال  به تحصیل,4421415308942407,امیررضا مسعودی,4421415308,None,کارشناسی پیوسته_مهندسی کامپیوتر_یزد_4031,"{('request_details', jdatetime.datetime(1404, 2, 29, 8, 38, 33)): 'اینجانب امیررضا مسعودی دانشجوی کارشناسی رشته مهندسی کامپیوتر دانشگاه آزاد واحد یزد خواهشمندم گواهی اشتغال به تحصیل بنده صادر شود.', ('request_details', jdatetime.datetime(1404, 2, 29, 10, 55, 27)): 'با سلام . گواهی اشتغال به تحصیل برای کجا ؟ لطفا جهت دریافت گواهی به ساختمان طاهری اتاق 18 و شماره تماس 03531872480 مراجعه فرمایید'}",0 days 02:16:54,0 days 02:16:54,False
51,file_10_52.txt,,4421189561913024,Hossein Seyedhashemi,4421189561,None,کارشناسی پیوسته_مهندسی کامپیوتر_یزد_4021,"{('request_details', jdatetime.datetime(1404, 2, 25, 2, 38, 50)): 'در چه صورت امکان اخذ 23 واحد وجود دارد؟', ('request_details', jdatetime.datetime(1404, 2, 28, 7, 0, 50)): 'موضوع درخواست شما مشخص نمی باشد'}",3 days 04:22:00,3 days 04:22:00,False
52,file_10_53.txt,درخواست گواهی اشتغال  به تحصیل,4421234273962145,Abolfazl Dashti,4421234273,None,کارشناسی پیوسته_مهندسی کامپیوتر_یزد_4021,"{('request_details', jdatetime.datetime(1404, 2, 25, 4, 44, 43)): 'با سلام خواهشمند است گواهی اشتغال به تحصیل برای ارائه به بانک صادرات را صادر نمایید\nبا تشکر', ('request_details', jdatetime.datetime(1404, 2, 28, 7, 0, 13)): 'جهت دریافت گواهی اشتغال به تحصیل خود به ساختمان طاهری اتاق 18 آقای فاریابی مراجعه فرمایید . کنترل نمایید فایل شما توسط امور شهریه مسدود نباشد .'}",3 days 02:15:30,3 days 02:15:30,False
53,file_10_54.txt,,6880049079303685,Nima Rezaee,6880049079,None,کارشناسی پیوسته_مهندسی کامپیوتر_یزد_4021,"{('request_details', jdatetime.datetime(1404, 2, 25, 9, 1, 2)): '', ('request_details', jdatetime.datetime(1404, 2, 28, 6, 58, 21)): 'موضوع سوال شما مشخص نیست'}",2 days 21:57:19,2 days 21:57:19,False
54,file_10_55.txt,از من بپرس (اخذ راهنمایی اداری),4480179658564163,seyyed mohammad karbasi meybodi,4480179658,None,کارشناسی پیوسته_مهندسی کامپیوتر_یزد_4021,"{('request_details', jdatetime.datetime(1404, 2, 26, 8, 8, 54)): 'با  سلام و خسته نباشید \nدر چه صورت امکان اخذ 24 واحد وجود دارد؟', ('request_details', jdatetime.datetime(1404, 2, 28, 6, 57, 21)): 'با سلام . لطفا به ساختمان دکتر سلطانی طبقه  چهارم کارشناس گروه کامپیوتر آقای سلیمیان و یا شماره تماس 03531872724 سوال خود را مطرح نمایید'}",1 days 22:48:27,1 days 22:48:27,False
55,file_10_56.txt,ترم تابستان و اخذ 24 واحد ترم بعد .,256050466910539,حسین محبت,2560504669,None,کارشناسی پیوسته_مهندسی کامپیوتر_یزد_4031,"{('request_details', jdatetime.datetime(1404, 2, 25, 11, 29, 37)): 'سلام وقتتون بخیر لنئه چند تا سوال داشتم خدمتون \n1-  در ترم تابستان امکان اخذ 8 واحد درسی هست درسته ؟ وتمامش هم عمومی هست ؟\n2- اگر این ترم بالای 17 بشه و ترم تابستان مثلا 15 بشم در نیم سال تحصیلی دوم که مهر هست اون وقت باز هم میتونم 24 واحد پاس کنم ؟ یا باید ترم تابستان هم بالای 17 بشم ؟', ('request_details', jdatetime.datetime(1404, 2, 25, 12, 24, 41)): 'سلام . احتراما بابت دریافت جواب سوالاتون با آقای سلیمیان کارشناس گروه کامپیوتر در طبقه چهارم ساختمان دکتر سلطانی و یا شماره تماس مستقیم دفتر ایشان 03531872742 تماس حاصل فرمایید'}",0 days 00:55:04,0 days 00:55:04,False
56,file_10_57.txt,انتخاب ۲۳ واحد (تست),015040123173114,Danial ebrahimi sadrabadi,150401231,None,کارشناسی پیوسته_مهندسی کامپیوتر_یزد_4021,"{('request_details', jdatetime.datetime(1404, 2, 25, 8, 33, 35)): '', ('request_details', jdatetime.datetime(1404, 2, 25, 10, 22, 13)): 'موضوع درخواست مشخص نیست'}",0 days 01:48:38,0 days 01:48:38,False
57,file_10_58.txt,از من بپرس (اخذ راهنمایی اداری),4421172715704438,ali rahimibondarabadi,4421172715,None,کارشناسی پیوسته_مهندسی کامپیوتر_یزد_4001,"{('request_details', jdatetime.datetime(1404, 2, 25, 8, 9, 38)): 'باسلام\n\nدر یک چگونه میتوان ۲۳ واحد اخذ کرد؟', ('request_details', jdatetime.datetime(1404, 2, 25, 10, 19, 24)): 'با سلام . لطفا با کارشناس گروه کامپیوتر آقای سلیمیان در طبقه چهارم ساختمان دکتر سلطانی و یا شماره تماس 03531872472 تماس حاصل فرمایید'}",0 days 02:09:46,0 days 02:09:46,False
58,file_10_59.txt,تست سامانه ,4421374970921381,محسن عارف علی,4421374970,None,کارشناسی پیوسته_مهندسی کامپیوتر_یزد_4031,"{('request_details', jdatetime.datetime(1404, 2, 24, 10, 4, 17)): 'سلام ؛\nسامانه ایمیل دانشجویی اعلام شده از طرف دانشگاه ازاد اسلامی یزد همین سامانه است یا باید اقدام به ثبت نام در سامانه دیگری کرد ؟', ('request_details', jdatetime.datetime(1404, 2, 25, 7, 25, 59)): 'سلام . همین سامانه است'}",0 days 21:21:42,0 days 21:21:42,False
59,file_10_60.txt,تعداد واحد,4421425915205505,حسین مختاری اردکان,4421425915,None,کارشناسی پیوسته_مهندسی کامپیوتر_یزد_4031,"{('request_details', jdatetime.datetime(1404, 2, 24, 10, 8, 34)): 'در چه صورت امکان اخذ ۲۳ واحد وجود دارد؟', ('request_details', jdatetime.datetime(1404, 2, 25, 7, 25, 21)): 'لطفا به کارشناس گروه کامپیوتر آقای سلیمیان در طبقه چهارم ساختمان دکتر سلطانی و شماره تماس 03531872724 مراجعه فرمایید'}",0 days 21:16:47,0 days 21:16:47,False
60,file_10_61.txt,از من بپرس (اخذ راهنمایی اداری),4421230103448414,محمد کاظمی,4421230103,None,کارشناسی پیوسته_مهندسی کامپیوتر_یزد_4011,"{('request_details', jdatetime.datetime(1404, 2, 24, 10, 55, 58)): '------------------------------------------------------------------------------در چه صورت امکان اخذ 23 واحد وجود دارد؟', ('request_details', jdatetime.datetime(1404, 2, 25, 7, 24, 11)): 'لطفا به کارشناس گروه آقای سلیمیان در طبقه چهارم ساختمان دکتر سلطانی با شماره تماس 03531872724 مراجعه فرمایید'}",0 days 20:28:13,0 days 20:28:13,False
61,file_10_62.txt,سوال,44210670833551,Abolfazl dehghan tezerjani,4421067083,None,کارشناسی پیوسته_مهندسی کامپیوتر_یزد_3991,"{('request_details', jdatetime.datetime(1404, 2, 25, 1, 24, 37)): 'با سلاک درچه صورت میتوانیم ۲۳واحد اخذکنیم', ('request_details', jdatetime.datetime(1404, 2, 25, 7, 22, 49)): 'لطفا به کارشناس گروه آقای سلیمیان در طبقه چهارم ساختمان دکتر سلطانی یا شماره تماس 03531872724 مراجعه فرمایید'}",0 days 05:58:12,0 days 05:58:12,False
62,file_10_63.txt,,4421214906714473,Farbod Fallah,4421214906,None,کارشناسی پیوسته_مهندسی کامپیوتر_یزد_4011,"{('request_details', jdatetime.datetime(1404, 2, 25, 0, 4, 42)): 'با سلام و احترام\nدر چه صورت امکان اخذ 23 واحد وجود دارد؟', ('request_details', jdatetime.datetime(1404, 2, 25, 7, 21, 41)): 'لطفا به کارشناس گروه آقای سلیمیان طبقه چهارم ساختمان دکتر سلطانی یا شماره تماس 03531872724 تماس حاصل فرمایید'}",0 days 07:16:59,0 days 07:16:59,False
63,file_10_64.txt,شرایط اخذ بیش از 20 واحد,5420073900868095,hamidreza baharestani,5420073900,None,کارشناسی پیوسته_مهندسی کامپیوتر_یزد_4021,"{('request_details', jdatetime.datetime(1404, 2, 25, 2, 6, 36)): 'با سلام \nاین درخواست جهت تست اتصال من به سامانه است.', ('request_details', jdatetime.datetime(1404, 2, 25, 7, 19, 42)): 'با سلام . لطفا با آقای سلیمیان کارشناس گروه کامپیوتر و شماره تماس 03531872724 تماس حاصل فرمایید'}",0 days 05:13:06,0 days 05:13:06,False
64,file_10_65.txt,درخواست ارسال نامه به دانشگاه علوم پزشکی شهید صدوقی یزد جهت معرفی و درخواست همکاری استاد راهنما ,4432857293783848,samaneh mozafari,4432857293,None,دکتری تخصصی_علوم و مهندسی محیط زیست_یزد_4011,"{('request_details', jdatetime.datetime(1404, 2, 20, 7, 8, 22)): 'با سلام\nاحتراما لا توجه به اینکه استاد راهنمای اول اینجانب آقای دکتر رضاقلی فلاح زاده عضو هیات علمی دانشگاه شهید صدوقی یزد می باشند ضروريست نامه های درخواستی از دانشگاه آزاد به معاونت آموزشی دانشگاه شهید صدوقی آقای حسین سلیمانی و سرپرست معاونت تحقیقات و فناوری دانشگاه علوم پزشکی شهید صدوقی آقای امیرهوشنگ مهرپرور ارسال شود.\nمتن پیشنهادی جهت ارسال به شرح زیر می باشد:\nبدین وسیله دانشجو سمانه مظفری خسروی دانشجوی مقطع دکترای علوم و مهندسی محیط زیست برای انجام پایان نامه تحت راهنمایی آقای دکتر رضاقلی فلاح زاده معرفی می گردد. خواهشمند است دستور همکاری و مساعدت لازم مبذول فرمایید.', ('request_details', jdatetime.datetime(1404, 2, 24, 10, 59, 21)): 'با سلام . لطفا جهت دریافت نامه به گروه آموزش با شماره تماس مستقیم 03531872621 مراجعه فرمایید'}",4 days 03:50:59,4 days 03:50:59,False
65,file_10_66.txt,درخواست صدور کارت دانشجویی,5039476851838496,ابوذر فلاح زاده ابرقوئی,5039476851,None,کارشناسی ارشد ناپیوسته_مهندسی ایمنی، بهداشت و محیط زیست (HSE)_یزد_4031,"{('request_details', jdatetime.datetime(1404, 2, 14, 9, 2, 6)): '', ('request_details', jdatetime.datetime(1404, 2, 24, 10, 50, 54)): 'با سلام . جهت تقاضا و دریافت کارت دانشجویی به ساختمان طاهری طبقه هم کف آقای معلایی شماره تماس 03531872405 مراجعه فرمایید'}",10 days 01:48:48,10 days 01:48:48,False
66,file_10_67.txt,کارآموزی,442116077672386,Amirreza Dehghan Dehnavi,4421160776,None,کارشناسی پیوسته_مهندسی کامپیوتر_یزد_4011,"{('request_details', jdatetime.datetime(1404, 2, 14, 10, 26, 9)): 'سلام وقتتون بخیر\nمدت زمان کارآموزی چقدر است و چه مدت برای کامل کردن آن زمان داریم؟\nبا تشکر', ('request_details', jdatetime.datetime(1404, 2, 24, 9, 3, 2)): 'با سلام . جهت اطلاع از وضعیت کاراموزی با آقای عباسعلی دهقان با شماره تماس 03531872295 تماس حاصل فرمایید'}",9 days 22:36:53,9 days 22:36:53,False
67,file_10_68.txt,از من بپرس (اخذ راهنمایی اداری),5430078050914233,Hamed Ebrahimi,5430078050,None,کارشناسی پیوسته_مهندسی کامپیوتر_یزد_4011,"{('request_details', jdatetime.datetime(1404, 2, 14, 10, 17, 2)): 'سلام نحوه گرفتن نامه برای بیمه به چه صورت است ؟', ('request_details', jdatetime.datetime(1404, 2, 24, 9, 0, 35)): 'با سلام . لطفا چنانچه نامه اشتغال به تحصیل برای بیمه نیاز دارید به ساختمان طاهری اتاق 18 و یا شماره تماس 03531872480 تماس حاصل فرمایید'}",9 days 22:43:33,9 days 22:43:33,False
68,file_10_69.txt,درخواست اینترنت دانشجویی,4421433411537071,ali ajdari,4421433411,None,کارشناسی پیوسته_مهندسی کامپیوتر_یزد_4031,"{('request_details', jdatetime.datetime(1404, 2, 12, 11, 54, 12)): '', ('request_details', jdatetime.datetime(1404, 2, 24, 8, 18, 54)): 'سلام احترما سوال شما مربوط به آقای دکتر مجاهد می باشد 03531872600'}",11 days 20:24:42,11 days 20:24:42,False
69,file_10_70.txt,مهلت تحویل پروژه,4420894776410413,MohammadMahdi Mirahmadi,4420894776,None,کارشناسی پیوسته_مهندسی کامپیوتر_یزد_4001,"{('request_details', jdatetime.datetime(1404, 2, 14, 9, 22, 20)): 'با سلام و احترام\nمهلت تحویل پروژه چقدر میباشد؟', ('request_details', jdatetime.datetime(1404, 2, 24, 8, 17, 25)): 'باسلام احتراما سوال شما مربوط به آقایعباسعلی دهقانی اشکذر می باشد شماره تماس 03531872295 می باشد'}",9 days 22:55:05,9 days 22:55:05,False
70,file_10_71.txt,درخواست گواهی اشتغال  به تحصیل,442138238870014,Nima Yaghmaei,4421382388,None,کارشناسی پیوسته_مهندسی کامپیوتر_یزد_4031,"{('request_details', jdatetime.datetime(1404, 2, 10, 12, 43, 23)): '', ('request_details', jdatetime.datetime(1404, 2, 24, 8, 10, 19)): 'باسلام احتراما جهت اخذ گواهی اشتغال به تحصیل  به امور ثبت نام واقع در ساختمان اداری اقاق شماره 18 مراجعه فرمایید . شماره تماس 035313872480'}",13 days 19:26:56,13 days 19:26:56,False
