﻿,file_name,subject,refrence_code,student_name,national_id,student_id,major,message,latency,duration,is_null
0,file_1_1.txt,گواهی موقت پایان تحصیلات ,6820037252902249,Laya Kord,6820037252,40210560175002,کارشناسی ناپیوسته_طراحی و تکنولوژی دوخت_یزد_4021,"{('request_details', jdatetime.datetime(1404, 5, 16, 11, 11, 45)): '', ('request_details', jdatetime.datetime(1404, 5, 24, 6, 44)): '""با سلام،\n\nبه اطلاع می\u200cرساند با توجه به تعطیلات دانشگاه آزاد اسلامی تا تاریخ ۲۵ مرداد ۱۴۰۴، در حال حاضر امکان بررسی و پیگیری درخواست شما وجود ندارد. لطفاً پس از تاریخ مذکور، مجدداً درخواست خود را ثبت نمایید.'}",7 days 19:32:15,7 days 19:32:15,False
1,file_1_2.txt,درخواست معادلسازی دروس,445008375112150,zahrhra morkiana,4450083751,None,کارشناسی ناپیوسته_مهندسی حرفه ای ایمنی صنعتی_یزد_4021,"{('request_details', jdatetime.datetime(1404, 2, 23, 8, 13, 10)): '""با سلام،\nبه اطلاع می\u200cرساند با توجه به تعطیلات دانشگاه آزاد اسلامی تا تاریخ ۲۵ مرداد ۱۴۰۴، در حال حاضر امکان بررسی و پیگیری درخواست شما وجود ندارد. لطفاً پس از تاریخ مذکور، مجدداً درخواست خود را ثبت نمایید.\nبا تشکر""', ('request_details', jdatetime.datetime(1404, 2, 24, 10, 10, 39)): '', ('request_details', jdatetime.datetime(1404, 2, 29, 7, 51, 55)): 'با سلام لطفا کارنامه مربوط به مدرک قبلی ارسال فرمایید', ('request_details', jdatetime.datetime(1404, 5, 9, 10, 29, 27)): 'سلام و عرض ادب \n\nاحتراما جهت اقدام مقتضی', ('request_details', jdatetime.datetime(1404, 5, 12, 6, 10, 15)): ''}",1 days 01:57:29,81 days 21:57:05,False
2,file_1_3.txt,درخواست گواهی اشتغال  به تحصیل,5610029325940503,فاطمه رضایی,5610029325,None,کارشناسی ناپیوسته_مهندسی حرفه ای ایمنی صنعتی_یزد_4031,"{('request_details', jdatetime.datetime(1404, 2, 10, 11, 25, 38)): '""با سلام،\nبه اطلاع می\u200cرساند با توجه به تعطیلات دانشگاه آزاد اسلامی تا تاریخ ۲۵ مرداد ۱۴۰۴، در حال حاضر امکان بررسی و پیگیری درخواست شما وجود ندارد. لطفاً پس از تاریخ مذکور، مجدداً درخواست خود را ثبت نمایید.\nبا تشکر""', ('request_details', jdatetime.datetime(1404, 2, 11, 1, 31, 35)): 'سلام و عرض ادب \n\nلطفا بفرمایید برای کدام اداره یا سازمانی لازم دارید', ('request_details', jdatetime.datetime(1404, 2, 22, 7, 45, 53)): '', ('request_details', jdatetime.datetime(1404, 2, 29, 7, 48, 57)): 'لطفا بفرمایید برای کدام اداره یا سازمانی لازم دارید', ('request_details', jdatetime.datetime(1404, 5, 9, 10, 30, 39)): 'با سلام \n\nاحتراما جهت اقدام لازم', ('request_details', jdatetime.datetime(1404, 5, 12, 6, 9, 50)): ''}",0 days 14:05:57,94 days 18:44:12,False
3,file_1_4.txt,درخواست گواهی اشتغال  به تحصیل,445008375160221,zahrhra morkiana,4450083751,None,کارشناسی ناپیوسته_مهندسی حرفه ای ایمنی صنعتی_یزد_4021,"{('request_details', jdatetime.datetime(1404, 2, 23, 8, 11, 11)): '', ('request_details', jdatetime.datetime(1404, 2, 24, 10, 10, 8)): 'سلام لطفا بفرمایید برای کدوم اداره یا سازمان لازم دارید', ('request_details', jdatetime.datetime(1404, 5, 9, 10, 31, 11)): 'سلام و عرض ادب\n\nبا احترام ضمن تشکر از همکاران گرامی که پاسخگوی این ایمیل بودند، پاسخگوی شما در درخواست های بعدی خواهیم بود.\n\nبا تشکر'}",1 days 01:58:57,79 days 02:20:00,False
4,file_1_5.txt,از من بپرس (اخذ راهنمایی اداری),4421090451466334,حمیدرضا حلاجی نوقی زاده,4421090451,None,کارشناسی ناپیوسته_حسابداری_یزد_4021,"{('request_details', jdatetime.datetime(1404, 2, 29, 1, 48, 36)): 'سلام شروع امتحانات چه زمانی هست؟\nسلام و عرض ادب از 17 خرداد شروع می شه \nکارت ورود به جلسه تون الان می تونین ازآموزشیار دریافت بفرمایید \nتاریخ و ساعت آزمون ها مشخصه', ('request_details', jdatetime.datetime(1404, 2, 31, 7, 16, 36)): '', ('request_details', jdatetime.datetime(1404, 5, 9, 10, 27, 57)): 'سلام و عرض ادب\n\nبا احترام ضمن تشکر از همکاران گرامی که پاسخگوی این ایمیل بودند، پاسخگوی شما در درخواست های بعدی خواهیم بود.\n\nبا تشکر'}",2 days 05:28:00,73 days 08:39:21,False
5,file_1_6.txt,درخواست گواهی اشتغال  به تحصیل,445008375186415,zahrhra morkiana,4450083751,40210540898004,کارشناسی ناپیوسته_مهندسی حرفه ای ایمنی صنعتی_یزد_4021,"{('request_details', jdatetime.datetime(1404, 2, 31, 9, 26, 5)): '', ('request_details', jdatetime.datetime(1404, 3, 4, 7, 11, 52)): 'سلام و عرض ادب \n\nعنوان سازمان یا اداره ای که میخواین گواهی رو بهش ارائه بدین بفرمایید', ('request_details', jdatetime.datetime(1404, 5, 9, 10, 27, 30)): 'سلام و عرض ادب\n\nبا احترام ضمن تشکر از همکاران گرامی که پاسخگوی این ایمیل بودند، پاسخگوی شما در درخواست های بعدی خواهیم بود.\n\nبا تشکر'}",3 days 21:45:47,71 days 01:01:25,False
6,file_1_7.txt,درخواست تاسیس انجمن علمی,4421208256402392,Marzieh Jabinian,4421208256,40210560294001,کاردانی ناپیوسته_کاردانی حرفه ای گریم_یزد_4021,"{('request_details', jdatetime.datetime(1404, 2, 30, 11, 12, 43)): 'با سلام واحترام \n\nدرخواست تاسیس انجمن علمی دارم \n\nبا تشکر', ('request_details', jdatetime.datetime(1404, 3, 7, 10, 42, 38)): 'سلام و عرض ادب \n\nبرای چه رشته ای؟', ('request_details', jdatetime.datetime(1404, 5, 9, 10, 27)): 'سلام و عرض ادب\n\nبا احترام ضمن تشکر از همکاران گرامی که پاسخگوی این ایمیل بودند، پاسخگوی شما در درخواست های بعدی خواهیم بود.\n\nبا تشکر'}",7 days 23:29:55,71 days 23:14:17,False
7,file_1_8.txt,درخواست فعالسازی ایمیل دانشجویی,4450036662278281,مرضیه زارع عبداللهی,4450036662,403204127,کاردانی پیوسته_حسابداری_یزد_4031,"{('request_details', jdatetime.datetime(1404, 3, 8, 10, 53, 30)): 'تست درخواست', ('request_details', jdatetime.datetime(1404, 3, 11, 9, 45, 50)): '', ('main_message', jdatetime.datetime(1404, 3, 11, 9, 45, 57)): ""از: 'کاردانی - sf-105-21301-1-4031@iau.ir '\n\nبه: 'واحد - 336216@iau.ir '\n\nموضوع: 'درخواست فعالسازی ایمیل دانشجویی'"", ('main_message', jdatetime.datetime(1404, 3, 12, 7, 22, 40)): ""از: '336216 - 336216@iau.ir '\n\nبه: 'کاردانی - sf-105-21301-1-4031@iau.ir '\n\nموضوع: 'پاسخ: درخواست فعالسازی ایمیل دانشجویی'\n\n با سلام\n\nایمیل برای همه دنشجویان فعال می باشد. لینک دسترسی به سامانه ایمیل دانشگاه\n\nhttps://mail.iau.ac.ir"", ('request_details', jdatetime.datetime(1404, 5, 9, 10, 26, 5)): 'سلام و عرض ادب\n\nبا احترام ضمن تشکر از همکاران گرامی که پاسخگوی این ایمیل بودند، پاسخگوی شما در درخواست های بعدی خواهیم بود.\n\nبا تشکر'}",2 days 22:52:20,62 days 23:32:35,False
8,file_1_9.txt,درخواست تغییر رمز و مشکل در ورود به آموزشیار,2480636224217741,yeganeh lotfi,2480636224,403735594,کاردانی پیوسته_حسابداری_یزد_4031,"{('request_details', jdatetime.datetime(1404, 3, 8, 10, 40, 26)): 'درخواست فعالسازی رمز', ('request_details', jdatetime.datetime(1404, 3, 11, 9, 47, 2)): '', ('main_message', jdatetime.datetime(1404, 3, 11, 9, 47, 8)): ""از: 'کاردانی - sf-105-21301-1-4031@iau.ir '\n\nبه: 'واحد - 336222@iau.ir '\n\nموضوع: 'درخواست تغییر رمز و مشکل در ورود به آموزشیار'"", ('main_message', jdatetime.datetime(1404, 3, 18, 8, 44, 58)): ""از: '336222 - 336222@iau.ir '\n\nبه: 'کاردانی - sf-105-21301-1-4031@iau.ir '\n\nموضوع: 'پاسخ: درخواست تغییر رمز و مشکل در ورود به آموزشیار'\n\nبا سلام و احترام\n\nموضوع بررسی و رفع مشکل شد. درصورت وجود مشکل دانشجو با شماره داخلی اینجانب 03531872700 تماس بگیرد."", ('request_details', jdatetime.datetime(1404, 5, 9, 10, 24, 14)): 'سلام و عرض ادب\n\nبا احترام ضمن تشکر از همکاران گرامی که پاسخگوی این ایمیل بودند، پاسخگوی شما در درخواست های بعدی خواهیم بود.\n\nبا تشکر'}",2 days 23:06:36,62 days 23:43:48,False
9,file_1_10.txt,درخواست صدور کارت دانشجویی,4450036662316459,مرضیه زارع عبداللهی,4450036662,403204127,کاردانی پیوسته_حسابداری_یزد_4031,"{('request_details', jdatetime.datetime(1404, 3, 8, 11, 1, 27)): '', ('request_details', jdatetime.datetime(1404, 3, 11, 9, 47, 47)): '', ('main_message', jdatetime.datetime(1404, 3, 11, 9, 47, 54)): ""از: 'کاردانی - sf-105-21301-1-4031@iau.ir '\n\nبه: 'واحد - 336308@iau.ir '\n\nموضوع: 'درخواست صدور کارت دانشجویی'"", ('main_message', jdatetime.datetime(1404, 3, 12, 9, 21, 57)): ""از: '336308 - 336308@iau.ir '\n\nبه: 'کاردانی - sf-105-21301-1-4031@iau.ir '\n\nموضوع: 'پاسخ: درخواست صدور کارت دانشجویی'\n\nسلام کارت دانشجویی صادر گردید از روز دوشنبه 1404/03/19ب بعد در زمانهای اداری به ساختمان طاهری همکف اتاق 5 ( امور دانشجویی- آقای معلایی ) مراجعه نمایند. باتشکر 03531872405"", ('request_details', jdatetime.datetime(1404, 5, 9, 10, 23, 27)): 'سلام و عرض ادب\n\nبا احترام ضمن تشکر از همکاران گرامی که پاسخگوی این ایمیل بودند، پاسخگوی شما در درخواست های بعدی خواهیم بود.\n\nبا تشکر'}",2 days 22:46:20,62 days 23:22:00,False
10,file_1_11.txt,درخواست تغییر رمز و مشکل در ورود به آموزشیار,4420255609574552,neda dehghan,4420255609,403205039,کاردانی پیوسته_حسابداری_یزد_4031,"{('request_details', jdatetime.datetime(1404, 3, 8, 10, 31, 15)): 'درخواست بررسی مشکل ورود به آموزشیار', ('request_details', jdatetime.datetime(1404, 3, 11, 9, 48, 20)): '', ('main_message', jdatetime.datetime(1404, 3, 11, 9, 48, 27)): ""از: 'کاردانی - sf-105-21301-1-4031@iau.ir '\n\nبه: 'واحد - 336222@iau.ir '\n\nموضوع: 'درخواست تغییر رمز و مشکل در ورود به آموزشیار'"", ('main_message', jdatetime.datetime(1404, 3, 18, 8, 45, 21)): ""از: '336222 - 336222@iau.ir '\n\nبه: 'کاردانی - sf-105-21301-1-4031@iau.ir '\n\nموضوع: 'پاسخ: درخواست تغییر رمز و مشکل در ورود به آموزشیار'\n\nبا سلام و احترام\n\nموضوع بررسی و رفع مشکل شد. درصورت وجود مشکل دانشجو با شماره داخلی اینجانب 03531872700 تماس بگیرد."", ('request_details', jdatetime.datetime(1404, 5, 9, 10, 22, 30)): 'سلام و عرض ادب\n\nبا احترام ضمن تشکر از همکاران گرامی که پاسخگوی این ایمیل بودند، پاسخگوی شما در درخواست های بعدی خواهیم بود.\n\nبا تشکر'}",2 days 23:17:05,62 days 23:51:15,False
11,file_1_12.txt,درخواست صدور کارت دانشجویی,4433394424321278,مژگان عابدینی,4433394424,403165302,کارشناسی ناپیوسته_حسابداری_یزد_4031,"{('request_details', jdatetime.datetime(1404, 3, 8, 12, 58, 11)): '-باسلام\nدرخواست صدور کارت دانشجویی داشتم .-----------------------------------------------------------------------------', ('request_details', jdatetime.datetime(1404, 3, 11, 9, 48, 50)): '', ('main_message', jdatetime.datetime(1404, 3, 11, 9, 48, 57)): ""از: 'کارشناسی - sf-105-21301-3-4031@iau.ir '\n\nبه: 'واحد - 336308@iau.ir '\n\nموضوع: 'درخواست صدور کارت دانشجویی'"", ('main_message', jdatetime.datetime(1404, 3, 12, 9, 26, 46)): ""از: '336308 - 336308@iau.ir '\n\nبه: 'کارشناسی - sf-105-21301-3-4031@iau.ir '\n\nموضوع: 'پاسخ: درخواست صدور کارت دانشجویی'\n\nسلام کارت دانشجویی صادر گردید از روز دوشنبه 1404/03/19 ب بعد در زمانهای اداری به ساختمان طاهری همکف اتاق 5 ( امور دانشجویی- آقای معلایی ) مراجعه نمایند. باتشکر 03531872405"", ('request_details', jdatetime.datetime(1404, 5, 9, 10, 21, 37)): 'سلام و عرض ادب\n\nبا احترام ضمن تشکر از همکاران گرامی که پاسخگوی این ایمیل بودند، پاسخگوی شما در درخواست های بعدی خواهیم بود.\n\nبا تشکر'}",2 days 20:50:39,62 days 21:23:26,False
12,file_1_13.txt,درخواست تخفیف شهریه ( چند دانشجویی),3950015302356892,پریا سیف,3950015302,403103133,کارشناسی ناپیوسته_حسابداری_یزد_4021,"{('main_message', jdatetime.datetime(1404, 3, 8, 12, 51, 8)): ""از: 'پریا - 3950015302@iau.ir '\n\nبه: 'کارشناسی - sf-105-21301-3-4021@iau.ir '\n\nموضوع: 'درخواست تخفیف شهریه ( چند دانشجویی)'"", ('request_details', jdatetime.datetime(1404, 3, 8, 12, 51, 9)): '', ('request_details', jdatetime.datetime(1404, 3, 11, 9, 51, 21)): 'با سلام لطفا مدارک دانشجوی خودتون و خواهر یا برادرتون', ('request_details', jdatetime.datetime(1404, 5, 9, 10, 20, 32)): 'سلام و عرض ادب\n\nبا احترام با توجه به مبهم بودن پیام، ایمیل شما بسته شد، پاسخگوی شما در درخواست های بعدی خواهیم بود.\n\nبا تشکر'}",0 days 00:00:01,62 days 21:29:24,False
13,file_1_14.txt,درخواست فعالسازی ایمیل,4433394424225107,مژگان عابدینی,4433394424,403165302,کارشناسی ناپیوسته_حسابداری_یزد_4031,"{('request_details', jdatetime.datetime(1404, 3, 8, 12, 35, 25)): '', ('request_details', jdatetime.datetime(1404, 3, 11, 9, 52, 16)): '', ('main_message', jdatetime.datetime(1404, 3, 11, 9, 52, 23)): ""از: 'کارشناسی - sf-105-21301-3-4031@iau.ir '\n\nبه: 'واحد - 336216@iau.ir '\n\nموضوع: 'درخواست فعالسازی ایمیل'"", ('main_message', jdatetime.datetime(1404, 3, 12, 7, 23, 41)): ""از: '336216 - 336216@iau.ir '\n\nبه: 'کارشناسی - sf-105-21301-3-4031@iau.ir '\n\nموضوع: 'پاسخ: درخواست فعالسازی ایمیل'\n\n\n\n با سلام\n\nایمیل برای همه دنشجویان فعال می باشد. لینک دسترسی به سامانه ایمیل دانشگاه\n\nmail.iau.ac.ir"", ('request_details', jdatetime.datetime(1404, 5, 9, 10, 18, 31)): 'سلام و عرض ادب\n\nبا احترام ضمن تشکر از همکاران گرامی که پاسخگوی این ایمیل بودند، پاسخگوی شما در درخواست های بعدی خواهیم بود.\n\nبا تشکر'}",2 days 21:16:51,62 days 21:43:06,False
14,file_1_15.txt,ایمیل,5529981402288765,Zeinab Hadadzade,5529981402,403719772,کارشناسی ناپیوسته_حسابداری_یزد_4031,"{('request_details', jdatetime.datetime(1404, 3, 7, 12, 17, 52)): '', ('request_details', jdatetime.datetime(1404, 3, 11, 9, 54, 14)): 'سلام لطفا درخواست تون رو بفرمایید', ('request_details', jdatetime.datetime(1404, 5, 9, 10, 16, 55)): 'سلام و عرض ادب\n\nبا احترام ضمن تشکر از همکاران گرامی که پاسخگوی این ایمیل بودند، پاسخگوی شما در درخواست های بعدی خواهیم بود.\n\nبا تشکر'}",3 days 21:36:22,63 days 21:59:03,False
15,file_1_16.txt,درخواست تخفیف شهریه ( چند دانشجویی),174290335537727,سجاد چنانی محی زاده,1742903355,None,کارشناسی ناپیوسته_حقوق - حقوق ثبتی_یزد_4021,"{('request_details', jdatetime.datetime(1404, 2, 26, 4, 37, 29)): '', ('request_details', jdatetime.datetime(1404, 3, 18, 1, 23, 34)): 'سلام لطفا درخواست تون رو کامل بفرمایید', ('request_details', jdatetime.datetime(1404, 5, 9, 10, 16, 28)): ''}",22 days 20:46:05,76 days 05:38:59,False
16,file_1_17.txt,ترم تابستانه,1742903355869843,سجاد چنانی محی زاده,1742903355,402781640,کارشناسی ناپیوسته_حقوق - حقوق ثبتی_یزد_4021,"{('request_details', jdatetime.datetime(1404, 3, 17, 6, 42, 20)): '', ('request_details', jdatetime.datetime(1404, 3, 18, 1, 24, 35)): 'سلام درخواست تون رو کامل بفرمایید', ('main_message', jdatetime.datetime(1404, 3, 18, 1, 24, 41)): ""از: 'کارشناسی - sf-105-20885-3-4021@iau.ir '\n\nبه: 'سجاد - 1742903355@iau.ir '\n\nموضوع: 'ترم تابستانه'\n\nسلام درخواست تون رو کامل بفرمایید"", ('main_message', jdatetime.datetime(1404, 4, 5, 11, 16, 6)): ""از: '1742903355 - 1742903355@iau.ir '\n\nبه: 'کارشناسی - sf-105-20885-3-4021@iau.ir '\n\nموضوع: 'پاسخ: با سلام و احترام تقاضای بنده صدور مجوز ترم تابستانه دارم'"", ('request_details', jdatetime.datetime(1404, 5, 9, 10, 16)): 'سلام و عرض ادب\n\nبا احترام ضمن تشکر از همکاران گرامی که پاسخگوی این ایمیل بودند، پاسخگوی شما در درخواست های بعدی خواهیم بود.\n\nبا تشکر'}",0 days 18:42:15,54 days 03:33:40,False
17,file_1_18.txt,درخواست کارت دانشجوی ,4421205435295749,Nilufar Dehghani,4421205435,None,کارشناسی ناپیوسته_آموزش و پرورش ابتدایی_یزد_4032,"{('request_details', jdatetime.datetime(1404, 2, 24, 11, 1, 1)): 'صدور کارت دانشجویی', ('request_details', jdatetime.datetime(1404, 2, 29, 7, 44, 52)): '', ('request_details', jdatetime.datetime(1404, 2, 29, 7, 52, 52)): '', ('main_message', jdatetime.datetime(1404, 2, 29, 7, 52, 58)): ""از: 'کارشناسی - sf-105-20627-3-4032@iau.ir '\n\nبه: 'واحد - 336308@iau.ir '\n\nموضوع: 'درخواست کارت دانشجوی '"", ('main_message', jdatetime.datetime(1404, 2, 29, 10, 36, 32)): ""از: '336308 - 336308@iau.ir '\n\nبه: 'کارشناسی - sf-105-20627-3-4032@iau.ir '\n\nموضوع: 'پاسخ: درخواست کارت دانشجوی '\n\nسلام وقت بخیر.\n\nاحتراما با توجه به اینکه شما ورودی بهمن 1403می باشد متاسفانه سازمان مرکزی عکس شما در سامانه آموزشیار بارگزاری نکرده است. لذا جهت دریافت کارت در تیرماه 1404 مجددا درخواست بدهید.اگر جهت امتحانات نیاز دارید به کارت دانشجویی کارت شناسایی عکسدار بهمراه خود داشته باشد. باتشکر"", ('request_details', jdatetime.datetime(1404, 3, 25, 4, 13, 16)): '', ('request_details', jdatetime.datetime(1404, 5, 9, 10, 14, 39)): ''}",4 days 20:43:51,77 days 23:13:38,False
18,file_1_19.txt,درخواست فعالسازی رمز عبور,4421206768978499,فاطمه سلطانی کیا,4421206768,403159255,کارشناسی ناپیوسته_حسابداری_یزد_4031,"{('request_details', jdatetime.datetime(1404, 3, 22, 11, 30, 29)): '', ('request_details', jdatetime.datetime(1404, 3, 25, 4, 14, 4)): 'سلام درخواست تان را کامل بفرمایید', ('request_details', jdatetime.datetime(1404, 5, 9, 10, 13, 56)): 'سلام و عرض ادب\n\nبا احترام ضمن تشکر از همکاران گرامی که پاسخگوی این ایمیل بودند، پاسخگوی شما در درخواست های بعدی خواهیم بود.\n\nبا تشکر'}",2 days 16:43:35,48 days 22:43:27,False
19,file_1_20.txt,درخواست شرکت در آزمون های پایان ترم دوم 1403 بعلت شرایط حال حاضر کشور,5439959378760332,حمیده حیدری,5439959378,403731006,کاردانی ناپیوسته_کاردانی فنی ایمنی کار و حفاظت فنی_یزد_4031,"{('request_details', jdatetime.datetime(1404, 3, 27, 12, 5, 17)): 'با سلام\n\n   احتراماً، نظر به اینکه اینجانب در شهرستان خاتم و دهستان چاهک ساکن می باشم که با مرکز استان فاصله تقریبا 300 کیلومتری را دارد و نیز نظر به اینکه دارای فرزند خردسال می باشم امکان شرکت در جلسات امتحان حضوری را ندارم خواهشمند است نسبت به درخواست اینجانب مبنی بر جابجایی تاریخ امتحان موافقت فرمایید.', ('request_details', jdatetime.datetime(1404, 4, 2, 8, 46, 28)): '', ('request_details', jdatetime.datetime(1404, 5, 9, 10, 12, 52)): 'سلام و عرض ادب\n\nبا احترام ضمن تشکر از همکاران گرامی که پاسخگوی این ایمیل بودند، پاسخگوی شما در درخواست های بعدی خواهیم بود.\n\nبا تشکر'}",5 days 20:41:11,43 days 22:07:35,False
20,file_1_21.txt,درخواست فعالسازی رمز عبور,4421274119455716,نازنین عباس زاده,4421274119,403159266,کارشناسی ناپیوسته_حسابداری_یزد_4031,"{('request_details', jdatetime.datetime(1404, 3, 26, 9, 40, 18)): '', ('request_details', jdatetime.datetime(1404, 4, 12, 10, 1, 29)): 'سلام لطفا درخواست تان را واضح بفرمایید', ('request_details', jdatetime.datetime(1404, 5, 9, 10, 12, 12)): 'سلام و عرض ادب\n\nبا احترام ضمن تشکر از همکاران گرامی که پاسخگوی این ایمیل بودند، پاسخگوی شما در درخواست های بعدی خواهیم بود.\n\nبا تشکر'}",17 days 00:21:11,45 days 00:31:54,False
21,file_1_22.txt,با سلام و احترام اینجانب سجاد چنانی به شماره دانشجویی ۴۰۲۷۸۱۶۴۰ تقاضای صدور مجوز ترم تابستان را دادم.  با تشکر وسپاس چنانی,1742903355102296,سجاد چنانی محی زاده,1742903355,402781640,کارشناسی ناپیوسته_حقوق - حقوق ثبتی_یزد_4021,"{('request_details', jdatetime.datetime(1404, 4, 5, 11, 19, 9)): '', ('request_details', jdatetime.datetime(1404, 4, 16, 10, 31, 20)): '', ('main_message', jdatetime.datetime(1404, 4, 16, 10, 31, 27)): ""از: 'کارشناسی - sf-105-20885-3-4021@iau.ir '\n\nبه: 'واحد - 336861@iau.ir '\n\nموضوع: 'با سلام و احترام اینجانب سجاد چنانی به شماره دانشجویی ۴۰۲۷۸۱۶۴۰ تقاضای صدور مجوز ترم تابستان را دادم. با تشکر وسپاس چنانی'"", ('main_message', jdatetime.datetime(1404, 4, 18, 12, 45, 23)): ""از: '336861 - 336861@iau.ir '\n\nبه: 'کارشناسی - sf-105-20885-3-4021@iau.ir '\n\nموضوع: 'پاسخ: با سلام و احترام اینجانب سجاد چنانی به شماره دانشجویی ۴۰۲۷۸۱۶۴۰ تقاضای صدور مجوز ترم تابستان را دادم. با تشکر وسپاس چنانی'\n\nانجام شده"", ('request_details', jdatetime.datetime(1404, 5, 9, 10, 10, 49)): 'سلام و عرض ادب\n\nبا احترام ضمن تشکر از همکاران گرامی که پاسخگوی این ایمیل بودند، پاسخگوی شما در درخواست های بعدی خواهیم بود.\n\nبا تشکر', ('request_details', jdatetime.datetime(1404, 5, 9, 10, 11, 12)): ''}",10 days 23:12:11,34 days 22:52:03,False
22,file_1_23.txt,به علت مسافرت به پایتخت ایران ودرگیری درتهران و مسدودیت راه ها اینجانب با تاخیر وارد استان یزد شدم و درخواست امتحان مجدد در درس سیستم های ایمنی ورفاهی خودرو را دارم,5350047892293654,Abolfazl Mohamadhasni,5350047892,40210540680025,کاردانی پیوسته_مکانیک خودرو_یزد_4021,"{('request_details', jdatetime.datetime(1404, 4, 8, 10, 20, 51)): '', ('request_details', jdatetime.datetime(1404, 4, 22, 12, 32, 27)): 'سلام و عرض ادب لطفا فرم مربوطه رو تکمیل بفرمایید و مجد ارسال کنید', ('request_details', jdatetime.datetime(1404, 5, 9, 10, 9, 6)): 'سلام و عرض ادب \n\nاحتراما جهت اقدام مقتضی \n\nبا تشکر', ('request_details', jdatetime.datetime(1404, 5, 9, 10, 9, 37)): ''}",14 days 02:11:36,31 days 23:48:46,False
23,file_1_24.txt,برگذاری امتحان مجدد,4480169644176173,fatemeh kargar,4480169644,402788369,کارشناسی ناپیوسته_مهندسی حرفه ای معماری_یزد_4021,"{('request_details', jdatetime.datetime(1404, 3, 27, 9, 45, 43)): 'سلام و عرض ادب \nبنده غیر بومی هستم و ساکن بندرعباس هستم در این شرایط امکان اینکه در امتحانات شرکت کنم را ندارم \nمبنی بر این موضوع تقاضای امتحان مجدد را دارم', ('request_details', jdatetime.datetime(1404, 4, 22, 12, 33, 58)): 'سلام و عرض ادب لطفا فرم مربوطه رو تکمیل و پیوست کنید', ('request_details', jdatetime.datetime(1404, 5, 9, 10, 6, 54)): 'سلام و عرض ادب \n\nاحتراما جهت اقدام لازم'}",26 days 02:48:15,44 days 00:21:11,False
24,file_1_25.txt,درخواست برگزاری مجدد امتحانات ,4421049311853858,SHAYAN DEHGHAN,4421049311,402788256,کارشناسی ناپیوسته_مهندسی حرفه ای معماری_یزد_4021,"{('request_details', jdatetime.datetime(1404, 4, 23, 11, 2, 28)): '', ('request_details', jdatetime.datetime(1404, 4, 24, 9, 19, 34)): 'سلام لطفا فرم مربوطه را تکمیل و در پیوست به اینجانب ارسال فرمائید', ('request_details', jdatetime.datetime(1404, 5, 9, 10, 5, 15)): 'سلام و عرض ادب \n\nاحتراما جهت اقدام مقتضی'}",0 days 22:17:06,16 days 23:02:47,False
25,file_1_26.txt,اولین درخواست برای ثبت در سامانه,4421133175336344,morteza orf,4421133175,None,کاردانی پیوسته_مکانیک خودرو_یزد_4021,"{('request_details', jdatetime.datetime(1404, 2, 29, 12, 25, 14)): 'تاریخ شروع امتحانات نهایی؟------------------------------------------------------------------------------', ('request_details', jdatetime.datetime(1404, 4, 29, 12, 58, 20)): '', ('main_message', jdatetime.datetime(1404, 4, 29, 12, 58, 26)): ""از: 'کاردانی - sm-105-40680-1-4021@iau.ir '\n\nبه: 'واحد - 336861@iau.ir '\n\nموضوع: 'اولین درخواست برای ثبت در سامانه'"", ('main_message', jdatetime.datetime(1404, 4, 30, 11, 48, 44)): ""از: '336861 - 336861@iau.ir '\n\nبه: 'کاردانی - sm-105-40680-1-4021@iau.ir '\n\nموضوع: 'پاسخ: اولین درخواست برای ثبت در سامانه'\n\nسلام \n\nامتحانات ترم تابستان از ٢٥/٥/١٤٠٤لغايت٣٠/٥/١٤٠٤"", ('request_details', jdatetime.datetime(1404, 5, 9, 10, 2, 4)): 'سلام و عرض ادب\n\nبا احترام ضمن تشکر از همکاران گرامی که پاسخگوی این ایمیل بودند، پاسخگوی شما در درخواست های بعدی خواهیم بود.\n\nبا تشکر'}",62 days 00:33:06,72 days 21:36:50,False
26,file_1_27.txt,درخاست امتحان مجدد درس کارگاه انتقال قدرت خودروatcvt2,5350047892556529,Abolfazl Mohamadhasni,5350047892,40210540680025,کاردانی پیوسته_مکانیک خودرو_یزد_4021,"{('request_details', jdatetime.datetime(1404, 4, 30, 11, 17, 32)): '', ('request_details', jdatetime.datetime(1404, 5, 5, 10, 44, 48)): '', ('request_details', jdatetime.datetime(1404, 5, 9, 10, 1, 15)): 'سلام و عرض ادب\n\nبا احترام ضمن تشکر از همکاران گرامی که پاسخگوی این ایمیل بودند، پاسخگوی شما در درخواست های بعدی خواهیم بود.\n\nبا تشکر'}",5 days 23:27:16,9 days 22:43:43,False
27,file_1_28.txt,رفع مشکلات احتمالی آموزشیار,4421064904867287,,None,None,,"{('request_details', jdatetime.datetime(1403, 12, 26, 9, 21, 23)): 'سلام . تست صحت درخواست', ('request_details', jdatetime.datetime(1404, 1, 28, 9, 50, 22)): '', ('request_details', jdatetime.datetime(1404, 5, 8, 8, 22, 34)): 'با سلام \n\nاحتراما درخواست خود را کامل مطرح نمایید'}",32 days 00:28:59,135 days 23:01:11,False
28,file_1_29.txt,درخواست امتحان مجدد,4480169644455091,fatemeh kargar,4480169644,402788369,کارشناسی ناپیوسته_مهندسی حرفه ای معماری_یزد_4021,"{('request_details', jdatetime.datetime(1404, 5, 5, 8, 50, 37)): '', ('request_details', jdatetime.datetime(1404, 5, 8, 8, 48, 39)): ''}",2 days 23:58:02,2 days 23:58:02,True
29,file_1_30.txt,تست درخواست دانشجویی,4421064904407650,مهدی دل برده,4421064904,None,کارشناسی ناپیوسته_مهندسی حرفه ای برق قدرت_یزد_4021,"{('request_details', jdatetime.datetime(1404, 1, 17, 2, 6, 45)): '', ('request_details', jdatetime.datetime(1404, 4, 29, 12, 56, 34)): ''}",105 days 10:49:49,105 days 10:49:49,True
30,file_1_31.txt,امتحان مجدد,1990860461461778,Behroz Jamalvand,1990860461,40110540891019,کارشناسی ناپیوسته_مهندسی حرفه ای مواد ریخته گری_یزد_4011,"{('request_details', jdatetime.datetime(1404, 4, 8, 10, 25, 20)): '------------------------------------------------------------------------------بابت درس اندیشه بدلیل شرایط بد کشور در بحران جنگ مایل ب امتحان مجدد هستم', ('request_details', jdatetime.datetime(1404, 4, 18, 9, 24, 2)): ''}",9 days 22:58:42,9 days 22:58:42,True
31,file_1_32.txt,امتحان مجدد,1990860461864270,Behroz Jamalvand,1990860461,40110540891019,کارشناسی ناپیوسته_مهندسی حرفه ای مواد ریخته گری_یزد_4011,"{('request_details', jdatetime.datetime(1404, 4, 8, 10, 31, 24)): '------------------------------------------------------------------------------مایل ب امتحان مجدد تاریخ فرهنگ وتمدن ایران و اسلام میباشم', ('request_details', jdatetime.datetime(1404, 4, 12, 10, 2, 33)): ''}",3 days 23:31:09,3 days 23:31:09,True
32,file_1_33.txt,امتحان مجدد,1990860461607558,Behroz Jamalvand,1990860461,40110540891019,کارشناسی ناپیوسته_مهندسی حرفه ای مواد ریخته گری_یزد_4011,"{('request_details', jdatetime.datetime(1404, 4, 8, 10, 33, 37)): '------------------------------------------------------------------------------مایل ب امتحان مجدد تفسیر موضوعی قران هستم', ('request_details', jdatetime.datetime(1404, 4, 12, 10, 2)): ''}",3 days 23:28:23,3 days 23:28:23,True
33,file_1_34.txt,امتحان مجدد,1990860461794513,Behroz Jamalvand,1990860461,40110540891019,کارشناسی ناپیوسته_مهندسی حرفه ای مواد ریخته گری_یزد_4011,"{('request_details', jdatetime.datetime(1404, 4, 8, 10, 35, 33)): '------------------------------------------------------------------------------مایل ب انجام امتحان مجدد درس انقلاب اسلامی میباشم', ('request_details', jdatetime.datetime(1404, 4, 12, 10, 0, 36)): ''}",3 days 23:25:03,3 days 23:25:03,True
34,file_1_35.txt,درخواست ازمون مجدد,257270240153313,Nasrin Balaghi,2572702401,40210540894002,کارشناسی ناپیوسته_مهندسی حرفه ای صنایع نساجی_یزد_4021,"{('request_details', jdatetime.datetime(1404, 4, 1, 11, 5, 37)): 'باسلام با توجه به مشکلات پیش امده موفق به انجام امتحان فرهنگ تمدن نشدم که فایل ضمیمه می باشد', ('request_details', jdatetime.datetime(1404, 4, 12, 10, 0, 1)): ''}",10 days 22:54:24,10 days 22:54:24,True
35,file_1_36.txt,ایمیل دانشجویی ,4421219266148430,نرگس سلطانی گردفرامرزی,4421219266,403159566,کارشناسی ناپیوسته_حسابداری_یزد_4031,"{('request_details', jdatetime.datetime(1404, 3, 22, 9, 55, 50)): '', ('request_details', jdatetime.datetime(1404, 3, 25, 4, 17, 38)): 'سلام درخواست تان را کامل در ایمیل جدید ارسال بفرمایید'}",2 days 18:21:48,2 days 18:21:48,False
36,file_1_37.txt,درخواست فعالسازی رمز عبور ,5520040109264397,مهدیه منصوری محمد آبادی,5520040109,403162205,کارشناسی ناپیوسته_حسابداری_یزد_4031,"{('request_details', jdatetime.datetime(1404, 3, 22, 9, 56, 57)): '', ('request_details', jdatetime.datetime(1404, 3, 25, 4, 16, 36)): 'سلام درخواست تان را کامل بفرمایید'}",2 days 18:19:39,2 days 18:19:39,False
37,file_1_38.txt,درخواست فعالسازی رمز عبور ,4421239951163663,یاسمن میرجلیلی,4421239951,403159252,کارشناسی ناپیوسته_حسابداری_یزد_4031,"{('request_details', jdatetime.datetime(1404, 3, 22, 11, 19, 57)): '', ('request_details', jdatetime.datetime(1404, 3, 25, 4, 15, 51)): 'سلام \n\nدرخواست تان را بفرمایید'}",2 days 16:55:54,2 days 16:55:54,False
38,file_1_39.txt,درخواست فعالسازی رمز عبور ,442123710821993,نسترن دهقان,4421237108,403159337,کارشناسی ناپیوسته_حسابداری_یزد_4031,"{('request_details', jdatetime.datetime(1404, 3, 22, 1, 34, 7)): '', ('request_details', jdatetime.datetime(1404, 3, 25, 4, 15, 4)): 'درخواست تان را در ایمیل جدید به صورت واضح و کامل بفرمایید'}",3 days 02:40:57,3 days 02:40:57,False
39,file_1_40.txt,درخواست برای ترم تابستان,4431824987680479,Somayah Zargan,4431824987,40210520883001,کاردانی ناپیوسته_کاردانی حرفه ای حقوق- حقوق ثبتی_یزد_4021,"{('request_details', jdatetime.datetime(1404, 3, 15, 12, 38, 46)): '', ('request_details', jdatetime.datetime(1404, 3, 18, 1, 21, 49)): 'سلام هنوز دقیق مشخص نیست اطلاعات تکمیلی تا چند روز آینده در سایت اطلاع رسانی خواهد شد'}",2 days 12:43:03,2 days 12:43:03,False
40,file_1_41.txt,,3031897031584655,,None,None,,"{('request_details', jdatetime.datetime(1404, 2, 29, 6, 1, 47)): 'در چه صورت امکان اخذ ۲۳واحد را داریم؟', ('request_details', jdatetime.datetime(1404, 3, 18, 1, 17, 52)): 'سلام معدل تون بالای 17 باشه یا ترم آخر باشین'}",19 days 19:16:05,19 days 19:16:05,False
41,file_1_42.txt,سلام امتحانات از کی شروع میشه؟,0010492615139246,marzieh Hajti,10492615,402776694,کارشناسی ناپیوسته_مهندسی حرفه ای کامپیوتر نرم افزار_یزد_4021,"{('request_details', jdatetime.datetime(1404, 3, 8, 11, 6, 23)): '', ('request_details', jdatetime.datetime(1404, 3, 11, 9, 45, 21)): 'با سلام \n\nاز ۱۷ خرداد'}",2 days 22:38:58,2 days 22:38:58,False
42,file_1_43.txt,درخواست صدور کارت دانشجویی,0829739033723373,مریم صدقیانی,829739033,None,کارشناسی ناپیوسته_حسابداری_یزد_4031,"{('request_details', jdatetime.datetime(1404, 2, 28, 9, 15, 12)): 'با سلام و احترام،\n\nدانشجوی ترم دوم کارشناسی حسابداری هستم و قبلا درخواست صدور کارت داشنجویی داده بودم اما موفق به دریافت کارت نشدم تشکر میکنم از شما بابت پیگیری درخواست اینجانب\n\nبا تشکر\n\nدانشجو مریم صدقیانی', ('request_details', jdatetime.datetime(1404, 2, 28, 9, 34, 42)): '', ('request_details', jdatetime.datetime(1404, 3, 8, 8, 18, 46)): '', ('request_details', jdatetime.datetime(1404, 3, 11, 9, 42, 36)): '', ('request_details', jdatetime.datetime(1404, 3, 11, 9, 42, 55)): ''}",0 days 00:19:30,14 days 00:27:43,True
43,file_1_44.txt,,4420970707462749,,None,None,,"{('request_details', jdatetime.datetime(1404, 2, 28, 10, 29, 31)): 'دراه صورت امکان اخذ۲۳واحد وجود دارد؟', ('request_details', jdatetime.datetime(1404, 2, 29, 7, 47, 16)): 'با سلام در صورتی که معدل حداقل 17 یلترم آخرباشید'}",0 days 21:17:45,0 days 21:17:45,False
44,file_1_45.txt,سلام تاریخ شروع امتحانات کی است ؟,5520038120423802,fatemeh danghghannajamabadi,5520038120,None,کارشناسی ناپیوسته_مهندسی حرفه ای کامپیوتر نرم افزار_یزد_4021,"{('request_details', jdatetime.datetime(1404, 2, 28, 12, 21, 49)): '', ('request_details', jdatetime.datetime(1404, 2, 29, 7, 43, 45)): 'با سلام از 17 خرداد شروع می شود برای اطلاعات بیشتر کارت ورود به جلسه بگیرید'}",0 days 19:21:56,0 days 19:21:56,False
