﻿,file_name,subject,refrence_code,student_name,national_id,student_id,major,message,latency,duration,is_null
0,file_12_1.txt,درخواست صدور کارت دانشجویی,442082666532499,رضا امراللهی بیوکی,4420826665,403146071,کارشناسی ارشد ناپیوسته_حقوق خصوصی_یزد_4031,"{('request_details', jdatetime.datetime(1404, 5, 31, 9, 46, 15)): ''}",,,True
1,file_12_2.txt,درخواست صدور کارت دانشجویی,442082666570797,رضا امراللهی بیوکی,4420826665,403146071,کارشناسی ارشد ناپیوسته_حقوق خصوصی_یزد_4031,"{('request_details', jdatetime.datetime(1404, 5, 30, 10, 17, 14)): ''}",,,True
2,file_12_3.txt,درخواست معافیت تحصیلی,4421296899296886,amirreza shayegh,4421296899,40210520803124,کارشناسی پیوسته_حقوق_یزد_4021,"{('request_details', jdatetime.datetime(1404, 5, 9, 10, 28, 17)): 'باسلام نامه اشتغال به تحصیل بابت بیمه تامین اجتماعی', ('request_details', jdatetime.datetime(1404, 5, 28, 10, 52, 24)): ''}",19 days 00:24:07,19 days 00:24:07,True
3,file_12_4.txt,درخواست گواهی اشتغال  به تحصیل,4421296899822640,amirreza shayegh,4421296899,40210520803124,کارشناسی پیوسته_حقوق_یزد_4021,"{('request_details', jdatetime.datetime(1404, 5, 9, 10, 30, 25)): 'باسلام بابت بیمه تامین اجتماعی نامه میخواستم واسه اشتغال به تحصیل', ('request_details', jdatetime.datetime(1404, 5, 28, 10, 50, 18)): 'سلام برای کجا'}",19 days 00:19:53,19 days 00:19:53,False
4,file_12_5.txt,درخواست گواهی اشتغال  به تحصیل,002465406134035,seyed yoones hashemi khah,24654061,39910520803054,کارشناسی پیوسته_حقوق_یزد_3991,"{('request_details', jdatetime.datetime(1404, 5, 13, 5, 15, 14)): '', ('request_details', jdatetime.datetime(1404, 5, 28, 10, 48, 51)): ''}",15 days 05:33:37,15 days 05:33:37,True
5,file_12_6.txt,درخواست گواهی اشتغال  به تحصیل,4480186786186361,Danial Dehghani,4480186786,402818715,کارشناسی پیوسته_حقوق_یزد_4021,"{('request_details', jdatetime.datetime(1404, 5, 23, 10, 21, 45)): 'جهت بیمارستان امام جعفر صادق میبد', ('request_details', jdatetime.datetime(1404, 5, 28, 10, 48, 11)): ''}",5 days 00:26:26,5 days 00:26:26,True
6,file_12_7.txt,درخواست انتخاب واحد- حذف و اضافه خارج از زمان,4421014737861235,Mehdi Kahdooei,4421014737,40110520803315,کارشناسی پیوسته_حقوق_یزد_4011,"{('request_details', jdatetime.datetime(1404, 5, 25, 11, 29, 19)): '', ('request_details', jdatetime.datetime(1404, 5, 28, 10, 46, 8)): ''}",2 days 23:16:49,2 days 23:16:49,True
7,file_12_8.txt,امتحان مجدد ,4421214991711867,hamidreza rajabi,4421214991,403809419,کارشناسی پیوسته_حقوق_یزد_4032,"{('request_details', jdatetime.datetime(1404, 4, 12, 10, 41, 6)): 'سلام و عرض ادب \n\nدر دروس مالیه عمومی و حقوق محیط زیست امکان شرکت در امتحان را نداشتم \n\nخواهشمند است در صورت امکان امتحان مجدد از این جانب به عمل آید\n\nدو فایل برای ثبت درخواست هر درس ضمیمه می\u200cباشد \n\nپیشاپیش از همکاری و پیگیری شما سپاس گذارم', ('request_details', jdatetime.datetime(1404, 4, 16, 8, 28, 9)): '', ('request_details', jdatetime.datetime(1404, 5, 8, 9, 59, 29)): '«درخواست شما دریافت شد، اطلاع رسانی های بعدی متعاقبا از طریق کانال های رسمی دانشگاه ازاد اسلامی استان یزد در پلتفرم های ایتا و تلگرام اعلام می گردد.»'}",3 days 21:47:03,26 days 23:18:23,False
8,file_12_9.txt,امتحانات معوق,5129665090441617,عبداله افشاری,5129665090,403103290,کارشناسی ارشد ناپیوسته_حقوق خصوصی_یزد_4031,"{('request_details', jdatetime.datetime(1404, 5, 5, 8, 57, 21)): '-------------------------------------------------------------------سلام\nعبداله افشاری\nشماره دانشجویی\n403103290\nمتون فقه\n7000032378', ('request_details', jdatetime.datetime(1404, 5, 5, 9, 48, 13)): '', ('request_details', jdatetime.datetime(1404, 5, 8, 9, 32, 33)): 'سلام فرم مربوطه را تکمیل و ارسال نمایید'}",0 days 00:50:52,3 days 00:35:12,False
9,file_12_10.txt,امتحانات معوق,443246502669962,هادی راینی نژاد,4432465026,403103272,کارشناسی ارشد ناپیوسته_حقوق خصوصی_یزد_4031,"{('request_details', jdatetime.datetime(1404, 5, 5, 8, 47, 6)): 'حقوق مدنی _ 1416202\nحقوق تجارت- 1416202\nآیین دادرسی مدنی_ 1416209', ('request_details', jdatetime.datetime(1404, 5, 5, 9, 50, 56)): '', ('request_details', jdatetime.datetime(1404, 5, 8, 9, 29, 56)): 'سلام فرم مربوطه را تکمیل و ارسال نمائید'}",0 days 01:03:50,3 days 00:42:50,False
10,file_12_11.txt,درخواست امتحان مجدد ,4421218197289360,سید محمد موسوی,4421218197,40110520803186,کارشناسی پیوسته_حقوق_یزد_4011,"{('request_details', jdatetime.datetime(1404, 5, 5, 3, 35, 15)): '------------------------------------------------------------------------------در تاریخ ۱۴۰۴/۴/۲ امتحان زبان انگلیسی عمومی ترکیبی ۱ با شماره ارائه : ۱۱۹۹۴۵۰۹ داشته و به دلیل قطعی اینترنت درخواست امتحان مجدد. این درس را دارم', ('request_details', jdatetime.datetime(1404, 5, 5, 9, 51, 27)): 'سلام  فرم مربوطه را تکمیل و ارسال نمائید', ('request_details', jdatetime.datetime(1404, 5, 8, 9, 29, 1)): ''}",0 days 06:16:12,3 days 05:53:46,False
11,file_12_12.txt,شرکت در ازمون جبرانی درس زبان پیش دانشگاهی,4421369241731903,Mohammad Zare,4421369241,40210520803123,کارشناسی پیوسته_حقوق_یزد_4021,"{('request_details', jdatetime.datetime(1404, 5, 5, 9, 52, 43)): 'مورد تایید است\nمورد تایید است', ('request_details', jdatetime.datetime(1404, 5, 5, 12, 26)): '', ('request_details', jdatetime.datetime(1404, 5, 8, 9, 26, 50)): 'سلام فرم مربوطه راتکمیل وارسال نمایید'}",0 days 02:33:17,2 days 23:34:07,False
12,file_12_13.txt,امتحان معوق,4860361687704587,Milad Saberizadeh,4860361687,40110520803318,کارشناسی پیوسته_حقوق_یزد_4011,"{('request_details', jdatetime.datetime(1404, 5, 1, 3, 2, 2)): '', ('request_details', jdatetime.datetime(1404, 5, 5, 9, 53, 17)): '', ('request_details', jdatetime.datetime(1404, 5, 8, 9, 24, 40)): 'سلام فرم مربوطه راتکمیل وبه پیوست ارسال کنید'}",4 days 06:51:15,7 days 06:22:38,False
13,file_12_14.txt,امتحانات معوق ,4421218197823093,Mohammad mosavy,4421218197,40110520803186,کارشناسی پیوسته_حقوق_یزد_4011,"{('request_details', jdatetime.datetime(1404, 5, 1, 2, 41, 24)): '------------------------------------------------------------------------------درخواست امتحان مجدد زبان انگلیسی پیش ۱ با کد ارائه۱۱۹۹۴۵۰۹', ('request_details', jdatetime.datetime(1404, 5, 5, 9, 53, 53)): '', ('request_details', jdatetime.datetime(1404, 5, 8, 9, 22, 59)): 'فرم مربوطه را تکمیل نمایید'}",4 days 07:12:29,7 days 06:41:35,False
14,file_12_15.txt,درخواست فرم آمادگی دفاع,5430062421243617,Mohammad hossein Abooei,5430062421,40210520856001,کارشناسی ارشد ناپیوسته_سردفتری اسناد رسمی_یزد_4021,"{('request_details', jdatetime.datetime(1404, 4, 31, 11, 20, 42)): 'با سلام  و احترام \nاینجناب درخواست فرم آمادگی دفاع را دارم.', ('request_details', jdatetime.datetime(1404, 5, 5, 9, 54, 54)): '', ('request_details', jdatetime.datetime(1404, 5, 8, 9, 21, 34)): ''}",4 days 22:34:12,7 days 22:00:52,True
15,file_12_16.txt,امتحانات معوق,0371531195972925,محمدعلی عرشیان,371531195,403103213,کارشناسی ارشد ناپیوسته_حقوق کیفری و جرم شناسی_یزد_4031,"{('request_details', jdatetime.datetime(1404, 5, 5, 7, 10, 11)): '', ('request_details', jdatetime.datetime(1404, 5, 6, 8, 34, 46)): 'سلام فرم مربوطه پیوست نشده', ('request_details', jdatetime.datetime(1404, 5, 8, 9, 15, 47)): ''}",1 days 01:24:35,3 days 02:05:36,False
16,file_12_17.txt,امتحانات معوق نه,4421218197361028,Mohammad mosavy,4421218197,40110520803186,کارشناسی پیوسته_حقوق_یزد_4011,"{('request_details', jdatetime.datetime(1404, 5, 1, 2, 36, 7)): '', ('request_details', jdatetime.datetime(1404, 5, 5, 9, 54, 26)): '', ('request_details', jdatetime.datetime(1404, 5, 8, 8, 54, 1)): ''}",4 days 07:18:19,7 days 06:17:54,True
17,file_12_18.txt,درخواست تخفیف شهریه ( چند دانشجویی),4420511249363800,Rasoul Pashabonyad,4420511249,40110520803191,کارشناسی پیوسته_حقوق_یزد_4011,"{('request_details', jdatetime.datetime(1404, 4, 7, 9, 34, 23)): 'با سلام و احترام \nلطفا بفرمائید که برای تخفیف شهریه چند دانشجوئی، چه مدارکی لازم است.', ('request_details', jdatetime.datetime(1404, 4, 8, 1, 22, 46)): '', ('main_message', jdatetime.datetime(1404, 4, 8, 1, 22, 52)): ""از: 'کارشناسی - sm-105-20803-4-4011@iau.ir '\n\nبه: 'Rasoul - 4420511249@iau.ir واحد - 336480@iau.ir '\n\nموضوع: 'درخواست تخفیف شهریه ( چند دانشجویی)'"", ('main_message', jdatetime.datetime(1404, 4, 17, 8, 59, 10)): ""از: '336480 - 336480@iau.ir '\n\nبه: 'کارشناسی - sm-105-20803-4-4011@iau.ir '\n\nموضوع: 'پاسخ: درخواست تخفیف شهریه ( چند دانشجویی)'\n\nبا سلام\n\nاحتراما از امور دانشجويي استعلام شود\n\nباتشكر"", ('main_message', jdatetime.datetime(1404, 4, 19, 8, 55, 56)): ""از: 'sm-105-20803-4-4011 - sm-105-20803-4-4011@iau.ir '\n\nبه: 'واحد - 336308@iau.ir '\n\nموضوع: 'ارسال: پاسخ: درخواست تخفیف شهریه ( چند دانشجویی)'"", ('main_message', jdatetime.datetime(1404, 4, 19, 9, 54, 9)): ""از: '336308 - 336308@iau.ir '\n\nبه: 'sm-105-20803-4-4011 - sm-105-20803-4-4011@iau.ir '\n\nموضوع: 'پاسخ: ارسال: پاسخ: درخواست تخفیف شهریه ( چند دانشجویی)'\n\nسلام احتراما جهت تخفیف چند دانشجو در صورت دو یا بیشتر؛ دانشجوی دانشگاه آزاد اسلامی باشند تخفیف هر ترم (به شرط اینکه دانشجو شروع هر ترم درخواست بدهد) تعلق می گیرد. لطفا مدارک خواسته شده واضح و بصورت JPG یا PDF ایمیل شود\n\nمدارک مورد نیاز: \n\n1- اگر هر دو خواهریا برادر در واحد یزد تحصیل می کنند( تصویر شناسنامه جدید صفحه اول هر دونفر)\n\n2- اگر هردو همسر باشند و در واحد یزد تحصیل می کنند (تصویر شناسنامه جدید صفحه اول و سوم مشخصات همسر)\n\n3- اگر یکی از والدین و فرزند باشند و در واحد یزد تحصیل می کنند( تصویر شناسنامه جدید صفحه اول هر دونفر )\n\n4- در صورتیکه دانشجوی آزاد  غیر از واحد یزد باشد گواهی اشتغال به تحصیل مهر و امضا شده نیاز می باشد( ارسال تصویر گواهی کفایت می کند)\n\nباتشکر- شماره تماس  03531872405"", ('request_details', jdatetime.datetime(1404, 4, 30, 10, 57, 56)): '', ('request_details', jdatetime.datetime(1404, 5, 8, 8, 49, 9)): ''}",0 days 15:48:23,31 days 23:14:46,False
18,file_12_19.txt,درخواست گواهی اشتغال  به تحصیل,4421350893480991,sina khajepour,4421350893,40210520803056,کارشناسی پیوسته_حقوق_یزد_4021,"{('request_details', jdatetime.datetime(1404, 4, 30, 9, 29, 56)): '', ('request_details', jdatetime.datetime(1404, 5, 5, 9, 55, 30)): '', ('main_message', jdatetime.datetime(1404, 5, 5, 9, 55, 36)): ""از: 'کارشناسی - sm-105-20803-4-4021@iau.ir '\n\nبه: 'واحد - 336294@iau.ir '\n\nموضوع: 'درخواست گواهی اشتغال به تحصیل'"", ('main_message', jdatetime.datetime(1404, 5, 6, 8, 26, 31)): ""از: '336294 - 336294@iau.ir '\n\nبه: 'کارشناسی - sm-105-20803-4-4021@iau.ir '\n\nموضوع: 'پاسخ: درخواست گواهی اشتغال به تحصیل'\n\nنوع درخواست مشخص نشده"", ('request_details', jdatetime.datetime(1404, 5, 8, 8, 44, 49)): ''}",6 days 00:25:34,8 days 23:14:53,False
19,file_12_20.txt,درخواست گواهی اشتغال  به تحصیل,0532179463529059,طاهره محسنی عراقی,532179463,40210520808036,دکتری تخصصی_حقوق عمومی_یزد_4021,"{('request_details', jdatetime.datetime(1404, 4, 21, 6, 15, 50)): '', ('request_details', jdatetime.datetime(1404, 4, 22, 10, 36, 52)): '', ('request_details', jdatetime.datetime(1404, 5, 5, 10, 8, 6)): '', ('main_message', jdatetime.datetime(1404, 5, 5, 10, 8, 12)): ""از: 'دکتری - sf-105-20808-7-4021@iau.ir '\n\nبه: 'واحد - 336294@iau.ir '\n\nموضوع: 'درخواست گواهی اشتغال به تحصیل'"", ('main_message', jdatetime.datetime(1404, 5, 6, 8, 25, 57)): ""از: '336294 - 336294@iau.ir '\n\nبه: 'دکتری - sf-105-20808-7-4021@iau.ir '\n\nموضوع: 'پاسخ: درخواست گواهی اشتغال به تحصیل'\n\nنوع درخواست مشخص نشده"", ('request_details', jdatetime.datetime(1404, 5, 8, 8, 43, 53)): ''}",1 days 04:21:02,18 days 02:28:03,False
20,file_12_21.txt,درخواست بازدید علمی انجمن علمی,5430080731473941,Mohammad Dehghan Herati,5430080731,None,کارشناسی پیوسته_حقوق_یزد_4021,"{('request_details', jdatetime.datetime(1404, 2, 12, 7, 30, 56)): 'باسلام و احترام\n\nبنا به درخواست تعدادی از دانشجویان مبنی بر بازدید از زندان مرکزی استان یزد در نظر داریم برنامه بازدیدی را در روز یکشنبه مورخ 21 اردیبهشنت ماه با تعداد 30 نفر برگزار کنیم.\n\nلطفا اقدامات لازم را مبزول فرمایید.', ('request_details', jdatetime.datetime(1404, 2, 21, 10, 17, 32)): '', ('request_details', jdatetime.datetime(1404, 2, 22, 12, 52, 20)): '', ('request_details', jdatetime.datetime(1404, 2, 30, 8, 48, 31)): '', ('main_message', jdatetime.datetime(1404, 2, 30, 8, 48, 37)): ""از: 'ahmad - sup105013@iau.ir '\n\nبه: 'واحد - 356513@iau.ir '\n\nموضوع: 'درخواست بازدید علمی انجمن علمی'"", ('request_details', jdatetime.datetime(1404, 3, 6, 12, 37, 42)): '', ('main_message', jdatetime.datetime(1404, 4, 22, 1, 21, 47)): ""از: '356513 - 356513@iau.ir '\n\nبه: 'ahmad - sup105013@iau.ir '\n\nموضوع: 'پاسخ: درخواست بازدید علمی انجمن علمی'\n\nبا سلام و احترام بازدید از مراکز زندان را باید نامه اش را از آقای حاجی حسینی بگیرید و فکر می کنم مدیر گروه یا استاد اون درس باید ابتدادرخواست بدهند و بعدا مهندس حاجی حسینی دفتر ارتباط با صنعت دانشگاه کارهای اداری نامه را انجام می دهند . یک مدل دیگه هم کلا از طریق انجمن علمی باید بروید جلو دبیر انجمن علمی می توانند با همکاری خانم لطیف برنامه بازدید برگزار نمایند ."", ('request_details', jdatetime.datetime(1404, 4, 23, 8, 32, 33)): '', ('request_details', jdatetime.datetime(1404, 5, 7, 8, 52, 35)): ''}",9 days 02:46:36,88 days 01:21:39,False
21,file_12_22.txt,درخواست گواهی اشتغال  به تحصیل,4421350893198344,sina khajepour,4421350893,40210520803056,کارشناسی پیوسته_حقوق_یزد_4021,"{('request_details', jdatetime.datetime(1404, 5, 5, 4, 39, 33)): '', ('request_details', jdatetime.datetime(1404, 5, 6, 8, 33, 52)): 'سلام گیرنده را مشخص نکردید'}",1 days 03:54:19,1 days 03:54:19,False
22,file_12_23.txt,درخواست صدور کارت دانشجویی,0532179463904951,طاهره محسنی عراقی,532179463,40210520808036,دکتری تخصصی_حقوق عمومی_یزد_4021,"{('main_message', jdatetime.datetime(1404, 4, 21, 6, 13, 26)): ""از: 'طاهره - 0532179463@iau.ir '\n\nبه: 'دکتری - sf-105-20808-7-4021@iau.ir '\n\nموضوع: 'درخواست صدور کارت دانشجویی'"", ('request_details', jdatetime.datetime(1404, 4, 21, 6, 13, 26)): '', ('request_details', jdatetime.datetime(1404, 4, 22, 10, 53, 24)): '', ('request_details', jdatetime.datetime(1404, 5, 5, 10, 9, 57)): 'سلام درخواست تکراری است'}",0 days 00:00:00,15 days 03:56:31,False
23,file_12_24.txt,امتحان مجدد,442047775139956,zia sadeghian,4420477751,40010520803364,کارشناسی پیوسته_حقوق_یزد_4001,"{('request_details', jdatetime.datetime(1404, 4, 25, 8, 18, 42)): 'اینجانب با توجه به اینکه مقیم اصفهان هستم برخی امتحان هارا نداده و درخواست امتحان مجدد در دروس مذکور را از شما دارم', ('request_details', jdatetime.datetime(1404, 4, 25, 9, 1, 38)): '', ('main_message', jdatetime.datetime(1404, 4, 25, 9, 1, 45)): ""از: 'کارشناسی - sm-105-20803-4-4001@iau.ir '\n\nبه: 'zia - 4420477751@iau.ir واحد - 336822@iau.ir '\n\nموضوع: 'امتحان مجدد'"", ('main_message', jdatetime.datetime(1404, 4, 31, 9, 25, 13)): ""از: '336822 - 336822@iau.ir '\n\nبه: 'کارشناسی - sm-105-20803-4-4001@iau.ir '\n\nموضوع: 'پاسخ: امتحان مجدد'\n\nبا سلام شيوه برگزاري مجدد آزمون در سايت دانشگاه اعلام شده است"", ('request_details', jdatetime.datetime(1404, 5, 5, 10, 0, 22)): ''}",0 days 00:42:56,11 days 01:41:40,False
24,file_12_25.txt,درخواست خلاصه وضعیت تحصیلی,0532179463653247,طاهره محسنی عراقی,532179463,40210520808036,دکتری تخصصی_حقوق عمومی_یزد_4021,"{('request_details', jdatetime.datetime(1404, 4, 21, 6, 14, 8)): '', ('request_details', jdatetime.datetime(1404, 4, 22, 10, 38, 19)): '', ('main_message', jdatetime.datetime(1404, 4, 22, 10, 38, 26)): ""از: 'دکتری - sf-105-20808-7-4021@iau.ir '\n\nبه: 'طاهره - 0532179463@iau.ir واحد - 336822@iau.ir '\n\nموضوع: 'درخواست خلاصه وضعیت تحصیلی'"", ('main_message', jdatetime.datetime(1404, 4, 24, 11, 15, 31)): ""از: '336822 - 336822@iau.ir '\n\nبه: 'دکتری - sf-105-20808-7-4021@iau.ir '\n\nموضوع: 'پاسخ: درخواست خلاصه وضعیت تحصیلی'\n\nبا سلام خلاصه وضعيت مربوط به خدمات آموزشي ميباشد"", ('request_details', jdatetime.datetime(1404, 4, 30, 10, 53, 55)): '', ('main_message', jdatetime.datetime(1404, 4, 30, 10, 54, 1)): ""از: 'دکتری - sf-105-20808-7-4021@iau.ir '\n\nبه: 'واحد - 336267@iau.ir '\n\nموضوع: 'درخواست خلاصه وضعیت تحصیلی'"", ('main_message', jdatetime.datetime(1404, 4, 31, 8, 23, 7)): ""از: '336267 - 336267@iau.ir '\n\nبه: 'دکتری - sf-105-20808-7-4021@iau.ir '\n\nموضوع: 'پاسخ: درخواست خلاصه وضعیت تحصیلی'\n\n\n\nبسمه تعالي\n\nبا سلام\n\nاحتراما، دانشجوي محترم خانم طاهره محسني عراقي 0532179463 تا پايان نيمسال اول 1403 تعداد16 واحد درسي را با معدل كل17/38 گذرانيده اند و نمره درس نظارت براعمال حكومت در نيمسال دوم 1403 تاكنون مشخص نمي باشد. با سپاس"", ('request_details', jdatetime.datetime(1404, 5, 5, 9, 59, 22)): ''}",1 days 04:24:11,15 days 03:45:14,False
25,file_12_26.txt,امتحانات معوق,5129665090651803,عبداله افشاری,5129665090,403103290,کارشناسی ارشد ناپیوسته_حقوق خصوصی_یزد_4031,"{('request_details', jdatetime.datetime(1404, 5, 5, 8, 54, 45)): '---------------------------------------------------------------------باسلام\nعبداله افشاری \nشماره دانشجویی 403103290\nمتون فقه\nکددرس\n7000032378', ('request_details', jdatetime.datetime(1404, 5, 5, 9, 49, 38)): 'سلام درخواست تکراری است'}",0 days 00:54:53,0 days 00:54:53,False
26,file_12_27.txt,درخواست ویرایش اطلاعات دانشجویی(شامل : تغییر شماره همراه ، اصلاح اطلاعات شناسنامه ای ، ),4421254029668829,Ahmadreza Fakharpoor,4421254029,40210520803097,کارشناسی پیوسته_حقوق_یزد_4021,"{('request_details', jdatetime.datetime(1404, 4, 12, 5, 53, 43)): 'سلام میخوام شماره ورود به اموزشیار رو تغییر بدم و بشود شماره( 09054624898 )', ('request_details', jdatetime.datetime(1404, 4, 16, 8, 27, 5)): '', ('main_message', jdatetime.datetime(1404, 4, 16, 8, 27, 12)): ""از: 'کارشناسی - sm-105-20803-4-4021@iau.ir '\n\nبه: 'Ahmadreza - 4421254029@iau.ir واحد - 372880@iau.ir '\n\nموضوع: 'درخواست ویرایش اطلاعات دانشجویی(شامل : تغییر شماره همراه ، اصلاح اطلاعات شناسنامه ای ، )'"", ('main_message', jdatetime.datetime(1404, 4, 19, 9, 37, 2)): ""از: '372880 - 372880@iau.ir '\n\nبه: 'کارشناسی - sm-105-20803-4-4021@iau.ir '\n\nموضوع: 'پاسخ: درخواست ویرایش اطلاعات دانشجویی(شامل : تغییر شماره همراه ، اصلاح اطلاعات شناسنامه ای ، )'\n\nبا سلام و احترام \n\nشماره دانشجو به 09054624898 تغییر یافت. \n\nبا احترام \n\nسید احسان آرمان"", ('request_details', jdatetime.datetime(1404, 4, 30, 11, 5, 19)): ''}",4 days 02:33:22,18 days 05:11:36,False
27,file_12_28.txt,درخواست پشتیبانی سامانه های مجازی آموزش الکترونیکی (وادانا),4480186786559466,Danial Dehghani,4480186786,402818715,کارشناسی پیوسته_حقوق_یزد_4021,"{('request_details', jdatetime.datetime(1404, 4, 8, 6, 33, 37)): '', ('request_details', jdatetime.datetime(1404, 4, 9, 9, 40, 34)): '', ('main_message', jdatetime.datetime(1404, 4, 9, 9, 40, 41)): ""از: 'کارشناسی - sm-105-20803-4-4021@iau.ir '\n\nبه: 'Danial - 4480186786@iau.ir واحد - 372880@iau.ir '\n\nموضوع: 'درخواست پشتیبانی سامانه های مجازی آموزش الکترونیکی (وادانا)'"", ('main_message', jdatetime.datetime(1404, 4, 12, 9, 13, 34)): ""از: '372880 - 372880@iau.ir '\n\nبه: 'کارشناسی - sm-105-20803-4-4021@iau.ir '\n\nموضوع: 'پاسخ: درخواست پشتیبانی سامانه های مجازی آموزش الکترونیکی (وادانا)'\n\nسلام. لطفا درخواست های دانشجو در خصوص سامانه وادانا به آقای محمود روحپرور ارجاع داده شود. \n\nبا تشکر و احترام"", ('main_message', jdatetime.datetime(1404, 4, 12, 10, 21, 59)): ""از: 'sm-105-20803-4-4021 - sm-105-20803-4-4021@iau.ir '\n\nبه: 'واحد - 336216@iau.ir '\n\nموضوع: 'ارسال: پاسخ: درخواست پشتیبانی سامانه های مجازی آموزش الکترونیکی (وادانا)'"", ('main_message', jdatetime.datetime(1404, 4, 12, 11, 0, 6)): ""از: '336216 - 336216@iau.ir '\n\nبه: 'sm-105-20803-4-4021 - sm-105-20803-4-4021@iau.ir '\n\nموضوع: 'پاسخ: ارسال: پاسخ: درخواست پشتیبانی سامانه های مجازی آموزش الکترونیکی (وادانا)'\n\nبا سلام\n\nمورد درخواست چی هست؟\n\nسامانه وادانا بعد از تکمبل انتخاب واحد فعال خواهد شد . لینک ورود و راهنما در وب سایت دانشگاه در دسترس می باشد"", ('request_details', jdatetime.datetime(1404, 4, 30, 11, 3, 39)): ''}",1 days 03:06:57,22 days 04:30:02,False
28,file_12_29.txt,درخواست انتخاب واحد ازمون جامع دکتری,0532179463531829,طاهره محسنی عراقی,532179463,40210520808036,دکتری تخصصی_حقوق عمومی_یزد_4021,"{('request_details', jdatetime.datetime(1404, 4, 21, 6, 18, 57)): '', ('request_details', jdatetime.datetime(1404, 4, 22, 9, 32, 43)): '', ('main_message', jdatetime.datetime(1404, 4, 22, 9, 32, 50)): ""از: 'دکتری - sf-105-20808-7-4021@iau.ir '\n\nبه: 'طاهره - 0532179463@iau.ir واحد - 336822@iau.ir '\n\nموضوع: 'درخواست انتخاب واحد ازمون جامع دکتری'"", ('main_message', jdatetime.datetime(1404, 4, 24, 11, 11, 31)): ""از: '336822 - 336822@iau.ir '\n\nبه: 'دکتری - sf-105-20808-7-4021@iau.ir '\n\nموضوع: 'پاسخ: درخواست انتخاب واحد ازمون جامع دکتری'\n\nبا سلام آزمون جامع مربوط به ترم تابستان نيست"", ('request_details', jdatetime.datetime(1404, 4, 30, 10, 47, 7)): ''}",1 days 03:13:46,9 days 04:28:10,False
29,file_12_30.txt,درخواست خلاصه وضعیت تحصیلی,0532179463137944,طاهره محسنی عراقی,532179463,40210520808036,دکتری تخصصی_حقوق عمومی_یزد_4021,"{('request_details', jdatetime.datetime(1404, 4, 21, 6, 12, 7)): '', ('request_details', jdatetime.datetime(1404, 4, 22, 10, 55, 14)): '', ('main_message', jdatetime.datetime(1404, 4, 22, 10, 55, 20)): ""از: 'دکتری - sf-105-20808-7-4021@iau.ir '\n\nبه: 'طاهره - 0532179463@iau.ir واحد - 336267@iau.ir '\n\nموضوع: 'درخواست خلاصه وضعیت تحصیلی'"", ('main_message', jdatetime.datetime(1404, 4, 23, 1, 25, 5)): ""از: '336267 - 336267@iau.ir '\n\nبه: 'دکتری - sf-105-20808-7-4021@iau.ir '\n\nموضوع: 'پاسخ: درخواست خلاصه وضعیت تحصیلی'\n\nبا سلام\n\n احتراما، دانشجوي محترم خانم طاهره محسني عراقي 0532179463 تا پايان نيمسال اول 1403 تعداد16 واحد درسي را با معدل كل17/38 گذرانيده اند و نمره درس نظارت براعمال حكومت در نيمسال دوم 1403 تاكنون مشخص نمي باشد. با سپاس"", ('request_details', jdatetime.datetime(1404, 4, 30, 10, 45, 18)): ''}",1 days 04:43:07,9 days 04:33:11,False
30,file_12_31.txt,درخواست گواهی اشتغال  به تحصیل,4421323365704841,mohamadamin shirzadian,4421323365,40210520803087,کارشناسی پیوسته_حقوق_یزد_4021,"{('request_details', jdatetime.datetime(1404, 4, 28, 4, 57, 58)): '', ('request_details', jdatetime.datetime(1404, 4, 29, 9, 55, 29)): '', ('main_message', jdatetime.datetime(1404, 4, 29, 9, 55, 35)): ""از: 'کارشناسی - sm-105-20803-4-4021@iau.ir '\n\nبه: 'واحد - 336294@iau.ir '\n\nموضوع: 'درخواست گواهی اشتغال به تحصیل'"", ('main_message', jdatetime.datetime(1404, 4, 29, 11, 58, 20)): ""از: '336294 - 336294@iau.ir '\n\nبه: 'کارشناسی - sm-105-20803-4-4021@iau.ir '\n\nموضوع: 'پاسخ: درخواست گواهی اشتغال به تحصیل'\n\nگیرنده مشخص نشده است"", ('request_details', jdatetime.datetime(1404, 4, 30, 10, 32, 55)): ''}",1 days 04:57:31,2 days 05:34:57,False
31,file_12_32.txt,درخواست گواهی اشتغال  به تحصیل,4480186786496530,Danial Dehghani,4480186786,402818715,کارشناسی پیوسته_حقوق_یزد_4021,"{('request_details', jdatetime.datetime(1404, 4, 19, 8, 57, 59)): '', ('main_message', jdatetime.datetime(1404, 4, 19, 8, 58, 5)): ""از: 'کارشناسی - sm-105-20803-4-4021@iau.ir '\n\nبه: 'Danial - 4480186786@iau.ir واحد - 336294@iau.ir '\n\nموضوع: 'درخواست گواهی اشتغال به تحصیل'\n\n\n\nبدهی دارند"", ('main_message', jdatetime.datetime(1404, 4, 19, 10, 34, 49)): ""از: '336294 - 336294@iau.ir '\n\nبه: 'کارشناسی - sm-105-20803-4-4021@iau.ir '\n\nموضوع: 'پاسخ: درخواست گواهی اشتغال به تحصیل'"", ('request_details', jdatetime.datetime(1404, 4, 19, 12, 12, 22)): 'گیرنده:\n\nبیمارستان امام جعفر صادق شهرستان میبد', ('request_details', jdatetime.datetime(1404, 4, 23, 8, 58, 43)): 'سلام بدهی دارید', ('request_details', jdatetime.datetime(1404, 4, 23, 8, 59, 47)): ''}",0 days 00:00:06,4 days 00:01:48,False
32,file_12_33.txt,درخواست اخذ کپی مدرک تحصیلی قبلی,0532179463221636,طاهره محسنی عراقی,532179463,40210520808036,دکتری تخصصی_حقوق عمومی_یزد_4021,"{('request_details', jdatetime.datetime(1404, 4, 21, 6, 9, 58)): '', ('request_details', jdatetime.datetime(1404, 4, 22, 11, 18, 53)): '', ('main_message', jdatetime.datetime(1404, 4, 22, 11, 18, 59)): ""از: 'دکتری - sf-105-20808-7-4021@iau.ir '\n\nبه: 'طاهره - 0532179463@iau.ir واحد - 336294@iau.ir '\n\nموضوع: 'درخواست اخذ کپی مدرک تحصیلی قبلی'"", ('main_message', jdatetime.datetime(1404, 4, 22, 11, 20, 52)): ""از: '336294 - 336294@iau.ir '\n\nبه: 'دکتری - sf-105-20808-7-4021@iau.ir '\n\nموضوع: 'پاسخ: درخواست اخذ کپی مدرک تحصیلی قبلی'\n\nتشریف بیارن بکیرند"", ('request_details', jdatetime.datetime(1404, 4, 23, 8, 56)): ''}",1 days 05:08:55,2 days 02:46:02,False
33,file_12_34.txt,درخواست صدور کارت دانشجویی,4421055875894895,iraj ziaoleslami,4421055875,39910520803350,کارشناسی پیوسته_حقوق_یزد_3991,"{('request_details', jdatetime.datetime(1404, 4, 17, 10, 51, 2)): '', ('request_details', jdatetime.datetime(1404, 4, 19, 8, 49, 29)): '', ('request_details', jdatetime.datetime(1404, 4, 22, 11, 27, 18)): ''}",1 days 21:58:27,5 days 00:36:16,True
34,file_12_35.txt,درخواست صدور کارت دانشجویی,4421055875534001,iraj ziaoleslami,4421055875,39910520803350,کارشناسی پیوسته_حقوق_یزد_3991,"{('request_details', jdatetime.datetime(1404, 4, 17, 5, 19, 34)): 'سلام احتراما بدین وسیله تقاضای اخذ کارت دانشجویی خود را دارم\n\nبا تشکر', ('request_details', jdatetime.datetime(1404, 4, 19, 8, 50, 14)): '', ('main_message', jdatetime.datetime(1404, 4, 19, 8, 50, 20)): ""از: 'کارشناسی - sm-105-20803-4-3991@iau.ir '\n\nبه: 'iraj - 4421055875@iau.ir واحد - 336308@iau.ir '\n\nموضوع: 'درخواست صدور کارت دانشجویی'"", ('main_message', jdatetime.datetime(1404, 4, 19, 9, 37, 7)): ""از: '336308 - 336308@iau.ir '\n\nبه: 'کارشناسی - sm-105-20803-4-3991@iau.ir '\n\nموضوع: 'پاسخ: درخواست صدور کارت دانشجویی'\n\nسلام  احتراما با توجه به تعمیر دستگاه کارت زنی خواهشمند است اوایل مهرماه بعد از انتخاب واحد درخواست جدید به همراه اسکن عکس 4*3  ایمیل تا بقیه مراحل صدور کارت انجام شود.باتشکر  در صورت نیاز (شماره تماس 03531872405)"", ('request_details', jdatetime.datetime(1404, 4, 22, 11, 26, 37)): ''}",2 days 03:30:40,5 days 06:07:03,False
35,file_12_36.txt,درخواست استعلام نمرات زبان دکتری تخصصی,0532179463588032,طاهره محسنی عراقی,532179463,40210520808036,دکتری تخصصی_حقوق عمومی_یزد_4021,"{('request_details', jdatetime.datetime(1404, 4, 21, 6, 5, 30)): '', ('request_details', jdatetime.datetime(1404, 4, 22, 11, 19, 41)): ''}",1 days 05:14:11,1 days 05:14:11,True
36,file_12_37.txt,درخواست خلاصه وضعیت تحصیلی,0532179463901013,طاهره محسنی عراقی,532179463,40210520808036,دکتری تخصصی_حقوق عمومی_یزد_4021,"{('request_details', jdatetime.datetime(1404, 4, 21, 6, 11, 9)): '', ('request_details', jdatetime.datetime(1404, 4, 22, 11, 17, 43)): 'سلام درخواست تکراری است'}",1 days 05:06:34,1 days 05:06:34,False
37,file_12_38.txt,درخواست صدور کارت دانشجویی,0532179463927967,طاهره محسنی عراقی,532179463,40210520808036,دکتری تخصصی_حقوق عمومی_یزد_4021,"{('request_details', jdatetime.datetime(1404, 4, 21, 6, 16, 36)): '', ('request_details', jdatetime.datetime(1404, 4, 22, 9, 39, 4)): ''}",1 days 03:22:28,1 days 03:22:28,True
38,file_12_39.txt,از من بپرس (اخذ راهنمایی اداری),053217946360561,طاهره محسنی عراقی,532179463,40210520808036,دکتری تخصصی_حقوق عمومی_یزد_4021,"{('request_details', jdatetime.datetime(1404, 4, 21, 6, 44, 44)): 'با سلام\n\nباتوجه به اینکه آخرین درس آموزشی بنده، در تاریخ1404/03/21 به پایان رسیده و هیچ درس پیش نیاز یا آموزشی، باقی نمانده است،\n\nلطفا راهنمایی بفرمایید کاردرقسمت پژوهشی، را باید چگونه ادامه دهم( اعم از اخذ واحد آزمون جامع و انتخاب موضوع پایان نامه و چگونگی انتخاب اساتید راهنما و مشاور).\n\n باتوجه به اینکه اینجانب هیچ آشنایی برای ادامه کار ندارم.\n\nسپاسگزارم', ('request_details', jdatetime.datetime(1404, 4, 22, 9, 32, 14)): ''}",1 days 02:47:30,1 days 02:47:30,True
39,file_12_40.txt,درخواست انتخاب واحد- حذف و اضافه خارج از زمان,4421131652203323,erfan ataei,4421131652,40010520803331,کارشناسی پیوسته_حقوق_یزد_4001,"{('request_details', jdatetime.datetime(1404, 4, 6, 12, 14, 31)): '', ('request_details', jdatetime.datetime(1404, 4, 8, 1, 25, 50)): '', ('main_message', jdatetime.datetime(1404, 4, 8, 1, 25, 56)): ""از: 'کارشناسی - sm-105-20803-4-4001@iau.ir '\n\nبه: 'erfan - 4421131652@iau.ir واحد - 336822@iau.ir '\n\nموضوع: 'درخواست انتخاب واحد- حذف و اضافه خارج از زمان'"", ('main_message', jdatetime.datetime(1404, 4, 9, 7, 58, 47)): ""از: '336822 - 336822@iau.ir '\n\nبه: 'کارشناسی - sm-105-20803-4-4001@iau.ir '\n\nموضوع: 'پاسخ: درخواست انتخاب واحد- حذف و اضافه خارج از زمان'\n\nسلام انتخاب واحد و حذف واضافه خارج از زمان نداريم فقط 9 تير"", ('request_details', jdatetime.datetime(1404, 4, 19, 8, 54, 22)): ''}",1 days 13:11:19,12 days 20:39:51,False
40,file_12_41.txt,امتحان مجدد ,4421214991711867,hamidreza rajabi,4421214991,403809419,کارشناسی پیوسته_حقوق_یزد_4032,"{('request_details', jdatetime.datetime(1404, 4, 12, 10, 41, 6)): 'سلام و عرض ادب \n\nدر دروس مالیه عمومی و حقوق محیط زیست امکان شرکت در امتحان را نداشتم \n\nخواهشمند است در صورت امکان امتحان مجدد از این جانب به عمل آید\n\nدو فایل برای ثبت درخواست هر درس ضمیمه می\u200cباشد \n\nپیشاپیش از همکاری و پیگیری شما سپاس گذارم', ('request_details', jdatetime.datetime(1404, 4, 16, 8, 29, 18)): 'سلام درخواست تکراری می باشد'}",3 days 21:48:12,3 days 21:48:12,False
41,file_12_42.txt,درخواست ارائه ترم تابستان,4459684799166255,mohsen sadeghiyan,4459684799,402828188,کارشناسی پیوسته_حقوق_یزد_4021,"{('request_details', jdatetime.datetime(1404, 4, 6, 3, 53, 42)): '', ('request_details', jdatetime.datetime(1404, 4, 8, 1, 25, 4)): '', ('request_details', jdatetime.datetime(1404, 4, 9, 11, 30, 1)): 'با سلام ترم تابستان با درخواست سرترم درسامانه آموزشيار و ايجاد سرترم و سپس پرداخت شهريه و نهايتا انتخاب واحد انجام شود'}",1 days 21:31:22,3 days 07:36:19,False
42,file_12_43.txt,درخواست انتخاب واحد- حذف و اضافه خارج از زمان,4420827246180015,,None,None,,"{('request_details', jdatetime.datetime(1404, 4, 7, 6, 17, 50)): 'null', ('request_details', jdatetime.datetime(1404, 4, 8, 1, 21, 1)): '', ('request_details', jdatetime.datetime(1404, 4, 9, 11, 28, 20)): ''}",0 days 19:03:11,2 days 05:10:30,True
43,file_12_44.txt,درخواست اخذ مجوز انتخاب واحد ترم تابستان ۱۴۰۴,4421315958616837,amirabbas Karimi,4421315958,40210520803168,کارشناسی پیوسته_حقوق_یزد_4021,"{('request_details', jdatetime.datetime(1404, 4, 4, 5, 24, 53)): 'امیرعباس کریمی باسلام\nاینجانب امیر عباس کریمی دانشجوی رشته حقوق درخواست مجوز انتخاب واحد ترم تابستان جاری را دارم .', ('request_details', jdatetime.datetime(1404, 4, 5, 11, 29, 59)): '', ('request_details', jdatetime.datetime(1404, 4, 9, 11, 27, 18)): 'با سلام ترم تابستان با درخواست سرترم درسامانه آموزشيار و ايجاد سرترم و سپس پرداخت شهريه و نهايتا انتخاب واحد انجام شود'}",1 days 06:05:06,5 days 06:02:25,False
44,file_12_45.txt,ثبت نام در ترم تابستان,442140111079356,Saman Honarmand,4421401110,403891934,کارشناسی پیوسته_حقوق_یزد_4032,"{('request_details', jdatetime.datetime(1404, 4, 4, 8, 49, 16)): 'سلام و خسته نباشید خدمت کارشناس گرامی . برای ثبت نام در ترم تابستان این ایمیل را ارسال کرده ام', ('request_details', jdatetime.datetime(1404, 4, 5, 11, 29, 32)): '', ('request_details', jdatetime.datetime(1404, 4, 9, 11, 26, 47)): 'با سلام ترم تابستان با درخواست سرترم درسامانه آموزشيار و ايجاد سرترم و سپس پرداخت شهريه و نهايتا انتخاب واحد انجام شود'}",1 days 02:40:16,5 days 02:37:31,False
45,file_12_46.txt,ثبت نام در ترم تابستان,442140111079356,Saman Honarmand,4421401110,403891934,کارشناسی پیوسته_حقوق_یزد_4032,"{('request_details', jdatetime.datetime(1404, 4, 4, 8, 49, 16)): 'سلام و خسته نباشید خدمت کارشناس گرامی . برای ثبت نام در ترم تابستان این ایمیل را ارسال کرده ام', ('request_details', jdatetime.datetime(1404, 4, 5, 11, 27, 6)): '', ('request_details', jdatetime.datetime(1404, 4, 9, 11, 26, 8)): ''}",1 days 02:37:50,5 days 02:36:52,True
46,file_12_47.txt,درخواستهای مربوط به دانشجویان نمونه,4421280186655548,seyed abolfazl bazazzadeh,4421280186,40210520803073,کارشناسی پیوسته_حقوق_یزد_4021,"{('request_details', jdatetime.datetime(1404, 3, 31, 9, 19, 34)): 'به نام خدا\n\nمدیریت محترم آموزش / امور مالی دانشگاه آزاد اسلامی \n\nبا سلام و احترام\n\nاینجانب سید ابوالفضل بزازراده، دانشجوی رشته\u200cی کارشناسی حقوق با شماره دانشجویی 40210520803073، بدین\u200cوسیله به استحضار می\u200cرسانم که با یاری خداوند و تلاش مستمر، موفق به کسب رتبه\u200cی الف  گردیده\u200cام.\n\nبا توجه به آیین\u200cنامه\u200cهای مربوط به حمایت از دانشجویان ممتاز، خواهشمند است نسبت به اعمال تخفیف شهریه و بازگرداندن شهریه پرداخت\u200cشده برای اینجانب اقدام فرمایید .\n\nپیشاپیش از توجه و همکاری جنابعالی کمال تشکر و امتنان را دارم.', ('request_details', jdatetime.datetime(1404, 4, 1, 1, 4, 37)): '', ('request_details', jdatetime.datetime(1404, 4, 9, 11, 24, 13)): ''}",0 days 15:45:03,9 days 02:04:39,True
47,file_12_48.txt,درخواست صدور کارت دانشجویی,0151102899182473,Sina Askari,151102899,403793737,کارشناسی پیوسته_حقوق_یزد_4032,"{('request_details', jdatetime.datetime(1404, 4, 3, 2, 24, 6)): '', ('request_details', jdatetime.datetime(1404, 4, 4, 1, 23, 14)): '', ('request_details', jdatetime.datetime(1404, 4, 9, 11, 20, 11)): 'سلام فعلا دستگاه چاپ خراب می باشد 15روز دیگر درخواست کنید'}",0 days 22:59:08,6 days 08:56:05,False
48,file_12_49.txt,درخواست انتخاب واحد- حذف و اضافه خارج از زمان,4421271306933987,Alireza Esmaeili,4421271306,40110520803193,کارشناسی پیوسته_حقوق_یزد_4011,"{('request_details', jdatetime.datetime(1404, 4, 2, 11, 9, 55)): '---------------------------------------------------------------------------- درخواست مجوز انتخاب واحد ترم تابستان', ('request_details', jdatetime.datetime(1404, 4, 3, 10, 5, 24)): '', ('request_details', jdatetime.datetime(1404, 4, 9, 11, 12, 59)): ''}",0 days 22:55:29,7 days 00:03:04,True
49,file_12_50.txt,درخواست اخذ ترم تابستان,4421187860395328,mohamad eslami,4421187860,40110520803031,کارشناسی پیوسته_حقوق_یزد_4011,"{('request_details', jdatetime.datetime(1404, 4, 1, 6, 42, 38)): '------------------------------------------------------------------------------درخواست اخذ ترم تابستان|', ('request_details', jdatetime.datetime(1404, 4, 2, 9, 36, 30)): '', ('request_details', jdatetime.datetime(1404, 4, 9, 11, 9, 37)): ''}",1 days 02:53:52,8 days 04:26:59,True
50,file_12_51.txt,درخواست گواهی اشتغال  به تحصیل,5610032504292839,Sobhan Rajaii,5610032504,None,کارشناسی پیوسته_حقوق_یزد_4021,"{('request_details', jdatetime.datetime(1404, 2, 25, 11, 32, 41)): '', ('request_details', jdatetime.datetime(1404, 2, 28, 11, 10, 5)): '', ('request_details', jdatetime.datetime(1404, 3, 26, 8, 59, 10)): '', ('request_details', jdatetime.datetime(1404, 4, 9, 9, 47, 36)): '', ('request_details', jdatetime.datetime(1404, 4, 9, 10, 16, 53)): ''}",2 days 23:37:24,45 days 22:44:12,True
51,file_12_52.txt,درخواست گواهی اشتغال  به تحصیل,4480186786596225,Danial Dehghani,4480186786,402818715,کارشناسی پیوسته_حقوق_یزد_4021,"{('request_details', jdatetime.datetime(1404, 3, 23, 6, 38, 48)): 'سلام درخواست گواهی اشتغال به تحصیل دارم', ('request_details', jdatetime.datetime(1404, 3, 25, 9, 33, 19)): '', ('request_details', jdatetime.datetime(1404, 3, 25, 10, 52, 53)): '', ('request_details', jdatetime.datetime(1404, 4, 9, 9, 46, 2)): ''}",2 days 02:54:31,17 days 03:07:14,True
52,file_12_53.txt,درخواست انتخاب واحد- حذف و اضافه خارج از زمان,4421112739646336,Amir Nasiriani,4421112739,40010520803148,کارشناسی پیوسته_حقوق_یزد_4001,"{('request_details', jdatetime.datetime(1404, 4, 4, 2, 58, 14)): '', ('request_details', jdatetime.datetime(1404, 4, 5, 9, 6, 50)): '', ('request_details', jdatetime.datetime(1404, 4, 9, 9, 42, 22)): 'سلام حذف و اضافه خارج از زمان نداریم  9تیر انتخاب واحد کنید'}",1 days 06:08:36,5 days 06:44:08,False
53,file_12_54.txt,باسلام و احترام بنده امیرحسین نظری رباطی فرزند امیرنظری رباطی درخواست مجوز انتخاب واحد در ترم تابستان را دارم ,2981497219290282,amirhossein nazari robati,2981497219,40110520803027,کارشناسی پیوسته_حقوق_یزد_4011,"{('request_details', jdatetime.datetime(1404, 4, 9, 1, 19, 40)): '', ('request_details', jdatetime.datetime(1404, 4, 9, 9, 39, 30)): 'سلام درخواست تکراری است'}",0 days 08:19:50,0 days 08:19:50,False
54,file_12_55.txt,باسلام و احترام بنده امیرحسین نظری رباطی فرزند امیرنظری رباطی درخواست ترم تابستان دارم ,2981497219527662,amirhossein nazari robati,2981497219,40110520803027,کارشناسی پیوسته_حقوق_یزد_4011,"{('request_details', jdatetime.datetime(1404, 4, 9, 4, 13, 17)): '', ('request_details', jdatetime.datetime(1404, 4, 9, 9, 38, 37)): 'سلام از طریق آموزشیار انتخاب واحد نموده و پس از پرداخت شهریه ثبت نمائید'}",0 days 05:25:20,0 days 05:25:20,False
55,file_12_56.txt,درخواست گواهی اشتغال  به تحصیل,4480186786282123,Danial Dehghani,4480186786,402818715,کارشناسی پیوسته_حقوق_یزد_4021,"{('request_details', jdatetime.datetime(1404, 4, 8, 6, 39, 4)): '', ('request_details', jdatetime.datetime(1404, 4, 9, 9, 32, 59)): 'سلام گیرنده گواهی مشخص نشده'}",1 days 02:53:55,1 days 02:53:55,False
56,file_12_57.txt,اخذ مجوز انتخاب واحد تابستان ,4421061921868019,seyed morteza hosseinizarch,4421061921,40110520803336,کارشناسی پیوسته_حقوق_یزد_4011,"{('request_details', jdatetime.datetime(1404, 4, 5, 1, 27, 2)): '------------------------------------------------------------------------------باسلام اگر امکان هست برای بنده مجوز انتخاب واحد صدور کنید', ('request_details', jdatetime.datetime(1404, 4, 8, 1, 26, 28)): '', ('request_details', jdatetime.datetime(1404, 4, 9, 9, 16, 19)): 'با سلام ابتدا ثبت نام ترم تابستان درسامانه اموزشيار و پرداخت شهريه و نهايتا ثبت دروس انجام دهيد'}",2 days 23:59:26,4 days 07:49:17,False
57,file_12_58.txt,درخواست ترم تابستان ,0151102899687804,Sina Askari,151102899,403793737,کارشناسی پیوسته_حقوق_یزد_4032,"{('request_details', jdatetime.datetime(1404, 4, 3, 2, 23, 37)): '', ('request_details', jdatetime.datetime(1404, 4, 4, 1, 28, 18)): '', ('request_details', jdatetime.datetime(1404, 4, 9, 9, 14, 28)): ''}",0 days 23:04:41,6 days 06:50:51,True
58,file_12_59.txt,درخواست ترم تابستان ,0151102899687804,Sina Askari,151102899,403793737,کارشناسی پیوسته_حقوق_یزد_4032,"{('request_details', jdatetime.datetime(1404, 4, 3, 2, 23, 37)): '', ('request_details', jdatetime.datetime(1404, 4, 4, 1, 29, 13)): 'سلام درخواست تکراری است', ('request_details', jdatetime.datetime(1404, 4, 9, 9, 13, 26)): ''}",0 days 23:05:36,6 days 06:49:49,False
59,file_12_60.txt,درخواست انتخاب واحد- حذف و اضافه خارج از زمان,4421194247477233,davood hamidifard,4421194247,40210520803057,کارشناسی پیوسته_حقوق_یزد_4021,"{('request_details', jdatetime.datetime(1404, 4, 5, 11, 19, 2)): '', ('request_details', jdatetime.datetime(1404, 4, 5, 11, 22, 48)): '', ('request_details', jdatetime.datetime(1404, 4, 9, 9, 6, 33)): ''}",0 days 00:03:46,3 days 21:47:31,True
60,file_12_61.txt,درخواست گواهی اشتغال  به تحصیل,5430074251660118,mohammadreza yazdani,5430074251,40110520803287,کارشناسی پیوسته_حقوق_یزد_4011,"{('request_details', jdatetime.datetime(1404, 4, 3, 10, 16, 18)): '', ('request_details', jdatetime.datetime(1404, 4, 4, 1, 26, 15)): '', ('request_details', jdatetime.datetime(1404, 4, 9, 9, 5, 41)): ''}",0 days 15:09:57,5 days 22:49:23,True
61,file_12_62.txt,مجوز انتخاب واحد تابستان,5030112464161641,AliReza Omidvar,5030112464,40210520803208,کارشناسی پیوسته_حقوق_یزد_4021,"{('request_details', jdatetime.datetime(1404, 4, 7, 1, 6, 43)): '', ('request_details', jdatetime.datetime(1404, 4, 8, 1, 24, 11)): 'سلام از طریق آموزشیار انتخاب واحد را انجام بدهید'}",1 days 00:17:28,1 days 00:17:28,False
62,file_12_63.txt,درخواست انتخاب واحد- حذف و اضافه خارج از زمان,4420827246180015,,None,None,,"{('request_details', jdatetime.datetime(1404, 4, 7, 6, 17, 50)): 'null', ('request_details', jdatetime.datetime(1404, 4, 8, 1, 21, 55)): 'سلام درخواست تکراری بود'}",0 days 19:04:05,0 days 19:04:05,False
63,file_12_64.txt,اخذ ترم تابستان,4421220159916948,Mohammad Dehghan,4421220159,40110520803048,کارشناسی پیوسته_حقوق_یزد_4011,"{('request_details', jdatetime.datetime(1404, 4, 2, 3, 16, 18)): '', ('request_details', jdatetime.datetime(1404, 4, 3, 10, 5, 57)): '', ('request_details', jdatetime.datetime(1404, 4, 5, 1, 2, 50)): ''}",1 days 06:49:39,2 days 21:46:32,True
64,file_12_65.txt,درخواست اخذ مجوز انتخاب واحد ترم تابستان ۱۴۰۴,4220706739724850,reza zarrin,4220706739,40210520803079,کارشناسی پیوسته_حقوق_یزد_4021,"{('request_details', jdatetime.datetime(1404, 4, 1, 6, 59, 23)): 'باسلام\nاینجانب رضازرین دانشجوی ترم ۴ رشته حقوق درخواست اخذ مجوز انتخاب واحد در ترم تابستان جاری را دارم.\nباتشکر\nرضازرین', ('request_details', jdatetime.datetime(1404, 4, 2, 9, 35, 44)): '', ('request_details', jdatetime.datetime(1404, 4, 5, 12, 56, 46)): ''}",1 days 02:36:21,4 days 05:57:23,True
65,file_12_66.txt,درخواست مجوز انتخاب واحد ترم تابستان ۱۴۰۴,4421323756834650,mostafa dehshiri,4421323756,402861385,کارشناسی پیوسته_حقوق_یزد_4021,"{('request_details', jdatetime.datetime(1404, 3, 31, 7, 54, 19)): 'مصطفی دهشیری این جانب مصطفی دهشیری درخواست مجوز انتخاب واحد در ترم تابستان جاری را دارم.', ('request_details', jdatetime.datetime(1404, 4, 1, 1, 6, 24)): '', ('request_details', jdatetime.datetime(1404, 4, 5, 12, 55, 11)): ''}",0 days 17:12:05,5 days 05:00:52,True
66,file_12_67.txt,ترم تابستان,4421016101589178,Sayed Ali Rasouli,4421016101,39910520803281,کارشناسی پیوسته_حقوق_یزد_3991,"{('request_details', jdatetime.datetime(1404, 4, 4, 4, 36, 26)): '', ('request_details', jdatetime.datetime(1404, 4, 5, 11, 29, 2)): 'سلام لطفا درخواست را واضح و کامل بیان کنید'}",1 days 06:52:36,1 days 06:52:36,False
67,file_12_68.txt,درخواست شرکت در امتحانات تابستان ۱۴۰۴ ویژه دانشجویان غیربومی(مدنی۴) ,4421315958736227,amirabbas Karimi,4421315958,40210520803168,کارشناسی پیوسته_حقوق_یزد_4021,"{('request_details', jdatetime.datetime(1404, 4, 4, 5, 54, 11)): 'باسلام\nاینجانب امیر عباس کریمی دانشجوی رشته حقوق با توجه به شرایط جنگی کشور و کسالت احوال، امکان حضور در جلسه امتحان مدنی ۴ را نداشته و لذا با تکمیل فرم مربوطه در باب شرکت در امتحانات مجدد که ضمیمه همین درخواست می باشد و با ارائه گواهی پزشکی به مسئولین مربوطه، درخواست شرکت در امتحانات مجدد را دارم  \nامیرعباس کریمی', ('request_details', jdatetime.datetime(1404, 4, 5, 11, 24, 16)): '«درخواست شما دریافت شد، اطلاع رسانی های بعدی متعاقبا از طریق کانال های رسمی دانشگاه ازاد اسلامی استان یزد در پلتفرم های ایتا و تلگرام اعلام می گردد.»'}",1 days 05:30:05,1 days 05:30:05,False
68,file_12_69.txt,دادن امتحان مجدد آیین دادرسی مدنی 3,2410959441502708,Mohamadhassan Fatahi,2410959441,10539802262,کارشناسی پیوسته_حقوق_یزد_3981,"{('request_details', jdatetime.datetime(1404, 4, 4, 1, 4, 28)): 'با توجه به اینکه در تاریخ 25 خرداد باتوجه به جریانات جنگ و شهرستانی بودن اینجانب نتوانستم د امتحان حضور پیدا کنم خواهشمندم مجدد امتحان بگیرید', ('request_details', jdatetime.datetime(1404, 4, 5, 11, 19, 18)): '«درخواست شما دریافت شد، اطلاع رسانی های بعدی متعاقبا از طریق کانال های رسمی دانشگاه ازاد اسلامی استان یزد در پلتفرم های ایتا و تلگرام اعلام می گردد.»'}",1 days 10:14:50,1 days 10:14:50,False
69,file_12_70.txt,درخواست صدور کارت دانشجویی,0151102899182473,Sina Askari,151102899,403793737,کارشناسی پیوسته_حقوق_یزد_4032,"{('request_details', jdatetime.datetime(1404, 4, 3, 2, 24, 6)): '', ('request_details', jdatetime.datetime(1404, 4, 4, 1, 24, 22)): 'درخواست تکرای می باشد'}",0 days 23:00:16,0 days 23:00:16,False
70,file_12_71.txt,دانشگاه ازاد اسلامی یزد زبان ترکیبی۱  گفته بودن اگه ۵دقیقه قبل ازمون هم وارد بشین ۳۰دقیقه بهتون وقت میده ما ۱و۲۵دقیقه وارد شدیم ۵دقیقه سایت بهم وقت داد درصورتی ک گفته بودن ۳۰دقیقه وقت میده,4421220159237921,Mohammad Dehghan,4421220159,40110520803048,کارشناسی پیوسته_حقوق_یزد_4011,"{('request_details', jdatetime.datetime(1404, 4, 2, 2, 54, 4)): '', ('request_details', jdatetime.datetime(1404, 4, 3, 10, 6, 32)): ''}",1 days 07:12:28,1 days 07:12:28,True
71,file_12_72.txt,درخواست شرکت در امتحانات تابستان ۱۴۰۴ ویژه دانشجویان غیر بومی(درس تجارت۲),4421323756322192,mostafa dehshiri,4421323756,402861385,کارشناسی پیوسته_حقوق_یزد_4021,"{('request_details', jdatetime.datetime(1404, 4, 1, 7, 44, 25)): 'باسلام\nاینجانب محمد مصطفی دهشیری دانشجوی رشته حقوق با توجه به شرایط جنگی کشور و کسالت احوال،امکان حضور در جلسه امتحان تجارت ۲(شرکت های تجارتی) را نداشته\u200c و لذا با تکمیل فرم مربوطه در باب شرکت در امتحانات مجدد که ضمیمه همین درخواست میباشد و با ارائه گواهی پزشکی به مسئولین مربوطه درخواست شرکت در امتحانات مجدد را دارم.\n«درخواست شما دریافت شد، اطلاع رسانی های بعدی متعاقبا از طریق کانال های رسمی دانشگاه ازاد اسلامی استان یزد در پلتفرم های ایتا و تلگرام اعلام می گردد.»', ('request_details', jdatetime.datetime(1404, 4, 2, 9, 34, 53)): ''}",1 days 01:50:28,1 days 01:50:28,True
72,file_12_73.txt,درخواست شرکت در امتحانات تابستان ۱۴۰۴ ویژه دانشجویان غیربومی(مدنی۲),4421323756907403,mostafa dehshiri,4421323756,402861385,کارشناسی پیوسته_حقوق_یزد_4021,"{('request_details', jdatetime.datetime(1404, 4, 1, 7, 51, 23)): 'باسلام\nاینجانب محمد مصطفی دهشیری دانشجوی رشته حقوق با توجه به شرایط جنگی کشور و کسالت احوال،امکان حضور در جلسه امتحان مدنی۲(اموال و مالکیت) را نداشته\u200c و لذا با تکمیل فرم مربوطه در باب شرکت در امتحانات مجدد که ضمیمه همین درخواست میباشد و با ارائه گواهی پزشکی به مسئولین مربوطه درخواست شرکت در امتحانات مجدد را دارم.\nمصطفی دهشیری', ('request_details', jdatetime.datetime(1404, 4, 2, 9, 30, 11)): ''}",1 days 01:38:48,1 days 01:38:48,True
73,file_12_74.txt,درخواست شرکت در امتحانات تابستان۱۴۰۴ ویژه دانشجویان غیربومی(درس حقوق کار),4421323756497188,mostafa dehshiri,4421323756,402861385,کارشناسی پیوسته_حقوق_یزد_4021,"{('request_details', jdatetime.datetime(1404, 4, 1, 7, 54, 11)): 'باسلام\nاینجانب محمد مصطفی دهشیری دانشجوی رشته حقوق با توجه به شرایط جنگی کشور و کسالت احوال،امکان حضور در جلسه امتحان حقوق کار را نداشته\u200c و لذا با تکمیل فرم مربوطه در باب شرکت در امتحانات مجدد که ضمیمه همین درخواست میباشد و با ارائه گواهی پزشکی به مسئولین مربوطه درخواست شرکت در امتحانات مجدد را دارم.\nمصطفی دهشیری', ('request_details', jdatetime.datetime(1404, 4, 2, 9, 29, 9)): ''}",1 days 01:34:58,1 days 01:34:58,True
74,file_12_75.txt,درخواست شرکت در امتحانات تابستان ۱۴۰۴,4420977078160026,محمد مهدی جوکار,4420977078,40110520803257,کارشناسی پیوسته_حقوق_یزد_4011,"{('request_details', jdatetime.datetime(1404, 4, 1, 11, 24, 29)): 'مسئول محترم برسی درخواست شرکت در امتحانات تابستان 1404\n\nباسلام و احترام و عرض تعذر از تصدیع اوقات شریف\n\nاینجانب محمد مهدی جوکار دانشجو رشته حقوق دانشگاه آزاد واحد یزد با اطلاعات دانشجویی ذیل ضمن اعلام تکمیل کاربرگ مربوط به شرکت در امتحانات تابستان 1404 در لینک (https://yazd.iau.ir/fa/form/177)  در خواست شرکت در امتحانات تابستان 1404 در درس حقوق مدنی 7 با تدریس استاد محمد علی دهقان دهنوی با اطلاعات ثبت شده در کاربرک که فایل ضمیمه آن خدمت شما ارسال خواهد گردید را دارم.\n\nبا توجه به شرایط به وجود آمده و آزردگی خاطر به دلیل فقدان جمعی از مسئولین نظامی و  نخبگان علمی و همچنین احاد مردم و درگیری اذهان که موجب تشویش ذهنی و عدم تمرکز بنده نیز در مطالعه برای امتحان اخیر الذکر که بلافاصله بعد از حدوث اتفاقات بوده است ، شده از جنابعالی استدعا دارم که به درخواست بنده ترتیب اثر داده و اینجانب را در امر اتمام دوره کارشناسی و موفقیت در امور تحصیلی یاری بفرمایید.\n\nبا تشکر از محبت و نوع دوستی شما', ('request_details', jdatetime.datetime(1404, 4, 1, 11, 56, 35)): '«درخواست شما دریافت شد، اطلاع رسانی های بعدی متعاقبا از طریق کانال های رسمی دانشگاه ازاد اسلامی استان یزد در پلتفرم های ایتا و تلگرام اعلام می گردد.»'}",0 days 00:32:06,0 days 00:32:06,False
75,file_12_76.txt,درخواست شرکت در امتحانات تابستان ۱۴۰۴ ( ویژه دانشجویان غیر بومی استان یزد)دروس مدنی ۴ و مدنی ۵ و جزای عمومی ۳_فرم مربوطه تکمیل شده و پیوست همین درخواست است.,4220706739480664,reza zarrin,4220706739,40210520803079,کارشناسی پیوسته_حقوق_یزد_4021,"{('request_details', jdatetime.datetime(1404, 3, 27, 5, 12, 52)): 'رضازرین', ('request_details', jdatetime.datetime(1404, 3, 28, 8, 45, 42)): '', ('request_details', jdatetime.datetime(1404, 3, 29, 1, 46, 41)): ''}",1 days 03:32:50,1 days 20:33:49,True
76,file_12_77.txt,درخواست شرکت در امتحانات تابستان ۱۴۰۴ ( ویژه دانشجویان غیر بومی استان یزد)درس مدنی ۴،فرم مربوطه تکمیل شده است و پیوست همین درخواست است.,4220706739759084,reza zarrin,4220706739,40210520803079,کارشناسی پیوسته_حقوق_یزد_4021,"{('request_details', jdatetime.datetime(1404, 3, 27, 5, 9, 27)): '', ('request_details', jdatetime.datetime(1404, 3, 28, 8, 47, 30)): '', ('request_details', jdatetime.datetime(1404, 3, 29, 1, 46, 18)): ''}",1 days 03:38:03,1 days 20:36:51,True
77,file_12_78.txt,درخواست شرکت در امتحانات تابستان ۱۴۰۴ ( ویژه دانشجویان غیر بومی استان یزد)درس مدنی ۵،فرم مربوطه تکمیل شده است و در پیوست همین درخواست است.,4220706739370684,reza zarrin,4220706739,40210520803079,کارشناسی پیوسته_حقوق_یزد_4021,"{('request_details', jdatetime.datetime(1404, 3, 27, 5, 4, 39)): '', ('request_details', jdatetime.datetime(1404, 3, 28, 8, 48, 1)): '', ('request_details', jdatetime.datetime(1404, 3, 29, 1, 45, 56)): ''}",1 days 03:43:22,1 days 20:41:17,True
78,file_12_79.txt,درخواست شرکت در امتحانات تابستان ۱۴۰۴ ( ویژه دانشجویان غیر بومی استان یزد)مدنی۴،مدنی ۵،جزای عمومی ۳,4220706739230914,reza zarrin,4220706739,40210520803079,کارشناسی پیوسته_حقوق_یزد_4021,"{('request_details', jdatetime.datetime(1404, 3, 27, 4, 35, 46)): '', ('request_details', jdatetime.datetime(1404, 3, 28, 8, 48, 25)): '', ('request_details', jdatetime.datetime(1404, 3, 29, 1, 45, 10)): ''}",1 days 04:12:39,1 days 21:09:24,True
79,file_12_80.txt,درخواست شرکت در امتحانات تابستان ۱۴۰۴ ( ویژه دانشجویان غیر بومی استان یزد)درس جزای عمومی ۳،فرم مربوطه تکمیل شده و پیوست شده است. ,4220706739460871,reza zarrin,4220706739,40210520803079,کارشناسی پیوسته_حقوق_یزد_4021,"{('request_details', jdatetime.datetime(1404, 3, 27, 5, 1, 5)): '', ('request_details', jdatetime.datetime(1404, 3, 28, 8, 49, 7)): '', ('request_details', jdatetime.datetime(1404, 3, 29, 1, 44, 45)): ''}",1 days 03:48:02,1 days 20:43:40,True
80,file_12_81.txt,درخواست شرکت در امتحانات تابستان ۱۴۰۴ ( ویژه دانشجویان غیر بومی استان یزد)مدنی ،مدنی۵،جزای عمومی ۳,422070673928561,reza zarrin,4220706739,40210520803079,کارشناسی پیوسته_حقوق_یزد_4021,"{('request_details', jdatetime.datetime(1404, 3, 27, 4, 52, 53)): '', ('request_details', jdatetime.datetime(1404, 3, 28, 8, 49, 31)): '', ('request_details', jdatetime.datetime(1404, 3, 29, 1, 43, 35)): ''}",1 days 03:56:38,1 days 20:50:42,True
81,file_12_82.txt,درخواست شرکت در امتحانات تابستان ۱۴۰۴ ویژه دانشجویان غیربومی(درس تجارت۴),4220706739805081,reza zarrin,4220706739,40210520803079,کارشناسی پیوسته_حقوق_یزد_4021,"{('request_details', jdatetime.datetime(1404, 3, 28, 7, 48, 29)): 'باسلام\nاینجانب رضا زرین دانشجوی غیربومی رشته حقوق باتوجه به شرایط جنگی کشور امکان حضور در شهر یزد و جلسه امتحان را در درس تجارت۴ نداشتم لذا با تکمیل فرم مربوطه به صورت الکترونیکی که ضمیمه همین درخواست میباشد،درخواست شرکت در امتحان مجدد را دارم.\nرضازرین', ('request_details', jdatetime.datetime(1404, 3, 29, 1, 42, 40)): ''}",0 days 17:54:11,0 days 17:54:11,True
82,file_12_83.txt,درخواست شرکت در امتحانات تابستان ۱۴۰۴ ویژه دانشجویان غیربومی(درس مدنی۴),4220706739730656,reza zarrin,4220706739,40210520803079,کارشناسی پیوسته_حقوق_یزد_4021,"{('request_details', jdatetime.datetime(1404, 3, 28, 8, 0, 41)): 'باسلام\nاینجانب رضا زرین دانشجوی غیربومی رشته حقوق باتوجه به شرایط جنگی کشور امکان حضور در شهر یزد و جلسه امتحان را در درس مدنی ۴ نداشتم لذا با تکمیل فرم مربوطه به صورت الکترونیکی که ضمیمه همین درخواست میباشد،درخواست شرکت در امتحان مجدد را دارم.\nرضازرین', ('request_details', jdatetime.datetime(1404, 3, 29, 1, 41, 52)): ''}",0 days 17:41:11,0 days 17:41:11,True
83,file_12_84.txt,به دلیل شرایط نامساعد کشور و عدم توانایی حضور در امتحان حقوق مدنی ۲ درخواست امتحان مجدد را دارم.با تشکر ,4420890223748759,Seyed Moslem,4420890223,40210520807076,کارشناسی ارشد ناپیوسته_حقوق خصوصی_یزد_4021,"{('request_details', jdatetime.datetime(1404, 3, 28, 1, 50, 22)): '', ('request_details', jdatetime.datetime(1404, 3, 29, 1, 27, 18)): ''}",0 days 23:36:56,0 days 23:36:56,True
84,file_12_85.txt,درخواست شرکت در امتحانات تابستان۱۴۰۴ ویژه دانشجویان غیربومی(درس جزای عمومی۳),4220706739249619,reza zarrin,4220706739,40210520803079,کارشناسی پیوسته_حقوق_یزد_4021,"{('request_details', jdatetime.datetime(1404, 3, 28, 8, 2, 48)): 'باسلام\nاینجانب رضا زرین دانشجوی غیربومی رشته حقوق باتوجه به شرایط جنگی کشور امکان حضور در شهر یزد و جلسه امتحان را در درس جزای عمومی ۳ نداشتم لذا با تکمیل فرم مربوطه به صورت الکترونیکی که ضمیمه همین درخواست میباشد،درخواست شرکت در امتحان مجدد را دارم.\nرضازرین', ('request_details', jdatetime.datetime(1404, 3, 29, 1, 26, 26)): ''}",0 days 17:23:38,0 days 17:23:38,True
85,file_12_86.txt,درخواست شرکت در امتحانات تابستان۱۴۰۴ ویژه دانشجویان غیربومی(درس مدنی۵),4220706739728584,reza zarrin,4220706739,40210520803079,کارشناسی پیوسته_حقوق_یزد_4021,"{('request_details', jdatetime.datetime(1404, 3, 28, 8, 5, 17)): 'باسلام\nاینجانب رضا زرین دانشجوی غیربومی رشته حقوق باتوجه به شرایط جنگی کشور امکان حضور در شهر یزد و جلسه امتحان را در درس مدنی ۵ نداشتم لذا با تکمیل فرم مربوطه به صورت الکترونیکی که ضمیمه همین درخواست میباشد،درخواست شرکت در امتحان مجدد را دارم.\nرضازرین', ('request_details', jdatetime.datetime(1404, 3, 29, 1, 25, 14)): ''}",0 days 17:19:57,0 days 17:19:57,True
86,file_12_87.txt,اخذ ترم تابستان,4420954221340245,Saeid Ghanbarian,4420954221,10539802723,کارشناسی پیوسته_حقوق_یزد_3981,"{('request_details', jdatetime.datetime(1404, 3, 12, 2, 57)): '', ('request_details', jdatetime.datetime(1404, 3, 18, 10, 26, 8)): '', ('request_details', jdatetime.datetime(1404, 3, 26, 9, 18)): '', ('request_details', jdatetime.datetime(1404, 3, 26, 9, 18, 33)): ''}",6 days 07:29:08,14 days 06:21:33,True
87,file_12_88.txt,درخواست معافیت تحصیلی,4421222224344284,Danial Sarfarazi,4421222224,None,کارشناسی پیوسته_حقوق_یزد_4021,"{('request_details', jdatetime.datetime(1404, 2, 26, 11, 57, 1)): '', ('request_details', jdatetime.datetime(1404, 2, 28, 11, 5, 35)): '', ('request_details', jdatetime.datetime(1404, 3, 26, 9, 17, 8)): ''}",1 days 23:08:34,30 days 21:20:07,True
88,file_12_89.txt,اخذ ترم تابستان,4421241059818512,ata sadeghieh,4421241059,40110520803017,کارشناسی پیوسته_حقوق_یزد_4011,"{('request_details', jdatetime.datetime(1404, 3, 17, 8, 49, 10)): '', ('request_details', jdatetime.datetime(1404, 3, 18, 10, 13, 57)): '', ('request_details', jdatetime.datetime(1404, 3, 26, 9, 13, 59)): ''}",1 days 01:24:47,9 days 00:24:49,True
89,file_12_90.txt,درخاست مجوز ترم تابستونه نیمسال ۴۰۳۳را دارم,4421201944614144,ali tavakoli,4421201944,40210520803055,کارشناسی پیوسته_حقوق_یزد_4021,"{('request_details', jdatetime.datetime(1404, 3, 16, 8, 47, 56)): '', ('request_details', jdatetime.datetime(1404, 3, 18, 10, 15, 55)): '', ('request_details', jdatetime.datetime(1404, 3, 26, 9, 12, 23)): ''}",2 days 01:27:59,10 days 00:24:27,True
90,file_12_91.txt,درخواست مجوز ترم تابستانه نیمسال ۴۰۳۳ را دارم,4421243183473152,soroush hosseinshahi,4421243183,402759177,کارشناسی پیوسته_حقوق_یزد_4021,"{('request_details', jdatetime.datetime(1404, 3, 16, 5, 1, 46)): '', ('request_details', jdatetime.datetime(1404, 3, 18, 10, 17, 35)): '', ('request_details', jdatetime.datetime(1404, 3, 26, 9, 5, 35)): 'سلام هنوز برنامه ترم تابستان ابلاغ نشده است', ('request_details', jdatetime.datetime(1404, 3, 26, 9, 6, 8)): '', ('request_details', jdatetime.datetime(1404, 3, 26, 9, 10, 23)): ''}",2 days 05:15:49,10 days 04:08:37,False
91,file_12_92.txt,جهت ثبت نام در ترم تابستان,4421401110939698,Saman Honarmand,4421401110,403891934,کارشناسی پیوسته_حقوق_یزد_4032,"{('request_details', jdatetime.datetime(1404, 3, 14, 11, 7, 2)): 'سلام و خسته نباشید خدمت کارشناس گرامی . برای ثبت نام در ترم تابستان این ایمیل را ارسال کرده ام', ('request_details', jdatetime.datetime(1404, 3, 18, 10, 37, 53)): '', ('request_details', jdatetime.datetime(1404, 3, 26, 9, 3, 53)): 'سلام هنوز برنامه ترم تابستان ابلاغ نشده است'}",3 days 23:30:51,11 days 21:56:51,False
92,file_12_93.txt,درخواست ترم تابستان,4460148307823830,Saeed Zarebidoki,4460148307,40110520803225,کارشناسی پیوسته_حقوق_یزد_4011,"{('request_details', jdatetime.datetime(1404, 3, 15, 12, 25, 57)): '', ('request_details', jdatetime.datetime(1404, 3, 18, 10, 29, 5)): '', ('request_details', jdatetime.datetime(1404, 3, 26, 9, 1, 50)): 'سلام هنوز برنامه ترم تابستان ابلاغ نشده است'}",2 days 22:03:08,10 days 20:35:53,False
93,file_12_94.txt,درخواست ترم تابستان,4460148307772509,Saeed Zarebidoki,4460148307,40110520803225,کارشناسی پیوسته_حقوق_یزد_4011,"{('request_details', jdatetime.datetime(1404, 3, 15, 12, 29, 26)): '', ('request_details', jdatetime.datetime(1404, 3, 18, 10, 28, 29)): '', ('request_details', jdatetime.datetime(1404, 3, 25, 11, 0, 41)): '', ('request_details', jdatetime.datetime(1404, 3, 25, 11, 1, 49)): ''}",2 days 21:59:03,9 days 22:32:23,True
94,file_12_95.txt,سلام درخواست ترم تابستان دارم,4460148307780524,Saeed Zarebidoki,4460148307,40110520803225,کارشناسی پیوسته_حقوق_یزد_4011,"{('request_details', jdatetime.datetime(1404, 3, 15, 12, 22, 24)): '', ('request_details', jdatetime.datetime(1404, 3, 18, 10, 29, 47)): '', ('request_details', jdatetime.datetime(1404, 3, 25, 10, 35, 49)): ''}",2 days 22:07:23,9 days 22:13:25,True
95,file_12_96.txt,درخواست برای ترم تابستان ,4421231460891114,Mohammad Rasekhi,4421231460,40110520803008,کارشناسی پیوسته_حقوق_یزد_4011,"{('request_details', jdatetime.datetime(1404, 3, 15, 11, 40, 55)): '', ('request_details', jdatetime.datetime(1404, 3, 18, 10, 32, 26)): '', ('request_details', jdatetime.datetime(1404, 3, 25, 10, 34, 47)): ''}",2 days 22:51:31,9 days 22:53:52,True
96,file_12_97.txt,اخذ ترم تابستان,503010975757859,esmaeil zare,5030109757,40110520803014,کارشناسی پیوسته_حقوق_یزد_4011,"{('request_details', jdatetime.datetime(1404, 3, 14, 11, 30, 4)): '', ('request_details', jdatetime.datetime(1404, 3, 18, 10, 35, 11)): '', ('request_details', jdatetime.datetime(1404, 3, 25, 10, 33, 52)): ''}",3 days 23:05:07,10 days 23:03:48,True
97,file_12_98.txt,اخذ ترم تابستان,5030113551684450,erfan Tahmasebi,5030113551,40110520803013,کارشناسی پیوسته_حقوق_یزد_4011,"{('request_details', jdatetime.datetime(1404, 3, 14, 11, 27, 36)): '', ('request_details', jdatetime.datetime(1404, 3, 18, 10, 36, 37)): '', ('request_details', jdatetime.datetime(1404, 3, 25, 10, 32, 57)): ''}",3 days 23:09:01,10 days 23:05:21,True
98,file_12_99.txt,جهت ثبت نام در ترم تابستان,4421401110939698,Saman Honarmand,4421401110,403891934,کارشناسی پیوسته_حقوق_یزد_4032,"{('request_details', jdatetime.datetime(1404, 3, 14, 11, 7, 2)): 'سلام و خسته نباشید خدمت کارشناس گرامی . برای ثبت نام در ترم تابستان این ایمیل را ارسال کرده ام', ('request_details', jdatetime.datetime(1404, 3, 18, 10, 39, 29)): '', ('request_details', jdatetime.datetime(1404, 3, 25, 10, 30, 25)): ''}",3 days 23:32:27,10 days 23:23:23,True
99,file_12_100.txt,سلام درخواست برای ترم تابستان ,4421254029455088,Ahmadreza Fakharpoor,4421254029,40210520803097,کارشناسی پیوسته_حقوق_یزد_4021,"{('request_details', jdatetime.datetime(1404, 3, 15, 7, 59, 1)): '', ('request_details', jdatetime.datetime(1404, 3, 18, 10, 34, 12)): '', ('request_details', jdatetime.datetime(1404, 3, 25, 10, 29, 12)): ''}",3 days 02:35:11,10 days 02:30:11,True
100,file_12_101.txt,اخذ مجوز ترم تابستان ,4421061921945202,seyed morteza hosseinizarch,4421061921,40110520803336,کارشناسی پیوسته_حقوق_یزد_4011,"{('request_details', jdatetime.datetime(1404, 3, 15, 9, 6, 55)): '------------------------------------------------------------------------------با سلام \nبنده درخواست ترم تابستان را خواستار هستم.', ('request_details', jdatetime.datetime(1404, 3, 18, 10, 33, 8)): '', ('request_details', jdatetime.datetime(1404, 3, 25, 10, 28, 27)): ''}",3 days 01:26:13,10 days 01:21:32,True
101,file_12_102.txt,موضوع مجوز ترم تابستانه,4460156271914340,Mohammd mahdi molahasani,4460156271,40210520803151,کارشناسی پیوسته_حقوق_یزد_4021,"{('request_details', jdatetime.datetime(1404, 3, 16, 4, 6, 33)): '', ('request_details', jdatetime.datetime(1404, 3, 18, 10, 26, 56)): '', ('request_details', jdatetime.datetime(1404, 3, 25, 10, 18, 54)): ''}",2 days 06:20:23,9 days 06:12:21,True
102,file_12_103.txt,درخواست مجوز انتخاب واحد,4421203270851843,Ali Asghar Balafkan,4421203270,40210520803054,کارشناسی پیوسته_حقوق_یزد_4021,"{('request_details', jdatetime.datetime(1404, 3, 16, 4, 23, 32)): '------------------------------------------------------------------------------درخواست مجوز انتخاب واحد', ('request_details', jdatetime.datetime(1404, 3, 18, 10, 18, 22)): '', ('request_details', jdatetime.datetime(1404, 3, 25, 10, 16, 23)): ''}",2 days 05:54:50,9 days 05:52:51,True
103,file_12_104.txt,ثبت نام ترم تابستانی,4431829644936372,mohsen sardaary,4431829644,40210520803145,کارشناسی پیوسته_حقوق_یزد_4021,"{('request_details', jdatetime.datetime(1404, 3, 14, 9, 44, 6)): 'سلام\n\nحتی المقدور درسهای تخصصی\n\nمثل جزا اختصاصی \n\nمتون حقوقی\n\nمدنی ۶ و ....', ('request_details', jdatetime.datetime(1404, 3, 18, 10, 40, 7)): '', ('request_details', jdatetime.datetime(1404, 3, 25, 9, 55, 37)): ''}",4 days 00:56:01,11 days 00:11:31,True
104,file_12_105.txt,درخواست ریز نمرات داخل کشور,1200199189407523,ali saedi,1200199189,40010520803018,کارشناسی پیوسته_حقوق_یزد_4001,"{('request_details', jdatetime.datetime(1404, 3, 19, 1, 9, 28)): 'سلام و وقت بخیر\n\nریز نمرات جهت ثبت در انتخاب رشته ارشد استعداد درخشان دانشگاه ازاد  و ثبت نام دانشگاه.', ('request_details', jdatetime.datetime(1404, 3, 20, 8, 24, 11)): '', ('request_details', jdatetime.datetime(1404, 3, 25, 9, 41, 21)): ''}",1 days 07:14:43,6 days 08:31:53,True
105,file_12_106.txt,ارایه ترم تابستان ,5430079448812131,amirhosein tavangar,5430079448,40110520803045,کارشناسی پیوسته_حقوق_یزد_4011,"{('request_details', jdatetime.datetime(1404, 3, 18, 4, 35, 59)): '', ('request_details', jdatetime.datetime(1404, 3, 19, 11, 44, 50)): '', ('request_details', jdatetime.datetime(1404, 3, 25, 9, 37, 55)): '', ('request_details', jdatetime.datetime(1404, 3, 25, 9, 38, 56)): ''}",1 days 07:08:51,7 days 05:02:57,True
106,file_12_107.txt,درخواست ترم تابستانه,4421053481826720,Abolfazl Kargar,4421053481,40110520803310,کارشناسی پیوسته_حقوق_یزد_4011,"{('request_details', jdatetime.datetime(1404, 3, 18, 6, 23, 22)): 'باسلام و درود اینجانب درخواست برداشت ترم تابستانه را دارم ممنون', ('request_details', jdatetime.datetime(1404, 3, 19, 11, 43, 57)): '', ('request_details', jdatetime.datetime(1404, 3, 25, 9, 36, 4)): ''}",1 days 05:20:35,7 days 03:12:42,True
107,file_12_108.txt,درخواست گواهی اشتغال  به تحصیل,4480186786130645,Danial Dehghani,4480186786,402818715,کارشناسی پیوسته_حقوق_یزد_4021,"{('request_details', jdatetime.datetime(1404, 3, 23, 6, 36, 21)): '', ('request_details', jdatetime.datetime(1404, 3, 25, 9, 34, 10)): 'سلام درخواست تکراری بود'}",2 days 02:57:49,2 days 02:57:49,False
108,file_12_109.txt,درخواست ریز نمرات داخل کشور,1200199189769091,ali saedi,1200199189,40010520803018,کارشناسی پیوسته_حقوق_یزد_4001,"{('request_details', jdatetime.datetime(1404, 3, 19, 1, 7, 3)): '', ('request_details', jdatetime.datetime(1404, 3, 20, 8, 23, 27)): 'تکراری بود'}",1 days 07:16:24,1 days 07:16:24,False
109,file_12_110.txt,درخواست گواهی اشتغال  به تحصیل,44213692415529,Mohammad Zare,4421369241,40210520803123,کارشناسی پیوسته_حقوق_یزد_4021,"{('request_details', jdatetime.datetime(1404, 3, 15, 2, 5, 17)): 'مورد تایید است\nمورد تایید است', ('request_details', jdatetime.datetime(1404, 3, 18, 10, 27, 34)): ''}",3 days 08:22:17,3 days 08:22:17,True
110,file_12_111.txt,با سلام و ادای احترام درخواست تمدید واحد پایان نامه در این ترم را دارم,298002836311487,amin mehdizadegohari,2980028363,None,دکتری تخصصی_حقوق خصوصی_یزد_3991,"{('request_details', jdatetime.datetime(1404, 2, 15, 10, 50, 10)): '', ('request_details', jdatetime.datetime(1404, 2, 21, 9, 39, 49)): '', ('request_details', jdatetime.datetime(1404, 2, 24, 10, 2, 25)): '', ('request_details', jdatetime.datetime(1404, 2, 30, 12, 23, 12)): '', ('request_details', jdatetime.datetime(1404, 2, 30, 12, 23, 31)): ''}",5 days 22:49:39,15 days 01:33:21,True
111,file_12_112.txt,با سلام لطفا واحد پایان نامه در این ترم تمدید گردد,2980028363758543,امین مهدی زاده گوهری,2980028363,None,دکتری تخصصی_حقوق خصوصی_یزد_3991,"{('request_details', jdatetime.datetime(1404, 2, 18, 8, 15, 37)): '', ('request_details', jdatetime.datetime(1404, 2, 21, 9, 33, 10)): '', ('request_details', jdatetime.datetime(1404, 2, 23, 11, 25, 57)): '', ('request_details', jdatetime.datetime(1404, 2, 30, 12, 22, 42)): ''}",3 days 01:17:33,12 days 04:07:05,True
112,file_12_113.txt,درخواست تمدید پایان نامه,442066525464411,Ahmad Yazdi,4420665254,None,کارشناسی ارشد ناپیوسته_حقوق عمومی_یزد_4011,"{('request_details', jdatetime.datetime(1404, 2, 23, 1, 11, 5)): '', ('request_details', jdatetime.datetime(1404, 2, 29, 12, 59, 36)): '', ('request_details', jdatetime.datetime(1404, 2, 30, 12, 21, 12)): '', ('request_details', jdatetime.datetime(1404, 2, 30, 12, 21, 47)): ''}",6 days 11:48:31,7 days 11:10:42,True
113,file_12_114.txt,اخذ۲۴ واحد,4421061921255861,seyed morteza hosseinizarch,4421061921,None,کارشناسی پیوسته_حقوق_یزد_4011,"{('request_details', jdatetime.datetime(1404, 2, 25, 7, 11, 16)): '------------------------------------------------------------------------------ چگونگی اخذ ۲۴ واحد', ('request_details', jdatetime.datetime(1404, 2, 25, 9, 30)): '', ('request_details', jdatetime.datetime(1404, 2, 30, 8, 55, 2)): 'با سلام درصورتيكه ترم آخرباشد يا معدل بالاي 17 داشته باشد ميتواند 24 واحد اخذ نمايد', ('request_details', jdatetime.datetime(1404, 2, 30, 8, 55, 26)): ''}",0 days 02:18:44,5 days 01:44:10,False
114,file_12_115.txt,سلام در چه صورت امکان اخذ ۲۳ واحد وجود دارد ؟,4421254029585225,Ahmadreza Fakharpoor,4421254029,None,کارشناسی پیوسته_حقوق_یزد_4021,"{('request_details', jdatetime.datetime(1404, 2, 25, 11, 7, 59)): '', ('request_details', jdatetime.datetime(1404, 2, 28, 11, 19, 9)): '', ('request_details', jdatetime.datetime(1404, 2, 29, 12, 37, 40)): '', ('request_details', jdatetime.datetime(1404, 2, 29, 12, 41, 7)): '', ('request_details', jdatetime.datetime(1404, 2, 30, 8, 53, 33)): 'با سلام درصورتيكه ترم آخرباشد يا معدل بالاي 17 داشته باشد ميتواند 24 واحد اخذ نمايد', ('request_details', jdatetime.datetime(1404, 2, 30, 8, 54, 25)): 'با سلام درصورتيكه ترم آخرباشد يا معدل بالاي 17 داشته باشد ميتواند 24 واحد اخذ نمايد'}",3 days 00:11:10,4 days 21:46:26,False
115,file_12_116.txt,در چه صورت امکان اخذ ۲۳ واحد وجود دارد,4421332755396385,Reza Omani,4421332755,None,کارشناسی پیوسته_حقوق_یزد_4021,"{('request_details', jdatetime.datetime(1404, 2, 25, 10, 45, 18)): '', ('request_details', jdatetime.datetime(1404, 2, 28, 11, 21, 1)): '', ('request_details', jdatetime.datetime(1404, 2, 29, 1, 6, 17)): '', ('request_details', jdatetime.datetime(1404, 2, 29, 12, 36, 16)): '', ('request_details', jdatetime.datetime(1404, 2, 29, 12, 37, 10)): ''}",3 days 00:35:43,4 days 01:51:52,True
116,file_12_117.txt,تعداد سنوات مجاز ,4421187089355399,,None,None,,"{('request_details', jdatetime.datetime(1404, 2, 26, 1, 15, 1)): '------------------------------ اطلاعات دانشجو -----------محمد جواد سلمانی دهج -------------------\n\nنام و نام خانوادگی: Mohamadjavad Salmani\n\nکد ملی: 4421187089\n\nرشته محل:کارشناسی پیوسته_حقوق_یزد_4011\n\nتعداد ترم های مجاز دانشجویان کارشناسی چقدر است------------------------------------------------------------------------------', ('request_details', jdatetime.datetime(1404, 2, 28, 11, 8, 6)): '', ('request_details', jdatetime.datetime(1404, 2, 29, 12, 42, 23)): ''}",2 days 09:53:05,3 days 11:27:22,True
117,file_12_118.txt,درخواست اخذ کد پایان نامه برای دانشجویان کارشناسی ارشد و دکتری,298002836329417,امین مهدی زاده گوهری,2980028363,None,دکتری تخصصی_حقوق خصوصی_یزد_3991,"{('request_details', jdatetime.datetime(1404, 2, 16, 10, 42, 5)): '', ('request_details', jdatetime.datetime(1404, 2, 21, 9, 38, 58)): '', ('request_details', jdatetime.datetime(1404, 2, 24, 10, 14, 33)): '', ('request_details', jdatetime.datetime(1404, 2, 28, 11, 21, 57)): ''}",4 days 22:56:53,12 days 00:39:52,True
118,file_12_119.txt,درخواست تمدید پایان نامه,4420665254149999,Ahmad Yazdi,4420665254,None,کارشناسی ارشد ناپیوسته_حقوق عمومی_یزد_4011,"{('request_details', jdatetime.datetime(1404, 2, 23, 1, 14, 38)): 'با سلام اینجانب سید احمدرضا یزدی به کدملی4420665254 دانشجوی ارشد حقوق عمومی از شما تقاضای تمدید پایان نامه را دارم با تشکر', ('request_details', jdatetime.datetime(1404, 2, 25, 9, 52, 50)): '', ('request_details', jdatetime.datetime(1404, 2, 25, 10, 10, 13)): '', ('request_details', jdatetime.datetime(1404, 2, 25, 10, 10, 52)): ''}",2 days 08:38:12,2 days 08:56:14,True
119,file_12_120.txt,درخواست اینترنت دانشجویی,4431829644814437,mohsen sardaary,4431829644,None,کارشناسی پیوسته_حقوق_یزد_4021,"{('request_details', jdatetime.datetime(1404, 2, 25, 8, 39, 16)): 'با سلام و درود', ('request_details', jdatetime.datetime(1404, 2, 25, 9, 27, 58)): '', ('request_details', jdatetime.datetime(1404, 2, 25, 10, 9, 41)): ''}",0 days 00:48:42,0 days 01:30:25,True
120,file_12_121.txt,از من بپرس (اخذ راهنمایی اداری),5430080731191951,Mohammad Dehghan Herati,5430080731,None,کارشناسی پیوسته_حقوق_یزد_4021,"{('request_details', jdatetime.datetime(1404, 2, 12, 7, 33, 52)): 'سلام\n\nامتحانات پابان ترم از چه تاریخی آغاز می شود؟', ('request_details', jdatetime.datetime(1404, 2, 21, 10, 13, 30)): '', ('request_details', jdatetime.datetime(1404, 2, 23, 10, 49, 19)): '', ('request_details', jdatetime.datetime(1404, 2, 23, 11, 19, 47)): ''}",9 days 02:39:38,11 days 03:45:55,True
121,file_12_122.txt,تمدید پایان نامه  و دفاع از پروپوزال,2980028363753538,امین مهدی زاده گوهری,2980028363,None,دکتری تخصصی_حقوق خصوصی_یزد_3991,"{('request_details', jdatetime.datetime(1404, 2, 18, 9, 2, 36)): 'با سلام لطفا واحد پایان نامه را در این ترم تمدید فرمایید . شهریه پرداخت و درخواست در سامانه اموزش یار ثبت گردیده است از لطفتون بسیار تشکر دارم', ('request_details', jdatetime.datetime(1404, 2, 21, 9, 2, 43)): '', ('request_details', jdatetime.datetime(1404, 2, 23, 8, 15, 32)): '', ('request_details', jdatetime.datetime(1404, 2, 23, 10, 48, 7)): '', ('request_details', jdatetime.datetime(1404, 2, 23, 11, 19, 21)): ''}",3 days 00:00:07,5 days 02:16:45,True
122,file_12_123.txt,درخواست انتخاب واحد- حذف و اضافه خارج از زمان,298002836380401,امین مهدی زاده گوهری,2980028363,None,دکتری تخصصی_حقوق خصوصی_یزد_3991,"{('request_details', jdatetime.datetime(1404, 2, 18, 8, 14, 39)): '', ('request_details', jdatetime.datetime(1404, 2, 21, 10, 10, 44)): '', ('request_details', jdatetime.datetime(1404, 2, 23, 10, 51, 1)): '', ('request_details', jdatetime.datetime(1404, 2, 23, 11, 0, 35)): ''}",3 days 01:56:05,5 days 02:45:56,True
