﻿,file_name,subject,refrence_code,student_name,national_id,student_id,major,message,latency,duration,is_null
0,file_3_1.txt,درود وقتی می‌خواستم مجوز انتخاب واحد در نیم سال ۴۰۴۱ وارد کنم خطا می‌ده بهم و میگه مجاز نیستم ممنون می‌شم راهنماییم کنید🙏🏼,4421000574734863,Ashkan Nikbakhsh,4421000574,403103349,کارشناسی ارشد ناپیوسته_مترجمی زبان انگلیسی_یزد_4031,"{('request_details', jdatetime.datetime(1404, 5, 26, 6, 5, 50)): '', ('request_details', jdatetime.datetime(1404, 5, 27, 10, 14, 1)): 'سلام و احترام\n\nلطفا بررسی گردد'}",1 days 04:08:11,1 days 04:08:11,False
1,file_3_2.txt,درخواست صدور کارت دانشجویی,4421000574675745,Ashkan Nikbakhsh,4421000574,403103349,کارشناسی ارشد ناپیوسته_مترجمی زبان انگلیسی_یزد_4031,"{('request_details', jdatetime.datetime(1404, 5, 27, 9, 15, 18)): '', ('request_details', jdatetime.datetime(1404, 5, 27, 10, 11, 15)): 'سلام \n\nلطفا جهت صدور کارت دانشجویی اقدامات لازم مبذول گردد'}",0 days 00:55:57,0 days 00:55:57,False
2,file_3_3.txt,درخواست انتخاب واحد ترم تابستان,4421165281184819,zahra malekzadeh,4421165281,40110560202060,کارشناسی پیوسته_مهندسی معماری_یزد_4011,"{('main_message', jdatetime.datetime(1404, 4, 6, 11, 31, 7)): ""از: 'zahra - 4421165281@iau.ir '\n\nبه: 'کارشناسی - sf-105-60202-4-4011@iau.ir '\n\nموضوع: 'درخواست انتخاب واحد ترم تابستان'"", ('request_details', jdatetime.datetime(1404, 4, 6, 11, 31, 7)): '', ('request_details', jdatetime.datetime(1404, 4, 8, 10, 3, 58)): '', ('request_details', jdatetime.datetime(1404, 5, 9, 7, 51, 58)): 'با سلام\n\nلطفا به كارشناس گروه مراجعه كنيد'}",0 days 00:00:00,33 days 20:20:51,False
3,file_3_4.txt,درخواست انتخاب واحد- حذف و اضافه خارج از زمان,4421395773434604,مبینا قفایی,4421395773,403284756,کارشناسی پیوسته_مهندسی معماری_یزد_4031,"{('main_message', jdatetime.datetime(1404, 4, 5, 9, 58, 56)): ""از: 'مبینا - 4421395773@iau.ir '\n\nبه: 'کارشناسی - sf-105-60202-4-4031@iau.ir '\n\nموضوع: 'درخواست انتخاب واحد- حذف و اضافه خارج از زمان'"", ('request_details', jdatetime.datetime(1404, 4, 5, 9, 58, 56)): '', ('request_details', jdatetime.datetime(1404, 4, 5, 10, 29, 44)): '', ('request_details', jdatetime.datetime(1404, 5, 9, 7, 51, 4)): 'با سلام \n\nلطفا به كارشناس گروه مراجعه كنيد.'}",0 days 00:00:00,34 days 21:52:08,False
4,file_3_5.txt,درخواست فارغ التحصیلی دانشجویان,4420182695374481,atefeh mazidi,4420182695,40110520315005,کارشناسی ارشد ناپیوسته_مترجمی زبان انگلیسی_یزد_4011,"{('request_details', jdatetime.datetime(1404, 4, 1, 10, 35, 29)): '', ('request_details', jdatetime.datetime(1404, 4, 2, 11, 9, 43)): '', ('main_message', jdatetime.datetime(1404, 4, 2, 11, 9, 49)): ""از: 'کارشناسی - sf-105-20315-5-4011@iau.ir '\n\nبه: 'واحد - 356288@iau.ir '\n\nموضوع: 'درخواست فارغ التحصیلی دانشجویان'"", ('main_message', jdatetime.datetime(1404, 4, 2, 11, 41, 48)): ""از: '356288 - 356288@iau.ir '\n\nبه: 'کارشناسی - sf-105-20315-5-4011@iau.ir '\n\nموضوع: 'پاسخ: درخواست فارغ التحصیلی دانشجویان'\n\nسلام كار هاي فارغ التحصيلي نامبرده ديروز اول تير انجان شده است"", ('request_details', jdatetime.datetime(1404, 5, 9, 7, 49, 49)): ''}",1 days 00:34:14,38 days 21:14:20,False
5,file_3_6.txt,درخواست فارغ التحصیلی دانشجویان,4420135867419319,sanaz shakeri,4420135867,40110520315003,کارشناسی ارشد ناپیوسته_مترجمی زبان انگلیسی_یزد_4011,"{('request_details', jdatetime.datetime(1404, 4, 1, 10, 33, 14)): '', ('request_details', jdatetime.datetime(1404, 4, 2, 11, 9, 17)): '', ('main_message', jdatetime.datetime(1404, 4, 2, 11, 9, 24)): ""از: 'کارشناسی - sf-105-20315-5-4011@iau.ir '\n\nبه: 'واحد - 356288@iau.ir '\n\nموضوع: 'درخواست فارغ التحصیلی دانشجویان'"", ('main_message', jdatetime.datetime(1404, 4, 2, 11, 39, 41)): ""از: '356288 - 356288@iau.ir '\n\nبه: 'کارشناسی - sf-105-20315-5-4011@iau.ir '\n\nموضوع: 'پاسخ: درخواست فارغ التحصیلی دانشجویان'\n\nسلام كارفارغ اتحصيلي نامرده ديروز اول تير انجام شده است"", ('request_details', jdatetime.datetime(1404, 5, 9, 7, 49, 22)): ''}",1 days 00:36:03,38 days 21:16:08,False
6,file_3_7.txt,با سلام با توجه به شرایط پیش امده در کشور و نداشتن روحیه دانشجویان خوابگاهی برای خواندن امتحانات تعویق امتحانات ۲۵ خرداد را خواستاریم از پیگیری شما سپاسگزارم,5420069962664466,esmat kohansal,5420069962,40210560202028,کارشناسی پیوسته_مهندسی معماری_یزد_4021,"{('request_details', jdatetime.datetime(1404, 3, 24, 11, 29, 48)): '', ('request_details', jdatetime.datetime(1404, 3, 25, 5, 36, 31)): '', ('main_message', jdatetime.datetime(1404, 3, 25, 5, 36, 38)): ""از: 'کارشناسی - sf-105-60202-4-4021@iau.ir '\n\nبه: 'واحد - 336273@iau.ir '\n\nموضوع: 'با سلام با توجه به شرایط پیش امده در کشور و نداشتن روحیه دانشجویان خوابگاهی برای خواندن امتحانات تعویق امتحانات ۲۵ خرداد را خواستاریم از پیگیری شما سپاسگزارم'"", ('main_message', jdatetime.datetime(1404, 3, 29, 9, 29, 33)): ""از: '336273 - 336273@iau.ir '\n\nبه: 'کارشناسی - sf-105-60202-4-4021@iau.ir '\n\nموضوع: 'پاسخ: با سلام با توجه به شرایط پیش امده در کشور و نداشتن روحیه دانشجویان خوابگاهی برای خواندن امتحانات تعویق امتحانات ۲۵ خرداد را خواستاریم از پیگیری شما سپاسگزارم'"", ('request_details', jdatetime.datetime(1404, 5, 9, 7, 48, 20)): ''}",0 days 18:06:43,46 days 20:18:32,False
7,file_3_8.txt,درخواست صدور کارت دانشجویی,4421228370225131,ریحانه خانی,4421228370,403635530,کارشناسی پیوسته_طراحی لباس_یزد_4031,"{('request_details', jdatetime.datetime(1404, 3, 9, 7, 27, 50)): '', ('request_details', jdatetime.datetime(1404, 3, 11, 10, 23, 51)): '', ('main_message', jdatetime.datetime(1404, 3, 11, 10, 23, 58)): ""از: 'کارشناسی - sf-105-60148-4-4031@iau.ir '\n\nبه: 'واحد - 336308@iau.ir '\n\nموضوع: 'درخواست صدور کارت دانشجویی'"", ('main_message', jdatetime.datetime(1404, 3, 12, 9, 30, 45)): ""از: '336308 - 336308@iau.ir '\n\nبه: 'کارشناسی - sf-105-60148-4-4031@iau.ir '\n\nموضوع: 'پاسخ: درخواست صدور کارت دانشجویی'\n\nسلام کارت دانشجویی صادر گردید از روز دوشنبه 1404/03/19 ب بعد در زمانهای اداری به ساختمان طاهری همکف اتاق 5 ( امور دانشجویی- آقای معلایی ) مراجعه نمایند. باتشکر 03531872405"", ('request_details', jdatetime.datetime(1404, 5, 9, 7, 47, 51)): ''}",2 days 02:56:01,62 days 00:20:01,False
8,file_3_9.txt,درخواست ثبت مجوز انتخاب رشته ترم تابستان,4421094269519048,امیرمحمد دشتی رحمت ابادی,4421094269,40210520315016,کارشناسی پیوسته_مترجمی زبان انگلیسی_یزد_4021,"{('request_details', jdatetime.datetime(1404, 4, 6, 12, 5, 1)): 'سلام.وقتتون بخیر.\n\nدرخواست ثبت مجوز برای انتخاب رشته ترم تابستان را دارم.', ('request_details', jdatetime.datetime(1404, 4, 8, 10, 2, 56)): '', ('main_message', jdatetime.datetime(1404, 4, 8, 10, 3, 3)): ""از: 'کارشناسی - sm-105-20315-4-4021@iau.ir '\n\nبه: 'واحد - 356288@iau.ir '\n\nموضوع: 'درخواست ثبت مجوز انتخاب رشته ترم تابستان'"", ('main_message', jdatetime.datetime(1404, 4, 8, 10, 38, 35)): ""از: '356288 - 356288@iau.ir '\n\nبه: 'کارشناسی - sm-105-20315-4-4021@iau.ir '\n\nموضوع: 'پاسخ: درخواست ثبت مجوز انتخاب رشته ترم تابستان'\n\n\n\nسلام دانشجو درخواست سرترم انتخاب واحد تابستان را در سيستم انجام داده ژس از پر داخت شهريه در تاريخ 9 تير انتخابواحد ترم تابستان را انجام مي دهد."", ('request_details', jdatetime.datetime(1404, 5, 9, 7, 47, 7)): ''}",1 days 21:57:55,33 days 19:42:06,False
9,file_3_10.txt,سلام.وقتتون بخیر.درخواست اجازه برای اخذ درس وصایا و انس با قران برای ترم تابستان را دارم.,4421094269452060,امیرمحمد دشتی رحمت ابادی,4421094269,40210520315016,کارشناسی پیوسته_مترجمی زبان انگلیسی_یزد_4021,"{('request_details', jdatetime.datetime(1404, 4, 9, 1, 29, 59)): '', ('request_details', jdatetime.datetime(1404, 4, 9, 10, 40, 5)): '', ('main_message', jdatetime.datetime(1404, 4, 9, 10, 40, 13)): ""از: 'کارشناسی - sm-105-20315-4-4021@iau.ir '\n\nبه: 'واحد - 356288@iau.ir '\n\nموضوع: 'سلام.وقتتون بخیر.درخواست اجازه برای اخذ درس وصایا و انس با قران برای ترم تابستان را دارم.'"", ('main_message', jdatetime.datetime(1404, 4, 10, 9, 7, 18)): ""از: '356288 - 356288@iau.ir '\n\nبه: 'کارشناسی - sm-105-20315-4-4021@iau.ir '\n\nموضوع: 'پاسخ: سلام.وقتتون بخیر.درخواست اجازه برای اخذ درس وصایا و انس با قران برای ترم تابستان را دارم.'\n\nسلام براي گرفتن دروس انس با قران وانديشه امام ممنوعيتي نيست و سقف واحد حساب نمي شود دانشجو به راحتي مي تواند ان را اخذ نمايد."", ('request_details', jdatetime.datetime(1404, 5, 9, 7, 46, 41)): ''}",0 days 09:10:06,31 days 06:16:42,False
10,file_3_11.txt,درخواست معرفی به استاد,4421183873442640,Soheil Karimi,4421183873,40110520315034,کارشناسی پیوسته_مترجمی زبان انگلیسی_یزد_4011,"{('request_details', jdatetime.datetime(1404, 4, 28, 1, 9, 36)): '', ('request_details', jdatetime.datetime(1404, 4, 29, 10, 1, 53)): '', ('main_message', jdatetime.datetime(1404, 4, 29, 10, 2)): ""از: 'کارشناسی - sm-105-20315-4-4011@iau.ir '\n\nبه: 'واحد - 356288@iau.ir '\n\nموضوع: 'درخواست معرفی به استاد'"", ('main_message', jdatetime.datetime(1404, 4, 31, 9, 37, 11)): ""از: '356288 - 356288@iau.ir '\n\nبه: 'کارشناسی - sm-105-20315-4-4011@iau.ir '\n\nموضوع: 'پاسخ: درخواست معرفی به استاد'\n\nسلام جهت گرفتن فرم معرفي به استاد به گروه مراجعه  شود"", ('request_details', jdatetime.datetime(1404, 5, 9, 7, 46, 5)): ''}",1 days 08:52:17,12 days 06:36:29,False
11,file_3_12.txt,درخواست آزمون مجدد از زبان انگلیسی ترکیبی 1(مجازی),4421396672686204,مطهره رضوی پور,4421396672,403292134,کارشناسی پیوسته_مهندسی معماری_یزد_4031,"{('request_details', jdatetime.datetime(1404, 4, 24, 4, 39, 3)): 'با سلام و احترام\n\n\n\nاینجانب مطهره رضوی پور، با کد ملی 4421396672 و دانش\u200cآموخته ترم دوم رشته مهندسی معماری، در آزمون زبان انگلیسی ترکیبی 1 (به صورت مجازی) با توجه به وضعیت اینترنت بسیار ضعیف و قطع مکرر در بازه زمانی جنگ 12 روزه، متأسفانه نتوانستم در زمان مقرر آزمون  را به اتمام برسانم. لذا، خواهشمند است در صورت امکان، نسبت به برگزاری مجدد امتحان از اینجانب دستور لازم را صادر فرمایید.\n\n\n\nپیشاپیش از همکاری و درک شما سپاسگزارم.\n\nبا احترام،\n\nمطهره رضوی پور', ('request_details', jdatetime.datetime(1404, 4, 26, 10, 35, 15)): '', ('main_message', jdatetime.datetime(1404, 4, 26, 10, 35, 22)): ""از: 'کارشناسی - sf-105-60202-4-4031@iau.ir '\n\nبه: 'واحد - 356288@iau.ir '\n\nموضوع: 'درخواست آزمون مجدد از زبان انگلیسی ترکیبی 1(مجازی)'"", ('main_message', jdatetime.datetime(1404, 4, 31, 10, 17, 13)): ""از: '356288 - 356288@iau.ir '\n\nبه: 'کارشناسی - sf-105-60202-4-4031@iau.ir '\n\nموضوع: 'پاسخ: درخواست آزمون مجدد از زبان انگلیسی ترکیبی 1(مجازی)'\n\nسلام به مدير گروه زبان خانم دكتر عرفان راد مراجعه كنيد"", ('request_details', jdatetime.datetime(1404, 5, 9, 7, 45, 9)): ''}",2 days 05:56:12,16 days 03:06:06,False
12,file_3_13.txt,درخواست فارغ التحصیلی دانشجویان,4421038849901418,SeyedAtaAllah Amini,4421038849,40010520312002,کارشناسی پیوسته_آموزش زبان انگلیسی_یزد_4001,"{('request_details', jdatetime.datetime(1404, 4, 28, 7, 12, 58)): '', ('request_details', jdatetime.datetime(1404, 4, 29, 10, 2, 25)): '', ('main_message', jdatetime.datetime(1404, 4, 29, 10, 2, 32)): ""از: 'کارشناسی - sm-105-20312-4-4001@iau.ir '\n\nبه: 'واحد - 356288@iau.ir '\n\nموضوع: 'درخواست فارغ التحصیلی دانشجویان'"", ('main_message', jdatetime.datetime(1404, 4, 30, 8, 44, 38)): ""از: '356288 - 356288@iau.ir '\n\nبه: 'کارشناسی - sm-105-20312-4-4001@iau.ir '\n\nموضوع: 'پاسخ: درخواست فارغ التحصیلی دانشجویان'\n\nسلام جهت انجام كار فارغ التحصيلي به گروه اموزشي مراجه كنيد"", ('request_details', jdatetime.datetime(1404, 5, 9, 7, 44, 42)): ''}",1 days 02:49:27,12 days 00:31:44,False
13,file_3_14.txt,درخواست معرفی به استاد,4421183873234113,Soheil Karimi,4421183873,40110520315034,کارشناسی پیوسته_مترجمی زبان انگلیسی_یزد_4011,"{('request_details', jdatetime.datetime(1404, 4, 30, 8, 16, 42)): '', ('request_details', jdatetime.datetime(1404, 5, 7, 9, 47, 15)): '', ('main_message', jdatetime.datetime(1404, 5, 7, 9, 47, 22)): ""از: 'کارشناسی - sm-105-20315-4-4011@iau.ir '\n\nبه: 'واحد - 356288@iau.ir '\n\nموضوع: 'درخواست معرفی به استاد'"", ('main_message', jdatetime.datetime(1404, 5, 8, 8, 22, 2)): ""از: '356288 - 356288@iau.ir '\n\nبه: 'کارشناسی - sm-105-20315-4-4011@iau.ir '\n\nموضوع: 'پاسخ: درخواست معرفی به استاد'\n\nسلام براي دريافت فرم معرفي به استاد به گروه مراجعه شود"", ('request_details', jdatetime.datetime(1404, 5, 9, 7, 44, 11)): ''}",8 days 01:30:33,9 days 23:27:29,False
14,file_3_15.txt,-درخواست امتحان مجدد برای بچه‌های غیر بومی   کدهای پیگیری برای دروس عمومی   1772141262545664  1772183203139678  1772203476232495  باتشکر ,3040518224683813,Fatemeh Hosseinisabagh,3040518224,40110560111016,کارشناسی پیوسته_نقاشی_یزد_4011,"{('request_details', jdatetime.datetime(1404, 3, 27, 10, 1, 31)): '', ('request_details', jdatetime.datetime(1404, 4, 2, 11, 12, 16)): 'درخواست شما دریافت شد، اطلاع رسانی های بعدی متعاقبا از طریق کانال های رسمی دانشگاه ازاد اسلامی استان یزد در پلتفرم های ایتا و تلگرام اعلام می گردد.»'}",6 days 01:10:45,6 days 01:10:45,False
15,file_3_16.txt,درخواست امتحان مجدد برای دانشجویان پزشکی و غیر پزشکی غیر بومی,2530266913164585,fatemeh zahiri,2530266913,40110560202050,کارشناسی پیوسته_مهندسی معماری_یزد_4011,"{('request_details', jdatetime.datetime(1404, 3, 28, 1, 55, 56)): 'خواهشمندم درخواست امتحان مجدد برای دانشجویان غیر بومی بررسی گردد.', ('request_details', jdatetime.datetime(1404, 4, 2, 10, 48, 27)): 'درخواست شما دریافت شد، اطلاع رسانی های بعدی متعاقبا از طریق کانال های رسمی دانشگاه ازاد اسلامی استان یزد در پلتفرم های ایتا و تلگرام اعلام می گردد.»'}",5 days 08:52:31,5 days 08:52:31,False
16,file_3_17.txt,درخواست آزمونهای مجدد تابستان 1404,1062678249504665,Zahra Razavi,1062678249,40110560101028,کارشناسی ارشد ناپیوسته_طراحی پارچه و لباس_یزد_4011,"{('request_details', jdatetime.datetime(1404, 3, 27, 1, 18, 11)): 'باسلام\nفرم الکترونیکی کاربرگ تکمیل شده، و فایل ضمیمه فیزیکی نیز درج شده است.', ('request_details', jdatetime.datetime(1404, 3, 27, 3, 43, 23)): 'درخواست شما دریافت شد، اطلاع رسانی های بعدی متعاقبا از طریق کانال های رسمی دانشگاه ازاد اسلامی استان یزد در پلتفرم های ایتا و تلگرام اعلام می گردد.'}",0 days 02:25:12,0 days 02:25:12,False
17,file_3_18.txt,درخواست معرفی به استاد,4421219096912099,kiana hoseini,4421219096,40010560202054,کارشناسی پیوسته_مهندسی معماری_یزد_4001,"{('request_details', jdatetime.datetime(1404, 2, 31, 11, 35, 22)): '', ('request_details', jdatetime.datetime(1404, 3, 1, 7, 18, 47)): 'با سلام ماده 20 آیین نامه آموزشی چنانچه دانشجو در یک نیمسال یا دوره تابستان برای فراغت از تحصیل حداکثر 8 واحد یا کمتر  از دروس نظری باقیمانده داشته باشد می تواند برای یک بار خارج از تقویم دانشگاهی انتخلب واحد نموده و در فرصتی که از طرف گروه آموزشی مربوط تعیین می شود درس یا دروس مزبور را از طریق معرفی به استادا  انتخاب واحد و بگذراند لازم به ذکر است دو درس تا 4 واحد مستقیم از گروه اقدام میگردد بیش از دو درس تا 8 واحد ازکمسیون موارد خاص مجوز اخذ میگردد.'}",0 days 19:43:25,0 days 19:43:25,False
18,file_3_19.txt,معرفی به استاد,4421278157617121,mitra saberi,4421278157,40210560111018,کارشناسی پیوسته_نقاشی_یزد_4021,"{('request_details', jdatetime.datetime(1404, 2, 30, 11, 27, 25)): 'با سلام  در چه صورت میتوانم درسی را به صورت معرفی به استاد بگیرم؟', ('request_details', jdatetime.datetime(1404, 2, 31, 11, 35, 34)): '', ('request_details', jdatetime.datetime(1404, 3, 1, 7, 17, 15)): 'با سلام ماده 20 آیین نامه آموزشی چنانچه دانشجو در یک نیمسال یا دوره تابستان برای فراغت از تحصیل حداکثر 8 واحد یا کمتر  از دروس نظری باقیمانده داشته باشد می تواند برای یک بار خارج از تقویم دانشگاهی انتخلب واحد نموده و در فرصتی که از طرف گروه آموزشی مربوط تعیین می شود درس یا دروس مزبور را از طریق معرفی به استادا  انتخاب واحد و بگذراند لازم به ذکر است دو درس تا 4 واحد مستقیم از گروه اقدام میگردد بیش از دو درس تا 8 واحد ازکمسیون موارد خاص مجوز اخذ میگردد.'}",1 days 00:08:09,1 days 19:49:50,False
19,file_3_20.txt,درخواست انتخاب واحد ازمون جامع دکتری,3150739551358869,سمیه بهبودی,3150739551,403257154,کارشناسی پیوسته_طراحی لباس_یزد_4031,"{('request_details', jdatetime.datetime(1404, 2, 30, 10, 36, 29)): 'با سلام و احترام، در مورد درخواست وام دانشجویی توضیحات کاملش رو میخواستم برام توضیح دهید.', ('request_details', jdatetime.datetime(1404, 2, 31, 11, 34, 54)): 'باسلام\n\nبا توجه به عدم ارسال مصوبه سازمان درخصوص وام های دانشجویی، امکان ثبت وام تا اطلاع ثانویه امکان پذیرنمی باشد و به محض ارسال مصوبات سازمان از طریق پیامک اطلاع رسانی خواهد شد. ضمنا ارسال درخواست وام از طریق سامانه آموزشیار می باشد.\n\nضمنا موضوع درخواست با متن درخواست مغایرت دارد.'}",1 days 00:58:25,1 days 00:58:25,False
20,file_3_21.txt,درخواست اخذ وام دانشجویی,4421228370644057,ریحانه خانی,4421228370,403635530,کارشناسی پیوسته_طراحی لباس_یزد_4031,"{('request_details', jdatetime.datetime(1404, 2, 30, 10, 31, 7)): 'باسلام و احترام\nدرخواست دریافت وام دانشجویی برای ترم جدید رو دارم', ('request_details', jdatetime.datetime(1404, 2, 31, 11, 30, 18)): 'درخواست تکراری\n\nباسلام\n\nبا توجه به عدم ارسال مصوبه سازمان درخصوص وام های دانشجویی، امکان ثبت وام تا اطلاع ثانویه امکان پذیرنمی باشد و به محض ارسال مصوبات سازمان از طریق پیامک اطلاع رسانی خواهد شد. ضمنا ارسال درخواست وام از طریق سامانه آموزشیار می باشد.'}",1 days 00:59:11,1 days 00:59:11,False
21,file_3_22.txt,درخواست اخذ وام دانشجویی,4421228370598158,ریحانه خانی,4421228370,403635530,کارشناسی پیوسته_طراحی لباس_یزد_4031,"{('request_details', jdatetime.datetime(1404, 2, 30, 10, 29, 3)): '', ('request_details', jdatetime.datetime(1404, 2, 31, 11, 28, 53)): 'باسلام\n\nبا توجه به عدم ارسال مصوبه سازمان درخصوص وام های دانشجویی، امکان ثبت وام تا اطلاع ثانویه امکان پذیرنمی باشد و به محض ارسال مصوبات سازمان از طریق پیامک اطلاع رسانی خواهد شد. ضمنا ارسال درخواست وام از طریق سامانه آموزشیار می باشد.'}",1 days 00:59:50,1 days 00:59:50,False
22,file_3_23.txt,سلام درخواست وام دانشجویی دارم.,4421094269247334,امیرمحمد دشتی رحمت ابادی,4421094269,40210520315016,کارشناسی پیوسته_مترجمی زبان انگلیسی_یزد_4021,"{('request_details', jdatetime.datetime(1404, 2, 30, 8, 55, 24)): '', ('request_details', jdatetime.datetime(1404, 2, 30, 9, 25, 13)): 'باسلام\n\nبا توجه به عدم ارسال مصوبه سازمان درخصوص وام های دانشجویی، امکان ثبت وام تا اطلاع ثانویه امکان پذیرنمی باشد و به محض ارسال مصوبات سازمان از طریق پیامک اطلاع رسانی خواهد شد. ضمنا ارسال درخواست وام از طریق سامانه آموزشیار می باشد.'}",0 days 00:29:49,0 days 00:29:49,False
23,file_3_24.txt,باسلام تاریخ شروع امتحانات کی هست,4421283622595601,محمد جواد محمد پور راوری,4421283622,403238102,کارشناسی پیوسته_مترجمی زبان انگلیسی_یزد_4031,"{('request_details', jdatetime.datetime(1404, 2, 30, 8, 53, 29)): '', ('request_details', jdatetime.datetime(1404, 2, 30, 9, 21, 2)): 'سلام \n\nتاریخ شروع امتحانات 17 خرداد و پایان امتحانات 3 تیرماه می باشد'}",0 days 00:27:33,0 days 00:27:33,False
24,file_3_25.txt,در خواست ارسال و دریافت نمرات مهمانی,4470107891800286,seyed ali hoseyni,4470107891,None,کارشناسی پیوسته_مترجمی زبان انگلیسی_یزد_4011,"{('request_details', jdatetime.datetime(1404, 2, 28, 4, 30, 45)): '', ('request_details', jdatetime.datetime(1404, 2, 29, 9, 17, 41)): 'سلام \n\nلطفا درخواست خود را کامل و واضح ارسال بفرمائید.'}",1 days 04:46:56,1 days 04:46:56,False
25,file_3_26.txt,تاریخ امتحانات,4421139769951598,Pouya Afshinkhah,4421139769,None,کارشناسی پیوسته_مترجمی زبان انگلیسی_یزد_4001,"{('request_details', jdatetime.datetime(1404, 2, 28, 12, 22, 48)): 'تاریخ امتحانات کی است؟', ('request_details', jdatetime.datetime(1404, 2, 29, 8, 58, 21)): 'سلام تاریخ امتحانات 17 خرداد تا 3 تیرماه می باشد'}",0 days 20:35:33,0 days 20:35:33,False
26,file_3_27.txt,از من بپرس (اخذ راهنمایی اداری),4421240508273112,سامان صادقی سرچشمه,4421240508,None,کارشناسی پیوسته_مترجمی زبان انگلیسی_یزد_4011,"{('request_details', jdatetime.datetime(1404, 2, 25, 6, 21, 33)): 'درچه صورت میتوان 23 واحد اخذ کرد؟', ('request_details', jdatetime.datetime(1404, 2, 28, 8, 4, 10)): '', ('request_details', jdatetime.datetime(1404, 2, 29, 8, 42, 56)): 'سلام در دوصوت دانشجو مي تواند با لاي 20 واحد اخذ نمايد يكي معدل ترمي بلاي 17 وديگري ترم اخر باشد.'}",3 days 01:42:37,4 days 02:21:23,False
27,file_3_28.txt,درخواست اخذ وام دانشجویی,4421241598851365,علی نامداری,4421241598,None,کارشناسی پیوسته_مترجمی زبان انگلیسی_یزد_4031,"{('request_details', jdatetime.datetime(1404, 2, 25, 7, 6, 19)): 'با سلام و احترام درباره وام دانشجویی اطلاعات میخواستم', ('request_details', jdatetime.datetime(1404, 2, 28, 7, 59, 7)): 'باسلام\n\nبا توجه به عدم ارسال مصوبه سازمان درخصوص وام های دانشجویی، امکان ثبت وام تا اطلاع ثانویه امکان پذیرنمی باشد و به محض ارسال مصوبات سازمان از طریق پیامک اطلاع رسانی خواهد شد. ضمنا ارسال درخواست وام از طریق سامانه آموزشیار می باشد.'}",3 days 00:52:48,3 days 00:52:48,False
28,file_3_29.txt,تست اتصال حساب کاربری به دانشگاه,4421026158457412,Mohammad Sadegh Moradi Baghbidi,4421026158,None,کارشناسی پیوسته_مترجمی زبان انگلیسی_یزد_4001,"{('request_details', jdatetime.datetime(1404, 2, 25, 8, 6, 19)): 'با سلام، این ایمیل به جهت اطمینان از برقراری ارتباط و عدم وجود مشکل میباشد.', ('request_details', jdatetime.datetime(1404, 2, 28, 7, 52, 15)): 'باسلام\n\nایمیل دریافت شد. درخواست خود را واضح ارسال بفرمائید.'}",2 days 23:45:56,2 days 23:45:56,False
29,file_3_30.txt,بررسی اتصال به سامانه ,4421337420313442,ابوالفضل تیموری,4421337420,None,کارشناسی پیوسته_مترجمی زبان انگلیسی_یزد_4021,"{('request_details', jdatetime.datetime(1404, 2, 25, 5, 54, 59)): '', ('request_details', jdatetime.datetime(1404, 2, 28, 7, 50, 5)): 'باسلام\n\nایمیل دریافت گردید. من بعد درخواست های خود را از همین طریق ارسال بفرمائید.'}",3 days 01:55:06,3 days 01:55:06,False
30,file_3_31.txt,تست اتصال سامانه,4460154609467811,Reza Fallah Madvari,4460154609,None,کارشناسی پیوسته_مترجمی زبان انگلیسی_یزد_4021,"{('request_details', jdatetime.datetime(1404, 2, 27, 11, 25, 46)): '', ('request_details', jdatetime.datetime(1404, 2, 28, 7, 48, 56)): 'باسلام\n\nایمیل دریافت گردید. من بعد درخواست های خود را از همین طریق ارسال بفرمائید.'}",0 days 20:23:10,0 days 20:23:10,False
31,file_3_32.txt,بررسی اتصال به سامانه,0150482299201391,arshia morsali,150482299,None,کارشناسی پیوسته_مترجمی زبان انگلیسی_یزد_4021,"{('request_details', jdatetime.datetime(1404, 2, 25, 8, 12, 34)): '', ('request_details', jdatetime.datetime(1404, 2, 28, 7, 46, 25)): 'سلام\n\nایمیل شما دریافت گردید. من بعد درخواست های خود را از همین طریق ارسال بفرمائید'}",2 days 23:33:51,2 days 23:33:51,False
32,file_3_33.txt,سوال درباره امتحانات پایان ترم,4421165451255882,Abolfazl Zaboli mehdi abadi,4421165451,None,کارشناسی پیوسته_آموزش زبان انگلیسی_یزد_4001,"{('request_details', jdatetime.datetime(1404, 2, 28, 7, 40, 59)): 'سلام\n\nشروع امتحانات 17خرداد پایان امتحانات 3 تیرماه می باشد با سلام و احترام خدمت شما \nتاریخ شروع امتحانات پایان ترم کی هست؟', ('request_details', jdatetime.datetime(1404, 2, 28, 12, 25, 58)): ''}",0 days 04:44:59,0 days 04:44:59,True
33,file_3_34.txt,تاریخ شروع امتحانات,4421152323923008,Mahmood Iranifard,4421152323,None,کارشناسی پیوسته_مترجمی زبان انگلیسی_یزد_4001,"{('request_details', jdatetime.datetime(1404, 2, 25, 2, 47, 12)): '', ('request_details', jdatetime.datetime(1404, 2, 28, 7, 40, 16)): 'سلام\n\nشروع امتحانات 17خرداد پایان امتحانات 3 تیرماه می باشد'}",3 days 04:53:04,3 days 04:53:04,False
34,file_3_35.txt,برگزاری اردوی علمی ,4421358045250741,Reyhane Porqader,4421358045,None,کارشناسی پیوسته_مهندسی معماری_یزد_4031,"{('request_details', jdatetime.datetime(1404, 2, 21, 10, 58, 23)): 'سایر سلام و درود\nاحتراما بنا به برگزاری نمایشگاه کتاب در نیمه دوم اردیبهشت ماه در تهران، خواهشمندیم نسبت به برگزاری تور علمی بازدید از این نمایشگاه اقدامات لازم را مبذول بفرمایید\u200c.', ('request_details', jdatetime.datetime(1404, 2, 22, 9, 37, 35)): '', ('request_details', jdatetime.datetime(1404, 2, 28, 7, 36, 23)): 'درخواست شما مورد تایید شورای  باشگاه پژوهشگران جوان و نخبگان  قرار گرفت  تاریخ این بازدید علمی 1404/02/25 می باشد .که در گروه های دانشجویی تبلیغ و ثبت نام انجام گرفت .'}",0 days 22:39:12,6 days 20:38:00,False
35,file_3_36.txt,درخواست بازدید علمی انجمن علمی,4421256102253962,Fatemeh Mazrae molae,4421256102,None,کارشناسی پیوسته_مهندسی معماری_یزد_4021,"{('request_details', jdatetime.datetime(1404, 2, 22, 2, 29, 31)): 'سلام و درود\nاحتراما بنا به برگزاری نمایشگاه کتاب در نیمه دوم اردیبهشت ماه در تهران، خواهشمندیم نسبت به برکزاری تور علمی بازدید از این نمایشگاه اقدامات لازم را مبذول بفرمایید.', ('request_details', jdatetime.datetime(1404, 2, 22, 12, 21, 16)): '', ('request_details', jdatetime.datetime(1404, 2, 28, 7, 35, 28)): 'درخواست شما مورد تایید شورای  باشگاه پژوهشگران جوان و نخبگان  قرار گرفت  تاریخ این بازدید علمی 1404/02/25 مشخص و در گروه های دانشجویی تبلیغ و ثبت نام انجام گردید.'}",0 days 09:51:45,6 days 05:05:57,False
36,file_3_37.txt,درخواست بازدید علمی انجمن علمی,4421185957368572,fatemeh boroomand nia,4421185957,None,کارشناسی پیوسته_مهندسی معماری_یزد_4021,"{('request_details', jdatetime.datetime(1404, 2, 22, 2, 35, 46)): 'سلام و درود\nاحتراما بنا به برگزاری نمایشگاه کتاب در نیمه دوم اردیبهشت ماه در تهران، خواهشمندیم نسبت به برگزاری تور علمی بازدید از این نمایشگاه اقدامات لازم را مبذول بفرمایید\u200c.', ('request_details', jdatetime.datetime(1404, 2, 22, 12, 31, 57)): '', ('request_details', jdatetime.datetime(1404, 2, 28, 7, 34, 41)): 'درخواست شما مورد تایید شورای  باشگاه پژوهشگران جوان و نخبگان  قرار گرفت  تاریخ این بازدید علمی 1404/02/25 مشخص و در گروه های دانشجویی تبلیغ و ثبت نام انجام گردید.'}",0 days 09:56:11,6 days 04:58:55,False
37,file_3_38.txt,درخواست بازدید علمی انجمن علمی,4421461776982284,زینب کوه گرد,4421461776,None,کارشناسی پیوسته_مهندسی معماری_یزد_4031,"{('request_details', jdatetime.datetime(1404, 2, 23, 1, 9, 45)): 'سلام و دروداحتراما بنا به برگزاری نمایشگاه کتاب در نیمه دوم اردیبهشت ماه در تهران خواهضمندیم نسبت به برگزاری تور علمی بازدید از این نمایشگاه اثدامات لازم را مبذول فرمایید.', ('request_details', jdatetime.datetime(1404, 2, 23, 12, 50, 4)): '', ('request_details', jdatetime.datetime(1404, 2, 28, 7, 30, 25)): 'درخواست شما مورد تایید شورای  باشگاه پژوهشگران جوان و نخبگان  قرار گرفت  تاریخ این بازدید علمی 1404/02/25 مشخص و در گروه های دانشجویی تبلیغ و ثبت نام انجام گردید.'}",0 days 11:40:19,5 days 06:20:40,False
38,file_3_39.txt,درخواست بازدید علمی انجمن علمی,3040704036921651,Shiva Mohammad Abadi,3040704036,None,کارشناسی پیوسته_مهندسی معماری_یزد_4021,"{('request_details', jdatetime.datetime(1404, 2, 22, 7, 54, 17)): 'سلام و درود\nاحتراما بنا به برگزاری نمایشگاه کتاب در نیمه دوم اردیبهشت ماه در تهران، خواهشمندیم نسبت به برگزاری تور علمی بازدید از این نمایشگاه اقدامات لازم را مبذول بفرمایید\u200c.', ('request_details', jdatetime.datetime(1404, 2, 23, 1, 11, 30)): '', ('request_details', jdatetime.datetime(1404, 2, 28, 7, 29, 28)): 'درخواست شما مورد تایید شورای  باشگاه پژوهشگران جوان و نخبگان  قرار گرفت  تاریخ این بازدید علمی 1404/02/25 مشخص و در گروه های دانشجویی تبلیغ و ثبت نام انجام گردید.'}",0 days 17:17:13,5 days 23:35:11,False
39,file_3_40.txt,,4421258334397004,,None,None,,"{('request_details', jdatetime.datetime(1404, 2, 24, 11, 1, 56)): 'در چه صورت امکان اخذ 23 واحد وجود دارد؟', ('request_details', jdatetime.datetime(1404, 2, 25, 8, 48, 6)): 'سلام\n\nدانشجویانی که در طول ترم حداقل 12 واحد موثر داشته باشند بشرطی که تمامی نمرات آن ترم اعلام شده باشد و معدل ممتازی ( بالای 17 ) اخذ کند می تواند برا ترم بعد بیش از یک واحد بگیرد (برنامه آموزشیار بطور اتومات این مجوز را به دانشجو می دهد)\n\nهمچنین برای انتخاب واحد ترم آخر با کسب مجوز از آموزش دانشکده و پر کردن فرم مربوطه می توان تا 24 واحد کسب کرد.'}",0 days 21:46:10,0 days 21:46:10,False
40,file_3_41.txt,سایر,9194614386930327,مهدی نظری,9194614386,None,کارشناسی پیوسته_مترجمی زبان انگلیسی_یزد_4021,"{('request_details', jdatetime.datetime(1404, 2, 23, 6, 53)): 'با سلام\nتاریخ شروع امتحانات کی است؟\nمتشکرم', ('request_details', jdatetime.datetime(1404, 2, 24, 8, 48)): 'سلام\n\nامتحانات از 17خرداد تا 3 تیرماه می باشد'}",1 days 01:55:00,1 days 01:55:00,False
41,file_3_42.txt,درخواست همیار دانشجو ( کاردانشجویی),4421433225116916,,None,None,,"{('request_details', jdatetime.datetime(1404, 2, 22, 11, 19, 27)): 'درخواستهای سلف دانشجویی\n\n\n\n----------------------------------------------------------------------\n\nنام: سبحان امین\n\nکد ملی: 4421433225\n\nرشته محل: کارشناسی پیوسته_مترجمی زبان انگلیسی_یزد_4031\n\n----------------------------------------------------------------------', ('request_details', jdatetime.datetime(1404, 2, 23, 1, 47, 42)): 'باسلام\n\nدرخواست خود را مجداا با مشخصات کامل ارسال بفرمائید.'}",0 days 14:28:15,0 days 14:28:15,False
42,file_3_43.txt,,4421275980938721,میلاد نمازی,4421275980,None,کارشناسی پیوسته_مترجمی زبان انگلیسی_یزد_4011,"{('request_details', jdatetime.datetime(1404, 2, 22, 10, 2, 37)): '------------------------------------------------------------------------------تاریخ شروع امتحانات کی است', ('request_details', jdatetime.datetime(1404, 2, 23, 1, 14, 8)): 'باسلام\n\nتاریخ شروع امتحانات 17 خرداد می باشد و پایان امتحانات 3 تیرماه'}",0 days 15:11:31,0 days 15:11:31,False
43,file_3_44.txt,درخواست بازدید علمی انجمن علمی,4421461776740707,زینب کوه گرد,4421461776,None,کارشناسی پیوسته_مهندسی معماری_یزد_4031,"{('request_details', jdatetime.datetime(1404, 2, 23, 1, 8, 50)): 'باسلام\n\nدرخواست تکراری می باشد. درخواست قبلی با همین موضوع از سوی شما در واحد یزد درحال انجام می باشد', ('request_details', jdatetime.datetime(1404, 2, 23, 12, 47, 29)): ''}",0 days 11:38:39,0 days 11:38:39,True
44,file_3_45.txt,امتحانات نهایی,4421038849447894,SeyedAtaAllah Amini,4421038849,None,کارشناسی پیوسته_آموزش زبان انگلیسی_یزد_4001,"{('request_details', jdatetime.datetime(1404, 2, 22, 10, 29, 33)): 'باسلام و احترام\n امتحانات پایان\u200cترم از چه تاریخی شروع می\u200cشوند؟', ('request_details', jdatetime.datetime(1404, 2, 23, 8, 44, 15)): 'سلام \n\nامتحانات از تاریخ 17 خرداد تا 3 تیر برگزار می گردد.'}",0 days 22:14:42,0 days 22:14:42,False
45,file_3_46.txt,,4421185957486384,fatemeh boroomand nia,4421185957,None,کارشناسی پیوسته_مهندسی معماری_یزد_4021,"{('request_details', jdatetime.datetime(1404, 2, 22, 2, 36, 25)): 'باسلام\n\nدرخواست تکراری و بدون موضوع می باشد. درخواست قبلی با همین موضوع از سوی شما در واحد یزد درحال انجام می باشد', ('request_details', jdatetime.datetime(1404, 2, 22, 12, 27, 58)): ''}",0 days 09:51:33,0 days 09:51:33,True
46,file_3_47.txt,,4421185957381296,fatemeh boroomand nia,4421185957,None,کارشناسی پیوسته_مهندسی معماری_یزد_4021,"{('request_details', jdatetime.datetime(1404, 2, 22, 2, 33, 59)): 'باسلام\n\nدرخواست تکراری و بدون موضوع می باشد. درخواست قبلی با همین موضوع از سوی شما در واحد یزد درحال انجام می باشد سلام و درود\nاحتراما بنا به برگزاری نمایشگاه کتاب در نیمه دوم اردیبهشت ماه در تهران، خواهشمندیم نسبت به برگزاری تور علمی بازدید از این نمایشگاه اقدامات لازم را مبذول بفرمایید\u200c.', ('request_details', jdatetime.datetime(1404, 2, 22, 12, 27, 8)): ''}",0 days 09:53:09,0 days 09:53:09,True
47,file_3_48.txt,سلام و درود  احتراما بنا به برگزاری نمایشگاه کتاب در نیمه دوم اردیبهشت ماه در تهران، خواهشمندیم نسبت به برگزاری تور علمی بازدید از این نمایشگاه اقدامات لازم را مبذول بفرمایید‌.,4420976322716950,zahra zare,4420976322,None,کارشناسی پیوسته_معماری داخلی_یزد_3991,"{('request_details', jdatetime.datetime(1404, 2, 22, 2, 31, 37)): 'باسلام\n\nدرخواست تکراری می باشد. درخواست قبلی با همین موضوع از سوی شما در واحد یزد درحال انجام می باشد', ('request_details', jdatetime.datetime(1404, 2, 22, 12, 11, 58)): ''}",0 days 09:40:21,0 days 09:40:21,True
48,file_3_49.txt,برگزاری اردوی علمی,4421358045778112,,None,None,,"{('request_details', jdatetime.datetime(1404, 2, 21, 10, 40, 21)): 'سلام و درود\n\n\n\nاحتراما بنا به برگزاری نمایشگاه کتاب در نیمه دوم اردیبهشت ماه در تهران، خواهشمندیم نسبت به برگزاری تور علمی بازدید از این نمایشگاه اقدامات لازم را مبذول بفرمایید\u200c.', ('request_details', jdatetime.datetime(1404, 2, 22, 9, 38, 57)): 'باسلام\n\nدرخواست تکراری می باشد. درخواست قبلی با همین موضوع از سوی شما در واحد یزد درحال انجام می باشد'}",0 days 22:58:36,0 days 22:58:36,False
49,file_3_50.txt,درخواست بازدید علمی انجمن علمی,4421081140666978,Maryam Majidi,4421081140,None,کارشناسی پیوسته_مهندسی معماری_یزد_3991,"{('request_details', jdatetime.datetime(1404, 2, 21, 7, 25)): '', ('request_details', jdatetime.datetime(1404, 2, 22, 9, 34, 22)): 'باسلام\n\nموضوع درخواست کامل مشخص نیست لطفا درخواست را با توضیحات کامل و دقیق مجددا ارسال بفرمائید.'}",1 days 02:09:22,1 days 02:09:22,False
50,file_3_51.txt,درخواست بازدید علمی انجمن علمی,44213021204922,sara abbasi,4421302120,None,کارشناسی پیوسته_مهندسی معماری_یزد_4021,"{('request_details', jdatetime.datetime(1404, 2, 21, 11, 30, 29)): '', ('request_details', jdatetime.datetime(1404, 2, 22, 9, 33, 10)): 'باسلام\n\nموضوع مشخص نیست لطفا درخواست را با توضیحات کامل و دقیق مجددا ارسال بفرمائید.'}",0 days 22:02:41,0 days 22:02:41,False
51,file_3_52.txt,درخواست گواهی اشتغال  به تحصیل,4421266329893300,omidreza dashti,4421266329,None,کارشناسی پیوسته_مترجمی زبان انگلیسی_یزد_4011,"{('request_details', jdatetime.datetime(1404, 2, 15, 1, 41, 39)): '', ('request_details', jdatetime.datetime(1404, 2, 16, 8, 51, 1)): 'سلام\n\nگیرینده گواهی اشتغال به تحصیلی (ارگان مربوطه) مشخص شود و مجددا درخواست ثبت نمایید.'}",1 days 07:09:22,1 days 07:09:22,False
52,file_3_53.txt,درخواست گواهی اشتغال  به تحصیل,442109426913861,Amirmohammad Dashti,4421094269,None,کارشناسی پیوسته_مترجمی زبان انگلیسی_یزد_4021,"{('request_details', jdatetime.datetime(1404, 2, 15, 4, 14, 36)): '', ('request_details', jdatetime.datetime(1404, 2, 16, 8, 49, 42)): 'سلام\n\nگیرینده گواهی اشتغال به تحصیلی (ارگان مربوطه) مشخص شود. مجددا درخواست ثبت نمایید.'}",1 days 04:35:06,1 days 04:35:06,False
53,file_3_54.txt,از من بپرس (اخذ راهنمایی اداری),4421275980508964,Milad Namazi,4421275980,None,کارشناسی پیوسته_مترجمی زبان انگلیسی_یزد_4011,"{('request_details', jdatetime.datetime(1404, 2, 15, 1, 38, 5)): 'باسلام\n\nدرخواست شما مشخص نمی باشد. لطفا درخواست خود را واضح ارسال بفرمایید', ('request_details', jdatetime.datetime(1404, 2, 15, 10, 50, 57)): 'سلام وقت بخیر \n\nدرخواست ارسال کارنامه کل دارم'}",0 days 09:12:52,0 days 09:12:52,False
54,file_3_55.txt,درخواست گواهی اشتغال  به تحصیل,6220035275699985,Mohammad Taha Naghi,6220035275,None,کارشناسی پیوسته_مترجمی زبان انگلیسی_یزد_4011,"{('request_details', jdatetime.datetime(1404, 2, 15, 1, 1, 43)): '', ('request_details', jdatetime.datetime(1404, 2, 15, 1, 36)): 'سلام\n\nگیرینده گواهی اشتغال به تحصیلی ارگان مربوطه مشخص شود و مجدد درخواست ثبت نمایید.'}",0 days 00:34:17,0 days 00:34:17,False
