﻿,file_name,subject,refrence_code,student_name,national_id,student_id,major,message,latency,duration,is_null
0,file_22_1.txt,درخواست انتخاب واحد- حذف و اضافه خارج از زمان,4480178783917744,سبحان رسولی شورکی,4480178783,403364784,کارشناسی پیوسته_مدیریت بازرگانی_یزد_4031,"{('request_details', jdatetime.datetime(1404, 5, 31, 4, 26, 20)): ''}",,,True
1,file_22_2.txt,درخواست تخفیف شهریه,4432803312651118,سیدمحمد پارسائیان,4432803312,403103492,کارشناسی ارشد ناپیوسته_مدیریت دولتی - بودجه و مالیه عمومی_یزد_4031,"{('request_details', jdatetime.datetime(1404, 5, 27, 10, 13, 40)): 'سلام و وقت بخیر. معدل بنده ترم اول و دوم ۲۰ شده است. امکان تخفیف شهریه برای من هست؟ اگر هست راهنمایی بفرمایید. متشکرم', ('request_details', jdatetime.datetime(1404, 5, 28, 8, 42, 13)): 'با سلام به امور دانشجویی ارجاع می دهم'}",0 days 22:28:33,0 days 22:28:33,False
2,file_22_3.txt,درخواست مهمانی و انتقال,4480178783172319,سبحان رسولی شورکی,4480178783,403364784,کارشناسی پیوسته_مدیریت بازرگانی_یزد_4031,"{('request_details', jdatetime.datetime(1404, 5, 26, 12, 54, 47)): 'مهمانی دانشگاه آزاد', ('request_details', jdatetime.datetime(1404, 5, 27, 9, 23, 59)): 'با سلام توسط  اقای حجتی مسول نقل و انتقالات پیگیری شود'}",0 days 20:29:12,0 days 20:29:12,False
3,file_22_4.txt,درخواست اخذ وام دانشجویی,2411005067549732,مصطفی نوشاد,2411005067,403005538,دکتری تخصصی_مدیریت دولتی - مدیریت منابع انسانی_یزد_4031,"{('request_details', jdatetime.datetime(1404, 5, 26, 8, 8, 24)): '', ('request_details', jdatetime.datetime(1404, 5, 27, 9, 22, 53)): 'با سلام صندوق رفاه دانشجویی پیگیری شود'}",1 days 01:14:29,1 days 01:14:29,False
4,file_22_5.txt,درخواست بررسی سرترم,442088573431236,Sina Ghasemi,4420885734,403103445,کارشناسی ارشد ناپیوسته_مدیریت مالی_یزد_4031,"{('request_details', jdatetime.datetime(1404, 5, 18, 1, 19, 6)): '------------------------------------------------------------------------------سلام وقتتون بخير. لطفا سرترم و مجوز درخواست ترم تابستان4033 و مجوز انس و وصايا را حذف كنيد . با تشكر\n""با سلام،\nبه اطلاع می\u200cرساند با توجه به تعطیلات دانشگاه آزاد اسلامی تا تاریخ ۲۵ مرداد ۱۴۰۴، در حال حاضر امکان بررسی و پیگیری درخواست شما وجود ندارد. لطفاً پس از تاریخ مذکور، مجدداً درخواست خود را ثبت نمایید.', ('request_details', jdatetime.datetime(1404, 5, 23, 12, 9, 55)): ''}",5 days 10:50:49,5 days 10:50:49,True
5,file_22_6.txt,درخواست گواهی اشتغال  به تحصیل,4421363219303886,Amin Talebi,4421363219,402769695,کارشناسی پیوسته_مدیریت بازرگانی_یزد_4021,"{('request_details', jdatetime.datetime(1404, 5, 18, 1, 36, 38)): '""با سلام،\nبه اطلاع می\u200cرساند با توجه به تعطیلات دانشگاه آزاد اسلامی تا تاریخ ۲۵ مرداد ۱۴۰۴، در حال حاضر امکان بررسی و پیگیری درخواست شما وجود ندارد. لطفاً پس از تاریخ مذکور، مجدداً درخواست خود را ثبت نمایید.', ('request_details', jdatetime.datetime(1404, 5, 23, 12, 9, 36)): ''}",5 days 10:32:58,5 days 10:32:58,True
6,file_22_7.txt,درخواست گواهی اشتغال  به تحصیل,4421363219651106,Amin Talebi,4421363219,402769695,کارشناسی پیوسته_مدیریت بازرگانی_یزد_4021,"{('request_details', jdatetime.datetime(1404, 5, 20, 1, 21, 24)): 'درخواست گواهی اشتغال به تحصیل برای ارایه به محل کار پدر(مجتمع فولاد بافق) جهت بیمه و خدمات درمانی ""با سلام،\nبه اطلاع می\u200cرساند با توجه به تعطیلات دانشگاه آزاد اسلامی تا تاریخ ۲۵ مرداد ۱۴۰۴، در حال حاضر امکان بررسی و پیگیری درخواست شما وجود ندارد. لطفاً پس از تاریخ مذکور، مجدداً درخواست خود را ثبت نمایید.', ('request_details', jdatetime.datetime(1404, 5, 23, 12, 9, 8)): ''}",3 days 10:47:44,3 days 10:47:44,True
7,file_22_8.txt,ترم تابستان,4421403547617833,علی همدانیان,4421403547,403370091,کارشناسی پیوسته_مدیریت بازرگانی_یزد_4031,"{('request_details', jdatetime.datetime(1404, 4, 16, 9, 25, 2)): 'سلام و وقت بخیر لطفا لیست دروس ارایه شده در ترم تابستان  ارسال شود', ('request_details', jdatetime.datetime(1404, 4, 18, 11, 33, 26)): '', ('request_details', jdatetime.datetime(1404, 5, 8, 9, 5, 51)): '', ('request_details', jdatetime.datetime(1404, 5, 9, 11, 29, 56)): 'خواهشمند است دستور لازم صادر گردد'}",2 days 02:08:24,24 days 02:04:54,False
8,file_22_9.txt,درخواست اخذ وام دانشجویی,4440136087359296,Abolfazl Zaker Ardakani,4440136087,None,کارشناسی ارشد ناپیوسته_مدیریت صنعتی - تولید و عملیات_یزد_4021,"{('request_details', jdatetime.datetime(1404, 2, 23, 9, 54, 30)): 'باسلام و احترام \n\nجهت پرداخت شهریه نیاز به وام دانشجویی دارم خواهشمند است دستورات لازم جهت اقدام مقتضی مبذول فرمایید.\n\nشماره دانشجویی:40210521049017', ('request_details', jdatetime.datetime(1404, 2, 23, 12, 23, 39)): '', ('request_details', jdatetime.datetime(1404, 5, 8, 9, 5, 43)): ''}",0 days 02:29:09,77 days 23:11:13,True
9,file_22_10.txt,پیرو تجمعات دانشجویان در حمیات از غنی سازی,4421145289505003,,None,None,,"{('request_details', jdatetime.datetime(1404, 3, 4, 9, 56, 9)): 'با عرض سلام و احترام محضر ریاست محترم دانشگاه \n\nجناب دکتر دهقانی اشکذری\n\nانشالله ایام به\u200cکام باشد، دکتر پبرو تشکیل زنجیره تجمعات توسط دانشجویان دغدغه مند وطن در استان های کشور، دانشجویان و تشکل های دغدغه مند استان یزد مخصوصا بسیج دانشجویی قصد دارند یک تجمع روبروی مرکز اتمی تفت یزد تشکیل بدهند\n\nاز شما خواستاریم برای تسهیل در ایاب و ذهاب دانشجویان، در صورت امکان هماهنگی دو اتوبوس 44 نفره را برای روز سه شنبه 6خرداد ساعت 3.45 عصر، دستور بفرمایید 🙏\n\n ------------------------------ اطلاعات دانشجو ------------------------------\n\nنام و نام خانوادگی: یونس دهقان طزرجانی\n\nکد ملی: 4421145289\n\nشماره دانشجویی: 40110521245060\n\nرشته محل:کارشناسی پیوسته_مدیریت مالی_یزد_4011\n\n------------------------------------------------------------------------------', ('request_details', jdatetime.datetime(1404, 3, 7, 7, 39, 16)): '', ('request_details', jdatetime.datetime(1404, 5, 8, 9, 5, 30)): ''}",2 days 21:43:07,65 days 23:09:21,True
10,file_22_11.txt,درخواست تقسیط شهریه,007915960579682,سیدمجتبی لاله,79159605,403009581,دکتری تخصصی_مدیریت دولتی - مدیریت منابع انسانی_یزد_4031,"{('request_details', jdatetime.datetime(1404, 2, 30, 7, 21, 33)): 'معاون محترم مالی دانشگاه آزاد اسلامی یزد  \nبا سلام\nاحتراماً، اینجانب اینجانب سید مجتبی لاله دانشجوی رشته دکتری تخصص مدیریت دولتی به شماره دانشجویی 403009581، به علت مشکلات مالی، توان پرداخت نقدی مانده بدهی شهریه (به مبلغ 19 میلیون تومان) را ندارم. لذا خواهشمندم دستورات لازم جهت تقسیط شهریه را مبذول فرمایید.', ('request_details', jdatetime.datetime(1404, 2, 31, 7, 51, 39)): '', ('request_details', jdatetime.datetime(1404, 5, 8, 9, 5, 11)): ''}",1 days 00:30:06,71 days 01:43:38,True
11,file_22_12.txt,درخواستهای مربوط به دانشجویان نمونه,4432461241765878,سیدمحمد دریائی,4432461241,None,دکتری تخصصی_مدیریت دولتی - مدیریت منابع انسانی_یزد_4031,"{('request_details', jdatetime.datetime(1404, 2, 28, 1, 53, 22)): 'سلام. آیا من در ترم گذشته ممتاز گروه آموزشی بوده ام؟ آیا ممتازین تخفیف در شهریه هم دارند؟', ('request_details', jdatetime.datetime(1404, 2, 29, 8, 42, 24)): '', ('request_details', jdatetime.datetime(1404, 2, 30, 9, 6, 48)): '', ('request_details', jdatetime.datetime(1404, 2, 31, 7, 56, 35)): '', ('request_details', jdatetime.datetime(1404, 5, 8, 9, 2, 29)): '', ('request_details', jdatetime.datetime(1404, 5, 8, 9, 2, 48)): ''}",1 days 06:49:02,73 days 07:09:26,True
12,file_22_13.txt,درخواست صدور کارت دانشجویی,4421387754718418,,None,None,,"{('request_details', jdatetime.datetime(1404, 2, 29, 9, 38, 10)): '', ('request_details', jdatetime.datetime(1404, 2, 31, 7, 56, 50)): '', ('request_details', jdatetime.datetime(1404, 5, 8, 9, 2, 10)): ''}",1 days 22:18:40,71 days 23:24:00,True
13,file_22_14.txt,درخواست صدور کارت دانشجویی,4421383767854504,معراج رضازاده,4421383767,None,کارشناسی پیوسته_مدیریت بازرگانی_یزد_4031,"{('request_details', jdatetime.datetime(1404, 2, 25, 9, 39, 32)): 'سلام بابت گرفتن کارت دانشجویی خدمت شما پیام گذاشتم تشکر از لطف شما', ('request_details', jdatetime.datetime(1404, 2, 28, 8, 31, 1)): '', ('request_details', jdatetime.datetime(1404, 2, 29, 9, 37, 47)): '', ('request_details', jdatetime.datetime(1404, 2, 31, 7, 56, 14)): '', ('request_details', jdatetime.datetime(1404, 5, 8, 9, 2, 9)): ''}",2 days 22:51:29,75 days 23:22:37,True
14,file_22_15.txt,درخواست تصویب عنوان پروپوزال در گروه مدیریت,4432090693890054,Seidmehdi hekmatimoghadam,4432090693,40210521216001,دکتری تخصصی_مدیریت دولتی - مدیریت منابع انسانی_یزد_4021,"{('request_details', jdatetime.datetime(1404, 3, 11, 8, 9, 9)): 'با سلام و احترام\nخواهشمندم موضوع پروپوزال اینجانب با عنوان ""ارائه مدل مفهومی مدیریت دانش ضمنی با تأکید بر عملکرد مدیران؛ مورد مطالعه: دانشگاه آزاد اسلامی""\nرا در گروه مدیریت مصوب نمایید.\nمتشکرم.', ('request_details', jdatetime.datetime(1404, 3, 12, 8, 43, 31)): '', ('request_details', jdatetime.datetime(1404, 5, 8, 9, 1, 52)): ''}",1 days 00:34:22,59 days 00:52:43,True
15,file_22_16.txt,درخواست مرخصی تحصیلی,5510007400270828,AMIR FORGHANI ELAHABADI,5510007400,40210521216010,دکتری تخصصی_مدیریت دولتی - مدیریت منابع انسانی_یزد_4021,"{('request_details', jdatetime.datetime(1404, 3, 8, 9, 29, 54)): 'با سلام\n\nباتوجه به ناهماهنگی های پیش آمده با دانشگاه در ثبت واحد ازمون جامع در این ترم (۴۰۳۲) و عدم ثبت نام بنده درخواست مرخصی در این ترم را خواستارم، لذا خواهشمند است نسبت به ثبت مرخصی اینجاب اقدامات لازم صورت پذیرد.\n\nضمنا در صورت بروز مشکل خاصی لطفا به بنده اطلاع رسانی گردد. باتشکر\n\n09135232550 فرقانی', ('request_details', jdatetime.datetime(1404, 3, 12, 8, 45, 42)): '', ('request_details', jdatetime.datetime(1404, 5, 8, 9, 1, 39)): ''}",3 days 23:15:48,61 days 23:31:45,True
16,file_22_17.txt,درخواست صدور کارت دانشجویی,4480178783393501,سبحان رسولی شورکی,4480178783,403364784,کارشناسی پیوسته_مدیریت بازرگانی_یزد_4031,"{('request_details', jdatetime.datetime(1404, 3, 19, 12, 8, 50)): '', ('request_details', jdatetime.datetime(1404, 3, 20, 12, 6, 52)): '', ('request_details', jdatetime.datetime(1404, 5, 8, 9, 1, 21)): ''}",0 days 23:58:02,50 days 20:52:31,True
17,file_22_18.txt,درخواست اخذ وام دانشجویی,4433533343167326,میثم زارع زاده,4433533343,None,دکتری تخصصی_مدیریت بازرگانی-مدیریت بازاریابی_یزد_4031,"{('request_details', jdatetime.datetime(1404, 2, 28, 5, 44, 48)): 'باسلام و احترام\n\nاینجانب درخواست دریافت وام دانشجویی دارم\n\nلذا خواهشمندم مساعدت بفرمایید\n\nباتشکر', ('request_details', jdatetime.datetime(1404, 2, 31, 7, 54, 49)): '', ('request_details', jdatetime.datetime(1404, 5, 8, 9, 0, 58)): ''}",3 days 02:10:01,73 days 03:16:10,True
18,file_22_19.txt,مشکل ثبت نام در سامانه دستیار آموزشی,4433533343863051,میثم زارع زاده,4433533343,403009590,دکتری تخصصی_مدیریت بازرگانی-مدیریت بازاریابی_یزد_4031,"{('request_details', jdatetime.datetime(1404, 3, 14, 11, 48, 30)): 'با سلام و احترام\n\nدر زمان ثبت\u200cنام در https://bpj.iau.ir/ta/register جهت نام\u200cنویسی برای دستیار آموزشی پیغام می\u200cدهد که ثبت\u200cنام فقط برای دانشجویان مشغول به تحصیل در مقطع دکتری امکان پذیر است.\n\nبنظر می\u200cرسد سامانه آموزشیار اطلاعات صحیحی از بنده برای سامانه مذکور ارسال نمی\u200cکند.\n\nبا توجه به محدودیت زمانی برای ثبت\u200cنام در این سامانه، تقاضا دارم در اسرع وقت مشکل حل شده و نتیجه به بنده اعلام شود.\n\nسپاسگزارم', ('request_details', jdatetime.datetime(1404, 3, 18, 12, 53, 34)): '', ('request_details', jdatetime.datetime(1404, 5, 8, 9, 0, 29)): ''}",4 days 01:05:04,55 days 21:11:59,True
19,file_22_20.txt,درخواست مهمانی و انتقال,4480178783596171,سبحان رسولی شورکی,4480178783,403364784,کارشناسی پیوسته_مدیریت بازرگانی_یزد_4031,"{('request_details', jdatetime.datetime(1404, 3, 20, 4, 40, 5)): '', ('request_details', jdatetime.datetime(1404, 3, 20, 12, 6, 7)): '', ('request_details', jdatetime.datetime(1404, 5, 8, 9, 0, 7)): ''}",0 days 07:26:02,50 days 04:20:02,True
20,file_22_21.txt,"با سلام، اطلاعات خودم را برای شرکت در امتحان درس ""علم مدیریت فازی"" در لینک مربوطه تکمیل نمودم. ",3130478353219838,mohammadali sharafinezhad,3130478353,403006398,دکتری تخصصی_مدیریت صنعتی - تولید و عملیات_یزد_4031,"{('request_details', jdatetime.datetime(1404, 4, 1, 10, 22, 2)): '', ('request_details', jdatetime.datetime(1404, 4, 2, 9, 9, 40)): '', ('request_details', jdatetime.datetime(1404, 5, 8, 8, 59, 43)): ''}",0 days 22:47:38,37 days 22:37:41,True
21,file_22_22.txt,امکان انجام طرح تحقیقاتی پژوهشی در تابستان,5939157475312146,فرهاد رستمی پور,5939157475,None,دکتری تخصصی_مدیریت بازرگانی-مدیریت بازاریابی_یزد_4031,"{('request_details', jdatetime.datetime(1404, 2, 28, 2, 39, 34)): 'سلام وقت خوش \n\nآیا دانشگاه طرح تحقیقاتی پژوهشی برای انجام در تابستان به دانشجویان ارائه می دهد؟\n\nسپاسگزارم', ('request_details', jdatetime.datetime(1404, 3, 1, 8, 6, 1)): '', ('main_message', jdatetime.datetime(1404, 3, 1, 8, 6, 8)): ""از: 'zahir - sup105860@iau.ir '\n\nبه: 'واحد - 336354@iau.ir '\n\nموضوع: 'امکان انجام طرح تحقیقاتی پژوهشی در تابستان'"", ('main_message', jdatetime.datetime(1404, 4, 5, 9, 45, 33)): ""از: '336354 - 336354@iau.ir '\n\nبه: 'zahir - sup105860@iau.ir '\n\nموضوع: 'پاسخ: امکان انجام طرح تحقیقاتی پژوهشی در تابستان'\n\n\n\nسلام ، اگر طرحی داشته باشند بله، اگر طرح مستقلی منظورتون باشه اصولاً مجری استاد هست و همکار دانشجو ."", ('request_details', jdatetime.datetime(1404, 4, 5, 10, 14, 24)): '', ('request_details', jdatetime.datetime(1404, 4, 9, 12, 51, 13)): '', ('request_details', jdatetime.datetime(1404, 4, 10, 9, 32, 45)): '', ('request_details', jdatetime.datetime(1404, 5, 8, 8, 59, 13)): ''}",4 days 05:26:27,73 days 06:19:39,False
22,file_22_23.txt,درخواست گواهی اشتغال  به تحصیل,4440136087824636,Abolfazl Zaker Ardakani,4440136087,40210521049017,کارشناسی ارشد ناپیوسته_مدیریت صنعتی - تولید و عملیات_یزد_4021,"{('request_details', jdatetime.datetime(1404, 4, 27, 10, 41)): 'سلام و احترام', ('request_details', jdatetime.datetime(1404, 4, 29, 9, 24, 32)): 'گیرنده مشخص نشده است'}",1 days 22:43:32,1 days 22:43:32,False
23,file_22_24.txt,درخواست ریز نمرات داخل کشور,4420504587878911,shahab maleki,4420504587,40210521245008,کارشناسی ارشد ناپیوسته_مدیریت مالی_یزد_4021,"{('request_details', jdatetime.datetime(1404, 3, 2, 11, 12)): '', ('request_details', jdatetime.datetime(1404, 3, 4, 7, 47, 1)): '', ('request_details', jdatetime.datetime(1404, 3, 13, 9, 6, 5)): '', ('request_details', jdatetime.datetime(1404, 3, 18, 12, 55, 37)): '', ('request_details', jdatetime.datetime(1404, 3, 22, 10, 16, 35)): ''}",1 days 20:35:01,19 days 23:04:35,True
24,file_22_25.txt,درخواست صدور کارت دانشجویی,44501164611820,امیرمحمد احمدی,4450116461,403409161,کارشناسی پیوسته_مدیریت بازرگانی_یزد_4031,"{('request_details', jdatetime.datetime(1404, 3, 7, 1, 50, 35)): '', ('request_details', jdatetime.datetime(1404, 3, 8, 7, 42, 55)): '', ('request_details', jdatetime.datetime(1404, 3, 8, 9, 16, 46)): ''}",1 days 05:52:20,1 days 07:26:11,True
25,file_22_26.txt,درخواست معافیت تحصیلی,4440136087437091,Abolfazl Zaker Ardakani,4440136087,None,کارشناسی ارشد ناپیوسته_مدیریت صنعتی - تولید و عملیات_یزد_4021,"{('request_details', jdatetime.datetime(1404, 2, 23, 9, 59, 49)): 'با سلام واحترام\n\nاینجانب ابوالفضل ذاکر اردکانی با شماره دانشجویی:40210521049017\n\nدرخواست معافیت تحصیلی دارم خواهشمند است دستورات لازم جهت اقدام مقتضی را مبذول فرمایید.', ('request_details', jdatetime.datetime(1404, 2, 23, 12, 20, 29)): '', ('request_details', jdatetime.datetime(1404, 2, 31, 8, 47, 51)): 'گيرنده نامه مشخص نشده است'}",0 days 02:20:40,7 days 22:48:02,False
26,file_22_27.txt,درخواست گواهی اشتغال  به تحصیل,4440136087961701,Abolfazl Zaker Ardakani,4440136087,None,کارشناسی ارشد ناپیوسته_مدیریت صنعتی - تولید و عملیات_یزد_4021,"{('request_details', jdatetime.datetime(1404, 2, 23, 9, 43, 47)): 'با سلام و احترام\n\nجهت تکمیل مدارک لازم جهت اخذ وام نیاز به گواهی اشتغال به تحصیل میباشم.\n\nخواهشمند است دستورات لازم جهت انجام اقدام مقتضی را مبذول فرمایید.', ('request_details', jdatetime.datetime(1404, 2, 23, 12, 25, 58)): 'گيرنده مشخص نشده', ('request_details', jdatetime.datetime(1404, 2, 31, 7, 58, 21)): ''}",0 days 02:42:11,7 days 22:14:34,False
27,file_22_28.txt,,2282761480169252,Ali Rezaie,2282761480,None,دکتری تخصصی_مدیریت صنعتی - تحقیق در عملیات_یزد_4021,"{('request_details', jdatetime.datetime(1404, 2, 24, 9, 39, 15)): '', ('request_details', jdatetime.datetime(1404, 2, 28, 12, 1, 55)): 'چه درخواستي داريد؟'}",4 days 02:22:40,4 days 02:22:40,False
28,file_22_29.txt,درخواست اخذ وام دانشجویی,4440136087191289,Abolfazl Zaker Ardakani,4440136087,None,کارشناسی ارشد ناپیوسته_مدیریت صنعتی - تولید و عملیات_یزد_4021,"{('request_details', jdatetime.datetime(1404, 2, 23, 9, 11, 15)): 'باسلام و احترام \n\nجهت پرداخت شهریه نیاز به وام دانشجویی دارم خواهشمند است دستورات لازم جهت اقدام مقتضی مبذول فرمایید. گيرنده مشخص نشده', ('request_details', jdatetime.datetime(1404, 2, 23, 12, 26, 37)): ''}",0 days 03:15:22,0 days 03:15:22,True
29,file_22_30.txt,درخواست گواهی اشتغال  به تحصیل,4440136087831632,Abolfazl Zaker Ardakani,4440136087,None,کارشناسی ارشد ناپیوسته_مدیریت صنعتی - تولید و عملیات_یزد_4021,"{('request_details', jdatetime.datetime(1404, 2, 23, 9, 56, 25)): 'با سلام و احترام\n\nجهت تکمیل مدارک لازم جهت اخذ وام نیاز به گواهی اشتغال به تحصیل میباشم.\n\nخواهشمند است دستورات لازم جهت انجام اقدام مقتضی را مبذول فرمایید.\n\nشماره دانشجویی:40210521049017 گيرنده مشخص نشده', ('request_details', jdatetime.datetime(1404, 2, 23, 12, 21, 17)): ''}",0 days 02:24:52,0 days 02:24:52,True
30,file_22_31.txt,درخواست گواهی اشتغال  به تحصیل,4421283223516863,Alireza Rahmani,4421283223,None,کارشناسی پیوسته_مدیریت بازرگانی_یزد_4021,"{('request_details', jdatetime.datetime(1404, 2, 17, 9, 33, 58)): 'با سلام و احترام.\nاینجانب علیرضا رحمانی دانشجوی رشته تحصیلی مدیریت بازرگانی در مقطع کارشناسی با شماره دانشجویی 402812184 بدین وسیله درخواست\nصدور گواهی اشتغال به تحصیل به منظور ارائه به بانک مرکزی صادرات ایران دارم.\nدرصورت امکان دستور فرمایید گواهی مذکور در اسرع وقت صادر گردد.\nبا تشکر و احترام', ('request_details', jdatetime.datetime(1404, 2, 21, 7, 47, 20)): '', ('request_details', jdatetime.datetime(1404, 2, 21, 10, 20, 30)): '', ('request_details', jdatetime.datetime(1404, 2, 21, 10, 20, 51)): 'بدهي دارد', ('request_details', jdatetime.datetime(1404, 2, 21, 10, 21, 21)): ''}",3 days 22:13:22,4 days 00:47:23,False
