﻿,file_name,subject,refrence_code,student_name,national_id,student_id,major,message,latency,duration,is_null
0,file_21_1.txt,سلام من شهریه ترم قبل رو تسویه کردم موقع امتحانات من غایب بودم غیبت موجه بوده الان میخوام کارت ورود به جلسه بگیرم میزنه شما بدهکارید ممنون میشم پیگیری کنید,4421242497420900,عباسعلی فلاح تفتی,4421242497,403730631,کاردانی پیوسته_الکتروتکنیک_یزد_4031,"{('request_details', jdatetime.datetime(1404, 5, 26, 10, 20, 39)): ''}",,,True
1,file_21_2.txt,درخواست انتخاب واحد- حذف و اضافه خارج از زمان,4420226684667662,محمد رضا رحیمی بندرآبادی,4420226684,403197656,کاردانی پیوسته_ریخته گری_یزد_4031,"{('request_details', jdatetime.datetime(1404, 5, 25, 11, 59, 33)): ''}",,,True
2,file_21_3.txt,درخواست انتخاب واحد- حذف و اضافه خارج از زمان,4420226684520584,محمد رضا رحیمی بندرآبادی,4420226684,403197656,کاردانی پیوسته_ریخته گری_یزد_4031,"{('request_details', jdatetime.datetime(1404, 5, 25, 11, 56, 45)): ''}",,,True
3,file_21_4.txt,سلام مجوز انتخاب واحد رو به اشتباه روی ترم تابستان انتخاب کردم میخواستم حذف کنید,4421242497834619,عباسعلی فلاح تفتی,4421242497,403730631,کاردانی پیوسته_الکتروتکنیک_یزد_4031,"{('request_details', jdatetime.datetime(1404, 5, 22, 12, 12, 42)): '------------------------------------------------------------------------------درخواست حذف مجوز انتخاب واحد رو داشتم', ('request_details', jdatetime.datetime(1404, 5, 24, 6, 45, 25)): '""با سلام،\n\nبه اطلاع می\u200cرساند با توجه به تعطیلات دانشگاه آزاد اسلامی تا تاریخ ۲۵ مرداد ۱۴۰۴، در حال حاضر امکان بررسی و پیگیری درخواست شما وجود ندارد. لطفاً پس از تاریخ مذکور، مجدداً درخواست خود را ثبت نمایید.'}",1 days 18:32:43,1 days 18:32:43,False
4,file_21_5.txt,درخواست امتحانات معوق,4421078352907995,,None,None,,"{('request_details', jdatetime.datetime(1404, 5, 11, 10, 51, 15)): 'نام و نام خانوادگی: seyed hosein mousavian\n\nکد ملی: 4421078352\n\nشماره دانشجویی: 40110560206015\n\nرشته محل: کاردانی پیوسته معماری \n\nنام درس: کارآفرینی\n\nکد ارائه درس: 4151613', ('request_details', jdatetime.datetime(1404, 5, 14, 5, 58, 35)): 'با سلام،\n\nبه اطلاع می\u200cرساند با توجه به تعطیلات دانشگاه آزاد اسلامی تا تاریخ ۲۵ مرداد ۱۴۰۴، در حال حاضر امکان بررسی و پیگیری درخواست شما وجود ندارد. لطفاً پس از تاریخ مذکور، مجدداً درخواست خود را ثبت نمایید.\n\nبا تشکر""'}",2 days 19:07:20,2 days 19:07:20,False
5,file_21_6.txt,درخواست امتحانات معوق,4421078352155192,,None,None,,"{('request_details', jdatetime.datetime(1404, 5, 11, 10, 52, 58)): 'نام و نام خانوادگی: seyed hosein mousavian\n\nکد ملی: 4421078352\n\nشماره دانشجویی: 40110560206015\n\nرشته محل:کاردانی پیوسته_معماری_یزد_4011\n\n--------------------------------------------\n\nنام درس: اندیشه های امامین انقلاب اسلامی و وصایای حضرت امام خمینی\n\nکد ارائه درس:1994242', ('request_details', jdatetime.datetime(1404, 5, 14, 5, 58, 7)): 'با سلام،\n\nبه اطلاع می\u200cرساند با توجه به تعطیلات دانشگاه آزاد اسلامی تا تاریخ ۲۵ مرداد ۱۴۰۴، در حال حاضر امکان بررسی و پیگیری درخواست شما وجود ندارد. لطفاً پس از تاریخ مذکور، مجدداً درخواست خود را ثبت نمایید.\n\nبا تشکر""'}",2 days 19:05:09,2 days 19:05:09,False
6,file_21_7.txt,درخواست امتحانات معوق ,442107835269806,,None,None,,"{('request_details', jdatetime.datetime(1404, 5, 11, 10, 54, 24)): 'نام و نام خانوادگی: seyed hosein mousavian\n\nکد ملی: 4421078352\n\nشماره دانشجویی: 40110560206015\n\nرشته محل:کاردانی پیوسته_معماری_یزد_4011\n\n----------------------------------------------\n\nنام درس: دانش خانواده و جمعیت\n\nکد ارائه درس: 1994215', ('request_details', jdatetime.datetime(1404, 5, 14, 5, 57, 42)): 'با سلام،\n\nبه اطلاع می\u200cرساند با توجه به تعطیلات دانشگاه آزاد اسلامی تا تاریخ ۲۵ مرداد ۱۴۰۴، در حال حاضر امکان بررسی و پیگیری درخواست شما وجود ندارد. لطفاً پس از تاریخ مذکور، مجدداً درخواست خود را ثبت نمایید.\n\nبا تشکر""'}",2 days 19:03:18,2 days 19:03:18,False
7,file_21_8.txt,درخواست امتحانت معوق,4421078352667141,seyed hosein mousavian,4421078352,40110560206015,کاردانی پیوسته_معماری_یزد_4011,"{('request_details', jdatetime.datetime(1404, 5, 11, 10, 55, 53)): 'نام درس: انس با قرآن کریم \nکد ارائه درس: 1994437', ('request_details', jdatetime.datetime(1404, 5, 14, 5, 57, 12)): 'با سلام،\n\nبه اطلاع می\u200cرساند با توجه به تعطیلات دانشگاه آزاد اسلامی تا تاریخ ۲۵ مرداد ۱۴۰۴، در حال حاضر امکان بررسی و پیگیری درخواست شما وجود ندارد. لطفاً پس از تاریخ مذکور، مجدداً درخواست خود را ثبت نمایید.\n\nبا تشکر""'}",2 days 19:01:19,2 days 19:01:19,False
8,file_21_9.txt,امتحانات معوق,4460116642846970,amirhossein zare,4460116642,40110521408040,کاردانی پیوسته_تربیت بدنی_یزد_4011,"{('request_details', jdatetime.datetime(1404, 5, 5, 1, 52, 15)): '------------------------------------------------------------------------------کد ارائه\u200c ۱۹۹۴۲۳۴\nدرس اندیشه های امامین انقلاب اسلامی و وصایای حضرت امام خمینی استاد ابراهیمی\nکد ارائه ۱۹۹۴۱۱۴\nاندیشه اسلامی استاد شمع ریزی', ('request_details', jdatetime.datetime(1404, 5, 8, 8, 28, 53)): 'با سلام \n\nاحتراما فرم دروس امتحان معوق پیوست گردد'}",3 days 06:36:38,3 days 06:36:38,False
9,file_21_10.txt,درخواست معرفی به استاد,0890360626610210,حسین پارسایی مهر,890360626,40110540894009,کارشناسی ناپیوسته_مهندسی حرفه ای صنایع نساجی_یزد_4011,"{('request_details', jdatetime.datetime(1404, 2, 30, 9, 16, 27)): 'جهت دروس دانش خانواده و  انقلاب اسلامی', ('request_details', jdatetime.datetime(1404, 3, 1, 7, 51, 13)): 'با سلام لطفا درخواست خود را کامل توضیح دهید', ('request_details', jdatetime.datetime(1404, 3, 11, 8, 34, 8)): '', ('request_details', jdatetime.datetime(1404, 5, 8, 8, 25, 39)): ''}",1 days 22:34:46,70 days 23:09:12,False
10,file_21_11.txt,درخواست چارت درسی دارم ,4420651229472835,Hasan Beyki,4420651229,402828388,کارشناسی ناپیوسته_مهندسی حرفه ای ایمنی صنعتی_یزد_4021,"{('request_details', jdatetime.datetime(1404, 3, 19, 8, 10, 33)): '', ('request_details', jdatetime.datetime(1404, 3, 27, 4, 12, 10)): '', ('request_details', jdatetime.datetime(1404, 5, 8, 8, 25, 23)): ''}",7 days 20:01:37,51 days 00:14:50,True
11,file_21_12.txt,درخواست تخفیف شهریه ( چند دانشجویی),5520013977364549,فرهاد صالحی وزیری,5520013977,None,کارشناسی ناپیوسته_مهندسی حرفه ای برق قدرت_یزد_4031,"{('request_details', jdatetime.datetime(1404, 2, 28, 11, 48, 26)): 'با سلام من و خانمم فائزه السادات حسینی منصوری به کد ملی 5520029113رشته حسابداری کاردانی هر دو در پردیس گاریزات مشغول به تحصیل میباشیم لذا خواهشمند است نسبت به تخفیف شهریه اقدام نمایید', ('request_details', jdatetime.datetime(1404, 2, 29, 7, 32, 40)): 'با سلام لطفا بفرما یید برچه مبنایی تخفیف شهریه می خواهید \n\nبرای اطلاعات بیشتر با شماره 31872405(معلایی) تملس بگیرید', ('request_details', jdatetime.datetime(1404, 3, 11, 8, 33, 17)): '', ('request_details', jdatetime.datetime(1404, 3, 12, 8, 51, 1)): '', ('request_details', jdatetime.datetime(1404, 3, 12, 8, 55, 13)): '', ('request_details', jdatetime.datetime(1404, 5, 8, 8, 25, 2)): 'با سلام و احترام \n\nلطفا مدارک مربوط به دو دانشجویی خود را در درخواست جدید پیوست نمایید'}",0 days 19:44:14,72 days 20:36:36,False
12,file_21_13.txt,درخواست صدور کارت دانشجویی,4420494484659690,Milad Hajiabedi,4420494484,403761043,کاردانی پیوسته_تربیت بدنی_یزد_4032,"{('request_details', jdatetime.datetime(1404, 2, 30, 10, 33, 20)): 'با سلام و احترام اینجانب متقاضی صدور کارت دانشجویی هستم لطفا پیگیری نمایید', ('request_details', jdatetime.datetime(1404, 2, 30, 10, 39, 41)): '', ('request_details', jdatetime.datetime(1404, 5, 8, 8, 24, 10)): 'با سلام \n\nاحتراما درخواست شما جهت بررسی و صدور کارت به امور دانشجویی ارجاع داده شد'}",0 days 00:06:21,70 days 21:50:50,False
13,file_21_14.txt,از من بپرس (اخذ راهنمایی اداری),4421237191568130,morteza Alasarpanaii,4421237191,None,کاردانی پیوسته_مکاترونیک صنعتی_یزد_4021,"{('request_details', jdatetime.datetime(1404, 2, 17, 6, 21, 25)): 'سلام \nجهت عضویت در انجمن علمی برق ج اقدام لازم است؟', ('request_details', jdatetime.datetime(1404, 2, 18, 11, 22, 50)): '', ('request_details', jdatetime.datetime(1404, 2, 24, 12, 18, 51)): '', ('request_details', jdatetime.datetime(1404, 3, 8, 7, 49, 56)): '', ('request_details', jdatetime.datetime(1404, 3, 8, 7, 50, 53)): '', ('request_details', jdatetime.datetime(1404, 3, 8, 8, 21, 24)): '', ('request_details', jdatetime.datetime(1404, 3, 11, 8, 28, 51)): '', ('request_details', jdatetime.datetime(1404, 3, 11, 8, 30, 34)): '', ('request_details', jdatetime.datetime(1404, 5, 8, 8, 23, 10)): 'با سلام \n\nاحتراما درخواست خود را کامل مطرح نمایید'}",1 days 05:01:25,84 days 02:01:45,False
14,file_21_15.txt,تست,4421064904594555,مهدی دل برده,4421064904,402788259,کارشناسی ناپیوسته_مهندسی حرفه ای برق قدرت_یزد_4021,"{('request_details', jdatetime.datetime(1404, 3, 21, 9, 44, 59)): 'تست', ('request_details', jdatetime.datetime(1404, 3, 21, 9, 47, 18)): 'بررسی تست', ('request_details', jdatetime.datetime(1404, 5, 8, 8, 21, 52)): ''}",0 days 00:02:19,48 days 22:36:53,False
15,file_21_16.txt,درخواست فعالسازی ایمیل دانشجویی,4421079812982388,امیر محمد حسینی فهرجی,4421079812,403163028,کارشناسی ناپیوسته_حسابداری_یزد_4031,"{('request_details', jdatetime.datetime(1404, 3, 24, 3, 46, 59)): 'باسلام،\n\nاینجانب امیرمحمدحسینی فهرجی از طریق این نامه خواستار فعالسازی ایمیل دانشجویی هستم.\n\nباتشکر از شما', ('request_details', jdatetime.datetime(1404, 3, 25, 4, 19, 33)): '', ('request_details', jdatetime.datetime(1404, 5, 8, 8, 21, 32)): 'ایمیل شما فعال می باشد . درصورتی که رمز عبور خود را نمی دانید از گزینه فراموشی رمز عبور استفاده نمایید'}",1 days 00:32:34,46 days 04:34:33,False
16,file_21_17.txt,سلام وقت بخیر میخواستم ببینم در رشته کارشناسی ناپیوسته ایمنی صنعتی هستم و در ترم تابستان چند واحد میتونم بردارم و مراحل انتخاب واحد به چه طریقی هست؟ ,083011928043225,سعید بابائی,830119280,403767738,کارشناسی ناپیوسته_مهندسی حرفه ای ایمنی صنعتی_یزد_4032,"{('request_details', jdatetime.datetime(1404, 3, 29, 3, 15, 41)): '', ('request_details', jdatetime.datetime(1404, 4, 2, 8, 55, 24)): '', ('request_details', jdatetime.datetime(1404, 5, 8, 8, 20, 15)): ''}",4 days 05:39:43,41 days 05:04:34,True
17,file_21_18.txt,درخواست امتحان مجدد دروس به خاطر جنگ,3381143492144252,saeed bartina,3381143492,40110540045016,کارشناسی ناپیوسته_مهندسی حرفه ای برق قدرت_یزد_4011,"{('request_details', jdatetime.datetime(1404, 4, 6, 4, 20, 56)): '------------------------------------------------------------------------------درخواست امتحان مجدد به خاطر جنگ', ('request_details', jdatetime.datetime(1404, 4, 9, 1, 18, 27)): 'سلام و عرض ادب \n\nلطفا فرم درخواست را اسکن  و پیوست نمایید', ('request_details', jdatetime.datetime(1404, 5, 8, 8, 19, 42)): 'با سلام \n\nاحتراما فرم درخواست برگزاری آزمون را تکمیل و پیوست نمایید'}",2 days 20:57:31,33 days 03:58:46,False
18,file_21_19.txt,درخواست تخفیف شهریه ( چند دانشجویی),5520013977392968,فرهاد صالحی وزیری,5520013977,None,کارشناسی ناپیوسته_مهندسی حرفه ای برق قدرت_یزد_4031,"{('request_details', jdatetime.datetime(1404, 2, 28, 11, 40, 56)): '', ('request_details', jdatetime.datetime(1404, 2, 29, 7, 41, 35)): '', ('request_details', jdatetime.datetime(1404, 3, 8, 7, 48, 49)): '', ('request_details', jdatetime.datetime(1404, 3, 8, 7, 49, 8)): '', ('request_details', jdatetime.datetime(1404, 3, 8, 8, 21, 1)): '', ('request_details', jdatetime.datetime(1404, 3, 11, 8, 28, 29)): '', ('request_details', jdatetime.datetime(1404, 4, 9, 1, 19, 23)): '', ('request_details', jdatetime.datetime(1404, 5, 8, 8, 18, 47)): 'سلام . احتراما مدارک مربوطه را جهت ارائه به امور شهریه د انشگاه پیوست نمایید'}",0 days 20:00:39,72 days 20:37:51,False
19,file_21_20.txt,درخواست صدور کارت دانشجویی,3040368400434627,hossein Azimi,3040368400,403877410,کاردانی پیوسته_ریخته گری_یزد_4032,"{('request_details', jdatetime.datetime(1404, 3, 12, 10, 36, 8)): '', ('request_details', jdatetime.datetime(1404, 4, 29, 12, 54, 6)): '', ('request_details', jdatetime.datetime(1404, 5, 8, 8, 17, 41)): ''}",48 days 02:17:58,57 days 21:41:33,True
20,file_21_21.txt,زمان برگزاری امتحانات,4433536504336443,hosein baghshahi,4433536504,40210521301281,کاردانی پیوسته_حسابداری_یزد_4021,"{('request_details', jdatetime.datetime(1404, 2, 31, 11, 39, 1)): 'با سلام احترام\nزمان برگزاری امتحانات پایان ترم چه تاریخی است؟', ('request_details', jdatetime.datetime(1404, 4, 29, 12, 55, 2)): '', ('request_details', jdatetime.datetime(1404, 5, 8, 8, 15, 47)): 'سلام \n\nزمان امتحان از سایت دانشگاه و پیام رسان های اطلاع رسانی دانشگاه اعلام می گردد.'}",60 days 01:16:01,69 days 20:36:46,False
21,file_21_22.txt,از من بپرس (اخذ راهنمایی اداری),4421300391478768,امیرعلی سلیمی هنومرور,4421300391,None,کاردانی پیوسته_نرم افزار کامپیوتر_یزد_4021,"{('request_details', jdatetime.datetime(1404, 2, 28, 2, 45, 58)): 'سلام و عرض ادب \nتاریخ امتحانات کی است؟\nامیرعلی سلیمی هنومرور', ('request_details', jdatetime.datetime(1404, 4, 29, 12, 55, 49)): '', ('request_details', jdatetime.datetime(1404, 5, 8, 8, 14, 56)): 'با سلام \n\nدقیقا موضوع خود را مشخص نمایید'}",63 days 10:09:51,73 days 05:28:58,False
22,file_21_23.txt,امتحانات معوق,4440025730875442,سیدمحمدهاشم هاشمی,4440025730,403607779,کارشناسی ناپیوسته_مهندسی حرفه ای مواد ریخته گری_یزد_4031,"{('request_details', jdatetime.datetime(1404, 5, 4, 5, 42, 13)): 'امتحانات معوق', ('request_details', jdatetime.datetime(1404, 5, 5, 10, 45, 39)): '', ('request_details', jdatetime.datetime(1404, 5, 8, 8, 14, 14)): 'با سلام واحترام \n\nفرم دروس شما پیوست نشده است .'}",1 days 05:03:26,4 days 02:32:01,False
23,file_21_24.txt,درخواست ویرایش اطلاعات دانشجویی(شامل : تغییر شماره همراه ، اصلاح اطلاعات شناسنامه ای ، ),4421064904280981,مهدی دل برده,4421064904,None,کارشناسی ناپیوسته_مهندسی حرفه ای برق قدرت_یزد_4021,"{('request_details', jdatetime.datetime(1404, 2, 9, 9, 47, 31)): 'با سلام و احترام\nخواهشمندم نام فامیل مرا از دلبرده به دل برده تغییر دهید.\nمتشکرم.\nجهت تست', ('request_details', jdatetime.datetime(1404, 2, 11, 1, 36, 36)): 'سلام لطفا کارت ملی پشت و رو و شناسنامه تمام صفحات اسکن و محبت بفرمایید', ('request_details', jdatetime.datetime(1404, 5, 8, 8, 13, 22)): 'با سلام \n\nدقیقا درخواست خود را مشخص نمایید'}",1 days 15:49:05,91 days 22:25:51,False
24,file_21_25.txt,درخواست انتخاب واحد- حذف و اضافه خارج از زمان,4421064904436386,مهدی دل برده,4421064904,None,کارشناسی ناپیوسته_مهندسی حرفه ای برق قدرت_یزد_4021,"{('request_details', jdatetime.datetime(1404, 2, 9, 8, 47, 15)): 'با سلام و احترام\nخواهشمندم با عنایت به وضعیت سنوات اینجانب، نسبت به اخذ درس انقلاب اسلامی و ریشه ها در ترم جاری موافقت و اقدام فرمایید.\nمتشکرم..', ('request_details', jdatetime.datetime(1404, 2, 9, 9, 5, 51)): '', ('request_details', jdatetime.datetime(1404, 2, 9, 9, 36, 24)): 'سلام و عرض ادب \n\nطبق پیگیری انجام شده از کارشناس آموزش دانشکده توسعه فناوری و کارآفرینی دانشگاه، درس انقلاب اسلامی را در تابستان 03-1402 اخذ نموده و گذرانده اید نیازی به اخذ مجدد نیست.', ('request_details', jdatetime.datetime(1404, 5, 8, 8, 12, 41)): ''}",0 days 00:18:36,91 days 23:25:26,False
25,file_21_26.txt,jhgdmjhwgmjfeh,4421064904554189,مهدی دل برده,4421064904,None,کارشناسی ناپیوسته_مهندسی حرفه ای برق قدرت_یزد_4021,"{('request_details', jdatetime.datetime(1404, 2, 8, 12, 34, 21)): '', ('request_details', jdatetime.datetime(1404, 2, 11, 1, 41, 37)): 'سلام درخواست واضح نیست', ('request_details', jdatetime.datetime(1404, 5, 8, 8, 11, 21)): ''}",2 days 13:07:16,92 days 19:37:00,False
26,file_21_27.txt,درخواست تغییر رمز و مشکل در ورود به آموزشیار,4421064904124026,مهدی دل برده,4421064904,402788259,کارشناسی ناپیوسته_مهندسی حرفه ای برق قدرت_یزد_4021,"{('request_details', jdatetime.datetime(1404, 3, 21, 8, 51, 3)): 'بررسی مشکل ورود', ('request_details', jdatetime.datetime(1404, 3, 21, 9, 0, 50)): 'بررسی شود', ('request_details', jdatetime.datetime(1404, 3, 21, 9, 3, 43)): 'بررسی شود', ('request_details', jdatetime.datetime(1404, 4, 9, 1, 7, 55)): ''}",0 days 00:09:47,18 days 16:16:52,False
27,file_21_28.txt,مدرک کاردانی,4420051876964453,علیرضا زارع حسین آبادی,4420051876,None,کارشناسی ناپیوسته_حسابداری_یزد_4031,"{('request_details', jdatetime.datetime(1404, 2, 28, 9, 31, 24)): 'با سلام\nمدرک کاردانی که قرار بود شش ماهه صادر شود ولی هنوز صادر نشده است ، مدرک را برای اداره میخواهم که بگذارم روی پروندم\nممنون\nباتشکر', ('request_details', jdatetime.datetime(1404, 3, 25, 4, 22, 56)): 'سلام درخواست تان واضح نیست'}",27 days 18:51:32,27 days 18:51:32,False
28,file_21_29.txt,درخواست فعالسازی ایمیل دانشجویی,4421079812909475,امیر محمد حسینی فهرجی,4421079812,403163028,کارشناسی ناپیوسته_حسابداری_یزد_4031,"{('request_details', jdatetime.datetime(1404, 3, 22, 9, 32, 58)): '', ('request_details', jdatetime.datetime(1404, 3, 25, 4, 22, 21)): 'سلام درخواست تان کامل نیست'}",2 days 18:49:23,2 days 18:49:23,False
29,file_21_30.txt,درخواست صدور کارت دانشجویی,4430698724660424,سید محمدجواد پارساییان,4430698724,403167504,کارشناسی ناپیوسته_حسابداری_یزد_4031,"{('request_details', jdatetime.datetime(1404, 3, 24, 11, 59, 51)): '', ('request_details', jdatetime.datetime(1404, 3, 25, 4, 21, 20)): 'سلام درخواست تان واضح نیست'}",0 days 16:21:29,0 days 16:21:29,False
30,file_21_31.txt,درخواست کارآموزی، کارورزی، طرح پویش,4420651229718414,Hasan Beyki,4420651229,402828388,کارشناسی ناپیوسته_مهندسی حرفه ای ایمنی صنعتی_یزد_4021,"{('request_details', jdatetime.datetime(1404, 3, 21, 5, 31, 19)): '', ('request_details', jdatetime.datetime(1404, 3, 25, 4, 20, 30)): 'سلام درخواست تان واضح نیست'}",3 days 22:49:11,3 days 22:49:11,False
31,file_21_32.txt,درخواست خلاصه وضعیت تحصیلی,4421064904205146,مهدی دل برده,4421064904,None,کارشناسی ناپیوسته_مهندسی حرفه ای برق قدرت_یزد_4021,"{('request_details', jdatetime.datetime(1404, 2, 9, 9, 10, 3)): 'با سلام و احترام\nخواهشمندم نامه خلاصه وضعیت تحصیلی مرا جهت ارائه به شرکت ... آماده نمایید.\nمتشکرم.', ('request_details', jdatetime.datetime(1404, 2, 11, 1, 40, 40)): '', ('request_details', jdatetime.datetime(1404, 3, 11, 8, 31, 3)): '', ('request_details', jdatetime.datetime(1404, 3, 12, 8, 51, 48)): '', ('request_details', jdatetime.datetime(1404, 3, 12, 8, 55, 37)): ''}",1 days 16:30:37,33 days 23:45:34,True
32,file_21_33.txt,سلام تاریخ امتحانات کی هست؟,4420651229984529,Hasan Beyki,4420651229,None,کارشناسی ناپیوسته_مهندسی حرفه ای ایمنی صنعتی_یزد_4021,"{('request_details', jdatetime.datetime(1404, 2, 27, 10, 15, 11)): '', ('request_details', jdatetime.datetime(1404, 3, 4, 12, 15, 23)): 'با سلام  از17/3شروع می شود برای اطلاع بیشتر کارت ورود به جلسه بگیرید', ('request_details', jdatetime.datetime(1404, 3, 12, 8, 52, 15)): ''}",8 days 02:00:12,15 days 22:37:04,False
33,file_21_34.txt,زمان امتحانات,3611384356942947,alireza mir,3611384356,402818141,کاردانی پیوسته_نرم افزار کامپیوتر_یزد_4021,"{('request_details', jdatetime.datetime(1404, 2, 30, 7, 43, 37)): 'تاریخ شروع امتحانات کی است؟؟؟', ('request_details', jdatetime.datetime(1404, 3, 1, 7, 56, 55)): 'با سلام لز تاریخ 17 /3 \n\nکارت ورود به جلسه از سایت آموزشیاردریا فت فرمایید', ('request_details', jdatetime.datetime(1404, 3, 11, 8, 34, 38)): ''}",2 days 00:13:18,12 days 00:51:01,False
34,file_21_35.txt,,4421300391192962,امیرعلی سلیمی هنومرور,4421300391,None,کاردانی پیوسته_نرم افزار کامپیوتر_یزد_4021,"{('request_details', jdatetime.datetime(1404, 2, 28, 3, 24, 14)): 'امتحانات چه تاریخی شروع می\u200cشود ؟\nامیرعلی سلیمی هنومرور', ('request_details', jdatetime.datetime(1404, 3, 1, 8, 0, 19)): 'با سلام از تاریخ 17/3\n\nکارت ورود به جلسه ازآموزشیاربگیرید', ('request_details', jdatetime.datetime(1404, 3, 11, 8, 31, 49)): ''}",4 days 04:36:05,14 days 05:07:35,False
35,file_21_36.txt,پرینت هزینه های انتخاب واحد ثابت و متغیر نیم سال اول ۱۴۰۳ (مهرماه),0890360626549519,حسین پارسایی مهر,890360626,40110540894009,کارشناسی ناپیوسته_مهندسی حرفه ای صنایع نساجی_یزد_4011,"{('request_details', jdatetime.datetime(1404, 2, 30, 9, 13, 35)): '', ('request_details', jdatetime.datetime(1404, 3, 1, 7, 38, 8)): '', ('request_details', jdatetime.datetime(1404, 3, 8, 7, 48, 1)): '', ('request_details', jdatetime.datetime(1404, 3, 8, 8, 20, 38)): '', ('request_details', jdatetime.datetime(1404, 3, 11, 8, 27, 42)): ''}",1 days 22:24:33,11 days 23:14:07,True
36,file_21_37.txt,تاریخ شروع امتحانات کی است؟,4433647632286268,Amirhossein soleimanpoorbakhi,4433647632,None,کاردانی پیوسته_الکتروتکنیک_یزد_4032,"{('request_details', jdatetime.datetime(1404, 2, 29, 11, 49, 19)): '---------------------------------تاریخ شروع امتحانات کی است؟', ('request_details', jdatetime.datetime(1404, 2, 30, 11, 4, 39)): 'سلام و عرض ادب \n\n17 خرداد شروع می شه \n\nکارت ورود به جلسه را از سایت دریافت کنید تاریخ و ساعت آزمون ها داخل کارت قابل رویت است'}",0 days 23:15:20,0 days 23:15:20,False
37,file_21_38.txt,تاریخ شروع امتحانات کی است؟,4433647632286268,Amirhossein soleimanpoorbakhi,4433647632,None,کاردانی پیوسته_الکتروتکنیک_یزد_4032,"{('request_details', jdatetime.datetime(1404, 2, 29, 11, 49, 19)): '---------------------------------تاریخ شروع امتحانات کی است؟', ('request_details', jdatetime.datetime(1404, 2, 30, 11, 4, 7)): 'سلام و عرض ادب \n\n17 خرداد شروع می شه \n\nکارت ورود به جلسه را از سایت دریافت کنید تاریخ و ساعت آزمون ها داخل کارت قابل رویت است'}",0 days 23:14:48,0 days 23:14:48,False
38,file_21_39.txt,,443281380639117,Kazem Kazemi,4432813806,None,کاردانی پیوسته_الکتروتکنیک_یزد_4021,"{('request_details', jdatetime.datetime(1404, 2, 28, 10, 12, 14)): '', ('request_details', jdatetime.datetime(1404, 2, 30, 11, 3, 42)): ''}",2 days 00:51:28,2 days 00:51:28,True
39,file_21_40.txt,پیگیری شروع امتحانات ,5520042111176429,مجید زارع محمود آبادی,5520042111,None,کاردانی پیوسته_الکتروتکنیک_یزد_4021,"{('request_details', jdatetime.datetime(1404, 2, 28, 9, 57, 57)): 'امتحانات درچه تاریخی  شروع می\u200cشوند', ('request_details', jdatetime.datetime(1404, 2, 30, 11, 3, 4)): 'سلام و عرض ادب \n\n17 خرداد شروع می شه \n\nکارت ورود به جلسه را از سایت دریافت کنید تاریخ و ساعت آزمون ها داخل کارت قابل رویت است'}",2 days 01:05:07,2 days 01:05:07,False
40,file_21_41.txt,تاریخ شروع امتحانات,5439966439693122,Mojtaba Ghasemipanah,5439966439,None,کارشناسی ناپیوسته_مهندسی حرفه ای برق قدرت_یزد_4021,"{('request_details', jdatetime.datetime(1404, 2, 26, 6, 56, 39)): '------سلام.\nتاریخ شروع امتحانات کی هست؟------------------------------------------------------------------------', ('request_details', jdatetime.datetime(1404, 2, 29, 7, 37, 54)): 'با سلام از 17 خرداد شروع می شود برای اطلاعات بیشتر کارت ورود به جلسه بگیرید'}",3 days 00:41:15,3 days 00:41:15,False
41,file_21_42.txt,تاریخ شروع امتحانات,5439966439185651,Mojtaba Ghasemipanah,5439966439,None,کارشناسی ناپیوسته_مهندسی حرفه ای برق قدرت_یزد_4021,"{('request_details', jdatetime.datetime(1404, 2, 26, 6, 54, 40)): '-------با سلام.\nتاریخ شروع امتحانات--کی هست؟-------------------------------------------------------------------', ('request_details', jdatetime.datetime(1404, 2, 29, 7, 34, 52)): 'با سلام لز17خرداد آغاز می شود برای اطلاع بیشتر کارت ورود به جلسه بگیرید'}",3 days 00:40:12,3 days 00:40:12,False
