﻿,file_name,subject,refrence_code,student_name,national_id,student_id,major,message,latency,duration,is_null
0,file_2_1.txt,درخواست بررسی سرترم,2940149402957409,زهرا اکبری دورباش,2940149402,403102885,کارشناسی ارشد ناپیوسته_مدیریت آموزشی_یزد_4031,"{('request_details', jdatetime.datetime(1404, 5, 23, 11, 22, 23)): '', ('request_details', jdatetime.datetime(1404, 5, 28, 3, 54, 56)): ''}",4 days 16:32:33,4 days 16:32:33,True
1,file_2_2.txt,از کارشناس محترم تقاضا دارم تا مجوز انتخاب واحد مربوط به ترم 4033 را که به اشتباه درخواست داده ام را برای بنده حذف کند,0924732962304523,فاطمه اکبری پورلردی,924732962,403102945,کارشناسی ارشد ناپیوسته_مدیریت آموزشی_یزد_4031,"{('request_details', jdatetime.datetime(1404, 5, 23, 11, 24, 10)): '', ('request_details', jdatetime.datetime(1404, 5, 28, 10, 24, 55)): ''}",4 days 23:00:45,4 days 23:00:45,True
2,file_2_3.txt,از کارشناس محترم تقاضا دارم تا مجوز انتخاب واحد مربوط به ترم 4033 را که به اشتباه درخواست داده ام را برای بنده حذف کند,0924732962619209,فاطمه اکبری پورلردی,924732962,403102945,کارشناسی ارشد ناپیوسته_مدیریت آموزشی_یزد_4031,"{('request_details', jdatetime.datetime(1404, 5, 23, 11, 25, 23)): '', ('request_details', jdatetime.datetime(1404, 5, 28, 10, 24, 27)): ''}",4 days 22:59:04,4 days 22:59:04,True
3,file_2_4.txt,درخواست انتخاب واحد نیمسال اول۱۴۰۴,4450035550245916,نازنین جبینیان,4450035550,403102902,کارشناسی ارشد ناپیوسته_مدیریت آموزشی_یزد_4031,"{('request_details', jdatetime.datetime(1404, 5, 25, 5, 2, 3)): '', ('request_details', jdatetime.datetime(1404, 5, 28, 10, 15, 6)): 'سلام و عرض ادب \n\nانتخاب واحد در آموزشیار توسط دانشجو انجام می شود'}",3 days 05:13:03,3 days 05:13:03,False
4,file_2_5.txt,درخواست انتخاب واحد نیمسال اول۱۴۰۴,4450035550972341,نازنین جبینیان,4450035550,403102902,کارشناسی ارشد ناپیوسته_مدیریت آموزشی_یزد_4031,"{('request_details', jdatetime.datetime(1404, 5, 25, 5, 3, 28)): '', ('request_details', jdatetime.datetime(1404, 5, 28, 10, 14, 9)): 'سلام و عرض ادب \n\nاز طریق آموزشیار اقدام بفرمایید'}",3 days 05:10:41,3 days 05:10:41,False
5,file_2_6.txt,درخواست حذف سرترم تابستان,4420457325885848,ریحانه کاظمی,4420457325,403102882,کارشناسی ارشد ناپیوسته_مدیریت آموزشی_یزد_4031,"{('request_details', jdatetime.datetime(1404, 5, 24, 6, 44, 40)): '""با سلام،\n\nبه اطلاع می\u200cرساند با توجه به تعطیلات دانشگاه آزاد اسلامی تا تاریخ ۲۵ مرداد ۱۴۰۴، در حال حاضر امکان بررسی و پیگیری درخواست شما وجود ندارد. لطفاً پس از تاریخ مذکور، مجدداً درخواست خود را ثبت نمایید. درخواست حذف سرترم تابستان', ('request_details', jdatetime.datetime(1404, 5, 24, 10, 46, 37)): ''}",0 days 04:01:57,0 days 04:01:57,True
6,file_2_7.txt,درخواست خلاصه وضعیت تحصیلی,4450111834204825,Mohammad Reza Azizkhani,4450111834,None,کارشناسی پیوسته_مهندسی برق_یزد_4011,"{('request_details', jdatetime.datetime(1404, 2, 10, 9, 58, 11)): '', ('request_details', jdatetime.datetime(1404, 2, 14, 9, 0, 23)): '', ('request_details', jdatetime.datetime(1404, 2, 18, 11, 44, 25)): '', ('request_details', jdatetime.datetime(1404, 5, 9, 9, 45, 30)): 'سلام و عرض ادب \n\nاحتراما جهت اقدام مقتضی و ارسال نتیجه به اینجانب\n\nبا تشکر', ('request_details', jdatetime.datetime(1404, 5, 10, 1, 2, 38)): 'سلام و عرض ادب \n\nبه اطلاع می\u200cرساند با توجه به تعطیلات دانشگاه آزاد اسلامی تا تاریخ ۲۵ مرداد ۱۴۰۴، در حال حاضر امکان بررسی و پیگیری درخواست شما وجود ندارد. لطفاً پس از تاریخ مذکور، مجدداً درخواست خود را ثبت نمایید.\n\nبا تشکر'}",3 days 23:02:12,92 days 15:04:27,False
7,file_2_8.txt,درخواست خلاصه وضعیت تحصیلی,4421413496459119,محمد بقائی,4421413496,None,کارشناسی پیوسته_مهندسی عمران_یزد_4031,"{('request_details', jdatetime.datetime(1404, 2, 11, 9, 46, 37)): '', ('request_details', jdatetime.datetime(1404, 2, 14, 8, 45, 17)): '', ('request_details', jdatetime.datetime(1404, 2, 14, 8, 45, 38)): '', ('request_details', jdatetime.datetime(1404, 5, 9, 11, 5, 5)): 'سلام و عرض ادب \n\nاحتراما جهت اققدام لازم', ('request_details', jdatetime.datetime(1404, 5, 10, 1, 2, 20)): 'سلام و عرض ادب \n\nبه اطلاع می\u200cرساند با توجه به تعطیلات دانشگاه آزاد اسلامی تا تاریخ ۲۵ مرداد ۱۴۰۴، در حال حاضر امکان بررسی و پیگیری درخواست شما وجود ندارد. لطفاً پس از تاریخ مذکور، مجدداً درخواست خود را ثبت نمایید.\n\nبا تشکر'}",2 days 22:58:40,91 days 15:15:43,False
8,file_2_9.txt,درخواست اینترنت دانشجویی,5039949936703420,محمدحسن عزیزی ابرقوئی,5039949936,None,دکتری تخصصی_مهندسی برق ـ قدرت_یزد_4021,"{('request_details', jdatetime.datetime(1404, 2, 11, 4, 6, 13)): '', ('request_details', jdatetime.datetime(1404, 2, 14, 9, 1, 11)): '', ('request_details', jdatetime.datetime(1404, 5, 9, 11, 7, 22)): 'سلام و عرض ادب \n\nاحتراما جهت اقدام لازم', ('request_details', jdatetime.datetime(1404, 5, 10, 1, 2, 4)): 'سلام و عرض ادب \n\nبه اطلاع می\u200cرساند با توجه به تعطیلات دانشگاه آزاد اسلامی تا تاریخ ۲۵ مرداد ۱۴۰۴، در حال حاضر امکان بررسی و پیگیری درخواست شما وجود ندارد. لطفاً پس از تاریخ مذکور، مجدداً درخواست خود را ثبت نمایید.\n\nبا تشکر'}",3 days 04:54:58,91 days 20:55:51,False
9,file_2_10.txt,درخواست تاسیس انجمن علمی,4421230057841059,Meraj Dehghan,4421230057,40210540401018,کارشناسی پیوسته_مهندسی عمران_یزد_4021,"{('request_details', jdatetime.datetime(1404, 2, 30, 10, 9, 38)): 'سلام انجمن علمی عمران رو راه بندازید', ('request_details', jdatetime.datetime(1404, 2, 31, 7, 12, 49)): '', ('request_details', jdatetime.datetime(1404, 3, 25, 4, 10, 13)): '', ('request_details', jdatetime.datetime(1404, 3, 28, 1, 36, 20)): '', ('request_details', jdatetime.datetime(1404, 5, 9, 10, 58, 40)): 'سلام و عرض ادب \n\nاحتراما جهت اقدام لازم', ('request_details', jdatetime.datetime(1404, 5, 9, 11, 8, 7)): 'با سلام احتراما جهت اقدام لازم', ('request_details', jdatetime.datetime(1404, 5, 10, 1, 1, 41)): 'سلام و عرض ادب \n\nبه اطلاع می\u200cرساند با توجه به تعطیلات دانشگاه آزاد اسلامی تا تاریخ ۲۵ مرداد ۱۴۰۴، در حال حاضر امکان بررسی و پیگیری درخواست شما وجود ندارد. لطفاً پس از تاریخ مذکور، مجدداً درخواست خود را ثبت نمایید.\n\nبا تشکر'}",0 days 21:03:11,72 days 14:52:03,False
10,file_2_11.txt,درخواست گواهی اشتغال  به تحصیل,228357162617906,MohammadReza Akrami,2283571626,40110540119006,کارشناسی پیوسته_مهندسی برق_یزد_4011,"{('request_details', jdatetime.datetime(1404, 4, 23, 2, 44, 12)): '', ('request_details', jdatetime.datetime(1404, 4, 24, 9, 11, 33)): 'سلام و عرض ادب\n\nلطفا بفرمایید گواهی رو برای کجا می خواین؟', ('request_details', jdatetime.datetime(1404, 5, 9, 11, 6, 32)): 'با سلام \n\nاحتراما با توجه به عدم پاسخگویی جنابعالی در خصوص سازمان یا اداره\u200cای که گواهی را برای آنجا لازم داشتید، این درخواست بسته شده اعلام می گردد\n\nپاسخگوی شما در درخواست های بعدی خواهیم بود.\n\nبا تشکر'}",1 days 06:27:21,17 days 08:22:20,False
11,file_2_12.txt,درخواست گواهی اشتغال  به تحصیل,4479955860406838,Abolfazl Talei bafghi,4479955860,None,دکتری تخصصی_مهندسی عمران - مهندسی و مدیریت ساخت_یزد_4021,"{('request_details', jdatetime.datetime(1404, 2, 24, 7, 27, 13)): '', ('request_details', jdatetime.datetime(1404, 2, 29, 8, 3, 58)): 'سلام و عرض ادب \n\nلطفا بفرمایید برای کدوم اداره یا سازمان لازم دارید', ('request_details', jdatetime.datetime(1404, 5, 9, 11, 3, 35)): 'سلام و عرض ادب\n\nبا احترام با توجه به اینکه مشخص نفرمودین گواهی برای چه اداره لازم هست، این پیام بسته شده اعلام می گردد، پاسخگوی شما در درخواست های بعدی خواهیم بود.\n\nبا تشکر'}",5 days 00:36:45,78 days 03:36:22,False
12,file_2_13.txt,درخواست پشتیبانی سامانه های مجازی آموزش الکترونیکی (وادانا),4420210036326832,معین ملک ثابت,4420210036,None,کارشناسی ارشد ناپیوسته_مهندسی برق - سیستم قدرت_یزد_4031,"{('request_details', jdatetime.datetime(1404, 2, 22, 11, 38, 53)): '', ('request_details', jdatetime.datetime(1404, 2, 29, 8, 16, 28)): 'جناب آقای مهند س روح پرور \n\nبا سلام \n\nلطفا راهنمایی بفرمایید', ('request_details', jdatetime.datetime(1404, 3, 8, 8, 12, 53)): '', ('request_details', jdatetime.datetime(1404, 5, 9, 11, 2, 8)): ''}",6 days 20:37:35,79 days 23:23:15,False
13,file_2_14.txt,درخواست گواهی اشتغال  به تحصیل,4450119878610018,محمدمبین معتمدی,4450119878,40210540401048,کارشناسی پیوسته_مهندسی عمران_یزد_4021,"{('request_details', jdatetime.datetime(1404, 3, 21, 6, 28, 37)): '', ('request_details', jdatetime.datetime(1404, 3, 25, 4, 9, 10)): '', ('request_details', jdatetime.datetime(1404, 3, 25, 4, 11, 18)): '', ('main_message', jdatetime.datetime(1404, 3, 25, 4, 11, 24)): ""از: 'کارشناسی - sm-105-40401-4-4021@iau.ir '\n\nبه: 'واحد - 336294@iau.ir '\n\nموضوع: 'درخواست گواهی اشتغال به تحصیل'"", ('main_message', jdatetime.datetime(1404, 3, 26, 12, 58, 11)): ""از: '336294 - 336294@iau.ir '\n\nبه: 'کارشناسی - sm-105-40401-4-4021@iau.ir '\n\nموضوع: 'پاسخ: درخواست گواهی اشتغال به تحصیل'\n\nدرخواستتون چيه؟ اگر گواهي هست گيرنده را مشخص كنيد"", ('request_details', jdatetime.datetime(1404, 5, 9, 11, 0, 12)): 'با سلام \n\nبا توجه به عدم پاسخگویی جنابعالی به سوال کارشناس مربوطه، درخواست شما بسته شده اعلام می گردد\n\nپاسخگوی شما در درخواست های بعدی خواهیم بود.\n\nبا تشکر'}",3 days 21:40:33,50 days 04:31:35,False
14,file_2_15.txt,درخواستهای مربوط به دانشجویان نمونه,4431668888670835,,None,None,,"{('request_details', jdatetime.datetime(1404, 2, 22, 11, 54, 20)): 'سلام وعرض ادب،درخواست ثبت نام پایان نامه\n\nسلام و عرض ادب چه رشته و چه مقطعی هستید', ('request_details', jdatetime.datetime(1404, 2, 29, 8, 20, 1)): '', ('request_details', jdatetime.datetime(1404, 3, 8, 8, 11, 59)): 'سلام و عرض ادب چه رشته و چه مقطعی هستید؟', ('request_details', jdatetime.datetime(1404, 3, 28, 1, 37, 7)): '', ('request_details', jdatetime.datetime(1404, 5, 9, 10, 57, 10)): 'سلام و عرض ادب\n\nبا احترام با توجه به عدم پاسخ از سوی شما در خصوص مقطع و رشته تحصیلی،\u200cدرخواست شما بسته شده اعلام می گردد، پاسخگوی شما در درخواست های بعدی خواهیم بود.\n\nبا تشکر'}",6 days 20:25:41,79 days 23:02:50,False
15,file_2_16.txt,درخواست انتخاب واحد ترم تابستان,4421379379524292,اتنا بخشی,4421379379,403273464,کارشناسی پیوسته_مهندسی برق_یزد_4031,"{('request_details', jdatetime.datetime(1404, 4, 2, 8, 54, 23)): 'سلام و عرض ادب\n\nبا احترام ضمن تشکر از همکاران گرامی که پاسخگوی این ایمیل بودند، پاسخگوی شما در درخواست های بعدی خواهیم بود.\n\nبا تشکر', ('request_details', jdatetime.datetime(1404, 4, 2, 12, 7, 46)): '', ('request_details', jdatetime.datetime(1404, 5, 9, 10, 55, 45)): ''}",0 days 03:13:23,38 days 02:01:22,True
16,file_2_17.txt,درخواست شرکت در امتحان مجدد به دلیل غیبت در نوبت اول,3210075816823275,,None,None,,"{('request_details', jdatetime.datetime(1404, 4, 2, 2, 14, 6)): 'نام و نام خانوادگی: محمد حسین یوسفی\n\nکد ملی: 3210075816\n\nشماره دانشجویی: 39910540119020\n\nرشته محل:کارشناسی پیوسته_مهندسی برق_یزد_3991\n\n------------------------------------------------------------------------------\n\n\n\n\n\nبا سلام و احترام\n\nاینجانب محمد حسین یوسفی، دانشجوی درس «تاریخ فرهنگ و تمدن اسلامی» به استحضار می\u200cرساند که به دلیل بروز شرایط اضطراری و همچنین به علت اینکه بومی استان یزد نبوده و ساکن استان کرمان هستم، متأسفانه در تاریخ 1404/03/31 موفق به شرکت در آزمون پایان\u200cترم این درس نشدم.\n\nبا توجه به اینکه مقرر گردیده است امتحان مجدد برگزار گردد، خواهشمند است مساعدت لازم جهت امکان شرکت اینجانب در نوبت مجدد آزمون را مبذول فرمایید.\n\nپیشاپیش از همکاری شما سپاسگزارم.', ('request_details', jdatetime.datetime(1404, 4, 5, 7, 46, 56)): '', ('request_details', jdatetime.datetime(1404, 5, 9, 10, 54, 23)): 'سلام و عرض ادب\n\nبا احترام ضمن تشکر از همکاران گرامی که پاسخگوی این ایمیل بودند، پاسخگوی شما در درخواست های بعدی خواهیم بود.\n\nبا تشکر'}",3 days 05:32:50,38 days 08:40:17,False
17,file_2_18.txt,درخواست ثبت نام و انتخاب واحد ترم تابستان ۱۴۰۴,442118037827088,Mostafa Hashemipoor,4421180378,403887848,کارشناسی پیوسته_مهندسی عمران_یزد_4032,"{('request_details', jdatetime.datetime(1404, 4, 2, 10, 2, 22)): '', ('request_details', jdatetime.datetime(1404, 4, 5, 7, 48, 42)): 'سلام و عرض ادب لطفا از طریق سیستم آموزشیار اقدام فرمایید', ('request_details', jdatetime.datetime(1404, 5, 9, 10, 53, 53)): 'سلام و عرض ادب\n\nبا احترام ضمن تشکر از همکاران گرامی که پاسخگوی این ایمیل بودند، پاسخگوی شما در درخواست های بعدی خواهیم بود.\n\nبا تشکر'}",2 days 21:46:20,38 days 00:51:31,False
18,file_2_19.txt,درخواست شرکت در امتحان مجدد به دلیل غیبت در نوبت اول,3210075816871136,محمد حسین یوسفی,3210075816,39910540119020,کارشناسی پیوسته_مهندسی برق_یزد_3991,"{('request_details', jdatetime.datetime(1404, 4, 2, 2, 7, 14)): 'با سلام و احترام\nاینجانب محمد حسین یوسفی، دانشجوی درس «انس با قرآن کریم» به استحضار می\u200cرساند که به دلیل بروز شرایط اضطراری و همچنین به علت اینکه بومی استان یزد نبوده و ساکن استان کرمان هستم، متأسفانه در تاریخ 1404/03/31 موفق به شرکت در آزمون پایان\u200cترم این درس نشدم.\nبا توجه به اینکه مقرر گردیده است امتحان مجدد برگزار گردد، خواهشمند است مساعدت لازم جهت امکان شرکت اینجانب در نوبت مجدد آزمون را مبذول فرمایید.\nپیشاپیش از همکاری شما سپاسگزارم.', ('request_details', jdatetime.datetime(1404, 4, 5, 7, 46, 27)): '', ('request_details', jdatetime.datetime(1404, 5, 9, 10, 53, 22)): 'سلام و عرض ادب\n\nبا احترام ضمن تشکر از همکاران گرامی که پاسخگوی این ایمیل بودند، پاسخگوی شما در درخواست های بعدی خواهیم بود.\n\nبا تشکر'}",3 days 05:39:13,38 days 08:46:08,False
19,file_2_20.txt,درخواست ثبت نام و مجوز انتخاب واحد ترم تابستان,4421180378475868,Mostafa Hashemipoor,4421180378,403887848,کارشناسی پیوسته_مهندسی عمران_یزد_4032,"{('request_details', jdatetime.datetime(1404, 4, 2, 9, 46, 44)): '', ('request_details', jdatetime.datetime(1404, 4, 5, 7, 49, 30)): 'سلام و عرض ادب لطفا از طریق سیستم آموزشیار اقدام فرمایید', ('request_details', jdatetime.datetime(1404, 5, 9, 10, 52, 55)): 'سلام و عرض ادب\n\nبا احترام ضمن تشکر از همکاران گرامی که پاسخگوی این ایمیل بودند، پاسخگوی شما در درخواست های بعدی خواهیم بود.\n\nبا تشکر'}",2 days 22:02:46,38 days 01:06:11,False
20,file_2_21.txt,درخواست برگذاری مجدد امتحان که در تاریخ ۲۵/۰۳/۱۴۰۴ برگذار شده.,4421271594645293,ali ahmadi,4421271594,40110540401040,کارشناسی پیوسته_مهندسی عمران_یزد_4011,"{('request_details', jdatetime.datetime(1404, 4, 6, 3, 17, 47)): '------------------------------------------------------------------------------درخواست برگذاری مجدد امتحان درس برنامه نویسی کامپیوتر از استاد مهدی حمیدی که در تاریخ ۸ صبح یکشنبه ۲۵/۰۳/۱۴۰۴ برگذار شده. به علت لغو شدن پرواز های روز قبل شنبه از تهران به یزد نتوانستم در این امتحان شرکت کنم.', ('request_details', jdatetime.datetime(1404, 4, 8, 1, 0, 19)): '', ('request_details', jdatetime.datetime(1404, 5, 9, 10, 52, 19)): 'سلام و عرض ادب\n\nبا احترام \n\n پاسخگوی شما در درخواست های بعدی خواهیم بود.\n\nبا تشکر'}",1 days 21:42:32,34 days 07:34:32,False
21,file_2_22.txt,با اهدا سلام خواهشمندم جهت گرفتن امتحان مجدد از دانشجویان بومی که موفق به شرکت در امتحان نشدند پیگیری لازم برای جلوگیری از ضایع شدن حق دانشجو به عمل آورید در شرایطی که شاید هر چند دهه یکبار اتفاق بیافتد دستگیرما باشیدباسپاس از همراهی ودرک شما  (پیوست),4420736658405484,Sajjad Ahmadypaskiaby,4420736658,39910540401023,کارشناسی پیوسته_مهندسی عمران_یزد_3991,"{('request_details', jdatetime.datetime(1404, 4, 11, 6, 0, 23)): '', ('request_details', jdatetime.datetime(1404, 4, 12, 9, 36, 22)): 'سلام و عرض ادب\n\nسلام و عرض ادب \n\nلطفا فرم درخواست رو محبت کنید', ('request_details', jdatetime.datetime(1404, 5, 9, 10, 51, 35)): 'با سلام احتراما جهت اقدام مقتضی'}",1 days 03:35:59,29 days 04:51:12,False
22,file_2_23.txt,انتخاب دروس عمومی ,4421211419133005,MohamadEmad Athari,4421211419,402829016,کارشناسی پیوسته_مهندسی عمران_یزد_4021,"{('request_details', jdatetime.datetime(1404, 4, 10, 1, 12, 43)): '', ('request_details', jdatetime.datetime(1404, 4, 12, 9, 38, 38)): 'سلام لطفا درخواست تون رو واضح و کامل بفرمایید', ('request_details', jdatetime.datetime(1404, 5, 9, 10, 50, 35)): 'سلام و عرض ادب\n\nبا احترام پاسخگوی شما در درخواست های بعدی خواهیم بود.\n\nبا تشکر'}",2 days 08:25:55,30 days 09:37:52,False
23,file_2_24.txt,درخواست انتخاب واحد ترم تابستان,4421211419447963,MohamadEmad Athari,4421211419,402829016,کارشناسی پیوسته_مهندسی عمران_یزد_4021,"{('request_details', jdatetime.datetime(1404, 4, 9, 10, 24, 8)): '', ('request_details', jdatetime.datetime(1404, 4, 12, 9, 44, 36)): '', ('request_details', jdatetime.datetime(1404, 5, 9, 10, 49, 52)): ''}",2 days 23:20:28,31 days 00:25:44,True
24,file_2_25.txt,درخواست انتخاب واحد- حذف و اضافه خارج از زمان,4421330809538187,taha tabatabaie,4421330809,40210540401001,کارشناسی پیوسته_مهندسی عمران_یزد_4021,"{('request_details', jdatetime.datetime(1404, 4, 9, 1, 19, 42)): '', ('request_details', jdatetime.datetime(1404, 4, 12, 9, 45, 16)): '', ('request_details', jdatetime.datetime(1404, 5, 9, 10, 48, 39)): 'با سلام \n\nضمن عذرخواهی از تاخیر پیش آمده، لطفا درخواست تان را در ایمیل جدید به صورت واضح بفرمایید'}",3 days 08:25:34,31 days 09:28:57,False
25,file_2_26.txt,درخواست برگذاری مجدد امتحان که در تاریخ ۲۵/۰۳/۱۴۰۴ برگذار شده.,4421271594535790,ali ahmadi,4421271594,40110540401040,کارشناسی پیوسته_مهندسی عمران_یزد_4011,"{('request_details', jdatetime.datetime(1404, 4, 6, 3, 13, 43)): '------------------------------------------------------------------------------ درخواست برگذاری مجدد امتحان درس برنامه نویسی کامپیوتر از استاد مهدی حمیدی که در تاریخ ۸ صبح یکشنبه ۲۵/۰۳/۱۴۰۴ برگذار شده. به علت لغو شدن پرواز های روز قبل شنبه از تهران به یزد نتوانستم در این امتحان شرکت کنم.', ('request_details', jdatetime.datetime(1404, 4, 12, 9, 46, 30)): 'سلام لطفا درخواست تون رو ضمیمه بفرمایید و مجدد ایمیل رو ارسال کنید', ('request_details', jdatetime.datetime(1404, 5, 9, 10, 47, 12)): 'با سلام احتراما جهت اقدام مقتضی'}",6 days 06:32:47,34 days 07:33:29,False
26,file_2_27.txt,درخواست اینترنت دانشجویی,0422071935859291,mohsen mollahoseini,422071935,40210540436014,کارشناسی ارشد ناپیوسته_مهندسی عمران - مهندسی و مدیریت ساخت_یزد_4021,"{('request_details', jdatetime.datetime(1404, 3, 12, 2, 47, 35)): '', ('request_details', jdatetime.datetime(1404, 3, 28, 1, 37, 51)): '', ('request_details', jdatetime.datetime(1404, 4, 12, 9, 57, 36)): '', ('main_message', jdatetime.datetime(1404, 4, 12, 9, 57, 43)): ""از: 'کارشناسی - sm-105-40436-5-4021@iau.ir '\n\nبه: 'واحد - 336216@iau.ir '\n\nموضوع: 'درخواست اینترنت دانشجویی'"", ('main_message', jdatetime.datetime(1404, 4, 12, 10, 58, 5)): ""از: '336216 - 336216@iau.ir '\n\nبه: 'کارشناسی - sm-105-40436-5-4021@iau.ir '\n\nموضوع: 'پاسخ: درخواست اینترنت دانشجویی'\n\nسلام\n\nuser: 40210540436014\n\nPass: 422071935\n\n\n\nموفق باشید"", ('request_details', jdatetime.datetime(1404, 5, 9, 10, 45, 38)): 'سلام و عرض ادب\n\nبا احترام ضمن تشکر از همکاران گرامی که پاسخگوی این ایمیل بودند، پاسخگوی شما در درخواست های بعدی خواهیم بود.\n\nبا تشکر'}",15 days 22:50:16,59 days 07:58:03,False
27,file_2_28.txt,درخواست صدور کارت دانشجویی,4432508825118921,Vahedeh Dehghanezadeh,4432508825,403102940,کارشناسی ارشد ناپیوسته_مدیریت آموزشی_یزد_4031,"{('request_details', jdatetime.datetime(1404, 3, 17, 4, 17, 26)): '', ('request_details', jdatetime.datetime(1404, 4, 29, 12, 51, 22)): '', ('main_message', jdatetime.datetime(1404, 4, 29, 12, 51, 29)): ""از: 'کارشناسی - sf-105-21212-5-4031@iau.ir '\n\nبه: 'واحد - 336308@iau.ir '\n\nموضوع: 'درخواست صدور کارت دانشجویی'"", ('main_message', jdatetime.datetime(1404, 5, 4, 10, 45, 51)): ""از: '336308 - 336308@iau.ir '\n\nبه: 'کارشناسی - sf-105-21212-5-4031@iau.ir '\n\nموضوع: 'پاسخ: درخواست صدور کارت دانشجویی'\n\nسلام  احتراما با توجه به تعمیر دستگاه کارت زنی خواهشمند است اوایل مهرماه بعد از انتخاب واحد درخواست جدید به همراه اسکن عکس 4*3  ایمیل تا بقیه مراحل صدور کارت انجام شود.باتشکر"", ('request_details', jdatetime.datetime(1404, 5, 9, 10, 42, 12)): 'سلام و عرض ادب\n\nبا احترام ضمن تشکر از همکاران گرامی که پاسخگوی این ایمیل بودند، پاسخگوی شما در درخواست های بعدی خواهیم بود.\n\nبا تشکر'}",43 days 08:33:56,54 days 06:24:46,False
28,file_2_29.txt,درخواست فعال سازی سامانه شرکت در کلاس های آنلاین,4420210036881506,معین ملک ثابت,4420210036,None,کارشناسی ارشد ناپیوسته_مهندسی برق - سیستم قدرت_یزد_4031,"{('request_details', jdatetime.datetime(1404, 2, 21, 9, 18, 42)): 'با سلام احترام\n\nبه استحضار می رساند اینجانب زمان ورود به سامانه کلاس های آنلاین علیرغم ورود صحیح شماره دانشجویی برای نام کاربری و رمز عبور امکان ورود به سامانه را ندارم \n\nخواهشمند است اقدام لازم صورت پذیرد \n\nبا تشکر', ('request_details', jdatetime.datetime(1404, 4, 29, 12, 53, 12)): '', ('main_message', jdatetime.datetime(1404, 4, 29, 12, 53, 18)): ""از: 'کارشناسی - sm-105-40850-5-4031@iau.ir '\n\nبه: 'واحد - 336216@iau.ir '\n\nموضوع: 'درخواست فعال سازی سامانه شرکت در کلاس های آنلاین'"", ('main_message', jdatetime.datetime(1404, 4, 31, 10, 24, 25)): ""از: '336216 - 336216@iau.ir '\n\nبه: 'کارشناسی - sm-105-40850-5-4031@iau.ir '\n\nموضوع: 'پاسخ: درخواست فعال سازی سامانه شرکت در کلاس های آنلاین'\n\nبا سلام\n\nدر ایتا به آی دی @ityazd1404 پیغام دهید بررسی می شود"", ('request_details', jdatetime.datetime(1404, 5, 9, 10, 41, 6)): 'سلام و عرض ادب\n\nبا احترام ضمن تشکر از همکاران گرامی که پاسخگوی این ایمیل بودند، پاسخگوی شما در درخواست های بعدی خواهیم بود.\n\nبا تشکر'}",70 days 03:34:30,81 days 01:22:24,False
29,file_2_30.txt,درخواست صدور کارت دانشجویی,442142904178712,Fatemah Sarkarnasaj,4421429041,403836202,کارشناسی پیوسته_مهندسی عمران_یزد_4032,"{('request_details', jdatetime.datetime(1404, 4, 30, 4, 5, 10)): '', ('request_details', jdatetime.datetime(1404, 5, 5, 10, 42, 43)): '', ('main_message', jdatetime.datetime(1404, 5, 5, 10, 42, 49)): ""از: 'کارشناسی - sf-105-40401-4-4032@iau.ir '\n\nبه: 'واحد - 336308@iau.ir '\n\nموضوع: 'درخواست صدور کارت دانشجویی'"", ('main_message', jdatetime.datetime(1404, 5, 7, 8, 4, 50)): ""از: '336308 - 336308@iau.ir '\n\nبه: 'کارشناسی - sf-105-40401-4-4032@iau.ir '\n\nموضوع: 'پاسخ: درخواست صدور کارت دانشجویی'\n\nسلام وقت بخير . جهت صدور كارت دانشجويي انشاله در ترم آينده مهرماه بعد از انتخاب واحد مجددا درخواست ايميل تا كارت دانشجويي صادر گردد. باتشكر"", ('request_details', jdatetime.datetime(1404, 5, 9, 9, 58, 2)): 'سلام و عرض ادب\n\nبا احترام ضمن تشکر از همکاران گرامی که پاسخگوی این ایمیل بودند، پاسخگوی شما در درخواست های بعدی هستیم \n\nبا تشکر'}",6 days 06:37:33,10 days 05:52:52,False
30,file_2_31.txt,درخواست اینترنت دانشجویی,4420529784361446,Fereshteh Felfeli,4420529784,40210540436015,کارشناسی ارشد ناپیوسته_مهندسی عمران - مهندسی و مدیریت ساخت_یزد_4021,"{('request_details', jdatetime.datetime(1404, 3, 12, 2, 41, 34)): '', ('request_details', jdatetime.datetime(1404, 4, 29, 12, 51, 58)): '', ('main_message', jdatetime.datetime(1404, 4, 29, 12, 52, 5)): ""از: 'کارشناسی - sf-105-40436-5-4021@iau.ir '\n\nبه: 'واحد - 336216@iau.ir '\n\nموضوع: 'درخواست اینترنت دانشجویی'"", ('main_message', jdatetime.datetime(1404, 4, 31, 10, 23, 24)): ""از: '336216 - 336216@iau.ir '\n\nبه: 'کارشناسی - sf-105-40436-5-4021@iau.ir '\n\nموضوع: 'پاسخ: درخواست اینترنت دانشجویی'\n\n\n\nسلام\n\nنام کاربری: شماره دانشجویی\n\nرمز عبور: کدملی"", ('request_details', jdatetime.datetime(1404, 5, 9, 9, 56, 5)): 'سلام و عرض ادب\n\nبا احترام پاسخگوی شما در درخواست های بعدی هستیم \n\nبا تشکر'}",48 days 10:10:24,59 days 07:14:31,False
31,file_2_32.txt,درخواست اینترنت دانشجویی,443346443067606,سمیرا عطارپوربندرابادی,4433464430,403009502,دکتری تخصصی_مهندسی عمران - مهندسی و مدیریت ساخت_یزد_4031,"{('request_details', jdatetime.datetime(1404, 3, 6, 2, 43, 8)): 'با سلام و احترام\nچگونه میتوانم از اینترنت دانشگاه استفاده کنم؟', ('request_details', jdatetime.datetime(1404, 4, 29, 12, 52, 34)): '', ('main_message', jdatetime.datetime(1404, 4, 29, 12, 52, 41)): ""از: 'دکتری - sf-105-40436-7-4031@iau.ir '\n\nبه: 'واحد - 336216@iau.ir '\n\nموضوع: 'درخواست اینترنت دانشجویی'"", ('main_message', jdatetime.datetime(1404, 4, 31, 10, 23, 41)): ""از: '336216 - 336216@iau.ir '\n\nبه: 'دکتری - sf-105-40436-7-4031@iau.ir '\n\nموضوع: 'پاسخ: درخواست اینترنت دانشجویی'\n\n\n\nسلام\n\nنام کاربری: شماره دانشجویی\n\nرمز عبور: کدملی"", ('request_details', jdatetime.datetime(1404, 5, 9, 9, 48, 23)): 'دانشجوی گرامی سلام و عرض ادب \n\nچنانچه مجددا درخواستی داشتید بفرمایید \n\nبا تشکر'}",54 days 10:09:26,65 days 07:05:15,False
32,file_2_33.txt,,4421413496799219,محمد بقائی,4421413496,None,کارشناسی پیوسته_مهندسی عمران_یزد_4031,"{('request_details', jdatetime.datetime(1404, 2, 11, 9, 43, 43)): '', ('request_details', jdatetime.datetime(1404, 2, 25, 7, 4, 53)): 'سلام و عرض ادب درخواست تون رو بفرمایید', ('request_details', jdatetime.datetime(1404, 5, 9, 9, 42, 26)): 'دانشجوی گرامی سلام\n\nبا توجه به اینکه درخواست شما مشخص نبود این درخواست بسته شده اعلام می شود\n\nچنانچه درخواست جدیدی داشتید با افتخار در خدمت شما هستیم \n\nبا تشکر'}",13 days 21:21:10,90 days 23:58:43,False
33,file_2_34.txt,مدارک امتحان مجدد,4420736658689913,Sajjad Ahmadypaskiaby,4420736658,39910540401023,کارشناسی پیوسته_مهندسی عمران_یزد_3991,"{('request_details', jdatetime.datetime(1404, 4, 23, 6, 26, 58)): '', ('request_details', jdatetime.datetime(1404, 4, 24, 9, 12)): ''}",1 days 02:45:02,1 days 02:45:02,True
34,file_2_35.txt,زمان انتخاب واحد,0769464221708201,ahmad talebnayyeri,769464221,403009619,دکتری تخصصی_مهندسی برق ـ قدرت_یزد_4031,"{('request_details', jdatetime.datetime(1404, 4, 18, 9, 50, 26)): 'سلام علیکم.\n\n زمان انتخاب واحد ترم مهرماه دقیقا از کی شروع میشه؟', ('request_details', jdatetime.datetime(1404, 4, 19, 8, 13, 37)): 'سلام و عرض ادب \n\nانشاالله شهریور'}",0 days 22:23:11,0 days 22:23:11,False
35,file_2_36.txt,ارسال پروژه درس بهینه سازی(سرکارخانم دکتر بهشتی پور),0769464221341346,ahmad talebnayyeri,769464221,403009619,دکتری تخصصی_مهندسی برق ـ قدرت_یزد_4031,"{('request_details', jdatetime.datetime(1404, 4, 18, 10, 52, 24)): '', ('request_details', jdatetime.datetime(1404, 4, 19, 8, 10, 45)): ''}",0 days 21:18:21,0 days 21:18:21,True
36,file_2_37.txt,فرم درخواست,4420736658171701,Sajjad Ahmadypaskiaby,4420736658,39910540401023,کارشناسی پیوسته_مهندسی عمران_یزد_3991,"{('request_details', jdatetime.datetime(1404, 4, 17, 7, 52, 57)): 'فرم درخواست', ('request_details', jdatetime.datetime(1404, 4, 18, 9, 26, 54)): ''}",1 days 01:33:57,1 days 01:33:57,True
37,file_2_38.txt,ارسال فرم درخواست امتحان مجدد,4420736658462539,Sajjad Ahmadypaskiaby,4420736658,39910540401023,کارشناسی پیوسته_مهندسی عمران_یزد_3991,"{('request_details', jdatetime.datetime(1404, 4, 17, 8, 13, 56)): '', ('request_details', jdatetime.datetime(1404, 4, 18, 9, 25, 59)): ''}",1 days 01:12:03,1 days 01:12:03,True
38,file_2_39.txt,فرم درخواست امتحان مجدد,442073665817284,Sajjad Ahmadypaskiaby,4420736658,39910540401023,کارشناسی پیوسته_مهندسی عمران_یزد_3991,"{('request_details', jdatetime.datetime(1404, 4, 18, 3, 43, 7)): '', ('request_details', jdatetime.datetime(1404, 4, 18, 9, 25, 5)): ''}",0 days 05:41:58,0 days 05:41:58,True
39,file_2_40.txt,پایان نامه,444007181352823,mohamadreza namzad,4440071813,40110540055001,کارشناسی ارشد ناپیوسته_مهندسی برق - سیستم های قدرت_یزد_4011,"{('request_details', jdatetime.datetime(1404, 3, 17, 6, 59, 14)): 'سلام پایان نامه ثبت و کارای پژوهشیار تموم بشه تا چه تاریخی میشه دفاع کرد؟', ('request_details', jdatetime.datetime(1404, 4, 12, 9, 56)): 'سلام و عرض ادب\n\nاز زمانی که استاد راهنما پورپوزال را در پژوهشیار تایید کنند ۶ ماه زمان دارید'}",26 days 02:56:46,26 days 02:56:46,False
40,file_2_41.txt,درخواست ثبت نام و مجوز انتخاب واحد ترم تابستان,4421180378475868,Mostafa Hashemipoor,4421180378,403887848,کارشناسی پیوسته_مهندسی عمران_یزد_4032,"{('request_details', jdatetime.datetime(1404, 4, 2, 9, 46, 44)): '', ('request_details', jdatetime.datetime(1404, 4, 5, 7, 47, 46)): 'سلام و عرض ادب لطفا از طریق آموزشیار اقدام فرمایید'}",2 days 22:01:02,2 days 22:01:02,False
41,file_2_42.txt,درخواست ثبت نام و انتخاب واحد ترم تابستان ۱۴۰۴,442118037827088,Mostafa Hashemipoor,4421180378,403887848,کارشناسی پیوسته_مهندسی عمران_یزد_4032,"{('request_details', jdatetime.datetime(1404, 4, 2, 10, 2, 22)): '', ('request_details', jdatetime.datetime(1404, 4, 5, 7, 45, 37)): 'سلام و عرض ادب لطفا از طریق آموزشیار انتخاب واحد بفرمایید'}",2 days 21:43:15,2 days 21:43:15,False
42,file_2_43.txt, درخواست ازمون مجدد به دلایل شرایط پیش اماده کشور ,442120503677261,امیر دانیال فلاح,4421205036,403706894,کارشناسی پیوسته_مهندسی برق_یزد_4031,"{('request_details', jdatetime.datetime(1404, 3, 31, 10, 56, 52)): 'اینجانب دانیال فلاح با شماره دانشجویی 403706894 درخواست ازمون مجدد به دلایل شرایط پیش اماده کشور درازمون معادلات دیفراسیل استاد مهین حاجی ابوترابی که در تاریخ 1404/3/26 در ساعت 8 صبح برگزار شد را دارم. باتشکر', ('request_details', jdatetime.datetime(1404, 4, 1, 7, 52, 50)): ''}",0 days 20:55:58,0 days 20:55:58,True
43,file_2_44.txt,درخواست شرکت در ازمون پایان ترم با توجه به شرایط اخیر,442131203710842,علی منصوری علی اباد,4421312037,403344181,کارشناسی پیوسته_مهندسی برق_یزد_4031,"{('request_details', jdatetime.datetime(1404, 3, 31, 12, 5, 26)): 'بنده علی منصوری علی اباد با شماره دانشجویی403344181 درخواست ازمون معادلات دیفرانسیل استاد مهین حاجی ابوترابی که در تاریخ 1404/03/26  ساعت 8 صبح برگزار شده است را دارم و درخواست را در لینک با کد پیگیری1775402299222566 ثبت کرده ام . با تشکر', ('request_details', jdatetime.datetime(1404, 4, 1, 7, 52, 17)): ''}",0 days 19:46:51,0 days 19:46:51,True
44,file_2_45.txt,شرایط اخذ معرفی با استاد چگونه است؟,4421042201872535,علی فخرآبادی,4421042201,40010540119005,کارشناسی پیوسته_مهندسی برق_یزد_4001,"{('request_details', jdatetime.datetime(1404, 2, 31, 10, 9, 43)): '', ('request_details', jdatetime.datetime(1404, 3, 25, 4, 8, 20)): 'سلام و عرض ادب \n\nدر صورتی که تنها ۶ واحد درسی (دروس نظری یا دروس عملی نظری که قبلا اخذ نموده ، قسمت نظری را پاس نکرده و  قسمت عملی آن را گذرانده باشید) باقی مانده باشد'}",24 days 17:58:37,24 days 17:58:37,False
45,file_2_46.txt,درخواست اینترنت دانشجویی,442070502727092,mahdi heidary,4420705027,40210540401004,کارشناسی پیوسته_مهندسی عمران_یزد_4021,"{('request_details', jdatetime.datetime(1404, 2, 30, 10, 10, 22)): '', ('request_details', jdatetime.datetime(1404, 2, 31, 7, 7, 11)): '', ('request_details', jdatetime.datetime(1404, 2, 31, 7, 17, 54)): '', ('request_details', jdatetime.datetime(1404, 2, 31, 7, 37, 38)): '', ('request_details', jdatetime.datetime(1404, 3, 8, 8, 3, 7)): '', ('request_details', jdatetime.datetime(1404, 3, 25, 4, 4, 42)): ''}",0 days 20:56:49,25 days 17:54:20,True
46,file_2_47.txt,درخواست گواهی اشتغال  به تحصیل,4421166774691563,mohammad yousef kamali ardakani,4421166774,None,کارشناسی پیوسته_مهندسی برق_یزد_4011,"{('request_details', jdatetime.datetime(1404, 2, 11, 8, 20, 43)): 'سلام لطف کنید برای نیروگاه تولید برق یزد گواهی اشتغال به تحصیل میخواستم', ('request_details', jdatetime.datetime(1404, 2, 14, 8, 47, 25)): '', ('request_details', jdatetime.datetime(1404, 2, 18, 11, 44, 56)): '', ('request_details', jdatetime.datetime(1404, 3, 8, 8, 16, 49)): 'سلام لطفا برای دریافت، به واحد پذیرش و ثبت نام مراجعه بفرمایید'}",3 days 00:26:42,27 days 23:56:06,False
47,file_2_48.txt,درخواست صدور کارت دانشجویی,3479750109589308,راحله لشکری,3479750109,None,دکتری تخصصی_مهندسی برق ـ قدرت_یزد_4031,"{('request_details', jdatetime.datetime(1404, 2, 11, 2, 36, 27)): '', ('request_details', jdatetime.datetime(1404, 2, 14, 8, 49, 40)): '', ('request_details', jdatetime.datetime(1404, 3, 8, 8, 15, 58)): ''}",3 days 06:13:13,28 days 05:39:31,True
48,file_2_49.txt,درخواست صدور کارت دانشجویی,4440055346319917,مهران کریمی وراعون,4440055346,None,دکتری تخصصی_مهندسی برق ـ قدرت_یزد_4031,"{('request_details', jdatetime.datetime(1404, 2, 11, 4, 17, 38)): '', ('request_details', jdatetime.datetime(1404, 2, 14, 8, 54, 7)): '', ('request_details', jdatetime.datetime(1404, 3, 8, 8, 15, 26)): ''}",3 days 04:36:29,28 days 03:57:48,True
49,file_2_50.txt,درخواست صدور کارت دانشجویی,4420425245665410,محمد بیدمشکی,4420425245,None,دکتری تخصصی_مهندسی برق ـ قدرت_یزد_4011,"{('request_details', jdatetime.datetime(1404, 2, 11, 2, 31, 36)): '', ('request_details', jdatetime.datetime(1404, 2, 14, 9, 6, 48)): '', ('request_details', jdatetime.datetime(1404, 3, 8, 8, 15, 2)): ''}",3 days 06:35:12,28 days 05:43:26,True
50,file_2_51.txt,درخواست صدور کارت دانشجویی,4421023663226380,Abbasali Jokar,4421023663,None,کارشناسی پیوسته_مهندسی برق_یزد_3991,"{('request_details', jdatetime.datetime(1404, 2, 11, 9, 25, 16)): '', ('request_details', jdatetime.datetime(1404, 2, 22, 9, 28, 45)): '', ('request_details', jdatetime.datetime(1404, 3, 8, 8, 14, 33)): ''}",11 days 00:03:29,27 days 22:49:17,True
51,file_2_52.txt,درخواست گواهی اشتغال  به تحصیل,4479955860820323,Abolfazl Talei bafghi,4479955860,None,دکتری تخصصی_مهندسی عمران - مهندسی و مدیریت ساخت_یزد_4021,"{('request_details', jdatetime.datetime(1404, 2, 24, 7, 30, 44)): 'با سلام گواهی اشتغال به تحصیل برای مرکز وکلا و کارشناسان و مشاوران خانواده استان یزد', ('request_details', jdatetime.datetime(1404, 2, 28, 9, 41, 36)): '', ('request_details', jdatetime.datetime(1404, 3, 8, 8, 14, 1)): ''}",4 days 02:10:52,15 days 00:43:17,True
52,file_2_53.txt,درخواست گواهی اشتغال  به تحصیل,4420963077669047,امیرمحمد زمان زاده نصرابادی,4420963077,None,کارشناسی ارشد ناپیوسته_مهندسی عمران - مهندسی و مدیریت ساخت_یزد_4031,"{('request_details', jdatetime.datetime(1404, 2, 22, 11, 14, 5)): 'با سلام \nدرخواست گواهی اشتغال به تحصیل جهت ارائه به سازمان تامین اجتماعی یزد را دارم', ('request_details', jdatetime.datetime(1404, 2, 29, 8, 18)): '', ('request_details', jdatetime.datetime(1404, 3, 8, 8, 12, 26)): ''}",6 days 21:03:55,16 days 20:58:21,True
53,file_2_54.txt,تاریخ آزمون کتبی و شفاهی جامع دکتری تخصصی رشته عمران - مهندسی و مدیریت ساخت؟,4420179430192892,Farhad Shakeri Shamsi,4420179430,None,دکتری تخصصی_مهندسی عمران - مهندسی و مدیریت ساخت_یزد_4021,"{('request_details', jdatetime.datetime(1404, 2, 23, 12, 20, 52)): 'با سلام و احترام\nتاریخ آزمون جامع کتبی و شفاهی دکتری تخصصی رشته عمران - مهندسی و مدیریت ساخت هر کدام چه روز و چه ساعت هایی است؟\nبا تشکر', ('request_details', jdatetime.datetime(1404, 2, 30, 6, 33, 37)): '', ('request_details', jdatetime.datetime(1404, 3, 8, 8, 10, 42)): ''}",6 days 18:12:45,15 days 19:49:50,True
54,file_2_55.txt,درخواست پشتیبانی سامانه های مجازی آموزش الکترونیکی (وادانا),4420210036342484,معین ملک ثابت,4420210036,None,کارشناسی ارشد ناپیوسته_مهندسی برق - سیستم قدرت_یزد_4031,"{('request_details', jdatetime.datetime(1404, 2, 23, 12, 28, 7)): 'باسلام \nمن برای ورود به سامانه نام کاربری و رمز عبور را شماره دانشجوییم میزنم ولی میگه این نام کاربری وجود ندارد چکار کنم ؟', ('request_details', jdatetime.datetime(1404, 2, 30, 6, 33, 13)): '', ('request_details', jdatetime.datetime(1404, 3, 8, 8, 4, 31)): '', ('request_details', jdatetime.datetime(1404, 3, 8, 8, 10, 15)): ''}",6 days 18:05:06,15 days 19:42:08,True
55,file_2_56.txt,احوال پرسی,4421323160638923,Iman Zahmatkesh,4421323160,40210540401002,کارشناسی پیوسته_مهندسی عمران_یزد_4021,"{('request_details', jdatetime.datetime(1404, 2, 30, 10, 12, 9)): 'روزتون بخیر.', ('request_details', jdatetime.datetime(1404, 2, 31, 7, 6, 8)): 'سلام صبح شما به خیر و شادی\n\nبهترینها رو براتون آرزو دارم'}",0 days 20:53:59,0 days 20:53:59,False
56,file_2_57.txt,ثبت و پیگیری انتقاد و پیشنهاد,4421139394621057,yasaman fotoohi,4421139394,40210540401006,کارشناسی پیوسته_مهندسی عمران_یزد_4021,"{('request_details', jdatetime.datetime(1404, 2, 31, 6, 57, 52)): 'با سلام فتوحی هستک\nاحتراما میخواستم خدمتتون عرض کنم که کولر های طبقه سه و چهار سلطانی واقعا کفاف جمعیت کلاس ما رو نمیده\nلطف بفرمایید و پیگیری کنید', ('request_details', jdatetime.datetime(1404, 2, 31, 7, 5, 18)): ''}",0 days 00:07:26,0 days 00:07:26,True
57,file_2_58.txt,,4421139394889738,yasaman fotoohi,4421139394,None,کارشناسی پیوسته_مهندسی عمران_یزد_4021,"{('request_details', jdatetime.datetime(1404, 2, 22, 11, 6, 4)): 'با سلام \nاحتراما میخواستم تاریخ شروع امتحانات رو بدونم.', ('request_details', jdatetime.datetime(1404, 2, 31, 7, 4, 3)): ''}",8 days 19:57:59,8 days 19:57:59,True
58,file_2_59.txt,درخواست تخفیف شهریه  ( ازدواج دانشجویی),5510049200467238,Mahdi Pishdad,5510049200,402741293,کارشناسی پیوسته_مهندسی عمران_یزد_4021,"{('request_details', jdatetime.datetime(1404, 2, 30, 10, 16, 48)): '---------------------------------------------------------------------با سلام و احترام با نظر به آنکه به دلیل مشکل بدهی خواستم نسبت به پرداخت شهریه ی متغیر به مهر ماه موکول گردد. \nسلام و عرض ادب \nامکان پرداخت شهریه این ترم در مهر ماه وجود ندارد \nد مورد تخفیف شهریه ازدواج اگر در ترم گذشته و ترم جاری ازدواج کردین مدارک رو محبت کنید برای امور دانشجویی ارسال کنم', ('request_details', jdatetime.datetime(1404, 2, 31, 7, 1, 6)): ''}",0 days 20:44:18,0 days 20:44:18,True
59,file_2_60.txt,درخواستهای مربوط به دانشجویان نمونه,4432504031478689,داود دادگستردارانی,4432504031,None,دکتری تخصصی_مهندسی برق ـ قدرت_یزد_4001,"{('request_details', jdatetime.datetime(1404, 2, 25, 11, 22, 56)): 'با سلام. آیا امکان اخد 23 واحد در ترم بعد برای اینجانب وجود دارد؟\nبا سلام در صورتی که مدل حداقل ۱۷ باشد یا ترم آخر باشید امکان پذیر است', ('request_details', jdatetime.datetime(1404, 2, 29, 8, 20, 52)): ''}",3 days 20:57:56,3 days 20:57:56,True
60,file_2_61.txt,از من بپرس (اخذ راهنمایی اداری),443250403111770,داود دادگستردارانی,4432504031,None,دکتری تخصصی_مهندسی برق ـ قدرت_یزد_4001,"{('request_details', jdatetime.datetime(1404, 2, 25, 10, 49, 57)): 'با سلام. در صورت تایید، بازخورد نمایید(تست ایمیل)', ('request_details', jdatetime.datetime(1404, 2, 29, 8, 6, 55)): 'سلام و عرض ادب \n\nامری باشه در خدمتم'}",3 days 21:16:58,3 days 21:16:58,False
61,file_2_62.txt,درخواست تائیدیه تحصیلی,5409737539482331,خدیجه غلامرضائی,5409737539,None,کارشناسی ارشد ناپیوسته_مدیریت آموزشی_یزد_4031,"{('request_details', jdatetime.datetime(1404, 2, 28, 6, 48, 28)): '', ('request_details', jdatetime.datetime(1404, 2, 29, 8, 6, 2)): 'سلام و عرض ادب لطفا از طریق سامانه سجاد اقدام فرمایید \n\nتاییدیه از طرف دانشگاه مقطع لیسانس، به این واحد دانشگاهی ارسال خواهد شد'}",1 days 01:17:34,1 days 01:17:34,False
62,file_2_63.txt,درخواست ریز نمرات داخل کشور,5409737539591432,خدیجه غلامرضائی,5409737539,None,کارشناسی ارشد ناپیوسته_مدیریت آموزشی_یزد_4031,"{('request_details', jdatetime.datetime(1404, 2, 28, 6, 47, 38)): '', ('request_details', jdatetime.datetime(1404, 2, 29, 7, 59, 38)): 'سلام و عرض ادب لطا در سامانه سجاد درخواست بفرمایید جواب تاییدیه به حراست دانشگاه ارسال خواهد شد'}",1 days 01:12:00,1 days 01:12:00,False
63,file_2_64.txt,,4433489522681414,Fahimeh Saeedkafi,4433489522,None,کارشناسی ارشد ناپیوسته_تکنولوژی آموزشی_یزد_4031,"{('request_details', jdatetime.datetime(1404, 2, 26, 4, 27, 37)): 'در چه صورت امکان اخذ ۲۳ واحد وجود دارد ؟------------------------------------------------------------------------------', ('request_details', jdatetime.datetime(1404, 2, 28, 9, 40, 46)): 'سلام در صورتی که معدل نرم قبل شما حداقل 17 باشد یا ترم آخر باشین'}",2 days 05:13:09,2 days 05:13:09,False
64,file_2_65.txt,,4433563080329705,الهام السادات دهقان بنادکی,4433563080,None,کارشناسی ارشد ناپیوسته_تکنولوژی آموزشی_یزد_4031,"{('request_details', jdatetime.datetime(1404, 2, 24, 9, 32, 40)): 'در چه صورت امکان اخذ 23 واحد وجود دارد ؟', ('request_details', jdatetime.datetime(1404, 2, 28, 9, 39, 8)): 'سلام و عرض ادب \n\nترم آخر باشین یا معدل ترم قبل،  17 باشد. در این صورت تا سقف 24 واحد امکان پذیر است'}",4 days 00:06:28,4 days 00:06:28,False
65,file_2_66.txt,تاریخ‌امتحان‌پایان‌ترم؟,5039949936967500,محمدحسن عزیزی ابرقوئی,5039949936,None,دکتری تخصصی_مهندسی برق ـ قدرت_یزد_4021,"{('request_details', jdatetime.datetime(1404, 2, 11, 4, 3, 4)): '', ('request_details', jdatetime.datetime(1404, 2, 14, 9, 3, 10)): 'سلام و عرض ادب \n\nاز 17 خرداد شروع می شه \n\nحدود 10 روز قبلش کارت ورود به جلسه رو از سایت دریافت کنید تاریخ و ساعت آزمونها داخلش هست', ('request_details', jdatetime.datetime(1404, 2, 23, 7, 43, 22)): ''}",3 days 05:00:06,12 days 03:40:18,False
66,file_2_67.txt,تاریخ امتحانات کی هست,4420705027791032,mahdi heidary,4420705027,None,کارشناسی پیوسته_مهندسی عمران_یزد_4021,"{('request_details', jdatetime.datetime(1404, 2, 23, 5, 40, 48)): '', ('request_details', jdatetime.datetime(1404, 2, 23, 6, 40, 28)): 'سلام و عرض ادب \n\nانشاالله از 17 خرداد شروع می شه حدودا 10 خرداد کارت ورود به جلسه تون رو از سایت بگیرین که تاریخ و ساعت دقیق امتحانات رو مطلع بشین'}",0 days 00:59:40,0 days 00:59:40,False
67,file_2_68.txt,,5039949936597349,محمدحسن عزیزی ابرقوئی,5039949936,None,دکتری تخصصی_مهندسی برق ـ قدرت_یزد_4021,"{('request_details', jdatetime.datetime(1404, 2, 11, 3, 59, 50)): '', ('request_details', jdatetime.datetime(1404, 2, 14, 9, 6, 12)): 'سلام درخواست شما ثبت نشده است', ('request_details', jdatetime.datetime(1404, 2, 18, 11, 46, 59)): ''}",3 days 05:06:22,7 days 07:47:09,False
68,file_2_69.txt,سلام . لطفاً تاریخ شروع امتحانات خرداد,3381357379481289,ALI Berahimi,3381357379,None,کارشناسی پیوسته_مهندسی برق_یزد_4011,"{('request_details', jdatetime.datetime(1404, 2, 14, 11, 4, 41)): '', ('request_details', jdatetime.datetime(1404, 2, 18, 8, 22, 45)): 'سلام و عرض ادب\n\nاز 17 خرداد شروع می شه از ۱۰ خرداد کارت ورود به جلسه تون تو سایت می آد که تاریخ و ساعت دقیق امتحانات مشخصه'}",3 days 21:18:04,3 days 21:18:04,False
69,file_2_70.txt,زمان شروع امتحانات این ترم,540003938392574,Sajjad Masoudi,5400039383,None,کارشناسی پیوسته_مهندسی برق_یزد_4011,"{('request_details', jdatetime.datetime(1404, 2, 10, 9, 55, 42)): '---------------------------------------------------------------------------با سلام و خسته نباشید میخواستم بدونم امتحانات این ترم چه تاریخی شروع میشه', ('request_details', jdatetime.datetime(1404, 2, 11, 1, 47, 25)): 'سلام و عرض ادب امتحانات از 17 خرداد آغاز می شه حدودا اوایل خرداد با مراجعه به آموزشیار، می توانید کارت ورود به جلسه را دریافت کنید در این کارت اطلاعات کامل وجود دارد', ('request_details', jdatetime.datetime(1404, 2, 16, 8, 44, 56)): ''}",0 days 15:51:43,5 days 22:49:14,False
70,file_2_71.txt,درخواست اطلاع از شروع آزمون های پایان ترم,5610027837128711,Amir Hossein Hossein Nezhad,5610027837,None,کارشناسی پیوسته_مهندسی برق_یزد_4001,"{('request_details', jdatetime.datetime(1404, 2, 10, 10, 19, 41)): '------------------------------------------------------------------------------سلام و وقت بخیر \nجسارتا شروع ازمون های پایانترم از چه تاریخی هست\nبا تشکر', ('request_details', jdatetime.datetime(1404, 2, 11, 1, 48, 46)): 'سلام و عرض ادب 17  خرداد', ('request_details', jdatetime.datetime(1404, 2, 16, 8, 40, 34)): ''}",0 days 15:29:05,5 days 22:20:53,False
71,file_2_72.txt,زمان شروع ترم تابستان,4421042201534366,Ali Fakhrabadi,4421042201,None,کارشناسی پیوسته_مهندسی برق_یزد_4001,"{('request_details', jdatetime.datetime(1404, 2, 11, 1, 56, 33)): '', ('request_details', jdatetime.datetime(1404, 2, 14, 8, 53, 29)): 'سلام و عرض ادب \n\nهنوز دقیق مشخص نیست ولی احتمالا اوایل تیر کلاسها شروع می شه و اوایل شهریور امتحاناتش برگزار می شه'}",3 days 06:56:56,3 days 06:56:56,False
72,file_2_73.txt,هفته فرجه چه زمانی شروع میشود؟,4421094420270345,Ali Mousavi,4421094420,None,کارشناسی پیوسته_مهندسی برق_یزد_4001,"{('request_details', jdatetime.datetime(1404, 2, 11, 9, 54, 31)): '', ('request_details', jdatetime.datetime(1404, 2, 14, 8, 48, 34)): 'سلام و عرض ادب تا تاریخ 13 خرداد کلاسها دایر است'}",2 days 22:54:03,2 days 22:54:03,False
73,file_2_74.txt,سلام‌تاریخ‌شروع‌امتحانات‌پایان‌ترم‌کی‌هست؟,5039949936469141,محمدحسن عزیزی ابرقوئی,5039949936,None,دکتری تخصصی_مهندسی برق ـ قدرت_یزد_4021,"{('request_details', jdatetime.datetime(1404, 2, 11, 3, 45, 12)): '', ('request_details', jdatetime.datetime(1404, 2, 14, 8, 41, 49)): 'سلام و عرض ادب \n\nاز 17 خرداد شروع می شه حدود ۱۰ روز قبلش کارت ورود به جلسه تون صادر می شه که از سایت دریافت می کنید و تاریخ و ساعت امتحاناتتون مشخص هست', ('request_details', jdatetime.datetime(1404, 2, 14, 8, 42, 5)): ''}",3 days 04:56:37,3 days 04:56:53,False
