﻿,file_name,subject,refrence_code,student_name,national_id,student_id,major,message,latency,duration,is_null
0,file_8_1.txt,درخواست گواهی اشتغال  به تحصیل,4421041483779822,Mohammad sina nasirian,4421041483,40210560202087,کارشناسی پیوسته_مهندسی معماری_یزد_4021,"{('request_details', jdatetime.datetime(1404, 5, 28, 9, 10, 52)): 'با سلام \n\nلطفا گزارش اشتغال به تحصیل اینجانب با کد دانشجویی ۴۰۲۱۰۵۶۰۲۰۲۰۸۷ برای بانک صادرات در نیمسال جدید را صادر بفرمایید.', ('request_details', jdatetime.datetime(1404, 5, 29, 9, 34, 47)): ''}",1 days 00:23:55,1 days 00:23:55,True
1,file_8_2.txt,درخواست انتخاب واحد- حذف و اضافه خارج از زمان,4421000711847996,Mohammad Javad Yaghini,4421000711,40010560220001,کارشناسی پیوسته_معماری داخلی_یزد_4001,"{('request_details', jdatetime.datetime(1404, 5, 22, 11, 1, 35)): '', ('request_details', jdatetime.datetime(1404, 5, 26, 7, 55, 38)): 'باسلام و تحیات درخواست شما مبهم می باشد لطفا مجددا خیلی واضح توضیح و ارسال بفرمایید. با تشکر'}",3 days 20:54:03,3 days 20:54:03,False
2,file_8_3.txt,درخواست حذف مجوز انتخاب واحد ترم تابستان ,6700049849119762,Zahra Mirzaee,6700049849,40110530343022,کارشناسی پیوسته_شیمی کاربردی_یزد_4011,"{('request_details', jdatetime.datetime(1404, 5, 24, 1, 14, 58)): 'با سلام \nدرخواست حذف مجوز انتخاب واحد ترم تابستان را دارم', ('request_details', jdatetime.datetime(1404, 5, 26, 7, 52, 47)): ''}",2 days 06:37:49,2 days 06:37:49,True
3,file_8_4.txt,درخواست تغییر رمز و مشکل در ورود به آموزشیار,4421175056852606,Mohammadamir Nazarkardegan,4421175056,None,کارشناسی پیوسته_معماری داخلی_یزد_4001,"{('request_details', jdatetime.datetime(1404, 2, 10, 11, 20, 52)): '', ('request_details', jdatetime.datetime(1404, 3, 4, 9, 27, 30)): '', ('request_details', jdatetime.datetime(1404, 3, 4, 9, 45, 57)): '', ('request_details', jdatetime.datetime(1404, 3, 4, 10, 12, 1)): '', ('request_details', jdatetime.datetime(1404, 3, 4, 10, 15, 28)): '', ('main_message', jdatetime.datetime(1404, 3, 4, 10, 15, 35)): ""از: 'ali - sup105008@iau.ir '\n\nبه: 'واحد - 336222@iau.ir '\n\nموضوع: 'درخواست تغییر رمز و مشکل در ورود به آموزشیار'"", ('main_message', jdatetime.datetime(1404, 3, 4, 10, 20, 37)): ""از: '336222 - 336222@iau.ir '\n\nبه: 'ali - sup105008@iau.ir کارشناسی - sm-105-60220-4-4001@iau.ir '\n\nموضوع: 'پاسخ: درخواست تغییر رمز و مشکل در ورود به آموزشیار'\n\nانجام شد"", ('request_details', jdatetime.datetime(1404, 3, 6, 8, 34, 15)): '', ('request_details', jdatetime.datetime(1404, 4, 8, 11, 50, 11)): '', ('request_details', jdatetime.datetime(1404, 4, 8, 11, 51, 5)): '', ('request_details', jdatetime.datetime(1404, 4, 8, 11, 51, 27)): '', ('request_details', jdatetime.datetime(1404, 4, 8, 11, 51, 49)): '', ('request_details', jdatetime.datetime(1404, 5, 4, 11, 44, 10)): '', ('request_details', jdatetime.datetime(1404, 5, 4, 12, 2, 1)): '', ('request_details', jdatetime.datetime(1404, 5, 6, 8, 42, 36)): '', ('request_details', jdatetime.datetime(1404, 5, 6, 8, 42, 58)): '', ('request_details', jdatetime.datetime(1404, 5, 6, 8, 44, 8)): '', ('request_details', jdatetime.datetime(1404, 5, 6, 8, 47, 44)): '', ('request_details', jdatetime.datetime(1404, 5, 6, 8, 48)): '', ('request_details', jdatetime.datetime(1404, 5, 6, 8, 48, 16)): '', ('request_details', jdatetime.datetime(1404, 5, 6, 8, 50, 3)): '', ('request_details', jdatetime.datetime(1404, 5, 6, 9, 38, 5)): '', ('request_details', jdatetime.datetime(1404, 5, 7, 9, 41, 5)): '', ('request_details', jdatetime.datetime(1404, 5, 9, 11, 10, 14)): ''}",24 days 22:06:38,91 days 23:49:22,False
4,file_8_5.txt,انتخاب واحد ,4480201718530817,فاطمه خبازی,4480201718,403693568,کارشناسی پیوسته_شیمی کاربردی_یزد_4031,"{('request_details', jdatetime.datetime(1404, 2, 31, 12, 53, 40)): 'سلام برای انتخاب واحد اگر درسی را برداریم که مورد نیاز رشته خودمان نباشد.  ایا در واحد های پاس شده لحاظ نمیشود؟', ('request_details', jdatetime.datetime(1404, 3, 4, 10, 28, 36)): '', ('main_message', jdatetime.datetime(1404, 3, 4, 10, 28, 43)): ""از: 'ali - sup105008@iau.ir '\n\nبه: 'واحد - 336827@iau.ir '\n\nموضوع: 'انتخاب واحد '"", ('request_details', jdatetime.datetime(1404, 3, 25, 11, 51, 17)): 'باسلام سامانه پاسخگویی ایمیل خراب است لطفا مجددا درخواست ارسال شود. باتشکر', ('main_message', jdatetime.datetime(1404, 4, 2, 1, 25, 14)): ""از: '336827 - 336827@iau.ir '\n\nبه: 'ali - sup105008@iau.ir '\n\nموضوع: 'پاسخ: انتخاب واحد '\n\nخیر لحاظ نمیشود و در مرحله فارغ اتحصیلی حذف میشود"", ('request_details', jdatetime.datetime(1404, 4, 4, 9, 20, 30)): '', ('request_details', jdatetime.datetime(1404, 4, 4, 9, 21, 51)): '', ('request_details', jdatetime.datetime(1404, 5, 9, 11, 9, 3)): ''}",3 days 21:34:56,70 days 22:15:23,False
5,file_8_6.txt,درخواست خلاصه وضعیت تحصیلی,4421290051111988,بهار اطمینان,4421290051,403228346,کارشناسی پیوسته_شیمی کاربردی_یزد_4031,"{('request_details', jdatetime.datetime(1404, 2, 31, 12, 46, 9)): '', ('request_details', jdatetime.datetime(1404, 3, 4, 10, 32, 39)): '', ('main_message', jdatetime.datetime(1404, 3, 4, 10, 32, 46)): ""از: 'ali - sup105008@iau.ir '\n\nبه: 'واحد - 336827@iau.ir '\n\nموضوع: 'درخواست خلاصه وضعیت تحصیلی'"", ('request_details', jdatetime.datetime(1404, 3, 25, 11, 51, 34)): 'باسلام سامانه پاسخگویی ایمیل خراب است لطفا مجددا درخواست ارسال شود. باتشکر', ('main_message', jdatetime.datetime(1404, 4, 2, 1, 26, 12)): ""از: '336827 - 336827@iau.ir '\n\nبه: 'ali - sup105008@iau.ir '\n\nموضوع: 'پاسخ: درخواست خلاصه وضعیت تحصیلی'\n\nلطفا در خواست نامبرده را برای آقای حمید نژاد ارسال فرمایید"", ('request_details', jdatetime.datetime(1404, 5, 9, 11, 8, 39)): ''}",3 days 21:46:30,70 days 22:22:30,False
6,file_8_7.txt,درخواست گواهی اشتغال  به تحصیل,4420623829754927,مصطفی عسکری علویه,4420623829,40110560337022,کارشناسی پیوسته_کارگردانی_یزد_4011,"{('request_details', jdatetime.datetime(1404, 5, 7, 3, 41, 16)): '', ('request_details', jdatetime.datetime(1404, 5, 8, 8, 26, 43)): ''}",1 days 04:45:27,1 days 04:45:27,True
7,file_8_8.txt,درخواست امتحان مجدد در شهریور ,606016142179702,Zahra Tavakoli,6060161421,40210530343020,کارشناسی پیوسته_شیمی کاربردی_یزد_4021,"{('request_details', jdatetime.datetime(1404, 5, 4, 6, 38, 9)): 'باسلام و احترام؛\nنام و نام خانوادگی : زهرا علی توکلی کهنوج \nعنوان درس: اندیشه اسلامی ۲\nکد درس : 98841\nتاریخ قبلی امتحان: ۱۴۰۴/۰۳/۳۱\nنام استاد: اعظم اعتمادی فر\n بدلیل شرایط جنگ بنده موفق به شرکت در آزمون ۳۱ خرداد درس اندیشه اسلامی دو استاد اعظم اعتمادی فر نشدم ممنون میشم امکان برگزاری دوباره امتحان مجدد برای من در شهریور ماه فراهم شود.', ('request_details', jdatetime.datetime(1404, 5, 8, 8, 16, 29)): ''}",4 days 01:38:20,4 days 01:38:20,True
8,file_8_9.txt,درخواست گواهی اشتغال  به تحصیل,4421340162464546,Iman Nazarian,4421340162,None,کارشناسی پیوسته_مهندسی معماری_یزد_4021,"{('request_details', jdatetime.datetime(1404, 2, 12, 10, 36, 39)): 'با سلام و احترام\nخواهشمندم درخواست گواهی اشتغال به تحصیل را برای تمدید بیمه تامین اجتماعی یزد اماده نمایید.\nمتشکرم.', ('request_details', jdatetime.datetime(1404, 3, 4, 9, 43)): '', ('request_details', jdatetime.datetime(1404, 3, 4, 9, 52, 4)): '', ('main_message', jdatetime.datetime(1404, 3, 4, 9, 52, 11)): ""از: 'ali - sup105008@iau.ir '\n\nبه: 'واحد - 336308@iau.ir '\n\nموضوع: 'درخواست گواهی اشتغال به تحصیل'"", ('main_message', jdatetime.datetime(1404, 3, 6, 4, 50, 56)): ""از: 'sup105008 - sup105008@iau.ir '\n\nبه: 'واحد - 336283@iau.ir '\n\nموضوع: 'ارسال: پاسخ: درخواست گواهی اشتغال به تحصیل'"", ('main_message', jdatetime.datetime(1404, 3, 6, 10, 36, 56)): ""از: '336308 - 336308@iau.ir '\n\nبه: 'ali - sup105008@iau.ir '\n\nموضوع: 'پاسخ: درخواست گواهی اشتغال به تحصیل'\n\nسلام احتراما گواهی های اشتغال به تحصیل مربوط به پذیرش و ثبت نام می باشد باتشکر"", ('request_details', jdatetime.datetime(1404, 3, 25, 11, 51)): 'باسلام سامانه پاسخگویی ایمیل خراب است لطفا مجددا درخواست ارسال شود. باتشکر', ('main_message', jdatetime.datetime(1404, 3, 28, 7, 13, 57)): ""از: '336283 - 336283@iau.ir '\n\nبه: 'sup105008 - sup105008@iau.ir '\n\nموضوع: 'پاسخ: ارسال: پاسخ: درخواست گواهی اشتغال به تحصیل'\n\nصدورگواهی اشتغال به تحصیل منوط به تسویه حساب شهریه می باشد،ضمنا تحویل اصل گواهی به سازمان مربوطه الزامی است"", ('request_details', jdatetime.datetime(1404, 3, 31, 9, 30, 46)): '', ('request_details', jdatetime.datetime(1404, 3, 31, 9, 31, 3)): '', ('request_details', jdatetime.datetime(1404, 5, 7, 9, 41, 50)): ''}",22 days 23:06:21,87 days 23:05:11,False
9,file_8_10.txt,تخفیف شهریه دستیاری,489814469135900,اسماعیل احمدی,4898144691,39910521501006,دکتری تخصصی_جغرافیا و برنامه ریزی شهری_یزد_3991,"{('request_details', jdatetime.datetime(1404, 3, 4, 11, 14, 43)): 'تخفیف شهریه', ('request_details', jdatetime.datetime(1404, 3, 6, 4, 52, 3)): '', ('request_details', jdatetime.datetime(1404, 3, 6, 8, 56, 14)): '', ('main_message', jdatetime.datetime(1404, 3, 6, 8, 56, 21)): ""از: 'ali - sup105008@iau.ir '\n\nبه: 'واحد - 336308@iau.ir '\n\nموضوع: 'تخفیف شهریه دستیاری'"", ('main_message', jdatetime.datetime(1404, 3, 6, 11, 2, 37)): ""از: '336308 - 336308@iau.ir '\n\nبه: 'ali - sup105008@iau.ir '\n\nموضوع: 'پاسخ: تخفیف شهریه دستیاری'\n\nسلام وقت بخیر. تخفیفات شهریه در حوزه دانشجویی فقط چند دانشجویی داریم و بس! در صورت نیاز شماره تماس 035313872405"", ('request_details', jdatetime.datetime(1404, 5, 4, 11, 44, 35)): '', ('request_details', jdatetime.datetime(1404, 5, 4, 12, 0, 45)): '', ('request_details', jdatetime.datetime(1404, 5, 4, 12, 2, 20)): '', ('request_details', jdatetime.datetime(1404, 5, 4, 12, 2, 39)): '', ('request_details', jdatetime.datetime(1404, 5, 6, 8, 43, 39)): ''}",1 days 17:37:20,63 days 21:28:56,False
10,file_8_11.txt,درخواست صدور کارت دانشجویی,4480143866119105,سیدشهاب فاطمی محمدی,4480143866,403708733,کارشناسی پیوسته_شیمی کاربردی_یزد_4031,"{('request_details', jdatetime.datetime(1404, 2, 31, 12, 52, 32)): 'با سلام درخواست کارت دانشجویی را دارم.', ('request_details', jdatetime.datetime(1404, 3, 4, 9, 41, 1)): '', ('main_message', jdatetime.datetime(1404, 3, 4, 9, 41, 8)): ""از: 'ali - sup105008@iau.ir '\n\nبه: 'واحد - 336308@iau.ir '\n\nموضوع: 'درخواست صدور کارت دانشجویی'"", ('request_details', jdatetime.datetime(1404, 3, 6, 4, 48, 16)): '', ('main_message', jdatetime.datetime(1404, 3, 6, 10, 32, 51)): ""از: '336308 - 336308@iau.ir '\n\nبه: 'ali - sup105008@iau.ir '\n\nموضوع: 'پاسخ: درخواست صدور کارت دانشجویی'\n\nسلام کارت دانشجویی صادر گردید از روز دوشنبه 1404/03/12 ب بعد در زمانهای اداری به ساختمان طاهری همکف اتاق 5 ( امور دانشجویی- آقای معلایی ) مراجعه نمایند. باتشکر 03531872405"", ('request_details', jdatetime.datetime(1404, 5, 4, 1, 10, 30)): '', ('request_details', jdatetime.datetime(1404, 5, 4, 12, 3, 19)): '', ('request_details', jdatetime.datetime(1404, 5, 4, 12, 3, 35)): '', ('request_details', jdatetime.datetime(1404, 5, 4, 12, 3, 51)): ''}",3 days 20:48:29,65 days 23:11:19,False
11,file_8_12.txt,درخواست تاییدیه ممتازی,2529420051240295,مهدی آموت,2529420051,403341461,کارشناسی پیوسته_شیمی کاربردی_یزد_4031,"{('request_details', jdatetime.datetime(1404, 2, 31, 12, 46, 41)): '--------------------------------------------------------------------------با سلام آیا ممتاز بودن از شهریه کم میکند', ('request_details', jdatetime.datetime(1404, 3, 4, 9, 50)): '', ('main_message', jdatetime.datetime(1404, 3, 4, 9, 50, 7)): ""از: 'ali - sup105008@iau.ir '\n\nبه: 'واحد - 336308@iau.ir '\n\nموضوع: 'درخواست تاییدیه ممتازی'"", ('request_details', jdatetime.datetime(1404, 3, 6, 4, 48, 36)): '', ('main_message', jdatetime.datetime(1404, 3, 6, 10, 34, 38)): ""از: '336308 - 336308@iau.ir '\n\nبه: 'ali - sup105008@iau.ir '\n\nموضوع: 'پاسخ: درخواست تاییدیه ممتازی'\n\nباسلام احتراما بخشنامه ای در خصوص ممتازی جهت تخفیف شهریه وجود ندارد. باتشکر"", ('request_details', jdatetime.datetime(1404, 5, 4, 1, 10, 6)): '', ('request_details', jdatetime.datetime(1404, 5, 4, 12, 56, 23)): ''}",3 days 21:03:19,66 days 00:09:42,False
12,file_8_13.txt,امتحان مجدد زبان ترکیبی 2,4421314218837543,reza dehghani,4421314218,40210560140021,کارشناسی پیوسته_ارتباط تصویری_یزد_4021,"{('request_details', jdatetime.datetime(1404, 5, 3, 1, 11, 14)): '', ('request_details', jdatetime.datetime(1404, 5, 4, 11, 19, 45)): '', ('request_details', jdatetime.datetime(1404, 5, 4, 11, 27, 26)): ''}",1 days 10:08:31,1 days 10:16:12,True
13,file_8_14.txt,شرکت در آزمون زبان ترکیبی,4421314218572633,reza dehghani,4421314218,40210560140021,کارشناسی پیوسته_ارتباط تصویری_یزد_4021,"{('request_details', jdatetime.datetime(1404, 5, 3, 12, 57, 34)): '', ('request_details', jdatetime.datetime(1404, 5, 4, 11, 19, 25)): '', ('request_details', jdatetime.datetime(1404, 5, 4, 11, 24, 7)): ''}",0 days 22:21:51,0 days 22:26:33,True
14,file_8_15.txt,درخواست مجدد امتحان سنتز مواد آلی ,442127374096435,zahra jafari,4421273740,40110530343020,کارشناسی پیوسته_شیمی کاربردی_یزد_4011,"{('request_details', jdatetime.datetime(1404, 5, 3, 11, 35, 6)): 'سلام به خاطر شرایط جنگ امکان شرکت در این امتحان را نداشتم والان درخواست مجدد این امتحان را دارم', ('request_details', jdatetime.datetime(1404, 5, 4, 11, 18, 54)): '', ('request_details', jdatetime.datetime(1404, 5, 4, 11, 21, 40)): ''}",0 days 23:43:48,0 days 23:46:34,True
15,file_8_16.txt,درخواست مجدد امتحان زبان پیش دانشگاهی ,4421273740459148,zahra jafari,4421273740,40110530343020,کارشناسی پیوسته_شیمی کاربردی_یزد_4011,"{('request_details', jdatetime.datetime(1404, 5, 3, 11, 32, 27)): 'سلام به خاطر شرایطی که موقع برگزاری این امتحان بود وقطع شدن اینترنت ها درخواست مجدد امتحان زبان پیش دانشگاهی را دارم', ('request_details', jdatetime.datetime(1404, 5, 4, 11, 18, 31)): '', ('request_details', jdatetime.datetime(1404, 5, 4, 11, 21, 22)): ''}",0 days 23:46:04,0 days 23:48:55,True
16,file_8_17.txt,درخواست مجدد امتحان سنتز مواد الی ,4421273740753137,zahra jafari,4421273740,40110530343020,کارشناسی پیوسته_شیمی کاربردی_یزد_4011,"{('request_details', jdatetime.datetime(1404, 5, 3, 11, 26, 54)): 'سلام بخاطر شرایطی جنگ که موقع برگزاری این امتحان بود نتوانستم در این آزمون شرکت کنم درخواستت مجدد این امتحان را دارم', ('request_details', jdatetime.datetime(1404, 5, 4, 11, 17, 59)): '', ('request_details', jdatetime.datetime(1404, 5, 4, 11, 21, 6)): ''}",0 days 23:51:05,0 days 23:54:12,True
17,file_8_18.txt,در خواست مجدد امتحان زبان پیش دانشگاهی را دارم ,4421273740133266,zahra jafari,4421273740,40110530343020,کارشناسی پیوسته_شیمی کاربردی_یزد_4011,"{('request_details', jdatetime.datetime(1404, 5, 3, 11, 24, 30)): 'سلام به خاطر شرایط که موقع برگزاری امتحان زبان پیش دانشگاهی به صورت آنلاین بود \u200cقطع شدن اینترنت درخواست مجدد این امتحان را دارم', ('request_details', jdatetime.datetime(1404, 5, 4, 11, 2, 2)): '', ('request_details', jdatetime.datetime(1404, 5, 4, 11, 20, 49)): ''}",0 days 23:37:32,0 days 23:56:19,True
18,file_8_19.txt,درخواست امتحان مجدد زبان انگلیسی ترکیبی ۲,0927604299643383,MAHDI NIKFAR,927604299,402738330,کارشناسی پیوسته_مهندسی معماری_یزد_4021,"{('request_details', jdatetime.datetime(1404, 5, 3, 3, 40, 34)): '', ('request_details', jdatetime.datetime(1404, 5, 4, 11, 20, 28)): ''}",1 days 07:39:54,1 days 07:39:54,True
19,file_8_20.txt,امتحان مجدد برای زبان انگلیسی ترکیبی ۲,0927604299645969,MAHDI NIKFAR,927604299,402738330,کارشناسی پیوسته_مهندسی معماری_یزد_4021,"{('request_details', jdatetime.datetime(1404, 5, 3, 3, 38, 48)): '', ('request_details', jdatetime.datetime(1404, 5, 4, 11, 20, 10)): ''}",1 days 07:41:22,1 days 07:41:22,True
20,file_8_21.txt,درخواست تغییر رمز و مشکل در ورود به آموزشیار,4421400505985038,محمدشهاب شرقی,4421400505,403309704,کارشناسی پیوسته_مهندسی معماری_یزد_4031,"{('request_details', jdatetime.datetime(1404, 4, 26, 8, 56, 18)): '', ('request_details', jdatetime.datetime(1404, 4, 26, 9, 52, 2)): ''}",0 days 00:55:44,0 days 00:55:44,True
21,file_8_22.txt,درخواست امتحان مجدد,4420702559416849,Hamed Rezaie,4420702559,40110560337007,کارشناسی پیوسته_کارگردانی_یزد_4011,"{('request_details', jdatetime.datetime(1404, 4, 24, 10, 20, 28)): '------------------------------------------------------------------------------ اینجانب، به دلیل عدم توانایی دسترسی به سایت برای امتحان آنلاین،  درخواست امتحان مجدد زبان پیش دانشگاهی ارائه شده با آقای عباس خویش\u200cداری را دارم.\nلازم به ذکر است به دلیل مشکلات پیش آمده، این پیشنهاد از طرف استاد برای دانشجویانی که موفق به حضور در امتحان آنلاین نشده اند، به صورت امتحان کتبی در زمان امتحانات تابستان، برگذار میگردد.\nفرم درخواست و کد پیگیری ثبت شده در سایت، به صورت پیوست ارسال شد.', ('request_details', jdatetime.datetime(1404, 4, 24, 11, 49, 25)): ''}",0 days 01:28:57,0 days 01:28:57,True
22,file_8_23.txt,درخواست صدور کارت دانشجویی,4421474339504067,behdad sadeghi,4421474339,403227336,کارشناسی پیوسته_مهندسی معماری_یزد_4031,"{('request_details', jdatetime.datetime(1404, 4, 23, 12, 37, 58)): '', ('request_details', jdatetime.datetime(1404, 4, 24, 10, 27, 2)): ''}",0 days 21:49:04,0 days 21:49:04,True
23,file_8_24.txt,درخواست امتحان مجدد ,4480143866422973,سیدشهاب فاطمی محمدی,4480143866,403708733,کارشناسی پیوسته_شیمی کاربردی_یزد_4031,"{('request_details', jdatetime.datetime(1404, 4, 9, 2, 32, 45)): 'درخواست مجدد امتحان ------------------------------------------------------------------------------اطلاعات مورد نیاز در لینک مربوطه ثبت گردید.', ('request_details', jdatetime.datetime(1404, 4, 10, 7, 28, 8)): ''}",1 days 04:55:23,1 days 04:55:23,True
24,file_8_25.txt,درخواست انتخاب واحد- حذف و اضافه خارج از زمان,4421147168333718,Taha Turk safaee,4421147168,40110560303047,کارشناسی پیوسته_عکاسی_یزد_4011,"{('request_details', jdatetime.datetime(1404, 4, 7, 8, 13, 12)): 'درخواست انتخاب واحد ترم تابستان را دارم', ('request_details', jdatetime.datetime(1404, 4, 8, 10, 25, 12)): '', ('request_details', jdatetime.datetime(1404, 4, 8, 12, 55, 57)): 'سلام انتخاب واحد تابستان امروز یکشنبه 9تیرماه از طریق سامانه آموزشیار برگزار می گردد. با تشکر'}",1 days 02:12:00,1 days 04:42:45,False
25,file_8_26.txt,درخواست برگزاری امتحان مجدد,3020681601251478,Mohammad sadegh Raeesi gozsaleh,3020681601,40210530343021,کارشناسی پیوسته_شیمی کاربردی_یزد_4021,"{('request_details', jdatetime.datetime(1404, 4, 7, 1, 10, 1)): '------------------------------------------------------------------------------ضمنا اطلاعات مربوط با امتحانات را در لینک مربوطه ثبت کرده ام.', ('request_details', jdatetime.datetime(1404, 4, 8, 10, 26, 4)): '', ('request_details', jdatetime.datetime(1404, 4, 8, 11, 53, 4)): ''}",1 days 09:16:03,1 days 10:43:03,True
26,file_8_27.txt,درخواست کارآموزی، کارورزی، طرح پویش,3381311824920824,Kimia Dehghani,3381311824,40210530343016,کارشناسی پیوسته_شیمی کاربردی_یزد_4021,"{('request_details', jdatetime.datetime(1404, 2, 31, 9, 17, 46)): '', ('request_details', jdatetime.datetime(1404, 3, 4, 10, 33, 29)): '', ('request_details', jdatetime.datetime(1404, 3, 25, 11, 51, 50)): 'باسلام سامانه پاسخگویی ایمیل خراب است لطفا مجددا درخواست ارسال شود. باتشکر', ('request_details', jdatetime.datetime(1404, 3, 31, 9, 34, 10)): '', ('request_details', jdatetime.datetime(1404, 3, 31, 9, 42, 19)): '', ('request_details', jdatetime.datetime(1404, 4, 4, 9, 21, 35)): ''}",4 days 01:15:43,35 days 00:03:49,False
27,file_8_28.txt,درخواست کارآموزی، کارورزی، طرح پویش,3381311824377402,Kimia Dehghani,3381311824,None,کارشناسی پیوسته_شیمی کاربردی_یزد_4021,"{('request_details', jdatetime.datetime(1404, 2, 24, 11, 12, 7)): '', ('request_details', jdatetime.datetime(1404, 3, 4, 10, 33, 50)): '', ('request_details', jdatetime.datetime(1404, 3, 25, 11, 54, 2)): 'باسلام سامانه پاسخگویی ایمیل خراب است لطفا مجددا درخواست ارسال شود. باتشکر', ('request_details', jdatetime.datetime(1404, 3, 31, 9, 33, 24)): '', ('request_details', jdatetime.datetime(1404, 3, 31, 9, 33, 52)): '', ('request_details', jdatetime.datetime(1404, 4, 4, 9, 20, 55)): '', ('request_details', jdatetime.datetime(1404, 4, 4, 9, 21, 20)): ''}",10 days 23:21:43,41 days 22:09:13,False
28,file_8_29.txt,درخواست انتخاب واحد- حذف و اضافه خارج از زمان,442131421819688,reza dehghani,4421314218,40210560140021,کارشناسی پیوسته_ارتباط تصویری_یزد_4021,"{('request_details', jdatetime.datetime(1404, 4, 2, 12, 43, 44)): '', ('request_details', jdatetime.datetime(1404, 4, 3, 10, 18, 20)): ''}",0 days 21:34:36,0 days 21:34:36,True
29,file_8_30.txt,درخواست انتخاب واحد- حذف و اضافه خارج از زمان,4421104817290504,Mahdi Zareian,4421104817,40210560140024,کارشناسی پیوسته_ارتباط تصویری_یزد_4021,"{('request_details', jdatetime.datetime(1404, 4, 2, 10, 5, 40)): '', ('request_details', jdatetime.datetime(1404, 4, 3, 10, 18)): ''}",1 days 00:12:20,1 days 00:12:20,True
30,file_8_31.txt,درخواست برگزاری امتحان مجدد,3020681601591586,Mohammad sadegh Raeesi gozsaleh,3020681601,40210530343021,کارشناسی پیوسته_شیمی کاربردی_یزد_4021,"{('request_details', jdatetime.datetime(1404, 4, 1, 10, 53, 30)): '------------------------------------------------------------------------------ اطلاعات لازم را در لینک مربوطه ثبت کرده ام.', ('request_details', jdatetime.datetime(1404, 4, 1, 12, 41, 56)): ''}",0 days 01:48:26,0 days 01:48:26,True
31,file_8_32.txt,درخواست امتحان مجدد در شهریور ماه,4470101788235876,Sadaf Barzegari,4470101788,40110530343021,کارشناسی پیوسته_شیمی کاربردی_یزد_4011,"{('request_details', jdatetime.datetime(1404, 3, 31, 11, 25, 32)): '', ('request_details', jdatetime.datetime(1404, 4, 1, 7, 53)): ''}",0 days 20:27:28,0 days 20:27:28,True
32,file_8_33.txt,درخواست امتحان مجدد,4480187960980444,فاطمه سعیدی نیا,4480187960,403674815,کارشناسی پیوسته_شیمی کاربردی_یزد_4031,"{('request_details', jdatetime.datetime(1404, 3, 31, 10, 42, 27)): 'درخواست امتحان مجدد شیمی عمومی ۲ و ریاضی عمومی ۲', ('request_details', jdatetime.datetime(1404, 4, 1, 7, 52, 39)): ''}",0 days 21:10:12,0 days 21:10:12,True
33,file_8_34.txt,درخواست شرکت در امتحانات تابستان ۱۴۰۴,6060161421973988,Zahra Tavakoli,6060161421,40210530343020,کارشناسی پیوسته_شیمی کاربردی_یزد_4021,"{('request_details', jdatetime.datetime(1404, 3, 31, 10, 33, 49)): 'با سلام \nباتوجه به شرایط ویژه کشور و عدم حضور در امتحانات پایان ترم خرداد ماه ، درخواست شرکت در امتحانات تابستان ۱۴۰۴ را دارم.\nدرضمن کاربرگ درخواست شرکت در امتحانات تابستان ۱۴۰۴ توسط بنده تکمیل شده و جزئیات تمام امتحانات در کاربرگ موجود است.\nممنون از شما', ('request_details', jdatetime.datetime(1404, 4, 1, 7, 52, 21)): ''}",0 days 21:18:32,0 days 21:18:32,True
34,file_8_35.txt,درخواست امتحان مجدد سنتز مواد الی در شهریورماه,4440156721599637,zahra barkhordari,4440156721,40110530343003,کارشناسی پیوسته_شیمی کاربردی_یزد_4011,"{('request_details', jdatetime.datetime(1404, 3, 31, 9, 31, 9)): '', ('request_details', jdatetime.datetime(1404, 4, 1, 7, 52, 1)): ''}",0 days 22:20:52,0 days 22:20:52,True
35,file_8_36.txt,درخواست امتحان مجدد  سنتز مواد الی در شهریور ,4440156721460226,zahra barkhordari,4440156721,40110530343003,کارشناسی پیوسته_شیمی کاربردی_یزد_4011,"{('request_details', jdatetime.datetime(1404, 3, 31, 9, 25, 14)): 'باسلام خدمت اساتید دانشگاه ازاد یزد \nاینجانب زهرا برخورداری دانشجو رشته شیمی کاربردی\nبنده به علت شرایط نابسامان کشور و عدم حضور در استان یزد و خوابگاه نتوانسته ام در امتحان روز ۱۴۰۴/۳/۲۷سنتز مواد الی شرکت کنم.\nاز شما خواستارم که از بنده در شهریور ماه امتحان مجدد گرفته شود \nبا تشکر.', ('request_details', jdatetime.datetime(1404, 4, 1, 7, 51, 35)): ''}",0 days 22:26:21,0 days 22:26:21,True
36,file_8_37.txt,امتحان مجدد پایان ترم سنتز مواد الی در تابستان,3140215274858034,Elnaz Amirpor,3140215274,40110530343008,کارشناسی پیوسته_شیمی کاربردی_یزد_4011,"{('request_details', jdatetime.datetime(1404, 3, 31, 7, 16, 51)): 'با سلام و احترام \nخواهشمندم درخواست بنده را در باب برگزاری امتحان مجدد پایان ترم سنتز مواد آلی در تابستان بررسی کنید \nبا تشکر', ('request_details', jdatetime.datetime(1404, 4, 1, 7, 51, 11)): ''}",1 days 00:34:20,1 days 00:34:20,True
37,file_8_38.txt,درخواست امتحان مجدد در تابستان 1404,4480143866198925,سیدشهاب فاطمی محمدی,4480143866,403708733,کارشناسی پیوسته_شیمی کاربردی_یزد_4031,"{('request_details', jdatetime.datetime(1404, 3, 28, 3, 0, 2)): '------------------------------------------------------------------------------اطلاعات خواسته شده در لینک مربوطه ثبت گردید', ('request_details', jdatetime.datetime(1404, 3, 29, 10, 11, 12)): '', ('request_details', jdatetime.datetime(1404, 3, 31, 10, 12, 45)): ''}",1 days 07:11:10,3 days 07:12:43,True
38,file_8_39.txt,درخواست برای برگذاری امتحان مجدد,4480204474875976,ریحانه کارگرشورکی,4480204474,403424015,کارشناسی پیوسته_شیمی کاربردی_یزد_4031,"{('request_details', jdatetime.datetime(1404, 3, 27, 3, 32, 8)): 'سلام و عرض ادب\nبنده به دلیل شرایط کنونی ایران نمیتوانم در امتحانات تاریخ ۲۷ خرداد (ریاضی ۲ استا موسوی) و ۳۰ خرداد (تفسیر قران استاد چاکری )و ۲ تیر(ربان ترکیبی ۱ استاد شرعیاتی) شرکت کنم و خواستار برگذاری مجدد هستم', ('request_details', jdatetime.datetime(1404, 3, 29, 10, 8, 46)): '', ('request_details', jdatetime.datetime(1404, 3, 31, 10, 12, 8)): ''}",2 days 06:36:38,4 days 06:40:00,True
39,file_8_40.txt,درخواست گرفتن امتحان مجدد دروس باقی‌مانده ترم جاری به دلیل غیر بومی بودن و فوت مادربزرگم متاسفانه قادر به ادامه امتحانات نمیباشم لذا خواهش مند است در موعدی دیگر امتحانات را از اینجانب اخذ نمایید.,3060481148434705,ahmadreza vosough,3060481148,40110521592015,کارشناسی پیوسته_گردشگری_یزد_4011,"{('request_details', jdatetime.datetime(1404, 3, 28, 8, 18, 38)): '', ('request_details', jdatetime.datetime(1404, 3, 29, 10, 7, 19)): '', ('request_details', jdatetime.datetime(1404, 3, 31, 9, 20, 36)): '', ('request_details', jdatetime.datetime(1404, 3, 31, 10, 7, 51)): '', ('request_details', jdatetime.datetime(1404, 3, 31, 10, 8, 53)): '', ('request_details', jdatetime.datetime(1404, 3, 31, 10, 11, 44)): ''}",1 days 01:48:41,3 days 01:53:06,True
40,file_8_41.txt,درخواست برگزاری امتحان مجدد در تابستان ۴۰۴,3060481148859202,ahmadreza vosough,3060481148,40110521592015,کارشناسی پیوسته_گردشگری_یزد_4011,"{('request_details', jdatetime.datetime(1404, 3, 28, 11, 19, 34)): '------------------------------------------------------------------------------ضمنا اطلاعات مربوطه را در لینک اعلامی ثبت کرده ام شماره های پیگیری:\n۱۷۷۳۵۶۱۷۰۹۱۵۶۶۸۶\n۱۷۷۳۶۰۸۱۹۷۱۱۸۳۸\n۱۷۷۳۶۷۱۶۳۲۰۸۳۹۳۸\n۱۷۷۳۶۸۱۴۶۹۷۷۳۴۷۶\nاست.', ('request_details', jdatetime.datetime(1404, 3, 29, 10, 8, 17)): '', ('request_details', jdatetime.datetime(1404, 3, 31, 10, 11, 5)): ''}",0 days 22:48:43,2 days 22:51:31,True
41,file_8_42.txt,امتحان مجدد,4480204474166098,ریحانه کارگرشورکی,4480204474,403424015,کارشناسی پیوسته_شیمی کاربردی_یزد_4031,"{('request_details', jdatetime.datetime(1404, 3, 28, 3, 27, 41)): '', ('request_details', jdatetime.datetime(1404, 3, 29, 10, 11, 47)): '', ('request_details', jdatetime.datetime(1404, 3, 31, 9, 22, 8)): '', ('request_details', jdatetime.datetime(1404, 3, 31, 10, 6, 58)): '', ('request_details', jdatetime.datetime(1404, 3, 31, 10, 10)): ''}",1 days 06:44:06,3 days 06:42:19,True
42,file_8_43.txt,درخواست لغو امتحانات و برگزاری در تابستان ۱۴۰۴,3060481148180851,ahmadreza vosough,3060481148,40110521592015,کارشناسی پیوسته_گردشگری_یزد_4011,"{('request_details', jdatetime.datetime(1404, 3, 28, 11, 32, 5)): '', ('request_details', jdatetime.datetime(1404, 3, 29, 10, 10, 18)): '', ('request_details', jdatetime.datetime(1404, 3, 31, 9, 18, 18)): '', ('request_details', jdatetime.datetime(1404, 3, 31, 9, 22, 55)): '', ('request_details', jdatetime.datetime(1404, 3, 31, 10, 8, 18)): ''}",0 days 22:38:13,2 days 22:36:13,True
43,file_8_44.txt,ثبت درخواست امتحان پایان ترم درس سنتز مواد آلی در تابستان ,6700049849172653,Zahra Mirzaee,6700049849,40110530343022,کارشناسی پیوسته_شیمی کاربردی_یزد_4011,"{('request_details', jdatetime.datetime(1404, 3, 28, 3, 26, 27)): 'با سلام و احترام \nخواهشمندم درخواست من را برای شرکت در امتحان پایان ترم درس سنتز مواد آلی در تابستان ثبت کنید \nبا تشکر', ('request_details', jdatetime.datetime(1404, 3, 29, 10, 9, 46)): '', ('request_details', jdatetime.datetime(1404, 3, 31, 9, 19, 54)): '', ('request_details', jdatetime.datetime(1404, 3, 31, 10, 7, 24)): ''}",1 days 06:43:19,3 days 06:40:57,True
44,file_8_45.txt,درخواست برگزاری امتحان مجدد در تابستان ۱۴۰۴,3020681601813748,Mohammad sadegh Raeesi gozsaleh,3020681601,40210530343021,کارشناسی پیوسته_شیمی کاربردی_یزد_4021,"{('request_details', jdatetime.datetime(1404, 3, 28, 2, 30, 48)): '------------------------------------------------------------------------------ضمنا اطلاعات مربوط با امتحانات را در لینک مربوطه ثبت کرده ام.', ('request_details', jdatetime.datetime(1404, 3, 29, 10, 6, 9)): '', ('request_details', jdatetime.datetime(1404, 3, 31, 9, 21, 42)): '', ('request_details', jdatetime.datetime(1404, 3, 31, 10, 6, 24)): ''}",1 days 07:35:21,3 days 07:35:36,True
45,file_8_46.txt,درخواست تعویق امتحانات ترم برای دانشجویان غیر بومی,3243183359665275,محمدفاضل نادری فر,3243183359,403862569,کارشناسی پیوسته_مهندسی معماری_یزد_4032,"{('request_details', jdatetime.datetime(1404, 3, 27, 9, 36, 51)): '------------------------------------------------------------------------------ درخواست برای امتحانات در تاریخ ۲۹ ام و ۳۰ ام درس تفسیر موضوعی و ادبیات فارسی', ('request_details', jdatetime.datetime(1404, 3, 29, 10, 7, 44)): '', ('request_details', jdatetime.datetime(1404, 3, 31, 9, 21, 13)): ''}",2 days 00:30:53,3 days 23:44:22,True
46,file_8_47.txt,درخواست تعویق امتحانات ترم برای دانشجویان غیر بومی,3243183359665275,محمدفاضل نادری فر,3243183359,403862569,کارشناسی پیوسته_مهندسی معماری_یزد_4032,"{('request_details', jdatetime.datetime(1404, 3, 27, 9, 36, 51)): '------------------------------------------------------------------------------ درخواست برای امتحانات در تاریخ ۲۹ ام و ۳۰ ام درس تفسیر موضوعی و ادبیات فارسی', ('request_details', jdatetime.datetime(1404, 3, 29, 10, 9, 16)): '', ('request_details', jdatetime.datetime(1404, 3, 31, 9, 17, 46)): ''}",2 days 00:32:25,3 days 23:40:55,True
47,file_8_48.txt,درخواست مدرک آزمون جامع دکتری تخصصی ,3510058161650308,Khadije Ranjbar,3510058161,40210521501001,دکتری تخصصی_جغرافیا و برنامه ریزی شهری_یزد_4021,"{('request_details', jdatetime.datetime(1404, 3, 10, 4, 41, 47)): '', ('request_details', jdatetime.datetime(1404, 3, 10, 11, 25, 48)): 'سلام وقت \n\nبا توجه به بعد مسافت، کپی یا اسکن مدرک آزمون جامع دکتری را کی و به چه طریقی می توانم بگیرم.\n\nبا تشکر از شما', ('request_details', jdatetime.datetime(1404, 3, 25, 11, 54, 52)): 'باسلام سامانه پاسخگویی ایمیل خراب است لطفا مجددا درخواست ارسال شود. باتشکر'}",0 days 06:44:01,15 days 07:13:05,False
48,file_8_49.txt,درخواست گواهی اشتغال  به تحصیل,121017092247170,یاسر فیاضی,1210170922,403108209,کارشناسی ارشد ناپیوسته_مدیریت پروژه و ساخت_یزد_4031,"{('request_details', jdatetime.datetime(1404, 3, 21, 11, 6, 40)): '', ('request_details', jdatetime.datetime(1404, 3, 21, 11, 42, 42)): '', ('request_details', jdatetime.datetime(1404, 3, 25, 11, 53, 13)): 'باسلام سامانه پاسخگویی ایمیل خراب است لطفا مجددا درخواست ارسال شود. باتشکر'}",0 days 00:36:02,4 days 00:46:33,False
49,file_8_50.txt,تخفیف شهریه فرزند هیات علمی,3243183359556769,محمدفاضل نادری فر,3243183359,403862569,کارشناسی پیوسته_مهندسی معماری_یزد_4032,"{('request_details', jdatetime.datetime(1404, 3, 21, 1, 15, 13)): '', ('request_details', jdatetime.datetime(1404, 3, 21, 12, 41, 39)): '', ('request_details', jdatetime.datetime(1404, 3, 25, 11, 52, 53)): 'باسلام سامانه پاسخگویی ایمیل خراب است لطفا مجددا درخواست ارسال شود. باتشکر'}",0 days 11:26:26,4 days 10:37:40,False
50,file_8_51.txt,درخواست اینترنت دانشجویی,351005816168515,Khadije Ranjbar,3510058161,None,دکتری تخصصی_جغرافیا و برنامه ریزی شهری_یزد_4021,"{('request_details', jdatetime.datetime(1404, 2, 28, 10, 42, 20)): '', ('request_details', jdatetime.datetime(1404, 3, 4, 10, 32, 16)): '', ('request_details', jdatetime.datetime(1404, 3, 25, 11, 52, 22)): 'باسلام سامانه پاسخگویی ایمیل خراب است لطفا مجددا درخواست ارسال شود. باتشکر'}",6 days 23:49:56,28 days 01:10:02,False
51,file_8_52.txt,درخواست اخذ کپی مدرک تحصیلی قبلی,3510058161519276,Khadije Ranjbar,3510058161,40210521501001,دکتری تخصصی_جغرافیا و برنامه ریزی شهری_یزد_4021,"{('request_details', jdatetime.datetime(1404, 3, 1, 10, 46, 45)): '', ('request_details', jdatetime.datetime(1404, 3, 4, 10, 23, 11)): '', ('request_details', jdatetime.datetime(1404, 3, 25, 11, 52, 6)): 'باسلام سامانه پاسخگویی ایمیل خراب است لطفا مجددا درخواست ارسال شود. باتشکر'}",2 days 23:36:26,24 days 01:05:21,False
52,file_8_53.txt,بورسیه تحصیلی,4421209317543021,Fatemeh Mollanoori,4421209317,40210530343013,کارشناسی پیوسته_شیمی کاربردی_یزد_4021,"{('request_details', jdatetime.datetime(1404, 2, 31, 1, 38, 32)): '------------------------------------------------------------------------------ بسمه التعالی\nبا سلام و احترام\nبه استحضار می رسانم در خواست راهنمایی چگونگی دریافت بورسیه برای تحصیل در دانشگاه های برتر در داخل و خارج از کشور را دارم', ('request_details', jdatetime.datetime(1404, 3, 4, 10, 24, 46)): '', ('request_details', jdatetime.datetime(1404, 3, 25, 11, 50, 40)): 'باسلام سامانه پاسخگویی ایمیل خراب است لطفا مجددا درخواست ارسال شود. باتشکر'}",4 days 08:46:14,25 days 10:12:08,False
53,file_8_54.txt,درخواست اخذ وام دانشجویی,4421406503960975,حدیث آبابایی فیض آباد,4421406503,403230530,کارشناسی پیوسته_شیمی کاربردی_یزد_4031,"{('request_details', jdatetime.datetime(1404, 2, 31, 1, 9)): 'سلام ،عرض ادب و احترام \nاینجانب حدیث آبابایی فیض آباد با کدملی 4421406503\nبا شماره دانشجویی 403230530 در رشته شیمی کاربردی\nدرخواست اخذ وام دانشجویی به مبلغ ۵۰میلیون تومان را دارم\nلطفا اقدامات لازم را مبذول نمایید\nبا تشکر', ('request_details', jdatetime.datetime(1404, 3, 4, 9, 32, 3)): '', ('request_details', jdatetime.datetime(1404, 3, 4, 9, 33, 16)): '', ('request_details', jdatetime.datetime(1404, 3, 25, 11, 50, 22)): 'باسلام سامانه پاسخگویی ایمیل خراب است لطفا مجددا درخواست ارسال شود. باتشکر'}",4 days 08:23:03,25 days 10:41:22,False
54,file_8_55.txt,تخفیف شهریه فرزند هیات علمی,3243183359556769,محمدفاضل نادری فر,3243183359,403862569,کارشناسی پیوسته_مهندسی معماری_یزد_4032,"{('request_details', jdatetime.datetime(1404, 3, 21, 1, 11, 3)): '', ('request_details', jdatetime.datetime(1404, 3, 21, 12, 41, 39)): '', ('request_details', jdatetime.datetime(1404, 3, 25, 11, 49, 50)): 'باسلام سامانه پاسخگویی ایمیل خراب است لطفا مجددا درخواست ارسال شود. باتشکر'}",0 days 11:30:36,4 days 10:38:47,False
55,file_8_56.txt,درخواست صدور کارت دانشجویی,4420692431227460,مهتاب مشایخی,4420692431,403669225,کارشناسی پیوسته_شیمی کاربردی_یزد_4031,"{('request_details', jdatetime.datetime(1404, 2, 30, 10, 39, 14)): '', ('request_details', jdatetime.datetime(1404, 3, 4, 10, 34, 25)): '', ('request_details', jdatetime.datetime(1404, 3, 6, 4, 51, 38)): ''}",4 days 23:55:11,6 days 18:12:24,True
56,file_8_57.txt,درخواستهای سلف دانشجویی,4421352330581423,Fateme Morshedi,4421352330,403314265,کارشناسی پیوسته_شیمی کاربردی_یزد_4031,"{('request_details', jdatetime.datetime(1404, 2, 31, 12, 48, 46)): '', ('request_details', jdatetime.datetime(1404, 3, 4, 10, 31, 1)): '', ('request_details', jdatetime.datetime(1404, 3, 6, 4, 51, 19)): ''}",3 days 21:42:15,5 days 16:02:33,True
57,file_8_58.txt,درخواست کارت ورود به جلسه ,4421330027833673,الهه پری,4421330027,403239569,کارشناسی پیوسته_شیمی کاربردی_یزد_4031,"{('request_details', jdatetime.datetime(1404, 3, 4, 11, 15, 54)): 'سلام  درخواست کارت ورود به جلسه به امتحان ترم و دارم', ('request_details', jdatetime.datetime(1404, 3, 6, 8, 59, 35)): 'سلام انشالله از هفته آینده از آموزشیار بگیرید. با تشکر'}",1 days 21:43:41,1 days 21:43:41,False
58,file_8_59.txt,کارت ورود به جلسه ,503010644897744,سارا عبیری,5030106448,403323946,کارشناسی پیوسته_شیمی کاربردی_یزد_4031,"{('request_details', jdatetime.datetime(1404, 3, 4, 9, 22, 16)): '', ('request_details', jdatetime.datetime(1404, 3, 6, 8, 58, 30)): 'سلام انشالله از هفته آینده از آموزشیار دریافت کنید. با تشکر'}",1 days 23:36:14,1 days 23:36:14,False
59,file_8_60.txt,حامی دانشجو,489814469156548,,None,None,,"{('request_details', jdatetime.datetime(1404, 3, 4, 11, 4, 54)): 'حامی دانشجو\n\n ------------------------- اطلاعات دانشجو ------------------------------\n\nنام و نام خانوادگی: اسماعیل احمدی\n\nکد ملی: 4898144691\n\nشماره دانشجویی: 39910521501006\n\nرشته محل:دکتری تخصصی_جغرافیا و برنامه ریزی شهری_یزد_3991\n\n------------------------------------------------------------------------------', ('request_details', jdatetime.datetime(1404, 3, 6, 8, 57, 29)): 'سلام موضوع واضح نیست . با تشکر'}",1 days 21:52:35,1 days 21:52:35,False
60,file_8_61.txt,درخواست به حامی ,4898144691823845,اسماعیل احمدی,4898144691,39910521501006,دکتری تخصصی_جغرافیا و برنامه ریزی شهری_یزد_3991,"{('request_details', jdatetime.datetime(1404, 3, 4, 11, 15, 54)): '', ('request_details', jdatetime.datetime(1404, 3, 6, 8, 48, 26)): '', ('request_details', jdatetime.datetime(1404, 3, 6, 8, 48, 47)): ''}",1 days 21:32:32,1 days 21:32:53,True
61,file_8_62.txt,درخواست ریز نمرات داخل کشور,4421288985445296,Ali Zargar,4421288985,None,کارشناسی پیوسته_مهندسی معماری_یزد_4021,"{('request_details', jdatetime.datetime(1404, 2, 23, 11, 46, 3)): '', ('request_details', jdatetime.datetime(1404, 3, 4, 9, 26, 56)): '', ('request_details', jdatetime.datetime(1404, 3, 4, 9, 33, 44)): '', ('request_details', jdatetime.datetime(1404, 3, 6, 8, 36, 54)): '', ('request_details', jdatetime.datetime(1404, 3, 6, 8, 41, 9)): ''}",11 days 21:40:53,13 days 20:55:06,True
62,file_8_63.txt,امتحان,4480187960367567,فاطمه سعیدی نیا,4480187960,403674815,کارشناسی پیوسته_شیمی کاربردی_یزد_4031,"{('request_details', jdatetime.datetime(1404, 2, 31, 12, 53, 54)): 'تاریخ امتحان پایان ترم', ('request_details', jdatetime.datetime(1404, 3, 4, 9, 35, 4)): '', ('request_details', jdatetime.datetime(1404, 3, 4, 9, 48, 45)): 'باسلام انشالله امتحانات از تاریخ 17خرداد شروع می شود و کارت ورود به جلسه از هفته اول خردادماه در آموزشیار قابل دریافت می باشد . با تشکر', ('request_details', jdatetime.datetime(1404, 3, 6, 8, 35, 48)): ''}",3 days 20:41:10,5 days 19:41:54,False
63,file_8_64.txt,امتحانات,4480204474619948,ریحانه کارگرشورکی,4480204474,403424015,کارشناسی پیوسته_شیمی کاربردی_یزد_4031,"{('request_details', jdatetime.datetime(1404, 2, 31, 12, 44, 58)): '------------------------------------------------------------------------------تاریخ شروع امتحانات کی هست؟', ('request_details', jdatetime.datetime(1404, 3, 4, 10, 33, 8)): 'سلام انشالله از 17خرداد'}",3 days 21:48:10,3 days 21:48:10,False
64,file_8_65.txt,امتحان پایان ترم,4480199705532451,الهام کوچکیان میبدی,4480199705,403666778,کارشناسی پیوسته_شیمی کاربردی_یزد_4031,"{('request_details', jdatetime.datetime(1404, 2, 31, 12, 53, 36)): 'امتحانات پایان ترم چه موقع برگزار می\u200cشود', ('request_details', jdatetime.datetime(1404, 3, 4, 10, 29, 32)): 'سلام انشالله از 17خرداد'}",3 days 21:35:56,3 days 21:35:56,False
65,file_8_66.txt,تاریخ امتحان,0150545071646715,Nazanin Hossein nejad,150545071,40210530343017,کارشناسی پیوسته_شیمی کاربردی_یزد_4021,"{('request_details', jdatetime.datetime(1404, 3, 1, 8, 8, 8)): 'سلام امتحانات پایان ترم از چه تاریخی آغاز میشود.', ('request_details', jdatetime.datetime(1404, 3, 4, 10, 29, 2)): 'سلام انشالله از 17خرداد'}",3 days 02:20:54,3 days 02:20:54,False
66,file_8_67.txt,پایانترم,4480206574812421,فاطمه قاسم زاده,4480206574,403690659,کارشناسی پیوسته_شیمی کاربردی_یزد_4031,"{('request_details', jdatetime.datetime(1404, 2, 31, 12, 53, 46)): 'سلام امتحانات پایانترم چه موقع است', ('request_details', jdatetime.datetime(1404, 3, 4, 10, 20, 10)): 'سلام از 17خرداد'}",3 days 21:26:24,3 days 21:26:24,False
67,file_8_68.txt,از من بپرس (اخذ راهنمایی اداری),4421212954138566,متین عسکری پور,4421212954,None,کارشناسی پیوسته_شیمی کاربردی_یزد_4021,"{('request_details', jdatetime.datetime(1404, 2, 22, 9, 56, 47)): 'سلام؛ شروع فرجه و شروع امتحانات از چه تاریخی است؟', ('request_details', jdatetime.datetime(1404, 3, 4, 10, 19, 37)): 'سلام فورجه از 10خرداد و شروع امتحانات از 17خرداد'}",13 days 00:22:50,13 days 00:22:50,False
68,file_8_69.txt,درخواست برگزاری جشن های روزهای خاص,3510058161429638,Khadije Ranjbar,3510058161,40210521501001,دکتری تخصصی_جغرافیا و برنامه ریزی شهری_یزد_4021,"{('request_details', jdatetime.datetime(1404, 3, 1, 10, 48, 57)): '', ('request_details', jdatetime.datetime(1404, 3, 4, 9, 30, 7)): 'باسلام لطفا موضوع درخواستتان را واضح تر بفرمایید . با تشکر', ('request_details', jdatetime.datetime(1404, 3, 4, 9, 59, 39)): ''}",2 days 22:41:10,2 days 23:10:42,False
69,file_8_70.txt,تاریخ شروع امتحانات کی هست؟,4421403121341169,علی صادقی,4421403121,None,کارشناسی پیوسته_شیمی کاربردی_یزد_4031,"{('request_details', jdatetime.datetime(1404, 2, 22, 10, 1, 25)): '', ('request_details', jdatetime.datetime(1404, 3, 4, 9, 51, 5)): 'باسلام انشالله از 17خردادماه', ('request_details', jdatetime.datetime(1404, 3, 4, 9, 51, 29)): ''}",12 days 23:49:40,12 days 23:50:04,False
70,file_8_71.txt,تاریخ امتحان کی هست؟,4421403121553890,علی صادقی,4421403121,403276736,کارشناسی پیوسته_شیمی کاربردی_یزد_4031,"{('request_details', jdatetime.datetime(1404, 2, 31, 12, 46, 59)): '-----------------------------------------------------------------------با سلام و احترام درخواست برای اطلاع از تاریخ امتحانرا دارم.\nبا تشکر', ('request_details', jdatetime.datetime(1404, 3, 4, 9, 45, 16)): 'باسلام انشالله 17خرداماه سال جاری', ('request_details', jdatetime.datetime(1404, 3, 4, 9, 46, 52)): ''}",3 days 20:58:17,3 days 20:59:53,False
71,file_8_72.txt,تاریخ امتحان پایان ترم از چه زمانی شروع میشود,5030123210698270,امیرمسعود طحانی ابرقوی,5030123210,403376850,کارشناسی پیوسته_شیمی کاربردی_یزد_4031,"{('request_details', jdatetime.datetime(1404, 2, 31, 12, 48, 29)): '------------------------------------------------------------------------------باسلام و احترام\nتاریخ امتحان پایان ترم از چه زمانی شروع میشود', ('request_details', jdatetime.datetime(1404, 3, 4, 9, 44, 37)): 'باسلام انشالله از تاریخ 17خرداماه سال جاری شروع می شود'}",3 days 20:56:08,3 days 20:56:08,False
72,file_8_73.txt,بررسی اتصال سامانه ,4421315291712245,Abolfazl Zare,4421315291,40210530343003,کارشناسی پیوسته_شیمی کاربردی_یزد_4021,"{('request_details', jdatetime.datetime(1404, 3, 2, 11, 33, 27)): '', ('request_details', jdatetime.datetime(1404, 3, 4, 9, 36, 24)): 'باسلام لطفا درخواستتان را واضح تر بفرمایید. با تشکر'}",1 days 22:02:57,1 days 22:02:57,False
73,file_8_74.txt,درخواست گواهی اشتغال  به تحصیل,2550284836877448,Abolfazl Norouzi,2550284836,None,کارشناسی پیوسته_ارتباط تصویری_یزد_4021,"{('request_details', jdatetime.datetime(1404, 2, 24, 9, 22, 11)): 'برای بیمه تامین اجتماعی نیاز به اشتغال تحصیل دارم', ('request_details', jdatetime.datetime(1404, 3, 4, 9, 24, 40)): 'با سلام . درصورتی که به گواهی مورد نیاز می باشدسازمان مربوطه مشخص شود', ('request_details', jdatetime.datetime(1404, 3, 4, 9, 34, 8)): ''}",11 days 00:02:29,11 days 00:11:57,False
