﻿,file_name,subject,refrence_code,student_name,national_id,student_id,major,message,latency,duration,is_null
0,file_20_1.txt,امتحانات مجازی ترم بهمن ,4421456284889637,سیده فاطمه میراحمدی,4421456284,403652974,کارشناسی پیوسته_مهندسی پزشکی_یزد_4031,"{('request_details', jdatetime.datetime(1404, 5, 30, 10, 24, 53)): 'با سلام و احترام\n\nاینجانب به دلیل بروز برخی اتفاقات پیش\u200cبینی\u200cنشده، متأسفانه موفق به شرکت در امتحانات دروس «برنامه\u200cنویسی کامپیوتر»، «ریاضی ۲»، «معادلات دیفرانسیل»، «فیزیک بدن انسان» و «زبان انگلیسی ترکیبی ۱» نشدم (به دلیل حضور در تهران).\n\nهمچنین متوجه شدم که درس «زبان انگلیسی ترکیبی ۱» در برنامه امتحانی اینجانب ثبت نشده است. خواهشمند است دستور فرمایید بررسی\u200cهای لازم صورت گرفته و اقدامات مقتضی انجام پذیرد.\n\nسپاس \n\nفایل درخواست نیز پیوست شده است'}",,,True
1,file_20_2.txt,درخواست انتخاب واحد- حذف و اضافه خارج از زمان,4480182888677989,mohammad saeed fazeli,4480182888,40110540106044,کارشناسی پیوسته_مهندسی پزشکی_یزد_4011,"{('request_details', jdatetime.datetime(1404, 5, 28, 7, 7, 13)): 'سلام ،من داخل اون تایم انتخاب واحد استان نتونستم انتخاب واحد انجام بدم \nامکانش هست با حذف و اضافه انتخاب واحد کنم یا ممکن نیست؟\nچه کاری باید انجام بدم؟'}",,,True
2,file_20_3.txt,درخواست گواهی اشتغال  به تحصیل,4440178944455190,عباسعلی ملاحسینی اردکانی,4440178944,403576385,کارشناسی پیوسته_میکروبیولوژی_یزد_4031,"{('request_details', jdatetime.datetime(1404, 5, 26, 11, 5, 37)): 'با سلام. لطفا گواهی اشتغال به تحصیل اینجانب را به واحد اردکان محل اشتغال پدرم ارسال کنید.', ('request_details', jdatetime.datetime(1404, 5, 27, 12, 47, 34)): ''}",1 days 01:41:57,1 days 01:41:57,True
3,file_20_4.txt,درخواست اخذ وام دانشجویی,4440178944995987,عباسعلی ملاحسینی اردکانی,4440178944,403576385,کارشناسی پیوسته_میکروبیولوژی_یزد_4031,"{('request_details', jdatetime.datetime(1404, 5, 26, 11, 8, 54)): 'باسلام و احترام. لطفا درخواست وام دانشجویی را در سایت آموزشیار پیگیری و تایید نمایید', ('request_details', jdatetime.datetime(1404, 5, 27, 12, 47, 13)): ''}",1 days 01:38:19,1 days 01:38:19,True
4,file_20_5.txt,درخواست گواهی اشتغال  به تحصیل,4421363928630539,ابوالفضل قانع عزابادی,4421363928,403575791,کارشناسی پیوسته_میکروبیولوژی_یزد_4031,"{('request_details', jdatetime.datetime(1404, 5, 26, 9, 52, 29)): 'سلام، گواهی اشتغال به تحصیل برای ترم جدید یعنی 4041 برای بیمه تامین اجتماعی را خواستارم.', ('request_details', jdatetime.datetime(1404, 5, 27, 12, 46, 10)): ''}",1 days 02:53:41,1 days 02:53:41,True
5,file_20_6.txt,تست,1820525627146442,Mohammad Yousef Khezri,1820525627,None,کارشناسی پیوسته_مهندسی پزشکی_یزد_4021,"{('request_details', jdatetime.datetime(1404, 2, 24, 10, 9, 47)): '', ('request_details', jdatetime.datetime(1404, 5, 11, 9, 7, 56)): 'تست شما با موفقیت انجام شد'}",79 days 22:58:09,79 days 22:58:09,False
6,file_20_7.txt,درخواست اصلاح کاربری سامانه سامد,0441324185543863,Amirsalar Zargary,441324185,40210530507076,کارشناسی پیوسته_میکروبیولوژی_یزد_4021,"{('request_details', jdatetime.datetime(1404, 3, 4, 9, 29, 57)): 'رمز سامانه سامد تغیر یابد به اطلاع می\u200cرساند با توجه به تعطیلات دانشگاه آزاد اسلامی تا تاریخ ۲۵ مرداد ۱۴۰۴، در حال حاضر امکان بررسی و پیگیری درخواست شما وجود ندارد. لطفاً پس از تاریخ مذکور، مجدداً درخواست خود را ثبت نمایید.', ('request_details', jdatetime.datetime(1404, 5, 11, 9, 7, 10)): ''}",68 days 23:37:13,68 days 23:37:13,True
7,file_20_8.txt,درخواست گواهی اشتغال  به تحصیل,4421136085758725,AmirHossein Ashkaloei,4421136085,40010540106025,کارشناسی پیوسته_مهندسی پزشکی_یزد_4001,"{('request_details', jdatetime.datetime(1404, 3, 4, 3, 27, 2)): 'با سلام\nگواهی اشتغال به تحصیل برای اداره بیمه تامین اجتماعیبه اطلاع می\u200cرساند با توجه به تعطیلات دانشگاه آزاد اسلامی تا تاریخ ۲۵ مرداد ۱۴۰۴، در حال حاضر امکان بررسی و پیگیری درخواست شما وجود ندارد. لطفاً پس از تاریخ مذکور، مجدداً درخواست خود را ثبت نمایید.', ('request_details', jdatetime.datetime(1404, 5, 11, 9, 6, 13)): 'به اطلاع می\u200cرساند با توجه به تعطیلات دانشگاه آزاد اسلامی تا تاریخ ۲۵ مرداد ۱۴۰۴، در حال حاضر امکان بررسی و پیگیری درخواست شما وجود ندارد. لطفاً پس از تاریخ مذکور، مجدداً درخواست خود را ثبت نمایید.'}",69 days 05:39:11,69 days 05:39:11,False
8,file_20_9.txt,درخواست اخذ وام دانشجویی,4711190384847816,Habib Ollah Jokar,4711190384,40110540106009,کارشناسی پیوسته_مهندسی پزشکی_یزد_4011,"{('request_details', jdatetime.datetime(1404, 3, 5, 4, 6, 10)): 'سلام وقت بخیر \nمی خواستم برای وام ازدواج در خواست بدم \nفرآیندش به چه صورت هست ؟\nبه اطلاع می\u200cرساند با توجه به تعطیلات دانشگاه آزاد اسلامی تا تاریخ ۲۵ مرداد ۱۴۰۴، در حال حاضر امکان بررسی و پیگیری درخواست شما وجود ندارد. لطفاً پس از تاریخ مذکور، مجدداً درخواست خود را ثبت نمایید.', ('request_details', jdatetime.datetime(1404, 5, 11, 9, 5, 23)): 'به اطلاع می\u200cرساند با توجه به تعطیلات دانشگاه آزاد اسلامی تا تاریخ ۲۵ مرداد ۱۴۰۴، در حال حاضر امکان بررسی و پیگیری درخواست شما وجود ندارد. لطفاً پس از تاریخ مذکور، مجدداً درخواست خود را ثبت نمایید.'}",68 days 04:59:13,68 days 04:59:13,False
9,file_20_10.txt,درخواست گواهی اشتغال  به تحصیل,4440178944729228,عباسعلی ملاحسینی اردکانی,4440178944,403576385,کارشناسی پیوسته_میکروبیولوژی_یزد_4031,"{('request_details', jdatetime.datetime(1404, 5, 10, 11, 35, 57)): 'با سلام. لطفا گواهی اشتغال به تحصیل اینجانب را به واحد اردکان محل اشتغال پدرم ارسال کنید. ------------------------------------------------------------------------------به اطلاع می\u200cرساند با توجه به تعطیلات دانشگاه آزاد اسلامی تا تاریخ ۲۵ مرداد ۱۴۰۴، در حال حاضر امکان بررسی و پیگیری درخواست شما وجود ندارد. لطفاً پس از تاریخ مذکور، مجدداً درخواست خود را ثبت نمایید.', ('request_details', jdatetime.datetime(1404, 5, 11, 9, 4, 43)): ''}",0 days 21:28:46,0 days 21:28:46,True
10,file_20_11.txt,امتحان مجدد,4421355097636945,محمدیونس جعفری,4421355097,403670018,کارشناسی پیوسته_مهندسی صنایع و سیستم ها_یزد_4031,"{('request_details', jdatetime.datetime(1404, 5, 4, 8, 28, 9)): 'درخواست امتحان مجدد درس ریاضی۲:  ۷۰۰۰۰۳۴۵۳۸', ('request_details', jdatetime.datetime(1404, 5, 6, 12, 29, 20)): '', ('request_details', jdatetime.datetime(1404, 5, 8, 10, 22, 30)): 'به برنامه آموزشیار مراجعه برنامه امتحانی را دریافت و در برنامه وادانا امتحان خود را انجام دهید'}",2 days 04:01:11,4 days 01:54:21,False
11,file_20_12.txt,برگزاری مجدد امتحان روز 25 خرداد,4421320064862585,AMIRSMORT AMIRSMORT,4421320064,40210530507021,کارشناسی پیوسته_میکروبیولوژی_یزد_4021,"{('request_details', jdatetime.datetime(1404, 5, 4, 4, 18, 6)): 'اینجانب سید امیررضا سید مورتی اطلاعات خود را در لینک فرستاده شده توسط معاونت اموزشی و مدیر گروه درمورد برگزاری مجدد امتحان روز 25 خرداد 1404 درس فیزیلوژی میکروبی با استاد جناب اقای محمد جواد کاظمی را پر کرده ام', ('request_details', jdatetime.datetime(1404, 5, 6, 12, 29, 48)): '', ('request_details', jdatetime.datetime(1404, 5, 8, 10, 22, 11)): 'به برنامه آموزشیار مراجعه برنامه امتحانی را دریافت و در برنامه وادانا امتحان خود را انجام دهید'}",2 days 08:11:42,4 days 06:04:05,False
12,file_20_13.txt,درخواست امتحان مجدد به دلیل شرایط جنگی,0150718454446123,محمد محسن دهقان منشادی,150718454,403359166,کارشناسی پیوسته_مهندسی صنایع و سیستم ها_یزد_4031,"{('request_details', jdatetime.datetime(1404, 5, 3, 9, 43, 58)): 'سلام و عرض ادب خدمت کارشناس گروه مهندسی صنایع و سیستم ها آقای صمیمی\nدرخواست شرکت در آزمون مجدد برنامه سازی کامپیوتری را دارم\nفرم مربوطه را در همین ایمیل سنجاق کردم', ('request_details', jdatetime.datetime(1404, 5, 6, 12, 30, 12)): '', ('request_details', jdatetime.datetime(1404, 5, 8, 10, 21, 53)): 'به برنامه آموزشیار مراجعه برنامه امتحانی را دریافت و در برنامه وادانا امتحان خود را انجام دهید'}",3 days 02:46:14,5 days 00:37:55,False
13,file_20_14.txt,درخواست امتحان مجدد به دلیل شرایط جنگی,0150718454691129,محمد محسن دهقان منشادی,150718454,403359166,کارشناسی پیوسته_مهندسی صنایع و سیستم ها_یزد_4031,"{('request_details', jdatetime.datetime(1404, 5, 3, 9, 35, 59)): 'سلام و عرض ادب خدمت کارشناس گروه مهندسی صنایع و سیستم ها آقای صمیمی\nدرخواست شرکت در آزمون مجدد معادلات دیفرانسیل را دارم\nفرم مربوطه را در همین ایمیل سنجاق کردم', ('request_details', jdatetime.datetime(1404, 5, 6, 12, 30, 51)): '', ('request_details', jdatetime.datetime(1404, 5, 8, 10, 21, 35)): 'به برنامه آموزشیار مراجعه برنامه امتحانی را دریافت و در برنامه وادانا امتحان خود را انجام دهید'}",3 days 02:54:52,5 days 00:45:36,False
14,file_20_15.txt,درخواست امتحان مجدد به دلیل شرایط جنگی,0150718454968151,محمد محسن دهقان منشادی,150718454,403359166,کارشناسی پیوسته_مهندسی صنایع و سیستم ها_یزد_4031,"{('request_details', jdatetime.datetime(1404, 5, 2, 12, 8)): '', ('request_details', jdatetime.datetime(1404, 5, 6, 12, 32, 7)): '', ('request_details', jdatetime.datetime(1404, 5, 8, 10, 21, 11)): 'به برنامه آموزشیار مراجعه برنامه امتحانی را دریافت و در برنامه وادانا امتحان خود را انجام دهید'}",4 days 00:24:07,5 days 22:13:11,False
15,file_20_16.txt,امتحانات معوق,0150718454538103,محمد محسن دهقان منشادی,150718454,403359166,کارشناسی پیوسته_مهندسی صنایع و سیستم ها_یزد_4031,"{('request_details', jdatetime.datetime(1404, 5, 2, 11, 54, 42)): 'سلام وقت بخیر به دلیل قطع شدن اینترنت نتوانستم امتحان زبان بدهم درخواست شرکت در امتحان زبان مجدد را دارم\nنام درس: زبان انگلیسی عمومی_ترکیبی(۱)\nکد ارائه:۱۱۹۹۴۵۰۱۰\nنام استاد:پریسا ارژنگ منش\nتاریخ امتحان:۱۴۰۴/۰۳/۳۱\nساعت امتحان:۱۵:۰۰', ('request_details', jdatetime.datetime(1404, 5, 6, 12, 32, 52)): '', ('request_details', jdatetime.datetime(1404, 5, 8, 10, 12, 35)): 'به دایره امتحانات ارجاع شد'}",4 days 00:38:10,5 days 22:17:53,False
16,file_20_17.txt,درخواست امتحان مجدد به دلیل شرایط جنگی,0150718454814210,محمد محسن دهقان منشادی,150718454,403359166,کارشناسی پیوسته_مهندسی صنایع و سیستم ها_یزد_4031,"{('request_details', jdatetime.datetime(1404, 5, 3, 9, 30, 41)): 'سلام و عرض ادب خدمت کارشناس گروه مهندسی صنایع و سیستم ها آقای صمیمی\nدرخواست شرکت در آزمون مجدد ریاضی عمومی ۲ را دارم\nفرم مربوطه را در همین ایمیل سنجاق کردم', ('request_details', jdatetime.datetime(1404, 5, 6, 12, 31, 40)): '', ('request_details', jdatetime.datetime(1404, 5, 8, 10, 11, 38)): 'به دایره امتحانات ارجاع شد'}",3 days 03:00:59,5 days 00:40:57,False
17,file_20_18.txt,درخواست اخذ کد پایان نامه برای دانشجویان کارشناسی ارشد و دکتری,3190052638118489,Amirmohammad Sahebalzamani,3190052638,40210540129001,کارشناسی ارشد ناپیوسته_مهندسی پزشکی - بیومتریال_یزد_4021,"{('request_details', jdatetime.datetime(1404, 4, 31, 9, 2, 6)): 'با سلام و احترام \nباتوجه به اینکه ترم آخر ارشد هستم و با توجه پروژه انجام شده نیازمند دریافت کد اخلاق هستم\nفرم ها و مدارک مورد نیاز تحویل داده شده \nبا تشکر', ('request_details', jdatetime.datetime(1404, 4, 31, 9, 26, 19)): '', ('main_message', jdatetime.datetime(1404, 4, 31, 9, 26, 25)): ""از: 'کارشناسی - sm-105-40129-5-4021@iau.ir '\n\nبه: 'دانشکده - 336774@iau.ir '\n\nموضوع: 'درخواست اخذ کد پایان نامه برای دانشجویان کارشناسی ارشد و دکتری'"", ('main_message', jdatetime.datetime(1404, 5, 4, 8, 39, 22)): ""از: '336774 - 336774@iau.ir '\n\nبه: 'کارشناسی - sm-105-40129-5-4021@iau.ir '\n\nموضوع: 'پاسخ: درخواست اخذ کد پایان نامه برای دانشجویان کارشناسی ارشد و دکتری'\n\nبا سلام\n\nلطفا موارد زیر را اصلاح کنید و هر چه سریعتر ارسال فرمایید چنانچه هنوز به تهران درخواست نفرستادید نیازی نیست چون ایمیل را پاسخ دادند.\n\nسلام و احترام؛ لطفا موارد ذیل را با راهنمایی استاد راهنمای محترم تکمیل و ویرایش بفرمائید:\n\nدر روش کار گروه بندی تصحیح و به صورت شفاف نوشته شود و در مورد نحوه گروه بندی  توضیح کامل داده شود چون طرح می باشد بایستی حداقل تعداد در هر گروه رعایت شود که 5 سر موش می باشد 3 سر کم هست.یعنی در هر گروه حداقل 5 سر موش باشد.\n\nهمچنین نوشته شده بافتی که در محل زخم ایجاد می شود چطوری برداشته می شود؟ که آیا تحت بیهوشی این کار انجام میشود؟ که توضیح داده شود.\n\nنوع رنگ آمیزی هم مشخص نشده بود که چه نوع رنگ آمیزی قرار هست انجام شود.\n\nبا تشکر"", ('request_details', jdatetime.datetime(1404, 5, 6, 12, 41, 19)): 'با سلام توضیحات کارشناس محترم'}",0 days 00:24:13,6 days 03:39:13,False
18,file_20_19.txt,درخواست امتحانات معوق امتحان فیزیک بدن استاتیک و مقاومت مصالح.و انس با قران,3242727797812284,yasaman Nikro,3242727797,40210540106011,کارشناسی پیوسته_مهندسی پزشکی_یزد_4021,"{('request_details', jdatetime.datetime(1404, 5, 4, 9, 45, 35)): '', ('request_details', jdatetime.datetime(1404, 5, 6, 12, 28, 45)): ''}",2 days 02:43:10,2 days 02:43:10,True
19,file_20_20.txt,درخواست شرکت در امتحانات مجدد پایان ترم بهمن,1130693643521212,امید شاهین,1130693643,403541946,کارشناسی پیوسته_میکروبیولوژی_یزد_4031,"{('request_details', jdatetime.datetime(1404, 5, 6, 11, 52, 32)): '', ('request_details', jdatetime.datetime(1404, 5, 6, 12, 28, 13)): 'امتحاناتی که مجدد برگزار میشود مربوط به نیمسال دوم یعنی خرداد و تیر ماه است امتحانی در بهمن برگزار نخواهد شد'}",0 days 00:35:41,0 days 00:35:41,False
20,file_20_21.txt,درخواست تاییدیه ممتازی,4420958391209599,فاطمه شاکری حسین اباد,4420958391,403102484,کارشناسی ارشد ناپیوسته_مهندسی پزشکی - بیومتریال_یزد_4031,"{('request_details', jdatetime.datetime(1404, 2, 31, 10, 38, 8)): 'ایا من جزو تاییدیه ممتازی هستم یا خیر؟', ('request_details', jdatetime.datetime(1404, 3, 4, 9, 32, 23)): 'لطفا بیشتر توضیح دهیددانشجوی ممتاز هستید یا برای تخفیف یا واحد بیشتر از 20 واحد در خواست دارید', ('main_message', jdatetime.datetime(1404, 3, 4, 9, 32, 46)): ""از: 'mehdi - sup105015@iau.ir '\n\nبه: 'فاطمه - 4420958391@iau.ir '\n\nموضوع: 'درخواست تاییدیه ممتازی'\n\nلطفا بیشتر توضیح دهیددانشجوی ممتاز هستید یا برای تخفیف یا واحد بیشتر از 20 واحد در خواست دارید\n\nایا تخفیف برای شهریه ام لحاظ شده است؟"", ('request_details', jdatetime.datetime(1404, 3, 4, 9, 52, 12)): '', ('main_message', jdatetime.datetime(1404, 3, 5, 10, 57, 32)): ""از: '4420958391 - 4420958391@iau.ir '\n\nبه: 'mehdi - sup105015@iau.ir '\n\nموضوع: 'پاسخ: درخواست تاییدیه ممتازی'"", ('main_message', jdatetime.datetime(1404, 3, 6, 11, 38, 29)): ""از: 'sup105015 - sup105015@iau.ir '\n\nبه: '4420958391 - 4420958391@iau.ir '\n\nموضوع: 'پاسخ: پاسخ: درخواست تاییدیه ممتازی'\n\nاگر جزوه ممتازی باشید اتوماتیک در سیستم لحاظ میشود"", ('request_details', jdatetime.datetime(1404, 4, 1, 1, 13, 41)): 'لطفا بیشتر توضیح دهیددانشجوی ممتاز هستید یا برای تخفیف یا واحد بیشتر از 20 واحد در خواست دارید', ('request_details', jdatetime.datetime(1404, 4, 1, 1, 16, 5)): '', ('request_details', jdatetime.datetime(1404, 4, 31, 9, 31, 15)): ''}",3 days 22:54:15,61 days 22:53:07,False
21,file_20_22.txt,درخواست خلاصه وضعیت تحصیلی,4421108121534265,mahdie dashtipur,4421108121,40210540106003,کارشناسی پیوسته_مهندسی پزشکی_یزد_4021,"{('request_details', jdatetime.datetime(1404, 4, 19, 9, 28, 12)): 'باسلام و احترام \nخواهشمند است خلاصه وضعیت تحصیلی مرا جهت ارایه به به شرکت ...اماده نمایید', ('request_details', jdatetime.datetime(1404, 4, 24, 10, 58, 31)): '', ('main_message', jdatetime.datetime(1404, 4, 24, 10, 58, 37)): ""از: 'کارشناسی - sf-105-40106-4-4021@iau.ir '\n\nبه: 'واحد - 336267@iau.ir '\n\nموضوع: 'درخواست خلاصه وضعیت تحصیلی'"", ('main_message', jdatetime.datetime(1404, 4, 25, 8, 5, 32)): ""از: '336267 - 336267@iau.ir '\n\nبه: 'کارشناسی - sf-105-40106-4-4021@iau.ir '\n\nموضوع: 'پاسخ: درخواست خلاصه وضعیت تحصیلی'\n\nباسمه تعالي\n\n با سلام\n\n      احتراما، خانم مهديه دشتي پور4421108121 تاكنون تعداد45 واحد درسي را با معدل كل 13/21 گذرانيده اند و 2نيمسال مشروط مي باشند. با سپاس"", ('request_details', jdatetime.datetime(1404, 4, 31, 9, 29, 6)): ''}",5 days 01:30:19,12 days 00:00:54,False
22,file_20_23.txt,درخواست کداخلاق برای پایان‌نامه ,3190052638301316,Amirmohammad Sahebalzamani,3190052638,40210540129001,کارشناسی ارشد ناپیوسته_مهندسی پزشکی - بیومتریال_یزد_4021,"{('request_details', jdatetime.datetime(1404, 3, 13, 11, 7, 39)): 'با سلام و ادب\nباتوجه به اینکه ترم آخر هستم و در حال تدوین و آماده سازی نهایی پایان نامه و با توجه پروژه انجام شده نیازمند دریافت کد اخلاق هستم\nفرم ها و مدارک مورد نیاز تحویل داده شده \nبا تشکر', ('request_details', jdatetime.datetime(1404, 4, 5, 12, 36, 20)): '', ('main_message', jdatetime.datetime(1404, 4, 5, 12, 36, 26)): ""از: 'کارشناسی - sm-105-40129-5-4021@iau.ir '\n\nبه: 'دانشکده - 336774@iau.ir '\n\nموضوع: 'درخواست کداخلاق برای پایان\u200cنامه '"", ('main_message', jdatetime.datetime(1404, 4, 8, 7, 35, 44)): ""از: '336774 - 336774@iau.ir '\n\nبه: 'کارشناسی - sm-105-40129-5-4021@iau.ir '\n\nموضوع: 'پاسخ: درخواست کداخلاق برای پایان\u200cنامه '\n\nبا سلام\n\nبا توجه به اینکه موضوع شما حیوان میباشد به دانشگاه علوم تحقیقات تهران ارسال شده است و تاکنون علیرغم پیگیریهای مکرر جوابی گرفته نشده است."", ('request_details', jdatetime.datetime(1404, 4, 31, 9, 20, 28)): 'احتراما پاسخ کارشناس درخصوص کداخلاق پایان نامه ابلاغ می گردد'}",23 days 01:28:41,48 days 22:12:49,False
23,file_20_24.txt,درخواست معرفی به استاد,4421084719970838,ftme ghazanfari,4421084719,40010540106014,کارشناسی پیوسته_مهندسی پزشکی_یزد_4001,"{('request_details', jdatetime.datetime(1404, 4, 10, 10, 16, 13)): 'با سلام و احترام \nاحتراما به استحضار می رساند فاطمه غضنفری دانشجو رشته مهندسی پزشکی جهت انتخاب و اخذ دروس ( اندیشه اسلامی 2) و ( زیست مواد 1)نیازمند معرفی استاد برای این دروس می باشم .\nاز همکاری شما صمیمانه سپاسگزارم .', ('request_details', jdatetime.datetime(1404, 4, 24, 11, 0, 35)): 'به کارشناس آموزش آقای سلیمیان واقع در ساختمان سلطانی طبقه چهارم بصورت حضوری مراجعه فرمایید'}",14 days 00:44:22,14 days 00:44:22,False
24,file_20_25.txt,درخواست انتخاب واحد- حذف و اضافه خارج از زمان,0150718454858702,محمد محسن دهقان منشادی,150718454,403359166,کارشناسی پیوسته_مهندسی صنایع و سیستم ها_یزد_4031,"{('request_details', jdatetime.datetime(1404, 4, 9, 1, 39, 20)): '', ('request_details', jdatetime.datetime(1404, 4, 23, 8, 56, 24)): 'با سلام به کارشناس آموزش آقای صمیمی مراجعه و یا تماس حاصل فرمایید تلفن 03531872757'}",14 days 07:17:04,14 days 07:17:04,False
25,file_20_26.txt,شرکت در امتحان مجدد درس جبر خطی ,4421148581978250,Mohsen Babaee,4421148581,40110540310033,کارشناسی پیوسته_مهندسی صنایع_یزد_4011,"{('request_details', jdatetime.datetime(1404, 4, 12, 10, 23, 17)): 'باسلام و احترام \nاینجانب محسن بابائی دانشجوی کارشناسی مهندسی صنایع در تاریخ 1404.04.28 تهران بودم و باتوجه به شلوغی خروجی های تهران و کمبود بنزین عملا راه برگشت به یزد را نداشتم و نتوانستم در امتحان جبر خطی استاد فاطمه دهقانی زاده در تاریخ 1404.03.29 شرکت کنم که البته با صحبت های که با مسئولان دانشگاه داشتم گفتند فرم الکترونیکی پر کنم و درخواست را از طریق ایمیل دانشجویی ثبت کنم که باتوجه به شرایط کشور و عدم ارسال پیامک امکان ایمیل در روزهای گذشته وجود نداشت و اکنون این ایمیل را ارسال میکنم.', ('request_details', jdatetime.datetime(1404, 4, 23, 8, 52, 14)): ''}",10 days 22:28:57,10 days 22:28:57,True
26,file_20_27.txt,امتحان مجدد,4421456284213759,سیده فاطمه میراحمدی,4421456284,403652974,کارشناسی پیوسته_مهندسی پزشکی_یزد_4031,"{('request_details', jdatetime.datetime(1404, 4, 10, 8, 53, 37)): 'با سلام و احترام من متاسفانه به دلیل اتفاقات اخیر نتوانستم در امتحانات برنامه نویسی کامپیوتر -ریاضی۲-معادلات دیفرانسیل-فیزیک بدن انسان و زبان انگلیسی ترکیبی یک شرکت کنم ( تهران بودم)\n\nفرم درخواست امتحانات نیز ضمیمه است', ('request_details', jdatetime.datetime(1404, 4, 18, 8, 32, 43)): ''}",7 days 23:39:06,7 days 23:39:06,True
27,file_20_28.txt,درخواست انتخاب واحد ترم تابستان,3040571702222916,Negin Ghanbaripour,3040571702,40110540310029,کارشناسی پیوسته_مهندسی صنایع_یزد_4011,"{('request_details', jdatetime.datetime(1404, 4, 8, 8, 42, 47)): '', ('request_details', jdatetime.datetime(1404, 4, 18, 8, 31, 39)): 'انتخاب واحد فقط توسط شخص دانشجو صورت میگیرد'}",9 days 23:48:52,9 days 23:48:52,False
28,file_20_29.txt,درخواست انتخاب واحد- حذف و اضافه خارج از زمان,4420805218225246,Zahra Boloor,4420805218,40010540310004,کارشناسی پیوسته_مهندسی صنایع_یزد_4001,"{('request_details', jdatetime.datetime(1404, 4, 8, 10, 42, 39)): '', ('request_details', jdatetime.datetime(1404, 4, 18, 8, 30, 38)): 'انتخاب واحد فقط در زمانهای مشخص شده امکان پذیر است'}",9 days 21:47:59,9 days 21:47:59,False
29,file_20_30.txt,درخواست انتخاب واحد- حذف و اضافه خارج از زمان,442080521835192,Zahra Boloor,4420805218,40010540310004,کارشناسی پیوسته_مهندسی صنایع_یزد_4001,"{('request_details', jdatetime.datetime(1404, 4, 8, 10, 40, 42)): '', ('request_details', jdatetime.datetime(1404, 4, 18, 8, 28, 4)): 'در ترم تابستان حذف و اضافه وجود ندارد و فقط در روزهایی که اعلام شده قادر به انتخاب واحد خواهید بود'}",9 days 21:47:22,9 days 21:47:22,False
30,file_20_31.txt,درخواست گواهی اشتغال  به تحصیل,444017894442327,عباسعلی ملاحسینی اردکانی,4440178944,403576385,کارشناسی پیوسته_میکروبیولوژی_یزد_4031,"{('request_details', jdatetime.datetime(1404, 4, 17, 10, 58, 11)): '', ('request_details', jdatetime.datetime(1404, 4, 18, 8, 26, 40)): ''}",0 days 21:28:29,0 days 21:28:29,True
31,file_20_32.txt,درخواست انتخاب واحد- حذف و اضافه خارج از زمان,4421396818245796,,None,None,,"{('request_details', jdatetime.datetime(1404, 4, 6, 2, 4, 24)): 'سلام و عرض و ادب.\n\nبنده محمدامین یاوری دانشجوی رشته مهندسی صنایع و سیستم ها ورودی 1403 درخواست انتخاب واحد برای ترم تابستان را دارم.', ('request_details', jdatetime.datetime(1404, 4, 8, 11, 10, 47)): 'باسلام امکان انتخاب واحد در خارج از زمان ممکن نمی باشد در تاریخ 9 تیرماه برای انتخاب واحد اقدام فرمایید در ترم تابستان حذف و اضافه وجود ندارد'}",2 days 09:06:23,2 days 09:06:23,False
32,file_20_33.txt,درخواست مجوز انتخاب واحد ترم تابستان,442139346024097,عماد عبدالرضائیان,4421393460,403703086,کارشناسی پیوسته_مهندسی صنایع و سیستم ها_یزد_4031,"{('request_details', jdatetime.datetime(1404, 4, 6, 2, 3, 1)): '', ('request_details', jdatetime.datetime(1404, 4, 8, 11, 8, 43)): 'سلام لطفا به سامانه آموزشیار برای انتخاب واحد اقدام فرمایید'}",2 days 09:05:42,2 days 09:05:42,False
33,file_20_34.txt,درخواست ترم تابستان,3242727797796050,yasaman Nikro,3242727797,40210540106011,کارشناسی پیوسته_مهندسی پزشکی_یزد_4021,"{('request_details', jdatetime.datetime(1404, 4, 6, 10, 37, 16)): '', ('request_details', jdatetime.datetime(1404, 4, 8, 11, 8, 4)): 'سلام لطفا به سامانه آموزشیار برای انتخاب واحد اقدام فرمایید'}",2 days 00:30:48,2 days 00:30:48,False
34,file_20_35.txt,درخواست انتخاب واحد ترم تابستان ۱۴۰۴,30605914072672,zahra salehi,3060591407,40210540106026,کارشناسی پیوسته_مهندسی پزشکی_یزد_4021,"{('request_details', jdatetime.datetime(1404, 4, 7, 9, 2, 15)): 'درخواست انتخاب واحد ترم تابستان ۱۴۰۴', ('request_details', jdatetime.datetime(1404, 4, 8, 11, 7, 38)): 'سلام لطفا به سامانه آموزشیار برای انتخاب واحد اقدام فرمایید'}",1 days 02:05:23,1 days 02:05:23,False
35,file_20_36.txt,سلام من درخواست مجوز انتخاب واحد ترم تابستان دارم ولی پاسخگو نیستید,3242727797118197,yasaman Nikro,3242727797,40210540106011,کارشناسی پیوسته_مهندسی پزشکی_یزد_4021,"{('request_details', jdatetime.datetime(1404, 4, 7, 6, 15, 43)): '', ('request_details', jdatetime.datetime(1404, 4, 8, 11, 7, 16)): 'سلام لطفا به سامانه آموزشیار برای انتخاب واحد اقدام فرمایید انتخاب واحد ترم تابستان و ترمهای دیگر فقط توسط خود دانشجو باید صورت گیرد'}",1 days 04:51:33,1 days 04:51:33,False
36,file_20_37.txt,سلام اینجانب یاسمن نیکرو درخواست مجوز ترم تابستان دارم,3242727797724434,yasaman Nikro,3242727797,40210540106011,کارشناسی پیوسته_مهندسی پزشکی_یزد_4021,"{('request_details', jdatetime.datetime(1404, 4, 6, 10, 16, 5)): '', ('request_details', jdatetime.datetime(1404, 4, 8, 11, 5, 56)): 'سلام لطفا به سامانه آموزشیار برای انتخاب واحد اقدام فرمایید'}",2 days 00:49:51,2 days 00:49:51,False
37,file_20_38.txt,درخواست امتحان مجدد درس استاتیک و مقاومت مصالح با استاد پیام شریعت یزدی،که اینجانب به دلیل شرایط کشور و اینکه بومی یزد نبوده موفق شرکت در جلسه امتحان این درس در تاریخ 1404.3.27 نشدم ,3140222777618728,mohamadreza Rh,3140222777,40210540310007,کارشناسی پیوسته_مهندسی صنایع_یزد_4021,"{('request_details', jdatetime.datetime(1404, 3, 31, 3, 35)): '', ('request_details', jdatetime.datetime(1404, 4, 5, 12, 36, 55)): ''}",5 days 09:01:55,5 days 09:01:55,True
38,file_20_39.txt,درخواست اصلاح کاربری سامانه سامد,0441324185651893,Amirsalar Zargary,441324185,40210530507076,کارشناسی پیوسته_میکروبیولوژی_یزد_4021,"{('request_details', jdatetime.datetime(1404, 4, 3, 2, 18, 20)): '', ('request_details', jdatetime.datetime(1404, 4, 5, 12, 5, 11)): ''}",2 days 09:46:51,2 days 09:46:51,True
39,file_20_40.txt,درخواست گواهی اشتغال  به تحصیل,4421368458748727,,None,None,,"{('request_details', jdatetime.datetime(1404, 4, 3, 10, 2, 5)): 'با سلام و احترام. \n\nاینجانب یونس غلامی درخواست گواهی اشتغال به تحصیل جهت دریافت بیمه تکمیلی هستم.', ('request_details', jdatetime.datetime(1404, 4, 5, 12, 4, 9)): ''}",2 days 02:02:04,2 days 02:02:04,True
40,file_20_41.txt,درخواست ریز نمرات داخل کشور,4421136085657921,AmirHossein Ashkaloei,4421136085,40010540106025,کارشناسی پیوسته_مهندسی پزشکی_یزد_4001,"{('request_details', jdatetime.datetime(1404, 3, 13, 2, 1, 52)): 'با سلام\nدرخواست ریز نمرات کارشناسی برای ثبت نام کارشناسی ارشد استعداد درخشان دانشگاه ازاد اسلامی واحد یزد', ('request_details', jdatetime.datetime(1404, 4, 5, 12, 3, 33)): ''}",23 days 10:01:41,23 days 10:01:41,True
41,file_20_42.txt,درخواست تغییر رمز و مشکل در ورود به آموزشیار,0441324185974672,Amirsalar Zargary,441324185,40210530507076,کارشناسی پیوسته_میکروبیولوژی_یزد_4021,"{('request_details', jdatetime.datetime(1404, 3, 9, 11, 8, 55)): '', ('request_details', jdatetime.datetime(1404, 4, 5, 11, 59, 28)): ''}",27 days 00:50:33,27 days 00:50:33,True
42,file_20_43.txt,درخواست اخذ وام دانشجویی,4711190384465234,Habib Ollah Jokar,4711190384,40110540106009,کارشناسی پیوسته_مهندسی پزشکی_یزد_4011,"{('request_details', jdatetime.datetime(1404, 3, 12, 2, 49, 8)): '', ('request_details', jdatetime.datetime(1404, 4, 5, 11, 58, 42)): ''}",24 days 09:09:34,24 days 09:09:34,True
43,file_20_44.txt,درخواست گواهی اشتغال  به تحصیل,4421130060452888,Mehran Ghasemzade,4421130060,40010530507109,کارشناسی پیوسته_میکروبیولوژی_یزد_4001,"{('request_details', jdatetime.datetime(1404, 4, 4, 12, 58, 40)): '------------------------------------------------------------------------------مهران قاسم زاده هستم نامه اشتغال به تحصیل برای بیمه تامین اجتماعی میخواهم', ('request_details', jdatetime.datetime(1404, 4, 5, 11, 56, 58)): ''}",0 days 22:58:18,0 days 22:58:18,True
44,file_20_45.txt,.,2530303223596551,Mohammad sajjad Karimi,2530303223,40110540310036,کارشناسی پیوسته_مهندسی صنایع_یزد_4011,"{('request_details', jdatetime.datetime(1404, 3, 31, 1, 44, 5)): '', ('request_details', jdatetime.datetime(1404, 4, 5, 11, 56, 9)): 'درخواست شما مشخص نیست لطفا کامل اعلام کنید'}",5 days 10:12:04,5 days 10:12:04,False
45,file_20_46.txt,درخواست شرکت در امتحان تابستان بابت درس جبرخطی,2530303223258675,Mohammad sajjad Karimi,2530303223,40110540310036,کارشناسی پیوسته_مهندسی صنایع_یزد_4011,"{('request_details', jdatetime.datetime(1404, 3, 31, 1, 42, 47)): '', ('request_details', jdatetime.datetime(1404, 4, 5, 11, 55)): ''}",5 days 10:12:13,5 days 10:12:13,True
46,file_20_47.txt,درخواست امتحان مجدد,1080679227448809,Hosein Hasanpour,1080679227,40110530507093,کارشناسی پیوسته_میکروبیولوژی_یزد_4011,"{('request_details', jdatetime.datetime(1404, 3, 27, 12, 51, 43)): 'درخواست امتحان مجدد درس متون تخصصی در تاریخ ۲۸خرداد را دارم و فرم کاربرگ را تکمیل نموده ام .', ('request_details', jdatetime.datetime(1404, 4, 5, 11, 54, 22)): ''}",8 days 23:02:39,8 days 23:02:39,True
47,file_20_48.txt,امتحان مجدد,3040758144995133,کارن کارتی شاهم آبادی,3040758144,403653147,کارشناسی پیوسته_مهندسی و علم مواد_یزد_4031,"{('request_details', jdatetime.datetime(1404, 3, 29, 12, 4, 10)): '', ('request_details', jdatetime.datetime(1404, 4, 5, 11, 53, 22)): ''}",6 days 23:49:12,6 days 23:49:12,True
48,file_20_49.txt,امتحان مجدد,3040697307261352,امیرمحسن رضایتی آج بیشه,3040697307,403803923,کارشناسی پیوسته_مهندسی پزشکی_یزد_4032,"{('request_details', jdatetime.datetime(1404, 3, 28, 6, 23, 18)): '', ('request_details', jdatetime.datetime(1404, 4, 5, 11, 52, 54)): ''}",8 days 05:29:36,8 days 05:29:36,True
49,file_20_50.txt,امتحان مجدد,3040758144413484,کارن کارتی شاهم آبادی,3040758144,403653147,کارشناسی پیوسته_مهندسی و علم مواد_یزد_4031,"{('request_details', jdatetime.datetime(1404, 3, 29, 12, 59, 57)): 'امتحان مجدد', ('request_details', jdatetime.datetime(1404, 4, 5, 11, 52, 31)): ''}",6 days 22:52:34,6 days 22:52:34,True
50,file_20_51.txt,امتحان مجدد,3040758144569506,کارن کارتی شاهم آبادی,3040758144,403653147,کارشناسی پیوسته_مهندسی و علم مواد_یزد_4031,"{('request_details', jdatetime.datetime(1404, 3, 29, 1, 1, 52)): '------------------------------------------------------------------------------امتحدان مجدد', ('request_details', jdatetime.datetime(1404, 4, 5, 11, 51, 59)): ''}",7 days 10:50:07,7 days 10:50:07,True
51,file_20_52.txt,امتحان مجدد,3040697307261352,امیرمحسن رضایتی آج بیشه,3040697307,403803923,کارشناسی پیوسته_مهندسی پزشکی_یزد_4032,"{('request_details', jdatetime.datetime(1404, 3, 28, 6, 23, 18)): '', ('request_details', jdatetime.datetime(1404, 4, 5, 11, 51, 13)): ''}",8 days 05:27:55,8 days 05:27:55,True
52,file_20_53.txt,امتحان مجدد,3040697307865059,امیرمحسن رضایتی آج بیشه,3040697307,403803923,کارشناسی پیوسته_مهندسی پزشکی_یزد_4032,"{('request_details', jdatetime.datetime(1404, 3, 28, 6, 24, 21)): '', ('request_details', jdatetime.datetime(1404, 4, 5, 11, 50, 9)): ''}",8 days 05:25:48,8 days 05:25:48,True
53,file_20_54.txt,درخواست برگزاری مجدد امتحانات تابستان,3060697027559931,سپیده حاج ابراهیمی,3060697027,403673483,کارشناسی پیوسته_مهندسی صنایع و سیستم ها_یزد_4031,"{('request_details', jdatetime.datetime(1404, 3, 28, 8, 39, 49)): '------------------------------------------------------------------------------  ضمنا  اطلاعات مربوطه را در لینک اعلامی ثبت کرده ام', ('request_details', jdatetime.datetime(1404, 4, 5, 11, 48, 7)): ''}",8 days 03:08:18,8 days 03:08:18,True
54,file_20_55.txt,مجوز پرداخت بخشی ار شهریه ,0942522907236652,mehdi hajjar,942522907,None,کارشناسی ارشد ناپیوسته_مدیریت کشاورزی_یزد_3991,"{('request_details', jdatetime.datetime(1404, 2, 17, 1, 26, 43)): 'با سلام \n\nاحتراما خواهشمند است مچور پرداخت مبلغ 4000000 تومان از کل مبلغ بدهی خود را دارم و مابقی را پایان شهریور ماه پرداخت می نمایم. خواهشمند است مساعدت لازم مبذول فرمایید', ('request_details', jdatetime.datetime(1404, 2, 24, 8, 18, 9)): '', ('request_details', jdatetime.datetime(1404, 4, 1, 1, 18, 24)): 'با سلام ازسامانه آموزشيار منوي ثبت نام دروس دانشجو/مديريت پرداختها /ساير پرداختها مشاهده و پرداخت را بزنید در كادر سفيد رنگ وسط صفحه مبلغ را بصورت دستي وارد و پرداخت نمايید\n\nباتشكر', ('request_details', jdatetime.datetime(1404, 4, 4, 11, 10, 4)): ''}",7 days 06:51:26,49 days 09:43:21,False
55,file_20_56.txt,درخواست برگزاری امتحان مجدد,306069702728461,سپیده حاج ابراهیمی,3060697027,403673483,کارشناسی پیوسته_مهندسی صنایع و سیستم ها_یزد_4031,"{('request_details', jdatetime.datetime(1404, 3, 28, 8, 49, 12)): 'با سلام و احترام\nبه دلیل وجود شرایط غیرقابل\u200c پیشبینی ایجاد شده در خصوص راه\u200cها و وسایل\u200c نقلیه و همچنین امنیت، دوری از محل سکونت، نگرانی و بی\u200cخبری از خانواده و ایجاد شدن فضای استرس\u200cزا و دلهره\u200cآور و تمرکز بسیار پایین به دلیل دوری از پدر و مادر؛ درخواست داریم بنا به گفته ی جناب دکتر دهقان اشکذری و اطلاعیه دانشگاه ازاد اسلامی یزد در خصوص دانشجویان غیربومی، امتحان مجددی برای درس سرکار خانم شهربانو مهینی بجستانی ""آیین زندگی ، اخلاق کاربردی "" در زمانی که دانشگاه اعلام میکند در نظر گرفته و برگزار شود. کاربرگ ثبت شده است، علاوه بر آن فایل این کاربرگ با همین درخواست نامه ارسال شده است.\nبا تشکر فراوان', ('request_details', jdatetime.datetime(1404, 4, 3, 12, 56, 22)): 'درخواست شما تکراری میباشد در خواست اولیه شما ارسال شد'}",6 days 04:07:10,6 days 04:07:10,False
56,file_20_57.txt,درخواست برگزاری امتحان مجدد,3060697027231633,سپیده حاج ابراهیمی,3060697027,403673483,کارشناسی پیوسته_مهندسی صنایع و سیستم ها_یزد_4031,"{('request_details', jdatetime.datetime(1404, 3, 28, 8, 47, 44)): 'با سلام و احترام\nبه دلیل وجود شرایط غیرقابل\u200c پیشبینی ایجاد شده در خصوص راه\u200cها و وسایل\u200c نقلیه و همچنین امنیت، دوری از محل سکونت، نگرانی و بی\u200cخبری از خانواده و ایجاد شدن فضای استرس\u200cزا و دلهره\u200cآور و تمرکز بسیار پایین به دلیل دوری از پدر و مادر؛ درخواست داریم بنا به گفته ی جناب دکتر دهقان اشکذری و اطلاعیه دانشگاه ازاد اسلامی یزد در خصوص دانشجویان غیربومی، امتحان مجددی برای درس جناب اقای حسن دهشیری ""انقلاب اسلامی ایران"" در زمانی که دانشگاه اعلام میکند در نظر گرفته و برگزار شود. کاربرگ ثبت شده است، علاوه بر آن فایل این کاربرگ با همین درخواست نامه ارسال شده است.\nبا تشکر فراوان', ('request_details', jdatetime.datetime(1404, 4, 3, 12, 55, 29)): ''}",6 days 04:07:45,6 days 04:07:45,True
57,file_20_58.txt,برگزاری امتحان مجدد دانشجویان غیر بومی ,4421200891792636,Amirhossein Yazdani,4421200891,40210530507057,کارشناسی پیوسته_میکروبیولوژی_یزد_4021,"{('request_details', jdatetime.datetime(1404, 4, 3, 9, 10, 44)): '------------------------------------------------------------------------اینجانب امیرحسین یزدانی اطلاعات خود را در لینک فرستاده شده توسط معاونت آموزشی و مدیر گروه در مورد برگزاری امتحانات مجدد روز ۲۵ خرداد ۱۴۰۴ درس فیزیولوژی میکروبی در ساعت ۱۶:۳۰ با استاد محمد جواد کاظمی پر کرده ام', ('request_details', jdatetime.datetime(1404, 4, 3, 12, 47, 49)): ''}",0 days 03:37:05,0 days 03:37:05,True
58,file_20_59.txt,درخواست  امتحان مجدد در امتحانات ۱۴۰۴,3060697027931877,سپیده حاج ابراهیمی,3060697027,403673483,کارشناسی پیوسته_مهندسی صنایع و سیستم ها_یزد_4031,"{('request_details', jdatetime.datetime(1404, 3, 29, 3, 52, 26)): '', ('request_details', jdatetime.datetime(1404, 4, 1, 1, 22, 16)): ''}",2 days 21:29:50,2 days 21:29:50,True
59,file_20_60.txt,اینجانبه بهناز اسماعیلی به شماره کدهای ۱۷۷۱۷۳۱۸۲۵۱۸۴۲۷ و ۱۷۷۱۷۴۳۳۶۶۲۴۰۲۸۱ به علت حضور نداشتن در ارزشیابی پایان ترم و پر کردن فرم ، درخواست حضور در ارزشیابی را دارم.,3410406727370058,behnaz esmaili,3410406727,10539801784,کارشناسی پیوسته_مهندسی پزشکی_یزد_3981,"{('request_details', jdatetime.datetime(1404, 3, 28, 4, 59, 5)): '', ('request_details', jdatetime.datetime(1404, 4, 1, 1, 21, 42)): ''}",3 days 20:22:37,3 days 20:22:37,True
60,file_20_61.txt,درخواست اصلاح کاربری سامانه سامد,0025261096301200,melika ardani,25261096,40210540106042,کارشناسی پیوسته_مهندسی پزشکی_یزد_4021,"{('request_details', jdatetime.datetime(1404, 4, 1, 1, 20, 33)): 'سلام در ورود به سامانه سامد ورود نا معتبر میزنه', ('request_details', jdatetime.datetime(1404, 4, 1, 12, 31, 4)): ''}",0 days 11:10:31,0 days 11:10:31,True
61,file_20_62.txt,درخواست اصلاح کاربری سامانه سامد,002526109662292,melika ardani,25261096,40210540106042,کارشناسی پیوسته_مهندسی پزشکی_یزد_4021,"{('request_details', jdatetime.datetime(1404, 4, 1, 1, 20, 12)): '', ('request_details', jdatetime.datetime(1404, 4, 1, 12, 32, 12)): ''}",0 days 11:12:00,0 days 11:12:00,True
62,file_20_63.txt,درخواست اصلاح کاربری سامانه سامد,0025261096660384,melika ardani,25261096,40210540106042,کارشناسی پیوسته_مهندسی پزشکی_یزد_4021,"{('request_details', jdatetime.datetime(1404, 4, 1, 1, 19, 32)): '', ('request_details', jdatetime.datetime(1404, 4, 1, 12, 31, 44)): ''}",0 days 11:12:12,0 days 11:12:12,True
63,file_20_64.txt,درخواست تخفیف شهریه  ( ازدواج دانشجویی),4421125466433407,Mitra Rezaie Hasanabad,4421125466,None,کارشناسی پیوسته_مهندسی پزشکی_یزد_4011,"{('request_details', jdatetime.datetime(1404, 2, 11, 10, 55, 41)): 'با سلام و احترام میخواستم ببینم امکان تخفیف شهریه برای دانشجویی که ازدواج کرده هست یا نه', ('request_details', jdatetime.datetime(1404, 2, 24, 7, 32, 6)): '', ('request_details', jdatetime.datetime(1404, 4, 1, 1, 17, 13)): 'با سلام از بازه 01/06/1403تا 1404/05/31 اگر ازدواج كنند حتما مدارك و مستندات را سريعا به  امور دانشجويي تحويل بدهید تا مهلت تمام نشده  مي توانیداستفاده كنید', ('request_details', jdatetime.datetime(1404, 4, 1, 10, 39, 18)): 'سلام \n\n اگر تاریخ ازدواج در این بازه باشد تخفیف شهریه تعلق می گیرد فقط مدارک مورد نیاز اصل و کپی شناسنامه زوجین و اصل و کپی سند ازدواج به همراه داشته و به امور دانشجویی مراجعه کنند باتشکر. 03531872405'}",12 days 20:36:25,51 days 23:43:37,False
64,file_20_65.txt,درخواست کارآموزی، کارورزی، طرح پویش,4421000000630164,Pegah Saadati,4421000000,None,کارشناسی پیوسته_مهندسی پزشکی_یزد_3991,"{('request_details', jdatetime.datetime(1404, 2, 10, 1, 20, 26)): 'با سلام، اینجانب درخواست صدور معرفی نامه کارورزی دارم.\nبا تشکر', ('request_details', jdatetime.datetime(1404, 2, 24, 7, 40, 39)): '', ('request_details', jdatetime.datetime(1404, 3, 31, 2, 17, 16)): 'با سلام لطفا با دفتر ارتباط با صنعت واقع در ساختمان طاهری طبقه اول مراجعه نمایید یا با تلفن03531872294 تماس حاصل فرمایید تا هماهنگی لازم برای ارسال نمامه صورت گیرد'}",14 days 06:20:13,52 days 00:56:50,False
65,file_20_66.txt,درخواست برگزاری امتحان مجدد,3060697027524727,سپیده حاج ابراهیمی,3060697027,403673483,کارشناسی پیوسته_مهندسی صنایع و سیستم ها_یزد_4031,"{('request_details', jdatetime.datetime(1404, 3, 28, 8, 50, 35)): 'با سلام و احترام\nبه دلیل وجود شرایط غیرقابل\u200c پیشبینی ایجاد شده در خصوص راه\u200cها و وسایل\u200c نقلیه و همچنین امنیت، دوری از محل سکونت، نگرانی و بی\u200cخبری از خانواده و ایجاد شدن فضای استرس\u200cزا و دلهره\u200cآور و تمرکز بسیار پایین به دلیل دوری از پدر و مادر؛ درخواست داریم بنا به گفته ی جناب دکتر دهقان اشکذری و اطلاعیه دانشگاه ازاد اسلامی یزد در خصوص دانشجویان غیربومی، امتحان مجددی برای درس سرکار خانم شهربانو مهینی بجستانی ""ریاضی عمومی 2"" در زمانی که دانشگاه اعلام میکند در نظر گرفته و برگزار شود. کاربرگ ثبت شده است، علاوه بر آن فایل این کاربرگ با همین درخواست نامه ارسال شده است.\nبا تشکر فراوان', ('request_details', jdatetime.datetime(1404, 3, 31, 9, 35, 47)): ''}",3 days 00:45:12,3 days 00:45:12,True
66,file_20_67.txt,امتحان مجدد,3040758144640783,کارن کارتی شاهم آبادی,3040758144,403653147,کارشناسی پیوسته_مهندسی و علم مواد_یزد_4031,"{('request_details', jdatetime.datetime(1404, 3, 29, 1, 6, 9)): '------------------------------------------------------------------------------امتحدان مجدد انقلاب اسلامی ایران', ('request_details', jdatetime.datetime(1404, 3, 31, 9, 34, 9)): ''}",2 days 08:28:00,2 days 08:28:00,True
67,file_20_68.txt,درخواست امتحان مجدد دارم,3140238533807901,مبینا زینلی,3140238533,403353479,کارشناسی پیوسته_مهندسی صنایع و سیستم ها_یزد_4031,"{('request_details', jdatetime.datetime(1404, 3, 29, 9, 23, 15)): 'با سلام و احترام\nدرخواست امتحان مجدد برای درس مورد نظر که در سامانه----\nhttps://yazd.iau.ir/fa/form/IVV\nپر نمودم را دارم\nبا تشکر از شما', ('request_details', jdatetime.datetime(1404, 3, 29, 10, 21, 16)): 'اطلاع رسانی شده است فرمهای مربوطه را تکمیل و ارسال نمایید'}",0 days 00:58:01,0 days 00:58:01,False
68,file_20_69.txt, با سلام درخواست امتحان مجدد دارم,3140223234243329,فاطمه باقری,3140223234,403383179,کارشناسی پیوسته_مهندسی صنایع و سیستم ها_یزد_4031,"{('request_details', jdatetime.datetime(1404, 3, 28, 4, 59, 41)): 'با سلام درخواست امتحان مجدد دارم', ('request_details', jdatetime.datetime(1404, 3, 29, 10, 18, 35)): 'اطلاع رسانی شده است فرمهای مربوطه را تکمیل و اکرین شات را ارسال نمایید'}",1 days 05:18:54,1 days 05:18:54,False
69,file_20_70.txt,درخواست برگزاری امتحان مجدد ویژه دانشجویان غیر پزشکی و پزشکی غیر بومی,3060591407894046,zahra salehi,3060591407,40210540106026,کارشناسی پیوسته_مهندسی پزشکی_یزد_4021,"{('request_details', jdatetime.datetime(1404, 3, 27, 10, 28, 19)): 'درخواست برگزاری امتحان مجدد ویژه دانشجویان غیر پزشکی و پزشکی غیر بومی', ('request_details', jdatetime.datetime(1404, 3, 29, 10, 16, 28)): 'اطلاع رسانی شده است مراحل تکمیل فرمها را انجام دهید و اسکرین شات را ارسال نمایید'}",1 days 23:48:09,1 days 23:48:09,False
70,file_20_71.txt,فعالسازی رمز عبور,3060591407265647,zahra salehi,3060591407,40210540106026,کارشناسی پیوسته_مهندسی پزشکی_یزد_4021,"{('request_details', jdatetime.datetime(1404, 3, 27, 9, 28, 40)): 'با سلام و احترام\n\nخواهشمند است رمز عبور مرا فعال نمایید.\n\nمتشکرم.', ('request_details', jdatetime.datetime(1404, 3, 29, 10, 14, 32)): ''}",2 days 00:45:52,2 days 00:45:52,True
71,file_20_72.txt,امتحان مجدد,3040697307865059,امیرمحسن رضایتی آج بیشه,3040697307,403803923,کارشناسی پیوسته_مهندسی پزشکی_یزد_4032,"{('request_details', jdatetime.datetime(1404, 3, 28, 6, 24, 21)): '', ('request_details', jdatetime.datetime(1404, 3, 29, 10, 13, 3)): 'اطلاع رسانی شده است فرمهای مربوطه را تکمیل و اکرین شات را ارسال نمایید'}",1 days 03:48:42,1 days 03:48:42,False
72,file_20_73.txt,درخواست شرکت در امتحان مجدد ,5420077698968994,Nazanin Askari zaman,5420077698,40210540106029,کارشناسی پیوسته_مهندسی پزشکی_یزد_4021,"{('request_details', jdatetime.datetime(1404, 3, 27, 10, 54, 41)): 'با سلام فرم کاربرگ درخواست آزمون مجدد پر شد.\nباتشکر--------------------------------------------------------------------------', ('request_details', jdatetime.datetime(1404, 3, 29, 10, 12, 6)): 'اطلاع رسانی شده است فرمهای مربوطه را تکمیل و اسکرین شات را ارسال نمایید'}",1 days 23:17:25,1 days 23:17:25,False
73,file_20_74.txt,ارائه تحقیق درس زیست سلولی و مولکولی,3060591407426732,zahra salehi,3060591407,40210540106026,کارشناسی پیوسته_مهندسی پزشکی_یزد_4021,"{('request_details', jdatetime.datetime(1404, 3, 28, 8, 26, 20)): 'ارائه تحقیق درس زیست سلولی و مولوکی', ('request_details', jdatetime.datetime(1404, 3, 29, 10, 11, 18)): 'با مدیر گروه خود در ارتباط باشید'}",1 days 01:44:58,1 days 01:44:58,False
74,file_20_75.txt,درخواست شرکت در امتحانات تابستان,5420077698741228,Nazanin Askari zaman,5420077698,40210540106029,کارشناسی پیوسته_مهندسی پزشکی_یزد_4021,"{('request_details', jdatetime.datetime(1404, 3, 28, 11, 26, 53)): 'باسلام و عرض خسته نباشید\nبا توجه به شرایط کشور و عدم حضور در امتحانات پایان ترم خردادماه،درخواست شرکت در امتحانات تایستان۱۴۰۴ را دارم.\nدرضمن کاربرگ درخواست شرکت در امتحانات۱۴۰۴ توسط بنده تکمیل گردیده و جزئیات تمامی امتحانات در کاربرگ موجود است.\nباتشکر از شما', ('request_details', jdatetime.datetime(1404, 3, 29, 10, 9, 4)): 'اطلاع رسانی شده است اسکرین شات فرمهای مربوطه را بعد از تکمیل ارسال نمایید'}",0 days 22:42:11,0 days 22:42:11,False
75,file_20_76.txt,کاربرگ برای امتحان مجدد,3242727797997178,yasaman Nikro,3242727797,40210540106011,کارشناسی پیوسته_مهندسی پزشکی_یزد_4021,"{('request_details', jdatetime.datetime(1404, 3, 28, 12, 12, 37)): '', ('request_details', jdatetime.datetime(1404, 3, 29, 10, 8, 10)): 'اطلاع رسانی شده است اسکرین شات فرمهای مربوطه را ارسال نمایید'}",0 days 21:55:33,0 days 21:55:33,False
76,file_20_77.txt,درخواست مرخصی تحصیلی,4421254101761240,عرشیا فراشاهیان یزدی,4421254101,40110540106049,کارشناسی پیوسته_مهندسی پزشکی_یزد_4011,"{('request_details', jdatetime.datetime(1404, 3, 22, 10, 27, 33)): 'سلام . با توجه به اینکه نتوانستم در ترم جاری انتخاب واحد نمایم درخواست ثبت مرخصی برای ترم جاری دارم\n\nلطفا درخواست من به اقای حمیدی نژاد ارسال گردد', ('request_details', jdatetime.datetime(1404, 3, 29, 10, 5, 26)): ''}",6 days 23:37:53,6 days 23:37:53,True
77,file_20_78.txt,,5420081911649568,shabnam parvayandeh,5420081911,40210540106038,کارشناسی پیوسته_مهندسی پزشکی_یزد_4021,"{('request_details', jdatetime.datetime(1404, 3, 28, 2, 30, 19)): 'باسلام و عرض ادب به علت اتفاقات اخیرو خوابگاهی بودنم درخواست امتحان مجدد روز سه شنبه-چهرشنبه- پنجشنبه -جمعه را دارم------------------------------------------------------------------------------', ('request_details', jdatetime.datetime(1404, 3, 29, 10, 4, 32)): 'اطلاع رسانی به دانشجویان شده است'}",1 days 07:34:13,1 days 07:34:13,False
78,file_20_79.txt,درخواست امتحان مجدد,5420081911277353,shabnam parvayandeh,5420081911,40210540106038,کارشناسی پیوسته_مهندسی پزشکی_یزد_4021,"{('request_details', jdatetime.datetime(1404, 3, 28, 2, 33, 52)): 'سلام و عرض ادب به دلیل اتفاقات اخیر و خوابگاهی بودنم درخواست امتحان مجدددر روز های ۲۷-۲۸-۲۹-۳۰ خرداد دارم --------------------------------------------------------------------------', ('request_details', jdatetime.datetime(1404, 3, 29, 10, 3, 40)): 'اطلاع رسانی برای همه دانشجویان شده است به سایت دانشگاه مراجعه فرم راغ تکمیل و اسکرین شات را ارسال نمایید'}",1 days 07:29:48,1 days 07:29:48,False
79,file_20_80.txt,درخواست اخذ واحد ترم تابستان,4421249505753442,fatemeh hajimokhtary,4421249505,40210540310004,کارشناسی پیوسته_مهندسی صنایع_یزد_4021,"{('request_details', jdatetime.datetime(1404, 3, 12, 3, 1, 44)): '', ('request_details', jdatetime.datetime(1404, 3, 21, 9, 34, 19)): 'در صورت ارایه اطلاع رسانی خواهد شد'}",9 days 06:32:35,9 days 06:32:35,False
80,file_20_81.txt,اخذ ترم تابستان,3120386898656361,Fatemeh Soltaninejad,3120386898,40210540720004,کارشناسی پیوسته_مهندسی مواد و متالورژی_یزد_4021,"{('request_details', jdatetime.datetime(1404, 3, 17, 3, 6, 26)): '', ('request_details', jdatetime.datetime(1404, 3, 21, 9, 33, 31)): 'در صورت ارایه دروس اطلاع رسانی خواهد شد'}",4 days 06:27:05,4 days 06:27:05,False
81,file_20_82.txt,درخواست اخذ وام دانشجویی,4421249505360242,fatemeh hajimokhtary,4421249505,40210540310004,کارشناسی پیوسته_مهندسی صنایع_یزد_4021,"{('request_details', jdatetime.datetime(1404, 3, 12, 3, 3, 31)): '', ('request_details', jdatetime.datetime(1404, 3, 21, 9, 32, 31)): ''}",9 days 06:29:00,9 days 06:29:00,True
82,file_20_83.txt,درخواست صدور کارت دانشجویی,4421427268360230,سیدمصطفی طباطبائی ندوشن,4421427268,403576140,کارشناسی پیوسته_میکروبیولوژی_یزد_4031,"{('request_details', jdatetime.datetime(1404, 3, 19, 9, 57, 30)): 'کرت', ('request_details', jdatetime.datetime(1404, 3, 21, 9, 30, 43)): ''}",1 days 23:33:13,1 days 23:33:13,True
83,file_20_84.txt,درخواست ترم تابستان برای واحد دیگر,3242727797914244,yasaman Nikro,3242727797,40210540106011,کارشناسی پیوسته_مهندسی پزشکی_یزد_4021,"{('request_details', jdatetime.datetime(1404, 3, 11, 1, 2, 8)): '', ('request_details', jdatetime.datetime(1404, 3, 21, 9, 29, 52)): 'باسلام\n\nدر صورت موافقت مدیر گروه و ارایه نشدن دروس در واحد مبدا باید اطمینان پیدا کنید که در واحد مقصد دروس مورد نظر ارایه شده است سپس از طریق نقل و انتقالات و سامانه منادا اقدام نمایید باسپاس'}",10 days 08:27:44,10 days 08:27:44,False
84,file_20_85.txt,از من بپرس (اخذ راهنمایی اداری),4420958391176553,فاطمه شاکری حسین اباد,4420958391,403102484,کارشناسی ارشد ناپیوسته_مهندسی پزشکی - بیومتریال_یزد_4031,"{('request_details', jdatetime.datetime(1404, 3, 10, 5, 19, 26)): 'سلام وقت بخیر. من باید برای کلاس مسئول فنی و دریافت مدرک ان٫ باید اصل مدرک لیسانسم را اسکن کنم داخل سایت اما من فقط کپی برابراصل مدرک را دارم که مورد قبول انها نیست. امکانش هست که از دانشگاه درخواست کنم مدرکم را بدهند تا عکس بگیرم از ان؟', ('request_details', jdatetime.datetime(1404, 3, 12, 8, 43, 5)): ''}",2 days 03:23:39,2 days 03:23:39,True
85,file_20_86.txt,ارائه ترم تابستان,4440178944859561,عباسعلی ملاحسینی اردکانی,4440178944,403576385,کارشناسی پیوسته_میکروبیولوژی_یزد_4031,"{('request_details', jdatetime.datetime(1404, 3, 10, 10, 56, 31)): 'لطفاکاملتر توضیح دهید ؟---------------------------- جزئیات درخواست ------------------------------'}",,,True
86,file_20_87.txt,در چه صورت امکان اخذ 23 واحد وجود دارد‍؟,4421006017488078,اتنا عسکری,4421006017,None,کارشناسی ارشد ناپیوسته_مهندسی پزشکی - بیومتریال_یزد_4031,"{('request_details', jdatetime.datetime(1404, 2, 27, 5, 45, 43)): '', ('request_details', jdatetime.datetime(1404, 3, 7, 12, 51, 13)): 'معدل بالای 17 یا ترم آخرباشید'}",11 days 07:05:30,11 days 07:05:30,False
87,file_20_88.txt,درخواست گواهی اشتغال  به تحصیل,4421316611431853,nazanin antikchi,4421316611,40210540106019,کارشناسی پیوسته_مهندسی پزشکی_یزد_4021,"{('request_details', jdatetime.datetime(1404, 3, 5, 6, 34, 30)): '', ('request_details', jdatetime.datetime(1404, 3, 7, 12, 50, 13)): 'لطفا توضیح دهید که گواهی برای چه اداره سازمان یا شرکتی میخواهید صادر شود'}",2 days 06:15:43,2 days 06:15:43,False
88,file_20_89.txt,درخواستهای مربوط به دانشجویان نمونه,4420981571601901,Mina Shamsaddini,4420981571,40210540129003,کارشناسی ارشد ناپیوسته_مهندسی پزشکی - بیومتریال_یزد_4021,"{('request_details', jdatetime.datetime(1404, 3, 5, 6, 1, 33)): '', ('request_details', jdatetime.datetime(1404, 3, 7, 12, 49, 9)): ''}",2 days 06:47:36,2 days 06:47:36,True
89,file_20_90.txt,درخواست اخذ وام دانشجویی,442110770072244,narges dehghan,4421107700,40110540106052,کارشناسی پیوسته_مهندسی پزشکی_یزد_4011,"{('request_details', jdatetime.datetime(1404, 3, 6, 11, 24, 45)): '----ترم شش هستم و میخوام وام بگیرم\nاین وام چه مبلغی است و چه کارهایی لازم است انجام بدهم؟-------------------------------------------------------------------', ('request_details', jdatetime.datetime(1404, 3, 6, 11, 46, 52)): ''}",0 days 00:22:07,0 days 00:22:07,True
90,file_20_91.txt,درخواست خلاصه وضعیت تحصیلی,4421107700752249,narges dehghan,4421107700,40110540106052,کارشناسی پیوسته_مهندسی پزشکی_یزد_4011,"{('request_details', jdatetime.datetime(1404, 3, 6, 11, 25, 52)): '', ('request_details', jdatetime.datetime(1404, 3, 6, 11, 45, 30)): 'لطفا مجدد در خواست خود را تایپ کنید و ارسال کنید پوشه ارسالی باز نمیشود'}",0 days 00:19:38,0 days 00:19:38,False
91,file_20_92.txt,سایر,4421206016868785,yasamin dehghan,4421206016,40110540106014,کارشناسی پیوسته_مهندسی پزشکی_یزد_4011,"{('request_details', jdatetime.datetime(1404, 3, 3, 10, 59, 12)): 'سلام میخواهم 23 واحد بگیرم باید چه کار کنم', ('request_details', jdatetime.datetime(1404, 3, 4, 9, 54, 4)): 'سلام حتما باید معدل بالای 17 داشته باشید یا ترم آخر باشید'}",0 days 22:54:52,0 days 22:54:52,False
92,file_20_93.txt,از من بپرس (اخذ راهنمایی اداری),442063348454564,hanieh kheirandish,4420633484,40110540106025,کارشناسی پیوسته_مهندسی پزشکی_یزد_4011,"{('request_details', jdatetime.datetime(1404, 3, 1, 4, 36, 22)): 'با سلام و عرض ادب\n\nمیخواستم بپرسم که با چند واحد امکان فارغ التحصیل شدن وجود داره؟!', ('request_details', jdatetime.datetime(1404, 3, 4, 9, 29, 8)): 'با سلام با 144 واحد فارغ التحصیل میشوید'}",3 days 04:52:46,3 days 04:52:46,False
93,file_20_94.txt,درخواست اصلاح کاربری سامانه سامد,4421130745634026,parniyan Karaminejad,4421130745,40110540310011,کارشناسی پیوسته_مهندسی صنایع_یزد_4011,"{('request_details', jdatetime.datetime(1404, 3, 4, 9, 19, 1)): 'رمز عبورم را فراموش کردم.', ('request_details', jdatetime.datetime(1404, 3, 4, 9, 26, 15)): ''}",0 days 00:07:14,0 days 00:07:14,True
94,file_20_95.txt,از من بپرس (اخذ راهنمایی اداری),4420784008632223,Mahdieh Redaei,4420784008,40210540129012,کارشناسی ارشد ناپیوسته_مهندسی پزشکی - بیومتریال_یزد_4021,"{('request_details', jdatetime.datetime(1404, 2, 30, 6, 27, 59)): 'با سلام و احترام\nسقف تعداد واحد هر ترم ارشد چقدر است؟', ('request_details', jdatetime.datetime(1404, 2, 31, 12, 29, 41)): ''}",1 days 06:01:42,1 days 06:01:42,True
95,file_20_96.txt,,3040697307399121,امیرمحسن رضایتی آج بیشه,3040697307,None,کارشناسی پیوسته_مهندسی پزشکی_یزد_4032,"{('request_details', jdatetime.datetime(1404, 2, 27, 4, 47, 49)): '--------------------------------------------------------------------------شرایط انتخاب واحد و مهمانی در تابستان', ('request_details', jdatetime.datetime(1404, 2, 31, 12, 29, 12)): 'انتخاب واحد در تابستان در صورتی که درس ارایه شود تا سقف 8 واحد میتوانید اخذ نمایید برای مهمانی هم باید در سامانه منادا یا مراجعه به نقل و انتقالات در صورت موافقت مدیر گروه  اقدام نمایید'}",4 days 07:41:23,4 days 07:41:23,False
96,file_20_97.txt,اخذ واحد بیشتر,4421033431870413,Nazanin Dejkam,4421033431,None,کارشناسی پیوسته_مهندسی پزشکی_یزد_4001,"{('request_details', jdatetime.datetime(1404, 2, 28, 1, 53, 4)): 'سلام وقت بخیر\nدر چه صورت امکان اخذ ۲۳ واحد وجود دارد؟', ('request_details', jdatetime.datetime(1404, 2, 31, 12, 26, 27)): 'فقط معدل بالای 17 یا ترم آخر باشید'}",3 days 10:33:23,3 days 10:33:23,False
97,file_20_98.txt,درخواست بازدید علمی انجمن علمی,4421170917359839,Saghar Tavangar Marvasti,4421170917,40110540106020,کارشناسی پیوسته_مهندسی پزشکی_یزد_4011,"{('request_details', jdatetime.datetime(1404, 2, 31, 12, 2, 37)): '', ('request_details', jdatetime.datetime(1404, 2, 31, 12, 25, 38)): 'فرمهای مربوطه را از انتشارات تهیه کنید و امضاهای مربوطه را جهت بازدید جمع آوری کنید'}",0 days 00:23:01,0 days 00:23:01,False
98,file_20_99.txt,باسلام و احترام تاریخ شروع امتحانات ترم چه زمانی هست؟,4421217565208758,mohadeseh zare,4421217565,40110540106002,کارشناسی پیوسته_مهندسی پزشکی_یزد_4011,"{('request_details', jdatetime.datetime(1404, 2, 31, 11, 14, 1)): '', ('request_details', jdatetime.datetime(1404, 2, 31, 12, 24, 4)): 'با سلام از 17 خرداد شروع میشود'}",0 days 01:10:03,0 days 01:10:03,False
99,file_20_100.txt,درخواست بازدید علمی انجمن علمی,4421258636186050,Farzane fallah,4421258636,40210540106006,کارشناسی پیوسته_مهندسی پزشکی_یزد_4021,"{('request_details', jdatetime.datetime(1404, 2, 31, 12, 23, 16)): 'شما باید فرم درخواست را از انتشارات دانشگاه تهیه و امضاهای مربوطه را جهت بازدید جمع آوری کنید------------------------------ جزئیات درخواست ------------------------------'}",,,True
100,file_20_101.txt,از من بپرس (اخذ راهنمایی اداری),5510063009566932,Amirreza Aboutalebi,5510063009,None,کارشناسی پیوسته_مهندسی پزشکی_یزد_4001,"{('request_details', jdatetime.datetime(1404, 2, 26, 2, 12, 14)): 'در چه صورت امکان اخد ۲۳ واحد وجود دارد', ('request_details', jdatetime.datetime(1404, 2, 30, 8, 25, 15)): 'معدل بالای 17'}",4 days 06:13:01,4 days 06:13:01,False
101,file_20_102.txt,از من بپرس (اخذ راهنمایی اداری),4711190384264982,Habib Ollah Jokar,4711190384,None,کارشناسی پیوسته_مهندسی پزشکی_یزد_4011,"{('request_details', jdatetime.datetime(1404, 2, 29, 1, 20, 23)): 'تا چند ترم می تونیم سنوات اخذ کنیم', ('request_details', jdatetime.datetime(1404, 2, 30, 8, 24, 13)): ''}",1 days 07:03:50,1 days 07:03:50,True
102,file_20_103.txt,درخواست کارآموزی، کارورزی، طرح پویش,044132418583651,Amirsalar Zargary,441324185,None,کارشناسی پیوسته_میکروبیولوژی_یزد_4021,"{('request_details', jdatetime.datetime(1404, 2, 25, 9, 4, 3)): '', ('request_details', jdatetime.datetime(1404, 2, 28, 1, 9, 8)): 'مراجعه به کارشناس گروه'}",2 days 16:05:05,2 days 16:05:05,False
103,file_20_104.txt,درخواست کارآموزی، کارورزی، طرح پویش,044132418552098,Amirsalar Zargary,441324185,None,کارشناسی پیوسته_میکروبیولوژی_یزد_4021,"{('request_details', jdatetime.datetime(1404, 2, 25, 9, 1, 51)): '', ('request_details', jdatetime.datetime(1404, 2, 28, 1, 8, 28)): 'مراجعه به کارشناس گروه صمیمی'}",2 days 16:06:37,2 days 16:06:37,False
104,file_20_105.txt,از من بپرس (اخذ راهنمایی اداری),4421456284714725,سیده فاطمه میراحمدی,4421456284,None,کارشناسی پیوسته_مهندسی پزشکی_یزد_4031,"{('request_details', jdatetime.datetime(1404, 2, 27, 6, 54, 59)): 'باسلام\nبا چه شرایطی می\u200cتوانیم بیست و سه واحد برای یک ترم برداریم ؟', ('request_details', jdatetime.datetime(1404, 2, 28, 1, 6, 55)): 'سلام در صورتی که معدل بالای 17 داشته باشید'}",0 days 18:11:56,0 days 18:11:56,False
105,file_20_106.txt,درخواست خلاصه وضعیت تحصیلی,4421050946802814,parnian Nasri,4421050946,None,کارشناسی پیوسته_مهندسی پزشکی_یزد_4001,"{('request_details', jdatetime.datetime(1404, 2, 27, 8, 42, 43)): 'درخواست خلاصه وضعیت تحصیلی', ('request_details', jdatetime.datetime(1404, 2, 28, 1, 6, 1)): ''}",0 days 16:23:18,0 days 16:23:18,True
106,file_20_107.txt,,3040697307399121,امیرمحسن رضایتی آج بیشه,3040697307,None,کارشناسی پیوسته_مهندسی پزشکی_یزد_4032,"{('request_details', jdatetime.datetime(1404, 2, 27, 4, 47, 49)): '--------------------------------------------------------------------------شرایط انتخاب واحد و مهمانی در تابستان', ('request_details', jdatetime.datetime(1404, 2, 28, 1, 4, 57)): 'در صورتی که درس ارایه شود تا سقف 8 واحد در تابستان میتوانید اخذ کنید و اگر ارایه نشود میتوانید با تایید مدیر گروه در سامانه منادی در خواست مهمانی بدهید'}",0 days 20:17:08,0 days 20:17:08,False
107,file_20_108.txt,امتحان,4421192597347357,Hossein Zolfaghari,4421192597,None,کارشناسی پیوسته_مهندسی پزشکی_یزد_4021,"{('request_details', jdatetime.datetime(1404, 2, 27, 4, 54, 20)): 'سلام خسته نباشید درخواست امتحانی دارم میفرستم!', ('request_details', jdatetime.datetime(1404, 2, 28, 1, 2, 43)): ''}",0 days 20:08:23,0 days 20:08:23,True
108,file_20_109.txt,چطور امکان اخذ 23 واحد وجود دارد؟,4421370290289347,مطهره هاشمی,4421370290,None,کارشناسی پیوسته_مهندسی پزشکی_یزد_4031,"{('request_details', jdatetime.datetime(1404, 2, 27, 6, 58, 12)): '------------------------------------------------------------------------------                                                                                                                                                               باسلام در چه صورت امکان اخذ 23 واحد وجود دارد؟', ('request_details', jdatetime.datetime(1404, 2, 28, 12, 58, 36)): 'سلام باید معدل بالای 17 داشته باشید یا ترم اخر باشید'}",1 days 06:00:24,1 days 06:00:24,False
109,file_20_110.txt,اخذ 23 واحد,4480182888896087,mohammad saeed fazeli,4480182888,None,کارشناسی پیوسته_مهندسی پزشکی_یزد_4011,"{('request_details', jdatetime.datetime(1404, 2, 28, 12, 55, 54)): 'شما در صورتی که معدل بالای 17 داشته باشی یا ترم اخر باشید و در صورتی که فقط 24 واحد برای فارغ التحصیلی  داشته باشی میتوانید  24 واحد اخذ کنید\n\n\n\n-----------شما ------------------- جزئیات درخواست ------------------------------ با سلام و عوض ادب\nدر چه صورت امکان اخذ 23 واحد وجود دارد'}",,,True
110,file_20_111.txt,درخواست گواهی اشتغال  به تحصیل,4421356956865433,Mohamd Yasin Yavri,4421356956,None,کارشناسی پیوسته_علوم و مهندسی صنایع غذایی_یزد_4021,"{('request_details', jdatetime.datetime(1404, 2, 24, 2, 15, 59)): '', ('request_details', jdatetime.datetime(1404, 2, 25, 9, 52, 20)): 'مشخص بفرمایید برای چه سازمان یا اداره ای می خواهید'}",1 days 07:36:21,1 days 07:36:21,False
111,file_20_112.txt,از من بپرس (اخذ راهنمایی اداری),2530242380610094,Roya Alamdari,2530242380,None,کارشناسی پیوسته_مهندسی پزشکی_یزد_4001,"{('request_details', jdatetime.datetime(1404, 2, 25, 2, 12, 31)): '------------------------------------------------------------------------------کارآموزی باید چن ساعت باشه؟', ('request_details', jdatetime.datetime(1404, 2, 25, 9, 42, 33)): ''}",0 days 07:30:02,0 days 07:30:02,True
112,file_20_113.txt,چگونگی برداشتم ۲۳ واحد درسی ,3100577965608423,امیرمحمد اماندادی,3100577965,None,کارشناسی پیوسته_میکروبیولوژی_یزد_4031,"{('request_details', jdatetime.datetime(1404, 2, 25, 9, 39, 48)): 'در دو صورت میتوانید بیشتر از 20 واحد اخذ کنید 1- معدل بالای 17 داشته باشید 2- ترم آخر و فارغ التحصیل باشید با سلام و عرض ادب \nبا توجه به اینکه اطلاع داده بودن که معدل بالای ۱۷ جزوی از معدل الف ها است میتوانم ۲۳ واحد درسی را بردارم یا خیر ؟\nتشکر از پاسخگویی شما', ('request_details', jdatetime.datetime(1404, 2, 25, 12, 57)): ''}",0 days 03:17:12,0 days 03:17:12,True
113,file_20_114.txt,باسلام و احترام لطف کنید تاریخ شروع امتحانات پایان ترم را برای من ارسال کنید,4450107063788481,Shiva bidoki,4450107063,None,کارشناسی پیوسته_مهندسی پزشکی_یزد_4011,"{('request_details', jdatetime.datetime(1404, 2, 10, 9, 55, 35)): '', ('request_details', jdatetime.datetime(1404, 2, 24, 8, 29, 5)): 'باسلام به سامانه آمزشیار چاپ برگه انتخاب واحد مراجعه فرمایید'}",13 days 22:33:30,13 days 22:33:30,False
114,file_20_115.txt,درخواست معرفی به استاد,044110097151843,Dorsa Zare,441100971,None,کارشناسی پیوسته_مهندسی پزشکی_یزد_4001,"{('request_details', jdatetime.datetime(1404, 2, 10, 11, 6, 25)): '', ('request_details', jdatetime.datetime(1404, 2, 24, 8, 27, 25)): 'مراجعه به کارشناس گروه آقای سلیمیان'}",13 days 21:21:00,13 days 21:21:00,False
115,file_20_116.txt,درخواست مرخصی تحصیلی,4421254101770490,arshiya Farashahiyan,4421254101,None,کارشناسی پیوسته_مهندسی پزشکی_یزد_4011,"{('request_details', jdatetime.datetime(1404, 2, 15, 11, 20, 37)): 'سلام . با توجه به اینکه نتوانستم در ترم جاری انتخاب واحد نمایم درخواست ثبت مرخصی برای ترم جاری دارم', ('request_details', jdatetime.datetime(1404, 2, 24, 8, 23, 59)): 'سلام به اداره خدمات آموزشی آقای حمید نژاد مراجعه فرمایید'}",8 days 21:03:22,8 days 21:03:22,False
116,file_20_117.txt,با سلام و احترام درخواست کارت ورود به جلسه میانترم را دارم,2530273723857746,kimia kheirandish,2530273723,None,کارشناسی پیوسته_مهندسی پزشکی_یزد_4011,"{('request_details', jdatetime.datetime(1404, 2, 16, 9, 59, 48)): '', ('request_details', jdatetime.datetime(1404, 2, 24, 8, 20, 40)): ''}",7 days 22:20:52,7 days 22:20:52,True
117,file_20_118.txt,سلام زمان شروع امتحانات پایان ترم رو اطلاع دهید ,4421235083625268,Mohammd Kahdouei,4421235083,None,کارشناسی پیوسته_مهندسی پزشکی_یزد_4011,"{('request_details', jdatetime.datetime(1404, 2, 10, 11, 53, 56)): '', ('request_details', jdatetime.datetime(1404, 2, 24, 7, 39, 50)): 'سلام. لطفا به قسمت مشاهده آخرین وضعیت ثبت نام خود در اموزشیار مراجعه فرمایید.'}",13 days 19:45:54,13 days 19:45:54,False
118,file_20_119.txt,درخواست گواهی اشتغال  به تحصیل,0250107554908480,Arian fooladi,250107554,None,کارشناسی پیوسته_مهندسی پزشکی_یزد_4011,"{('request_details', jdatetime.datetime(1404, 2, 15, 4, 30, 26)): '', ('request_details', jdatetime.datetime(1404, 2, 24, 7, 36, 28)): 'سلام. مشخص نمایید برای چه سازمانی می باشد.'}",9 days 03:06:02,9 days 03:06:02,False
119,file_20_120.txt,تاییدیه درخواست خروج از کشور,4420717068876387,mahdi hakimizad,4420717068,None,کارشناسی ارشد ناپیوسته_مهندسی پزشکی  بیومتریال_یزد_4021,"{('request_details', jdatetime.datetime(1404, 2, 16, 2, 6, 35)): 'باسلام باتوجه به درخواستی که در سامانه epolice داده شده لطفا تاییدیه درخواست خروج از کشور رو برای من تایید بفرمایید از همکاری شما کمال تشکر را دارم', ('request_details', jdatetime.datetime(1404, 2, 24, 7, 35, 20)): ''}",8 days 05:28:45,8 days 05:28:45,True
120,file_20_121.txt,از من بپرس (اخذ راهنمایی اداری),4421222984368165,علیرضا فلاح تفتی,4421222984,None,کارشناسی پیوسته_علوم و مهندسی صنایع غذایی_یزد_4011,"{('request_details', jdatetime.datetime(1404, 2, 15, 12, 35, 23)): 'درود و احترام \n\nتاریخ شروع امتحانات پایان ترم تغییر کرده یا از همان ۱۷ام شروع می شود؟', ('request_details', jdatetime.datetime(1404, 2, 24, 7, 32, 52)): 'سلام. دقیقا موضوع خود را بیان نمایید.'}",8 days 18:57:29,8 days 18:57:29,False
121,file_20_122.txt,آزمایش ارسال درخواست,4421112445504392,Abolfazl Mehdipour,4421112445,None,کارشناسی پیوسته_مهندسی پزشکی_یزد_4011,"{('request_details', jdatetime.datetime(1404, 2, 16, 10, 1, 30)): 'با سلام و احترام \nاین درخواست صرفا برای آزمایش میباشد', ('request_details', jdatetime.datetime(1404, 2, 24, 7, 30, 49)): 'سلام. دریافت شد'}",7 days 21:29:19,7 days 21:29:19,False
