﻿,file_name,subject,refrence_code,student_name,national_id,student_id,major,message,latency,duration,is_null
0,file_23_1.txt,حامد,5529973541987414,hamed Fazeli,5529973541,403719810,کاردانی ناپیوسته_آموزش و پرورش ابتدایی_یزد_4031,"{('request_details', jdatetime.datetime(1404, 5, 27, 12, 19, 44)): 'با سلام و عرض ادب \n\nاحتراما بعد از پاسخ به اینجانب عودت دهید', ('main_message', jdatetime.datetime(1404, 5, 27, 12, 19, 52)): ""از: 'کاردانی - sm-105-20627-2-4031@iau.ir '\n\nبه: 'واحد - 356288@iau.ir '\n\nموضوع: 'حامد'\n\n\n\nبا سلام و عرض ادب \n\nاحتراما بعد از پاسخ به اینجانب عودت دهید"", ('request_details', jdatetime.datetime(1404, 5, 27, 12, 39, 24)): '', ('main_message', jdatetime.datetime(1404, 5, 28, 9, 23, 39)): ""از: '356288 - 356288@iau.ir '\n\nبه: 'کاردانی - sm-105-20627-2-4031@iau.ir '\n\nموضوع: 'پاسخ: حامد'\n\nسلام جهت برسي به گروه اموزشي مراجعه شود"", ('request_details', jdatetime.datetime(1404, 5, 30, 12, 16, 30)): 'سلام جهت برسي به گروه اموزشي مراجعه شود'}",0 days 00:00:08,2 days 23:56:46,False
1,file_23_2.txt,درخواست کد اخلاق برای دانشجویان پزشکی  پرستاری,443337334641247,hamid rozehyazdi,4433373346,40210520733052,کارشناسی ارشد ناپیوسته_روان شناسی بالینی_یزد_4021,"{('request_details', jdatetime.datetime(1404, 5, 25, 8, 34, 21)): '', ('request_details', jdatetime.datetime(1404, 5, 26, 9, 57, 51)): 'سرکار خانم جعفری \n\nبا سلام\n\n احتراما آقای حمید روضه یزدی با کد ملی 4433373346 دانشجوی رشته روان شناسی - بالینی هنوزدفاع نکرده و درخواست کد اخلاق دارد.فرم ها به پیوست می باشد', ('main_message', jdatetime.datetime(1404, 5, 26, 9, 58)): ""از: 'کارشناسی - sm-105-20733-5-4021@iau.ir '\n\nبه: 'دانشکده - 336774@iau.ir '\n\nموضوع: 'درخواست کد اخلاق برای دانشجویان پزشکی پرستاری'\n\n\n\nسرکار خانم جعفری \n\nبا سلام\n\n احتراما آقای حمید روضه یزدی با کد ملی 4433373346 دانشجوی رشته روان شناسی - بالینی هنوزدفاع نکرده و درخواست کد اخلاق دارد.فرم ها به پیوست می باشد"", ('main_message', jdatetime.datetime(1404, 5, 27, 8, 45, 5)): ""از: '336774 - 336774@iau.ir '\n\nبه: 'کارشناسی - sm-105-20733-5-4021@iau.ir '\n\nموضوع: 'پاسخ: درخواست کد اخلاق برای دانشجویان پزشکی پرستاری'\n\nبا سلام لطفا مدارک را چاپ و به دفتر تحویل دهید توجه داشته باشید جلسه در مهرماه تشکیل خواهد شد و شما در صورت دفاع پایان نامه نمیتوانید کد اخلاق اخذ کنید."", ('request_details', jdatetime.datetime(1404, 5, 30, 12, 12, 42)): 'با سلام لطفا مدارک را چاپ و به دفتر تحویل دهید توجه داشته باشید جلسه در مهرماه تشکیل خواهد شد و شما در صورت دفاع پایان نامه نمیتوانید کد اخلاق اخذ کنید.'}",1 days 01:23:30,5 days 03:38:21,False
2,file_23_3.txt,درخواست معرفی به استاد,5529550932120915,حمید جنتی,5529550932,403713325,کاردانی ناپیوسته_آموزش و پرورش ابتدایی_یزد_4031,"{('request_details', jdatetime.datetime(1404, 5, 26, 4, 27, 31)): '', ('request_details', jdatetime.datetime(1404, 5, 28, 12, 32, 52)): 'با سلام و عرض ادب \n\nبعد از پاسخگویی به اینجانب اطلاع دهید', ('main_message', jdatetime.datetime(1404, 5, 28, 12, 32, 59)): ""از: 'کاردانی - sm-105-20627-2-4031@iau.ir '\n\nبه: 'واحد - 356288@iau.ir '\n\nموضوع: 'درخواست معرفی به استاد'\n\n\n\nبا سلام و عرض ادب \n\nبعد از پاسخگویی به اینجانب اطلاع دهید"", ('main_message', jdatetime.datetime(1404, 5, 29, 10, 19, 44)): ""از: '356288 - 356288@iau.ir '\n\nبه: 'کاردانی - sm-105-20627-2-4031@iau.ir '\n\nموضوع: 'پاسخ: درخواست معرفی به استاد'\n\nسلام جهت گرفتن فرم معرفي استاد به گروه مراجعه شود"", ('request_details', jdatetime.datetime(1404, 5, 30, 12, 8, 29)): 'سلام جهت گرفتن فرم معرفي استاد به گروه مراجعه شود'}",2 days 08:05:21,4 days 07:40:58,False
3,file_23_4.txt,درخواست انصراف از تحصیل,4421170941444284,Ali HOORAN,4421170941,40210520627054,کارشناسی ناپیوسته_آموزش و پرورش ابتدایی_یزد_4021,"{('request_details', jdatetime.datetime(1404, 5, 29, 10, 7, 57)): 'با سلام و احترام\n\nاینجانب به دلیل قبولی در دانشگاه فرهنگیان، درخواست انصراف از تحصیل در واحد یزد را دارم. خواهشمندم رسیدگی فرمایید.\n\nمتشکرم.', ('request_details', jdatetime.datetime(1404, 5, 30, 12, 1, 42)): 'با سلام و عرض ادب \n\nاحتراما بعد از پاسخگویی به اینجانب اطلاع رسانی کنید'}",1 days 01:53:45,1 days 01:53:45,False
4,file_23_5.txt,سلام .زمان انتخاب واحد کاردانی آموزش معلمان  درچه تاریخی هست ولطفا کد دروس رو هم بزارید,5529550932416563,حمید جنتی,5529550932,403713325,کاردانی ناپیوسته_آموزش و پرورش ابتدایی_یزد_4031,"{('request_details', jdatetime.datetime(1404, 5, 29, 9, 25, 4)): '', ('request_details', jdatetime.datetime(1404, 5, 30, 11, 59, 51)): 'با سلام و عرض ادب \n\nاحتراما بعد از پاسخگویی  اطلاع رسانی کنید'}",1 days 02:34:47,1 days 02:34:47,False
5,file_23_6.txt,درخواست فارغ التحصیلی دانشجویان,0018486312857168,Seyed Mohammad Mohsen Mansouri,18486312,40210520608039,کارشناسی ارشد ناپیوسته_تکنولوژی آموزشی_یزد_4021,"{('request_details', jdatetime.datetime(1404, 5, 30, 10, 25, 48)): '', ('request_details', jdatetime.datetime(1404, 5, 30, 11, 58, 58)): 'با سلام و عرض ادب \n\nاحتراما بعد از پاسگویی به اینجانب عودت دهید'}",0 days 01:33:10,0 days 01:33:10,False
6,file_23_7.txt,درخواست اخذ مجوز پیش دفاع,5529960448775364,Reza Booraghi,5529960448,40210521212025,کارشناسی ارشد ناپیوسته_مدیریت آموزشی_یزد_4021,"{('request_details', jdatetime.datetime(1404, 5, 29, 8, 28, 18)): '', ('request_details', jdatetime.datetime(1404, 5, 29, 8, 45, 38)): 'با سلام \n\nبرای شما کد اخذ شد اکنون در مرحله 7 هستید باید فرم آمادگی دفاع را کامل کرده و بارگذاری نمایید تا کارشناس مربوطه تایید کند .بعد مشابهت یابی پایان نامه انجام شود و بعد از تایید استاد راهنما باهنماهنگی ایشان و داور زمان دفاع را مشخص کرده به اطلاع کارشناس مربوطه برسانید'}",0 days 00:17:20,0 days 00:17:20,False
7,file_23_8.txt,مجوز انتخاب واحد,3020620600263296,یاسین نظری,3020620600,403166049,کارشناسی ناپیوسته_آموزش و پرورش ابتدایی_یزد_4031,"{('request_details', jdatetime.datetime(1404, 5, 26, 12, 1, 22)): 'اینجانب یاسین نظری به علت مجاز نبودن نتوانستم مجوز انتخاب واحد را بگیرم لطفا پیگیری نمایید', ('request_details', jdatetime.datetime(1404, 5, 28, 12, 33, 42)): 'با سلام و عرض ادب \n\nاحتراما بعد از پاسخگویی به اینجانب اطلاع دهید'}",2 days 00:32:20,2 days 00:32:20,False
8,file_23_9.txt,با سلام و احترام ،اینجانب به دلایلی نتوانستم در آزمون  درس مدیریت منابع انسانی پیشرفته در ترم یکم شرکت کنم و امروز امکان برداشتن این درس را در انتخاب واحد ترم سومم به دلیل تداخل ساعت کلاس و امتحان با دروس ترم سوم نمی باشد خواهشمندم راهنمایی بفرمایید ,3140126808201387,محمد جعفریان,3140126808,403078203,کارشناسی ارشد ناپیوسته_مدیریت بازرگانی - مدیریت استراتژیک_یزد_4031,"{('request_details', jdatetime.datetime(1404, 5, 26, 4, 54, 54)): '', ('request_details', jdatetime.datetime(1404, 5, 28, 12, 31, 33)): 'همکار محترم جناب اقای سازگاری با سلام \n\nاحترما بعد از پاسخگویی به اینجانب اطلاع دهید'}",2 days 07:36:39,2 days 07:36:39,False
9,file_23_10.txt,درخواست معرفی به استاد,5529973541498159,hamed Fazeli,5529973541,403719810,کاردانی ناپیوسته_آموزش و پرورش ابتدایی_یزد_4031,"{('request_details', jdatetime.datetime(1404, 5, 26, 11, 20, 51)): '', ('request_details', jdatetime.datetime(1404, 5, 28, 12, 18, 32)): 'با سلام . پاسخ نامه را باید تحویل استاد راهنما داده تا تصحیح نماید و به شما نمره را اعلام نماید'}",2 days 00:57:41,2 days 00:57:41,False
10,file_23_11.txt,درخواست گواهی اشتغال  به تحصیل,5430075515841119,,None,None,,"{('request_details', jdatetime.datetime(1404, 5, 28, 9, 5, 49)): '-------------------سجاد دانشورمقدم---------- اطلاعات دانشجو ------------------------------\n\nنام و نام خانوادگی: Sajjad Daneshvar Moghadam\n\nکد ملی: 5430075515\n\nشماره دانشجویی: 40210521245106\n\nرشته محل:کارشناسی پیوسته_مدیریت مالی_یزد_4021\n\n------------------------------------------------------------------------------', ('request_details', jdatetime.datetime(1404, 5, 28, 12, 12, 7)): 'با سلام و عرض ادب \n\nهمکار محترم بعد از پاسخ گویی به اینجانب اطلاع دهید'}",0 days 03:06:18,0 days 03:06:18,False
11,file_23_12.txt,درخواست اخذ مجوز پیش دفاع,4433373346601032,hamid rozehyazdi,4433373346,40210520733052,کارشناسی ارشد ناپیوسته_روان شناسی بالینی_یزد_4021,"{('request_details', jdatetime.datetime(1404, 5, 28, 10, 10, 36)): '', ('request_details', jdatetime.datetime(1404, 5, 28, 11, 38, 45)): 'با سلام . برای شما کد گرفته شد اکنون در مرحله 7 می باشید . فرم آمادگی دفاع را کامل کرده و در این مرحله بارگذاری کنید مرحله 8 مشابهت یابی پایان نامه را انجام دهید با بارگذاری فایل پایان نامه . بعد از تایید استاد راهنما  و هماهنگی با استاد راهنما و داور زمان دفاع را مشخص نموده به کارشناس مربوطه ازاطلاع دهید'}",0 days 01:28:09,0 days 01:28:09,False
12,file_23_13.txt,درخواست انتخاب واحد- حذف و اضافه خارج از زمان,4420965568583665,علیرضا قاسمی ندوشن,4420965568,403575642,کارشناسی پیوسته_روان شناسی_یزد_4031,"{('request_details', jdatetime.datetime(1404, 5, 23, 8, 6, 49)): 'سلام و عرض ادب اینجانب با توجه به کسب معدل بالای 17 ومعدل الف بودن تقاضای افزایش سقف انتخاب واحد ترم مهر4041 به 24 را دارم ممنون میشم پیگیری لازم نسبت به این موضوع قبل از تاریخ انتخاب واحد انجام شود', ('request_details', jdatetime.datetime(1404, 5, 26, 10, 3, 32)): 'جناب اقای ناصر مختاری \n\nبا سلام و عرض ادب \n\nاحتراما بعد از انجام به اینجانب عودت نمایید'}",3 days 01:56:43,3 days 01:56:43,False
13,file_23_14.txt,افزایش شقف انتخاب واحد,4420965568731392,علیرضا قاسمی ندوشن,4420965568,403575642,کارشناسی پیوسته_روان شناسی_یزد_4031,"{('request_details', jdatetime.datetime(1404, 5, 23, 8, 14, 7)): 'سلام و عرض ادب اینجانب با توجه به کسب معدل بالای 17 ومعدل الف بودن تقاضای افزایش سقف انتخاب واحد ترم مهر4041 به  24واحد  را دارم ممنون خواهم شد پیگیری لازم نسبت به این موضوع صورت بگیرد', ('request_details', jdatetime.datetime(1404, 5, 26, 10, 1, 43)): 'جناب اقای مختاری با سلام \n\nاحتراما بعد از انجام به اینجانب ارسال نمایید'}",3 days 01:47:36,3 days 01:47:36,False
14,file_23_15.txt,مجوز انتخاب واحد بیش از سقف مجاز (ترم آخری ),4421247030829393,Amin Dehghan,4421247030,40110520735107,کارشناسی پیوسته_روان شناسی_یزد_4011,"{('request_details', jdatetime.datetime(1404, 5, 23, 10, 47, 58)): '', ('request_details', jdatetime.datetime(1404, 5, 26, 10, 0, 3)): 'جناب آقای مختاری \n\nبا سلام \n\nاحتراما بعد از انجام به اینجانب عودت دهید'}",2 days 23:12:05,2 days 23:12:05,False
15,file_23_16.txt,مجوز انتخاب واحد بیش از سقف مجاز (ترم آخر),4421089605899677,amirhosein purreza,4421089605,40110520735056,کارشناسی پیوسته_روان شناسی_یزد_4011,"{('request_details', jdatetime.datetime(1404, 5, 25, 5, 2, 54)): '', ('request_details', jdatetime.datetime(1404, 5, 26, 9, 58, 54)): 'جناب اقای مختاری با سلام احتراما بعد از انجام به اینجانب عودت دهید'}",1 days 04:56:00,1 days 04:56:00,False
16,file_23_17.txt,اخذ مجوز ترم آخر ,4421137006113277,Amir mohammad Dehghani zadeh,4421137006,40110520735037,کارشناسی پیوسته_روان شناسی_یزد_4011,"{('request_details', jdatetime.datetime(1404, 5, 25, 10, 45, 32)): 'با سلام \n\nاینجانب امیر محمد دهقانی زاده ترم آخر روانشناسی عمومی هستم به همین علت درخواست فعال سازی  مجوز برای گرفتن ۴ واحد معارف را دارم تا ترم را به پایان برسانم.\n\nبا تشکر', ('request_details', jdatetime.datetime(1404, 5, 26, 9, 54, 11)): 'سلام آقای مختاری روز به خیر احترما بعد انجام به اینجانب عودت دهید'}",0 days 23:08:39,0 days 23:08:39,False
17,file_23_18.txt,اخذ مجوز ترم آخر و اخذ ۴ واحد درس معارف,4421179140260285,sajad rezaei,4421179140,40110520735050,کارشناسی پیوسته_روان شناسی_یزد_4011,"{('request_details', jdatetime.datetime(1404, 5, 25, 11, 21, 55)): 'سلام\n\nترم آخرم هستم و میخوام ۴ واحد معارف بردارم\n\nمیخوام مجوز ترم اخری برام فعال بشه', ('request_details', jdatetime.datetime(1404, 5, 26, 9, 53, 9)): 'سلام آقای مختاری روز به خیر احترما بعد انجام به اینجانب عودت دهید'}",0 days 22:31:14,0 days 22:31:14,False
18,file_23_19.txt,درخواست فارغ التحصیلی دانشجویان,0371320763281561,mohamadhossein golvardiyazdi,371320763,40010520612074,کارشناسی پیوسته_علوم تربیتی_یزد_4001,"{('request_details', jdatetime.datetime(1404, 5, 9, 8, 53, 48)): 'سلام و عرض ادب با توجه به اتمام واحد های درسی در خواست فارغ تحصیلی دارم', ('request_details', jdatetime.datetime(1404, 5, 9, 10, 50, 27)): 'با سلام و عرض ادب \n\nدرخواست شما به کارشناس مربوطه ارجاع داده شد منتظر پاسخ بمانید'}",0 days 01:56:39,0 days 01:56:39,False
19,file_23_20.txt,درخواست معرفی به استاد,5420068044933805,amirhossein keshtavarezatabadi,5420068044,40010520612037,کارشناسی پیوسته_علوم تربیتی_یزد_4001,"{('request_details', jdatetime.datetime(1404, 5, 5, 9, 50, 23)): 'با سلام\n\nاحتراما، با عنایت به اینکه تنها 3 واحد از درس من باقیمانده تا فارغ التحصیل شوم، خواهشمند است جهت أخذ درس ""زبان عمومی (3 واحدی)"" به صورت معرفی با استاد اقدامات لازم را مبذول فرمایید.\n\nمتشکرم.', ('request_details', jdatetime.datetime(1404, 5, 6, 8, 0, 53)): '', ('request_details', jdatetime.datetime(1404, 5, 9, 7, 57, 29)): 'با سلام \n\nجهت ادامه امور به آقای ناصر  مختاری کارشناس مربوطه در دانشکده تعلیم و تربیت مراجعه نمایید'}",0 days 22:10:30,3 days 22:07:06,False
20,file_23_21.txt,درخواست فارغ التحصیلی دانشجویان,2295484855349372,Mahdi Dehghan Esmat Abadi,2295484855,40210520627042,کارشناسی ناپیوسته_آموزش و پرورش ابتدایی_یزد_4021,"{('request_details', jdatetime.datetime(1404, 5, 5, 1, 14, 55)): '', ('request_details', jdatetime.datetime(1404, 5, 6, 8, 0, 14)): '', ('request_details', jdatetime.datetime(1404, 5, 9, 7, 56, 58)): 'با سلام \n\nجهت ادامه امور به آقای ناصر  مختاری کارشناس مربوطه در دانشکده تعلیم و تربیت مراجعه نمایید'}",1 days 06:45:19,4 days 06:42:03,False
21,file_23_22.txt,,4421283169989639,farzad jafarpour,4421283169,None,کارشناسی پیوسته_روان شناسی_یزد_4021,"{('request_details', jdatetime.datetime(1404, 2, 25, 4, 29, 50)): 'در چه صورت امکان اخذ بیست و سه واحد وجود دارد ؟', ('request_details', jdatetime.datetime(1404, 2, 28, 6, 20, 6)): '', ('request_details', jdatetime.datetime(1404, 5, 9, 7, 56, 15)): 'با سلام'}",3 days 01:50:16,77 days 03:26:25,False
22,file_23_23.txt,درخواست فارغ التحصیلی دانشجویان,4421095672123234,mohamadhosein najarzade,4421095672,None,کارشناسی ناپیوسته_آموزش و پرورش ابتدایی_یزد_4011,"{('request_details', jdatetime.datetime(1404, 2, 24, 11, 51, 58)): '', ('request_details', jdatetime.datetime(1404, 2, 28, 6, 21, 14)): '', ('request_details', jdatetime.datetime(1404, 5, 9, 7, 55, 30)): 'با سلام \n\nجهت ادامه امور به آقای ناصر  مختاری کارشناس مربوطه در دانشکده تعلیم و تربیت مراجعه نمایید'}",3 days 18:29:16,77 days 20:03:32,False
23,file_23_24.txt,درخواست فارغ التحصیلی دانشجویان,4421095672381308,mohamadhosein najarzade,4421095672,None,کارشناسی ناپیوسته_آموزش و پرورش ابتدایی_یزد_4011,"{('request_details', jdatetime.datetime(1404, 2, 24, 11, 57, 38)): '', ('request_details', jdatetime.datetime(1404, 2, 28, 6, 22, 27)): '', ('request_details', jdatetime.datetime(1404, 5, 9, 7, 55, 9)): 'با سلام \n\nجهت ادامه امور به آقای ناصر  مختاری کارشناس مربوطه در دانشکده تعلیم و تربیت مراجعه نمایید'}",3 days 18:24:49,77 days 19:57:31,False
24,file_23_25.txt,درخواست بازدید علمی انجمن علمی,4421319449258851,امیرحسین فتحی,4421319449,403405907,کارشناسی پیوسته_مدیریت مالی_یزد_4031,"{('request_details', jdatetime.datetime(1404, 2, 30, 10, 35, 41)): '', ('request_details', jdatetime.datetime(1404, 2, 31, 6, 28, 33)): 'با سلام \n\nاحتراما پس از اعلام نظر یا پاسخ به اینجانب ارسال گردد', ('request_details', jdatetime.datetime(1404, 5, 9, 7, 53, 58)): 'با سلام \n\nپس از تکمیل فرم مربوطه ادامه امور را از گروه مدیریت پی گیری نمایید'}",0 days 19:52:52,71 days 21:18:17,False
25,file_23_26.txt,درخواست گواهی اشتغال  به تحصیل,4421025003835037,mohammad ashegtossi,4421025003,40010521245022,کارشناسی پیوسته_مدیریت مالی_یزد_4001,"{('request_details', jdatetime.datetime(1404, 2, 30, 12, 57, 54)): 'باسلام \nبه گواهی اشتغال به تحصیل برای ارائه به شرکت توزیع برق استان یزد نیاز دارم  \nفایل زیر را قبلا گرفته بودم الان دوباره نیاز دارن که توی سیستم ثبت کنن', ('request_details', jdatetime.datetime(1404, 2, 31, 6, 30, 13)): 'با سلام \n\nاحتراما پس از اعلام نظر یا پاسخ به اینجانب ارسال گردد', ('request_details', jdatetime.datetime(1404, 5, 9, 7, 53)): 'با سلام \n\nجهت اخذ گواهی به  دبیرخانه مراجعه نمایید'}",0 days 17:32:19,71 days 18:55:06,False
26,file_23_27.txt,بررسی ایمیل ,4449873874234497,عباس ابراهیمی سروعلیا,4449873874,403103748,کارشناسی ارشد ناپیوسته_مدیریت آموزشی_یزد_4031,"{('request_details', jdatetime.datetime(1404, 3, 1, 12, 5, 53)): 'تست فعالسازی', ('request_details', jdatetime.datetime(1404, 3, 6, 7, 57, 18)): '', ('request_details', jdatetime.datetime(1404, 5, 9, 7, 52, 26)): 'با سلام \n\nمشکل برطرف شد'}",4 days 19:51:25,69 days 19:46:33,False
27,file_23_28.txt,درخواست گواهی اشتغال  به تحصیل,4433683711982795,Hamed Dashti Rahmat Abadi,4433683711,40210521050013,کارشناسی ارشد ناپیوسته_مدیریت دولتی - بودجه و مالیه عمومی_یزد_4021,"{('request_details', jdatetime.datetime(1404, 2, 31, 6, 13, 6)): 'با سلام اینجانب دانشجوی ترم آخر کارشناسی ارشد مدیریت دولنی هستم و باتوجه به اینکه محل کار اینجانب درخواست مدرک از من کرده ومن شهریورماه میبایست از پایان نامه خود دفاع کنم از شما تقاضا دارم گواهی اشتغال با توجه به اینکه من ترم آخر و در مرحله دفاع هستم را برای اداره کل ورزش و جوانان استان یزد صادر کنید که بنده بتوانم در گزینش شرکت کنم با تشکر فراوان', ('request_details', jdatetime.datetime(1404, 3, 6, 8, 11, 44)): 'با سلام و عرض ادب \n\nاحتراما در بعد آماده نمودن  گواهی به اینجانب اطلاع رسانی نمایید', ('request_details', jdatetime.datetime(1404, 5, 9, 7, 51, 52)): 'با سلام \n\nجهت اخذ گواهی به دبیرخانه مراجعه نمایید'}",6 days 01:58:38,71 days 01:38:46,False
28,file_23_29.txt,درخواست معادلسازی دروس,4450085272513364,Mohammad Dehghani tafti,4450085272,40210520733091,کارشناسی ارشد ناپیوسته_روان شناسی بالینی_یزد_4021,"{('request_details', jdatetime.datetime(1404, 3, 7, 8, 54, 32)): 'با سلام و وقت به خیر، بنده پذیرفته ی نیمسال دوم سال 1402 در دانشگاه آزاد یزد در رشته ارشد بالینی هستم، دروسی را در همین رشته در واحد انار کرمان گذرانده ام و در دی ماه 1403 لیست دروسی را که گذرانده ام تحویل واحد امتحانات دانشگاه آزاد یزد داده ام اما تا کنون هیچ گونه نمره ی معادلسازی دروسی که به واحد امتحانات دانشگاه آزاد یزد داده ام در سیستم ثبت نشده است و چیزی دیگر به بحث دفاع از پایان نامه من نمانده است،لطفا در این زمینه پیگیری عاجل صورت گیرد با تشکر', ('request_details', jdatetime.datetime(1404, 3, 11, 6, 43, 54)): '', ('request_details', jdatetime.datetime(1404, 5, 9, 7, 51, 20)): 'با سلام \n\nجهت ادامه مراحل به آقای ناصر مختاری مراجعه نمایید'}",3 days 21:49:22,63 days 22:56:48,False
29,file_23_30.txt,درخواست تغییر رمز و مشکل در ورود به آموزشیار,4421247936941608,javad Motasadi,4421247936,40110520612009,کارشناسی پیوسته_علوم تربیتی_یزد_4011,"{('request_details', jdatetime.datetime(1404, 3, 7, 7, 54, 12)): 'با سلام \n\nاحتراما هنگام ورود به آموزشیار با مشکل مواحجه می شوم .', ('request_details', jdatetime.datetime(1404, 3, 11, 12, 3, 47)): '', ('request_details', jdatetime.datetime(1404, 3, 11, 12, 4, 19)): '', ('request_details', jdatetime.datetime(1404, 5, 9, 7, 50, 25)): 'با سلام \n\nجهت تغییر رمز به آقای مهندس آرمان مراجعه نمایید'}",4 days 04:09:35,63 days 23:56:13,False
30,file_23_31.txt,درخواست فارغ التحصیلی دانشجویان,4432791561870616,ahmad mirhossini,4432791561,40210520608018,کارشناسی ارشد ناپیوسته_تکنولوژی آموزشی_یزد_4021,"{('request_details', jdatetime.datetime(1404, 3, 11, 1, 7, 21)): '', ('request_details', jdatetime.datetime(1404, 3, 12, 12, 10, 57)): '', ('request_details', jdatetime.datetime(1404, 5, 9, 7, 49, 43)): 'با سلام \n\nجهت ادامه امور به کارشناس مربوطه مراجعه نمایید'}",1 days 11:03:36,60 days 06:42:22,False
31,file_23_32.txt,درخواست انتخاب واحد- حذف و اضافه خارج از زمان,4449975502563718,abbas afkhami aghda,4449975502,39910521602006,دکتری تخصصی_مشاوره_یزد_3991,"{('request_details', jdatetime.datetime(1404, 3, 12, 2, 32, 25)): 'سلام و\u200c وقت بخیر درخواست انتخاب واحد رساله رو دارم.', ('request_details', jdatetime.datetime(1404, 3, 13, 6, 30)): '', ('request_details', jdatetime.datetime(1404, 5, 9, 7, 49, 3)): 'با سلام \n\nبه کارشناس مربوطه مراجعه نمایید'}",1 days 03:57:35,59 days 05:16:38,False
32,file_23_33.txt,درخواست تمدید پایان نامه برای ترم 4032,4449686667835747,مصطفی کریمی,4449686667,10539800083,دکتری تخصصی_مدیریت رسانه_یزد_3981,"{('request_details', jdatetime.datetime(1404, 3, 18, 12, 1, 41)): 'لطفا تمدید پایان نامه برای اینجانب در ترم جاری ثبت شود.', ('request_details', jdatetime.datetime(1404, 3, 18, 12, 7, 48)): 'با سلام و عرض ادب . \n\nاحتراما بعد از اتمام کار به اینجانب عودت دهید', ('request_details', jdatetime.datetime(1404, 5, 9, 7, 48, 29)): 'با سلام \n\nدرخواست خود را در سامانه آموزشیار ثبت نمایید'}",0 days 00:06:07,52 days 19:46:48,False
33,file_23_34.txt,درخواست تخفیف شهریه ( چند دانشجویی),4421432938241370,محمدرضا رحمت زاده,4421432938,403237121,کارشناسی پیوسته_مدیریت کسب و کار_یزد_4031,"{('request_details', jdatetime.datetime(1404, 3, 30, 4, 11, 57)): '', ('request_details', jdatetime.datetime(1404, 4, 1, 9, 29, 4)): '', ('request_details', jdatetime.datetime(1404, 5, 9, 7, 47, 38)): 'با سلام \n\nجهت درخواست تخفیف به امور مالی مراجعه نمایید'}",2 days 05:17:07,41 days 03:35:41,False
34,file_23_35.txt,درخواست صدور کارت دانشجویی,4421432938616223,محمدرضا رحمت زاده,4421432938,403237121,کارشناسی پیوسته_مدیریت کسب و کار_یزد_4031,"{('request_details', jdatetime.datetime(1404, 3, 30, 4, 10, 21)): '', ('request_details', jdatetime.datetime(1404, 4, 1, 9, 29, 45)): '', ('request_details', jdatetime.datetime(1404, 5, 9, 7, 46, 39)): 'با سلام جهت اخذ کارت به آقای محمود معلایی مراجعه نمایید'}",2 days 05:19:24,41 days 03:36:18,False
35,file_23_36.txt,سلام و وقت بخیر احتراماً، خواهشمندم در صورت امکان انتخاب واحد ترم تابستان را برای اینجانب فعال بفرمایید تا بتوانم دروس مورد نظر را انتخاب کنم.,4421247030175794,Amin Dehghan,4421247030,40110520735107,کارشناسی پیوسته_روان شناسی_یزد_4011,"{('request_details', jdatetime.datetime(1404, 4, 6, 5, 48, 57)): '', ('request_details', jdatetime.datetime(1404, 4, 8, 8, 0, 16)): '', ('request_details', jdatetime.datetime(1404, 5, 9, 7, 45, 59)): 'با سلام \n\nبه کارشناس مربوطه مراجعه نمایید'}",2 days 02:11:19,34 days 01:57:02,False
36,file_23_37.txt,انتخاب واحد ترم تابستان ,4421462861503508,سیدمحمدحسین سیدحسنی,4421462861,403652289,کارشناسی پیوسته_مدیریت مالی_یزد_4031,"{('request_details', jdatetime.datetime(1404, 4, 9, 10, 3, 25)): '', ('request_details', jdatetime.datetime(1404, 4, 9, 12, 36, 51)): '', ('request_details', jdatetime.datetime(1404, 5, 9, 7, 45, 19)): 'با سلام \n\nبه کارشناس گروه مدیریت مراجعه نمایید'}",0 days 02:33:26,30 days 21:41:54,False
37,file_23_38.txt,درخواست برگزاری مجدد امتحان پایان ترم درس تفسير موضوعي نهجالبلاغه ,442100424359789,محمدجواد زارع سخویدی,4421004243,403717626,کارشناسی پیوسته_مدیریت کسب و کار_یزد_4031,"{('request_details', jdatetime.datetime(1404, 4, 9, 8, 5, 24)): 'اینجانب به علت شرایط جنگی کشور، درامتحان پایان ترم درس تفسير موضوعي نهجالبلاغه  که در تاریخ ۱۴۰۴/۰۳/۳۰\nدر ساعت ۱۵:۰۰ برگزارشد نتوانستم شرکت کنم. \nاکنون درخواست برگزاری پایان ترم این درس را خواستارم.\nاستاد درس :محسن قائمي\nشماره همراه بنده :۰۹۱۶۲۵۴۵۸۶۱\nشماره پیگیری: ۱۷۷۱۶۷۷۲۵۹۴۰۶۳۲۸۷', ('request_details', jdatetime.datetime(1404, 4, 9, 12, 38, 51)): '', ('request_details', jdatetime.datetime(1404, 5, 9, 7, 44, 25)): 'با سلام \n\nبه گروه معارف مراجعه نمایید'}",0 days 04:33:27,30 days 23:39:01,False
38,file_23_39.txt,درخواست برگزاری مجدد امتحان پایان ترم درس تفسیر موضوعی نهج البلاغه ,4420963123700814,علیرضا سیحون,4420963123,403717634,کارشناسی پیوسته_مدیریت کسب و کار_یزد_4031,"{('request_details', jdatetime.datetime(1404, 4, 9, 8, 3, 56)): 'اینجانب به علت شرایط جنگی کشور ، در امتحان پایان ترم درس تفسیر موضوعی نهج البلاغه که در تاریخ ۱۴۰۴/۰۳/۳۱ و در ساعت ۱۵:۰۰ برگزار گردید ، نتوانستم حضور پیدا کنم.\nاکنون برگزاری مجدد امتحان پایان ترم این درس را خواستارم.\nاستاد درس : محسن قائمی\nکد پیگیری : ۱۷۷۱۶۷۶۷۴۴۹۲۵۳۸۴\nشماره تماس : ۰۹۱۰۰۷۶۷۰۸۷', ('request_details', jdatetime.datetime(1404, 4, 9, 12, 39, 28)): '', ('request_details', jdatetime.datetime(1404, 5, 9, 7, 43, 50)): 'با سلام \n\nبه گروه معارف مراجعه نمایید'}",0 days 04:35:32,30 days 23:39:54,False
39,file_23_40.txt,درخواست انتخاب واحد برای ترم تابستان ,4421069965384400,Mohammad Kian Foroutan,4421069965,39910520735046,کارشناسی پیوسته_روان شناسی_یزد_3991,"{('request_details', jdatetime.datetime(1404, 4, 6, 4, 26, 35)): 'سلام درخواست مجوز انتخاب واحد برای ترم تابستان را دارم با تشکر', ('request_details', jdatetime.datetime(1404, 4, 9, 12, 48, 19)): '', ('request_details', jdatetime.datetime(1404, 5, 9, 7, 43, 9)): 'با سلام \n\nبه دانشکده تعلیم و تربیت آقای مختاری مراجعه نمایید'}",3 days 08:21:44,34 days 03:16:34,False
40,file_23_41.txt,از من بپرس (اخذ راهنمایی اداری),4421337145156130,Abolfazl Dehghan,4421337145,40210520735082,کارشناسی پیوسته_روان شناسی_یزد_4021,"{('request_details', jdatetime.datetime(1404, 4, 17, 6, 32, 25)): 'باسلام و احترام \nباسلام و احترام \nبنده برای اواسط شهریور ماه درخواست خروج از کشور را داشتم که این سفر زیارتی میباشد میخواستم بدونم برای درخواست باید چه مراحلی را انجام بدم', ('request_details', jdatetime.datetime(1404, 4, 23, 11, 19, 27)): '', ('request_details', jdatetime.datetime(1404, 5, 9, 7, 42, 2)): 'با سلام \n\nلطفا توضیحات بیشتری ارائه نمایید'}",6 days 04:47:02,23 days 01:09:37,False
41,file_23_42.txt,درخواست گواهی اشتغال  به تحصیل,4421039802639577,mojtaba ehramianpour,4421039802,40210521245092,کارشناسی پیوسته_مدیریت مالی_یزد_4021,"{('request_details', jdatetime.datetime(1404, 4, 10, 9, 20, 15)): 'سلام خسته نباشید دوتا گواهی میخواستم برای اموزش و پرورش و اداره مخابرات استان یزد', ('request_details', jdatetime.datetime(1404, 4, 10, 12, 8, 52)): '', ('request_details', jdatetime.datetime(1404, 5, 9, 7, 41, 23)): 'با سلام برای اخذ گواهی مربوطه به دبیرخانه دانشگاه مراجعه نمایید'}",0 days 02:48:37,29 days 22:21:08,False
42,file_23_43.txt,درخواست معرفی به استاد,0371320763208218,mohamadhossein golvardiyazdi,371320763,40010520612074,کارشناسی پیوسته_علوم تربیتی_یزد_4001,"{('request_details', jdatetime.datetime(1404, 4, 24, 8, 34, 44)): 'با سلام و احترام؛ از آنجا که تقریبا فارغ التحصیل هستم و تنها واحد "" روانشناسی عمومی"" خود را نگذرانده ام، خواهشمندم نسبت به أخذ واحد فوق الذکر بصورت معرفی با استاد مرا یاری فرمایید.\n\nمتشکرم.', ('request_details', jdatetime.datetime(1404, 4, 24, 11, 29, 19)): '', ('request_details', jdatetime.datetime(1404, 5, 9, 7, 40, 38)): 'با سلام جهت انجام امور مربوطه به آقای ناصر مختاری مراجعه نمایید'}",0 days 02:54:35,15 days 23:05:54,False
43,file_23_44.txt,شرکت در آزمون,3140126808504389,محمد جعفریان,3140126808,403078203,کارشناسی ارشد ناپیوسته_مدیریت بازرگانی - مدیریت استراتژیک_یزد_4031,"{('request_details', jdatetime.datetime(1404, 4, 24, 12, 54, 45)): 'با سلام و احترام\nاینجانب درخواست شرکت در امتحان دو درس وصایا امام و انس با قران، که در شرایط جنگی و شهرستانی بودنم قادر به شرکت در آزمون نشدم را دارم.\nضمنا چک لیست درخواست سایت نیز ثبت شده است.', ('request_details', jdatetime.datetime(1404, 4, 25, 10, 11, 16)): '', ('request_details', jdatetime.datetime(1404, 5, 9, 7, 39, 27)): 'احتراما فرم درخواست امتحان مجدد برای دروس مورد نظر پیوست گردد'}",0 days 21:16:31,15 days 18:44:42,False
44,file_23_45.txt,درخواست برگزاری مجدد امتحان به علت وقوع جنگ,3020620600291340,یاسین نظری,3020620600,403166049,کارشناسی ناپیوسته_آموزش و پرورش ابتدایی_یزد_4031,"{('request_details', jdatetime.datetime(1404, 4, 30, 1, 23, 48)): 'اینجانب به علت وقوع جنگ و جاماندن از دوامتحان (درس های مشاوره کودک و اصول فلسفه) درخواست برگزاری مجدد امتحان را دارم\nیاتشکر', ('request_details', jdatetime.datetime(1404, 4, 30, 1, 27, 16)): '', ('request_details', jdatetime.datetime(1404, 5, 9, 7, 38, 59)): 'احتراما فرم درخواست امتحان مجدد برای دروس مورد نظر پیوست گردد'}",0 days 00:03:28,10 days 06:15:11,False
45,file_23_46.txt,درخواست گواهی اشتغال  به تحصیل,442076281027747,mohammad aminian,4420762810,40210521602007,دکتری تخصصی_مشاوره_یزد_4021,"{('request_details', jdatetime.datetime(1404, 5, 1, 9, 46, 58)): 'سلام و عرض ادب', ('request_details', jdatetime.datetime(1404, 5, 4, 11, 0, 24)): 'با سلام و عرض ادب دانشجو با کد ملی 4420762810 جهت اخذ گواهی اشتغال به تحصیل معرفی می گردد', ('request_details', jdatetime.datetime(1404, 5, 9, 7, 38, 16)): 'با سلام جهت اخذ گواهی به دبیرخانه دانشگاه مراجعه نمایید'}",3 days 01:13:26,7 days 21:51:18,False
46,file_23_47.txt,امتحانات معوق,4421190764858846,Soheil Fazeli,4421190764,40210521245082,کارشناسی پیوسته_مدیریت مالی_یزد_4021,"{('request_details', jdatetime.datetime(1404, 5, 4, 6, 29, 52)): '------------------------------------------------------------------------------ اصول مدیریت مالی)۲(\n114905923\n1114138', ('request_details', jdatetime.datetime(1404, 5, 5, 8, 57, 25)): '', ('request_details', jdatetime.datetime(1404, 5, 9, 7, 37, 39)): 'با سلام \n\nاحتراما فرم درخواست امتحان مجدد برای دروس مورد نظر پیوست گردد'}",1 days 02:27:33,5 days 01:07:47,False
47,file_23_48.txt,درخواست فارغ التحصیلی دانشجویان,4420759380310218,Mohammad Saleh Valadan,4420759380,40210520608033,کارشناسی ارشد ناپیوسته_تکنولوژی آموزشی_یزد_4021,"{('request_details', jdatetime.datetime(1404, 5, 7, 9, 49, 14)): '', ('request_details', jdatetime.datetime(1404, 5, 8, 11, 45, 15)): 'با سلام و عرض ادب \n\nاحتراما دانشجو باید بعد از دفاع از پایان نامه یک جلد پایان نامه خود را صحافی کرده و با یک cd حاوی فایل word و pdf تحویل کتابخانه نماید بعد به به امتحانات مراجعه نموده و نمره پایان نامه خود را ثبت کرده و برای فارغ التحصیلی به آقای ناصر مختاری مراجعه نمایید'}",1 days 01:56:01,1 days 01:56:01,False
48,file_23_49.txt,درخواست فارغ التحصیلی دانشجویان,5420068044425049,amirhossein keshtavarezatabadi,5420068044,40010520612037,کارشناسی پیوسته_علوم تربیتی_یزد_4001,"{('request_details', jdatetime.datetime(1404, 5, 7, 12, 40, 35)): '', ('request_details', jdatetime.datetime(1404, 5, 8, 11, 41, 19)): 'با سلام و عرض ادب \n\nاحتراما جهت انجام امور فارغ التحصیلی به آموزش گروه مربوطه  آقای ناصر مختاری مراجعه نموده فرم فارغ التحصیلی را اخذ نمایید و بقیه امور را پیگیری نمایید'}",0 days 23:00:44,0 days 23:00:44,False
49,file_23_50.txt,درخواست فارغ التحصیلی دانشجویان,0890610525156195,Mahdi Rajabiuon,890610525,40110520627248,کاردانی ناپیوسته_آموزش و پرورش ابتدایی_یزد_4011,"{('request_details', jdatetime.datetime(1404, 5, 8, 10, 32, 48)): '', ('request_details', jdatetime.datetime(1404, 5, 8, 11, 39, 18)): 'با سلام و عرض ادب \n\nاکنون دانشجو باید با مراجعه به آموزش گروه فرم فارغ التحصیلی را گرفته و مراحل فارغ التحصیلی را به اتمام رسااند'}",0 days 01:06:30,0 days 01:06:30,False
50,file_23_51.txt,درخواست اخذ مجوز پیش دفاع,4420932368720035,Yousef Nikookar,4420932368,40210521212009,کارشناسی ارشد ناپیوسته_مدیریت آموزشی_یزد_4021,"{('request_details', jdatetime.datetime(1404, 5, 6, 1, 5, 58)): 'با سلام و عرض ادب \n\nکد اخذ شد و به مرحله 7 ارسال گردید . اکنون باید فرم آمادگی دفاع کامل کرده و در سامانه بارگذاری شود', ('request_details', jdatetime.datetime(1404, 5, 6, 12, 7, 5)): ''}",0 days 11:01:07,0 days 11:01:07,True
51,file_23_52.txt,درخواست اخذ مجوز پیش دفاع,4420759471339476,میلاد صحت بخش,4420759471,40210521212012,کارشناسی ارشد ناپیوسته_مدیریت آموزشی_یزد_4021,"{('request_details', jdatetime.datetime(1404, 5, 4, 4, 50)): '', ('request_details', jdatetime.datetime(1404, 5, 5, 9, 4, 13)): 'با سلام کد پایان نامه برای شما اخذ شد و به مرحله 7 رسیدید  اکنون باید فرم آمادگی دفاع را گرفته کامل نموده و بارگذاری کنید'}",1 days 04:14:13,1 days 04:14:13,False
52,file_23_53.txt,درخواست فارغ التحصیلی دانشجویان,5430059234595387,alireza nosratabadi,5430059234,40210520608016,کارشناسی ارشد ناپیوسته_تکنولوژی آموزشی_یزد_4021,"{('request_details', jdatetime.datetime(1404, 4, 31, 10, 30, 12)): '', ('request_details', jdatetime.datetime(1404, 5, 4, 11, 6, 42)): 'با سلام برای فارغ التحصیلی ابتدا باید نمره پایان نامه شما در پژوهشیار ثبت شود (آقای ناصر مختاری )بعد در مرحله 12 پایان نامه نهایی خود را بارگذاری کرده و استاد راهنما بخواهید که تایید کند بعد یک نسخه از پایان نامه خود را صحافی کرده به همراه یک CD حاوی فایل WORD  و PDF  تحویل کتابخانه دهید و بعد برای فارغ التحصیلی به آموزش دانشکده مراجعه نمایید'}",4 days 00:36:30,4 days 00:36:30,False
53,file_23_54.txt,درخواست فارغ التحصیلی دانشجویان,5430059234761046,alireza nosratabadi,5430059234,40210520608016,کارشناسی ارشد ناپیوسته_تکنولوژی آموزشی_یزد_4021,"{('request_details', jdatetime.datetime(1404, 4, 31, 10, 33, 55)): '', ('request_details', jdatetime.datetime(1404, 5, 4, 11, 5, 34)): 'با سلام برای فارغ التحصیلی ابتدا باید نمره پایان نامه شما در پژوهشیار ثبت شود (آقای ناصر مختاری )بعد در مرحله 12 پایان نامه نهایی خود را بارگذاری کرده و استاد راهنما بخواهید که تایید کند بعد یک نسخه از پایان نامه خود را صحافی کرده به همراه یک CD حاوی فایل WORD  و PDF  تحویل کتابخانه دهید و بعد برای فارغ التحصیلی به آموزش دانشکده مراجعه نمایید'}",4 days 00:31:39,4 days 00:31:39,False
54,file_23_55.txt,درخواست فارغ التحصیلی دانشجویان,5430056391279280,محمدجواد زارع زاده,5430056391,40210521212003,کارشناسی ارشد ناپیوسته_مدیریت آموزشی_یزد_4021,"{('request_details', jdatetime.datetime(1404, 4, 31, 12, 26, 9)): '', ('request_details', jdatetime.datetime(1404, 5, 4, 11, 4, 5)): 'با سلام برای فارغ التحصیلی ابتدا باید نمره پایان نامه شما در پژوهشیار ثبت شود (آقای ناصر مختاری )بعد در مرحله 12 پایان نامه نهایی خود را بارگذاری کرده و استاد راهنما بخواهید که تایید کند بعد یک نسخه از پایان نامه خود را صحافی کرده به همراه یک CD حاوی فایل WORD  و PDF  تحویل کتابخانه دهید و بعد برای فارغ التحصیلی به آموزش دانشکده مراجعه نمایید'}",3 days 22:37:56,3 days 22:37:56,False
55,file_23_56.txt,درخواست فارغ التحصیلی دانشجویان,0890610525524694,Mahdi Rajabiuon,890610525,40110520627248,کاردانی ناپیوسته_آموزش و پرورش ابتدایی_یزد_4011,"{('request_details', jdatetime.datetime(1404, 5, 2, 12, 28, 54)): '------------------------------------------------------------------------------باسلام \nباتوجه به پاس شدن تمام دروس و درج نمره برای تمام دروس درخواست فارغ\u200cالتحصیلی مقطع کاردانی نا پیوسته ام را دارم تا به مقطع بالاتر هرچه سریع تر ثبت نام نمایم . از همکاری شما صمیمانه متشکرم .', ('request_details', jdatetime.datetime(1404, 5, 4, 10, 53, 55)): 'با سلام \n\nاحتراما دانشجو باید برای فارغ التحصیلی به دانشگاه مراجعه نموده و ابتدا به آموزش گروه خود مراجعه نموده و فرم فارغ التحصیلی را اخذ نماید'}",1 days 22:25:01,1 days 22:25:01,False
56,file_23_57.txt,اعلام آمادگی دفاع پایان نامه,4450065311561508,Ali Dehghanitafti,4450065311,40210521212031,کارشناسی ارشد ناپیوسته_مدیریت آموزشی_یزد_4021,"{('request_details', jdatetime.datetime(1404, 4, 26, 12, 18, 40)): '------------------------------------------------------------------------------اعلام  آمادگی جهت دفاع پایان نامه را می نمایم', ('request_details', jdatetime.datetime(1404, 4, 30, 8, 27, 53)): 'fh \n\nبا سلام \n\nبرای ادامه کار باید فرم آمادگی دفاع را گرفته و بابت تکمیل آن به آموزش دانشکده و مالی و بعد مدیر گروه جهت تعیین داور مراجعه نمایید'}",3 days 20:09:13,3 days 20:09:13,False
57,file_23_58.txt,درخواست معرفی به استاد,552003016264300,mohammad zare,5520030162,40010520612056,کارشناسی پیوسته_علوم تربیتی_یزد_4001,"{('request_details', jdatetime.datetime(1404, 4, 24, 11, 35, 30)): 'با سلام لطفا کارهای معرفی به استاد بنده را انجام دهید', ('request_details', jdatetime.datetime(1404, 4, 25, 9, 59, 56)): 'با سلام احتراما جهت هماهنگی کاراهای معرفی به استاد با به دانشگاه مراجعه نموده و فرم های مربوطه را کامل کند'}",0 days 22:24:26,0 days 22:24:26,False
58,file_23_59.txt,درخواست اخذ مجوز پیش دفاع,4420770521360181,mohammadnaser kafiri,4420770521,40210520733062,کارشناسی ارشد ناپیوسته_روان شناسی بالینی_یزد_4021,"{('request_details', jdatetime.datetime(1404, 4, 23, 12, 15, 16)): '', ('request_details', jdatetime.datetime(1404, 4, 24, 11, 32)): 'سلام در حال حاضر باید اول فرم امادگی دفاع گرفته و به آموزش و مالی و بعد مدیر گروه مراجعه نمایید بعد برای اخذ کد به قسمت علم سنجی مراجعه نمایید'}",0 days 23:16:44,0 days 23:16:44,False
59,file_23_60.txt,درخواست فرم آمادگی دفاع,4480100636559212,Mohammadamin Foroghi,4480100636,40210520740043,کارشناسی ارشد ناپیوسته_روان شناسی اسلامی - روان شناسی مثبت گرا_یزد_4021,"{('request_details', jdatetime.datetime(1404, 4, 11, 11, 52, 56)): 'درخواست فرم آمادگی دفاع', ('request_details', jdatetime.datetime(1404, 4, 12, 8, 27, 25)): 'با سلام \n\nاحتراما فرم امادگی دفاع را از سایت گرفته و قسمت های آموزش و مالی و تعیین داور را کامل کنید و به امضا مسولین مربوطه برسانید بهد کامل شدن در صورتی که استاد راهنما تایید کنند که اماده دفاع هستید کد برای شما گرفته می شود'}",0 days 20:34:29,0 days 20:34:29,False
60,file_23_61.txt,درخواست اخذ مجوز پیش دفاع,4420800658506812,AmirHossein Hayati MohammadAbad,4420800658,40210520608010,کارشناسی ارشد ناپیوسته_تکنولوژی آموزشی_یزد_4021,"{('request_details', jdatetime.datetime(1404, 4, 9, 9, 32, 18)): '', ('request_details', jdatetime.datetime(1404, 4, 9, 12, 42, 22)): 'با سلام اکنون در مرحله ۸ هستید باید جواب مشابهت یابی پایان نامه شما تایید بشود به مرحله ۹  می روید آنگاه استاد راهنما تایید کند و برای ادامه کار به آقای ناصر مختاری مراجعه نمایید'}",0 days 03:10:04,0 days 03:10:04,False
61,file_23_62.txt,درخواست برگزاری مجدد امتحان پایان ترم درس تفسير موضوعي نهجالبلاغه,4421004243560735,محمدجواد زارع سخویدی,4421004243,403717626,کارشناسی پیوسته_مدیریت کسب و کار_یزد_4031,"{('request_details', jdatetime.datetime(1404, 4, 9, 7, 50, 5)): 'اینجانب به علت شرایط جنگی کشور در امتحان پایان ترم\nدرس تفسير موضوعي نهجالبلاغه که در تاریخ۱۴۰۴/۰۳/۳۰\n در ساعت ۱۵:۰۰ برگزار شده نتوانستم حضور پیدا کنم .\nاکنون برگزاری مجدد امتحان پایان ترم را خواستارم. \nاستاد درس:  محسن قائمي\nشماره همراه: ۰۹۱۶۲۵۴۵۸۶۱', ('request_details', jdatetime.datetime(1404, 4, 9, 12, 40, 9)): 'تکراری'}",0 days 04:50:04,0 days 04:50:04,False
62,file_23_63.txt,انتخاب واحد ترم تابستان,4421462861544387,سیدمحمدحسین سیدحسنی,4421462861,403652289,کارشناسی پیوسته_مدیریت مالی_یزد_4031,"{('request_details', jdatetime.datetime(1404, 4, 9, 9, 13, 56)): '', ('request_details', jdatetime.datetime(1404, 4, 9, 12, 37, 52)): 'تکراری'}",0 days 03:23:56,0 days 03:23:56,False
63,file_23_64.txt,انتخاب واحد ترم تابستان,4421462861691307,سیدمحمدحسین سیدحسنی,4421462861,403652289,کارشناسی پیوسته_مدیریت مالی_یزد_4031,"{('request_details', jdatetime.datetime(1404, 4, 9, 9, 18, 8)): '', ('request_details', jdatetime.datetime(1404, 4, 9, 12, 37, 24)): 'درخواست شما به آقای سازگاری ارجاع داده شد'}",0 days 03:19:16,0 days 03:19:16,False
64,file_23_65.txt,درخواست اخذ کد پایان نامه برای دانشجویان کارشناسی ارشد و دکتری,543005639183043,محمدجواد زارع زاده,5430056391,40210521212003,کارشناسی ارشد ناپیوسته_مدیریت آموزشی_یزد_4021,"{('request_details', jdatetime.datetime(1404, 4, 7, 12, 37, 58)): '', ('request_details', jdatetime.datetime(1404, 4, 8, 8, 4, 29)): 'سلام \n\nدرخواست شما انجام شده است'}",0 days 19:26:31,0 days 19:26:31,False
65,file_23_66.txt,درخواست اخذ کد پایان نامه برای دانشجویان کارشناسی ارشد و دکتری,5430056391538590,محمدجواد زارع زاده,5430056391,40210521212003,کارشناسی ارشد ناپیوسته_مدیریت آموزشی_یزد_4021,"{('request_details', jdatetime.datetime(1404, 4, 7, 12, 38, 43)): '', ('request_details', jdatetime.datetime(1404, 4, 8, 8, 3, 56)): 'سلام \n\nکد اخذ شد اکنون شما در مرحله ۷ قرار دارید'}",0 days 19:25:13,0 days 19:25:13,False
66,file_23_67.txt,درخواست اخذ مجوز پیش دفاع,5430056391539073,محمدجواد زارع زاده,5430056391,40210521212003,کارشناسی ارشد ناپیوسته_مدیریت آموزشی_یزد_4021,"{('request_details', jdatetime.datetime(1404, 4, 7, 12, 39, 25)): '', ('request_details', jdatetime.datetime(1404, 4, 8, 7, 59, 23)): 'با سلام \n\nشما اول باید با تایید استاد راهنما کد بگیرید و بعد فم امادگی دفاع را کامل کرده بارگذاری کنید  ضمنا دانشجویان ارشد پیش دفاع ندارند'}",0 days 19:19:58,0 days 19:19:58,False
67,file_23_68.txt,درخواست گواهی اشتغال  به تحصیل,4421039802821540,mojtaba ehramianpour,4421039802,40210521245092,کارشناسی پیوسته_مدیریت مالی_یزد_4021,"{('request_details', jdatetime.datetime(1404, 4, 5, 9, 13, 19)): 'با سلام برای اخذ گواه اشتغال به تحصیل باید سازمان یا رگانی که می خواهید به آنجا رائه بدهید مشخص باشد در ضمن نباید بدهی مالی داشته باشید', ('request_details', jdatetime.datetime(1404, 4, 5, 12, 39, 1)): ''}",0 days 03:25:42,0 days 03:25:42,True
68,file_23_69.txt,درخواست اصلاح کاربری سامانه سامد,4421435554796853,محمدمعین حجتی,4421435554,403279250,کارشناسی پیوسته_مدیریت مالی_یزد_4031,"{('request_details', jdatetime.datetime(1404, 4, 5, 9, 11, 44)): 'با سلام \n\nلطفا توضیحات بیشتری ارائه نمایید سامانه سامد برای من کار نمی کند', ('request_details', jdatetime.datetime(1404, 4, 5, 12, 53, 37)): ''}",0 days 03:41:53,0 days 03:41:53,True
69,file_23_70.txt,درخواست اخذ مجوز پیش دفاع,4420759380990334,Mohammad Saleh Valadan,4420759380,40210520608033,کارشناسی ارشد ناپیوسته_تکنولوژی آموزشی_یزد_4021,"{('request_details', jdatetime.datetime(1404, 4, 1, 10, 24, 26)): '', ('request_details', jdatetime.datetime(1404, 4, 3, 7, 59, 38)): 'بعد از مشابهت یابی پایان نامه توسط پژوهشیار و تایید آن با استاد راهنما تماس گرفته تایید کند بعد از آن با هنماهنگی استاد راهنما و داور زمان دفاع را مشخص کرده و به اطلاع اقای ناصر مختاری در دانشکده تعلیم و تربیت برسانید'}",1 days 21:35:12,1 days 21:35:12,False
70,file_23_71.txt,امتحان مجدد ,4421331503528470,Mohammad reza Mirshamci,4421331503,40210520612016,کارشناسی پیوسته_علوم تربیتی_یزد_4021,"{('request_details', jdatetime.datetime(1404, 4, 1, 1, 37, 12)): '', ('request_details', jdatetime.datetime(1404, 4, 3, 7, 58, 28)): 'با سلام لطفا توضیح کامل تری  ارائه نمایید'}",2 days 06:21:16,2 days 06:21:16,False
71,file_23_72.txt,درخواست اخذ مجوز پیش دفاع,4420846951128815,Yasin Mollanoori Shamsi,4420846951,40210520608022,کارشناسی ارشد ناپیوسته_تکنولوژی آموزشی_یزد_4021,"{('request_details', jdatetime.datetime(1404, 4, 1, 12, 45, 16)): '', ('request_details', jdatetime.datetime(1404, 4, 3, 7, 57, 40)): 'با سلام \n\nاحتراما شما از ۱۸ تیر ماه تا آخر شهریور امکان دفاع دارید ولی ۱۰ روز قبل از دفاع  در صورت کامل شده پایان نامه  با هنماهنگی استاد راهنما باید کد گرفته شود و فرم آمادگی دفاع تکمیل شده بارگذاری گردد بعد دانشجو باید مشابهت یابی پایان نامه توسط سامانه انجام دهد در صورت تایید استاد راهنما نیز باید تایید کند و بعد با هنماهنگی استاد راهنما و داور زمان دفاع را مشخص نموده به کارشناس مربوطه (آقای مختاری) اطلاع دهید'}",1 days 19:12:24,1 days 19:12:24,False
72,file_23_73.txt,امتحان مجدد ,4421331503828371,Mohammad reza Mirshamci,4421331503,40210520612016,کارشناسی پیوسته_علوم تربیتی_یزد_4021,"{('request_details', jdatetime.datetime(1404, 4, 1, 1, 39, 28)): '', ('request_details', jdatetime.datetime(1404, 4, 3, 7, 52, 18)): 'با سلام \n\nاحتراما توضیحات کامل تری ارائه نمایید'}",2 days 06:12:50,2 days 06:12:50,False
73,file_23_74.txt,درخواست اخذ مجوز پیش دفاع,0018486312994456,Seyed Mohammad Mohsen Mansouri,18486312,40210520608039,کارشناسی ارشد ناپیوسته_تکنولوژی آموزشی_یزد_4021,"{('request_details', jdatetime.datetime(1404, 4, 2, 9, 22, 47)): '', ('request_details', jdatetime.datetime(1404, 4, 2, 11, 34, 8)): 'با سلام \n\nبعد از مشابهت یابی پایان نامه توسط پژوهشیار و تایید آن با استاد راهنما تماس گرفته تایید کند بعد از آن با هنماهنگی استاد راهنما و داور زمان دفاع را مشخص کرده و به اطلاع اقای ناصر مختاری در دانشکده تعلیم و تربیت برسانید'}",0 days 02:11:21,0 days 02:11:21,False
74,file_23_75.txt,درخواستهای مربوط به دانشجویان نمونه,4421432938937977,محمدرضا رحمت زاده,4421432938,403237121,کارشناسی پیوسته_مدیریت کسب و کار_یزد_4031,"{('request_details', jdatetime.datetime(1404, 3, 30, 4, 5, 55)): '', ('request_details', jdatetime.datetime(1404, 4, 1, 9, 31, 17)): 'با سلام \n\nلطفا توضیح کامل تری ارائه دهید'}",2 days 05:25:22,2 days 05:25:22,False
75,file_23_76.txt,درخواستهای مربوط به دانشجویان نمونه,4421432938513470,محمدرضا رحمت زاده,4421432938,403237121,کارشناسی پیوسته_مدیریت کسب و کار_یزد_4031,"{('request_details', jdatetime.datetime(1404, 3, 30, 4, 12, 18)): '', ('request_details', jdatetime.datetime(1404, 4, 1, 9, 25, 52)): 'با سلام \n\nدرخواست شما واضح نیست لطفا توضیح کامل تری ارائه نمایید'}",2 days 05:13:34,2 days 05:13:34,False
76,file_23_77.txt,درخواست گواهی اشتغال  به تحصیل,0830171967783491,Sajjad Ahmadi,830171967,40110520735105,کارشناسی پیوسته_روان شناسی_یزد_4011,"{('request_details', jdatetime.datetime(1404, 3, 1, 10, 54, 2)): '------------------------------------------------------------------------------سلام لطفا گواهی اشتغال به تحصیل را جهت تحویل به بیمه برای من ارسال کنید', ('request_details', jdatetime.datetime(1404, 3, 4, 8, 14, 1)): '', ('request_details', jdatetime.datetime(1404, 3, 28, 9, 13, 46)): 'صدورگواهی اشتغال به تحصیل منوط به تسویه حساب شهریه می باشد،ضمنا تحویل اصل گواهی به سازمان مربوطه الزامی است'}",2 days 21:19:59,26 days 22:19:44,False
77,file_23_78.txt,درخواست فارغ التحصیلی دانشجویان,5430059846298734,Alireza Heydari,5430059846,40210520608011,کارشناسی ارشد ناپیوسته_تکنولوژی آموزشی_یزد_4021,"{('request_details', jdatetime.datetime(1404, 3, 27, 8, 50, 15)): 'باسلام و احترام \n\nبا عنایت به اینکه در آستانه فارغ\u200cالتحصیلی قرار دارم برای آغاز این روند احتیاج به کد رهگیری دارم لطفاً راهنمایی بفرمایید.', ('request_details', jdatetime.datetime(1404, 3, 27, 10, 52, 28)): 'با سلام \n\nاگر از پایان نامه خود دفاع کرده ایید باید بعد ویراش نهایی یک نسخه چاپ شده طبق آیین نامه دانشگاه به همراه cd فایل پایان نامه(word و pdf) تحویل کتابخانه شود بعد هم در پژهشیار و هم در آموزشیار نمره شما ثبت گردد. ضمنا در سامانه پژوهشیار باید در مرحله ۱۲ فایل نهایی پایان نامه خود را بارگذاری کنید و استاد راهنما تایید کند . ضمنا کد های رهگیری پایان نامه و پروپوزال را نیز باید وارد سایت ایران داک بشوید و بدون هیچ هزینه ای با بارگذاری قسمت هایی از پایان نامه و پروپوزال آ»ها را اخذ کرده به کارشناس پژوهشی تحویل دهید  . بعد از آن اقدام به فارغ التحصیلی نمایید .'}",0 days 02:02:13,0 days 02:02:13,False
78,file_23_79.txt,درخواست گواهی اشتغال  به تحصیل,5520039550945173,احسان آریان پور,5520039550,40010521245021,کارشناسی پیوسته_مدیریت مالی_یزد_4001,"{('request_details', jdatetime.datetime(1404, 3, 4, 12, 33, 9)): '2 تا گواهی میخوام \nیکی جهت ارائه به شرکت رعد کیان نیروی کویر\nیکی جهت ارائه به شرکت نیرو فراز جنوب شرق', ('request_details', jdatetime.datetime(1404, 3, 7, 6, 24, 43)): 'با سلام و عرض ادب \n\nاحتراما گواهی اشتغال به تحصیل برای چه سازمان یا ارگانی می خواهید؟ در ضمن باید بدهی مالی نداشته باشید تا  صدور گواهی امکانپذیر باشد', ('request_details', jdatetime.datetime(1404, 3, 20, 12, 47, 28)): 'ارائه گواهی به سازمان ها و شرکت ها باید ممهور به مهر زنده باشد،لذا جهت اخذ گواهی حضوری تشریف بیارید'}",2 days 17:51:34,16 days 00:14:19,False
79,file_23_80.txt,درخواست فارغ التحصیلی دانشجویان,3040502107434754,mohammadjavad zare,3040502107,40110520733097,کارشناسی ارشد ناپیوسته_روان شناسی بالینی_یزد_4011,"{('request_details', jdatetime.datetime(1404, 3, 11, 12, 56, 14)): 'خواهشمند است اقدامات لازم جهت فارغ التحصیلی اینجانب انجام شود', ('request_details', jdatetime.datetime(1404, 3, 19, 3, 8, 33)): 'با سلام برای انجام مراحل فارغ التحصیلی بعد از دفاع از پایان نامه باید یک نسخه نهایی از پایان نامه را طبق راهنمای نگارش پایان نامه که در سایت دانشگاه وجود دارد صحافی کرده به همراه یک cd از فایل word و pdf تحویل کتابخانه دهید . سپس صورتجلسه دفاع خود را برای ثبت نمره پایان نامه به امتحانات ارال نمایید بعد از ثبت نمره پایان نامه به کارشناس گروه (آقای مختاری) مراجعه نموده و درخواست اخذ فرم فارغ التحصیلی نمایید'}",7 days 14:12:19,7 days 14:12:19,False
80,file_23_81.txt,بررسی فعالسازی سرویس درخواست,5430034894101595,sajad sadeghzadeh,5430034894,40210520608056,کارشناسی ارشد ناپیوسته_تکنولوژی آموزشی_یزد_4021,"{('request_details', jdatetime.datetime(1404, 3, 18, 9, 24, 36)): '', ('request_details', jdatetime.datetime(1404, 3, 18, 12, 5, 27)): 'بررسی و فعال شد'}",0 days 02:40:51,0 days 02:40:51,False
81,file_23_82.txt,درخواست فعالسازی سرویس درخواست,543005923455224,alireza nosratabadi,5430059234,40210520608016,کارشناسی ارشد ناپیوسته_تکنولوژی آموزشی_یزد_4021,"{('request_details', jdatetime.datetime(1404, 3, 18, 9, 27, 21)): '', ('request_details', jdatetime.datetime(1404, 3, 18, 12, 4, 58)): 'بررسی و فعال شد'}",0 days 02:37:37,0 days 02:37:37,False
82,file_23_83.txt,درخواست اخذ مجوز پیش دفاع,4450052277559708,Ahmadreza Ghaznavi pour,4450052277,40210520608043,کارشناسی ارشد ناپیوسته_تکنولوژی آموزشی_یزد_4021,"{('request_details', jdatetime.datetime(1404, 3, 13, 9, 0, 11)): '', ('request_details', jdatetime.datetime(1404, 3, 13, 10, 28, 33)): 'با سلام دانشجویان ارشد نیاز به پیش دفاع ندارند. آخرین زمان دفاع کارشناسی ارشد برای این ترم تا پایان شهریور ماه است'}",0 days 01:28:22,0 days 01:28:22,False
83,file_23_84.txt,تمدید مهلت دفاع پایان نامه,4450085272815196,Mohammad Dehghani tafti,4450085272,40210520733091,کارشناسی ارشد ناپیوسته_روان شناسی بالینی_یزد_4021,"{('request_details', jdatetime.datetime(1404, 3, 7, 9, 0, 41)): 'با سلام و وقت به خیر، تقاضای تمدید مهلت دفاع از پایان نامه را دارم،لطفا با درخواست اینجانب موافقت فرمایید. با تشکر', ('request_details', jdatetime.datetime(1404, 3, 11, 6, 51, 11)): 'با سلام \n\nاولا جنابعالی هنوز موضوع پایان نامه درست ثبت نکرده اید . در ثانی از زمانی که پروپوزال شما توسط استاد راهنما تایید می شود ۶ ماه بعد از آن می توانید دفاع کنید . زمان دفاع ها هم دست سازمان مرکزی است'}",3 days 21:50:30,3 days 21:50:30,False
84,file_23_85.txt,درخواست صدور کارت دانشجویی,4420068558727194,محمد روشن بین,4420068558,403103692,کارشناسی ارشد ناپیوسته_روان شناسی اسلامی - روان شناسی مثبت گرا_یزد_4031,"{('request_details', jdatetime.datetime(1404, 3, 5, 4, 18, 51)): '', ('request_details', jdatetime.datetime(1404, 3, 7, 6, 22, 28)): '', ('request_details', jdatetime.datetime(1404, 3, 7, 12, 26, 18)): 'سلام کارت دانشجویی صادر گردید از روز دوشنبه 1404/03/12 ب بعد در زمانهای اداری به ساختمان طاهری همکف اتاق 5 ( امور دانشجویی- آقای معلایی ) مراجعه نمایند. باتشکر 03531872405'}",2 days 02:03:37,2 days 08:07:27,False
85,file_23_86.txt,درخواست صدور کارت دانشجویی,4421154921689749,Omid Rafiee,4421154921,40010521245049,کارشناسی پیوسته_مدیریت مالی_یزد_4001,"{('request_details', jdatetime.datetime(1404, 3, 6, 6, 9, 17)): '', ('request_details', jdatetime.datetime(1404, 3, 7, 6, 22, 3)): '', ('request_details', jdatetime.datetime(1404, 3, 7, 12, 22, 57)): 'سلام کارت دانشجویی صادر گردید از روز دوشنبه 1404/03/12 ب بعد در زمانهای اداری به ساختمان طاهری همکف اتاق 5 ( امور دانشجویی- آقای معلایی ) مراجعه نمایند. باتشکر 03531872405'}",1 days 00:12:46,1 days 06:13:40,False
86,file_23_87.txt,درخواست معادلسازی دروس,4420068558858478,محمد روشن بین,4420068558,403103692,کارشناسی ارشد ناپیوسته_روان شناسی اسلامی - روان شناسی مثبت گرا_یزد_4031,"{('request_details', jdatetime.datetime(1404, 3, 4, 1, 17, 15)): '', ('request_details', jdatetime.datetime(1404, 3, 4, 1, 23, 11)): '', ('request_details', jdatetime.datetime(1404, 3, 7, 9, 53, 54)): 'سلام فرم معادل سازي را از انتشارات دريافت وبه مدير گروه مربوطه مراجعه نماييد'}",0 days 00:05:56,3 days 08:36:39,False
87,file_23_88.txt,درخواست فارغ التحصیلی دانشجویان,5529954790572675,mansor Akbari,5529954790,40210520740016,کارشناسی ارشد ناپیوسته_روان شناسی اسلامی - روان شناسی مثبت گرا_یزد_4021,"{('request_details', jdatetime.datetime(1404, 3, 4, 1, 25, 29)): '', ('request_details', jdatetime.datetime(1404, 3, 4, 11, 21, 48)): '', ('request_details', jdatetime.datetime(1404, 3, 7, 9, 53, 29)): 'سلام براي تحويل فرم هاي فارغ التحصيلي وانجام ان به گروه اموزشي مراجعه نماييد.'}",0 days 09:56:19,3 days 08:28:00,False
88,file_23_89.txt,درخواست صدور کارت دانشجویی,4420068558653510,محمد روشن بین,4420068558,403103692,کارشناسی ارشد ناپیوسته_روان شناسی اسلامی - روان شناسی مثبت گرا_یزد_4031,"{('request_details', jdatetime.datetime(1404, 3, 4, 1, 15, 6)): '', ('request_details', jdatetime.datetime(1404, 3, 4, 1, 24, 42)): '', ('request_details', jdatetime.datetime(1404, 3, 6, 12, 35, 40)): 'سلام کارت دانشجویی صادر گردید از روز دوشنبه 1404/03/12 ب بعد در زمانهای اداری به ساختمان طاهری همکف اتاق 5 ( امور دانشجویی- آقای معلایی ) مراجعه نمایند. باتشکر 03531872405'}",0 days 00:09:36,2 days 11:20:34,False
89,file_23_90.txt,تاریخ شروع امتحانات کی هست,4421221546848098,Mohamad Mirezabadi,4421221546,40210521245053,کارشناسی پیوسته_مدیریت مالی_یزد_4021,"{('request_details', jdatetime.datetime(1404, 3, 1, 8, 55, 33)): '', ('request_details', jdatetime.datetime(1404, 3, 4, 8, 15, 6)): 'با سلام و عرض ادب\n\nسلام از 17 خرداد تا 2 تیر ماه'}",2 days 23:19:33,2 days 23:19:33,False
90,file_23_91.txt,سوال در مورد انتخاب واحد,4421137006933136,Amir mohammad Dehghani zadeh,4421137006,None,کارشناسی پیوسته_روان شناسی_یزد_4011,"{('request_details', jdatetime.datetime(1404, 2, 26, 12, 12, 37)): 'با سلام\n\nدر چه صورت امکان اخذ 23 واحد وجود دارد؟', ('request_details', jdatetime.datetime(1404, 2, 28, 6, 21, 55)): '', ('request_details', jdatetime.datetime(1404, 2, 30, 12, 39, 6)): '', ('request_details', jdatetime.datetime(1404, 2, 31, 12, 54, 31)): 'با سلام به مدیر گروه مراجعه نمایید', ('request_details', jdatetime.datetime(1404, 3, 4, 8, 13, 7)): 'با سلام \n\nسلام در دو صورت 1-معدل ترمي بالاتر از 17 باشد 2-دانشجو ترم اخر باشد'}",1 days 18:09:18,8 days 20:00:30,False
91,file_23_92.txt,درخواست اخذ مجوز پیش دفاع,5529954790242650,mansor Akbari,5529954790,40210520740016,کارشناسی ارشد ناپیوسته_روان شناسی اسلامی - روان شناسی مثبت گرا_یزد_4021,"{('request_details', jdatetime.datetime(1404, 3, 1, 10, 4, 23)): 'با سلام . احتراما درخواست تایید پیش دفاع دارم .', ('request_details', jdatetime.datetime(1404, 3, 1, 11, 53, 12)): 'با سلام \n\nاحتراما با توجه به این که از ۳ خرداد مرحله ۵ دانشکده حذف می شود به مرحله ۶ رفته و تا زمان آماده شدن پایان نامه در این مرحله متوقف می شود . بعد از آنکه استاد راهنما اجازه دفاع داد برای شما کد گرفته شده و بقه کارهایتان را پیگری کنید شما از ۲۳ خرداد تا پایان شهریور امکان دفاع دارید'}",0 days 01:48:49,0 days 01:48:49,False
92,file_23_93.txt,درخواست خلاصه وضعیت تحصیلی,5430083951231963,Muhammad Saman Falahati,5430083951,None,کاردانی ناپیوسته_آموزش و پرورش ابتدایی_یزد_4031,"{('request_details', jdatetime.datetime(1404, 2, 28, 11, 54, 35)): '', ('request_details', jdatetime.datetime(1404, 2, 31, 6, 31, 36)): 'با سلام \n\nاحتراما پس از اعلام نظر یا پاسخ به اینجانب ارسال گردد', ('request_details', jdatetime.datetime(1404, 3, 1, 6, 25, 32)): 'با سلام\n\nاحتراما، وضعيت تحصيلي دانشجو بررسي شد.  تاكنون تعداد 16 واحد درسي را با معدل 15/14گذرانيده اند و در نيمسال دوم 1403تعداد18 واحد درسي اخذ نموده اند. با سپاس'}",2 days 18:37:01,3 days 18:30:57,False
93,file_23_94.txt,تاریخ امتحانات,5529550932219722,حمید جنتی,5529550932,403713325,کاردانی ناپیوسته_آموزش و پرورش ابتدایی_یزد_4031,"{('request_details', jdatetime.datetime(1404, 2, 30, 12, 14, 3)): '', ('request_details', jdatetime.datetime(1404, 2, 31, 6, 32, 24)): 'با سلام \n\nاحتراما پس از اعلام نظر یا پاسخ به اینجانب ارسال گردد', ('request_details', jdatetime.datetime(1404, 3, 1, 6, 24, 42)): 'با سلام و عرض ادب\n\nسلام از 17 خرداد تا 2 تیر ماه'}",0 days 18:18:21,1 days 18:10:39,False
94,file_23_95.txt,درخواست صدور کارت دانشجویی,4421319449657555,امیرحسین فتحی,4421319449,403405907,کارشناسی پیوسته_مدیریت مالی_یزد_4031,"{('request_details', jdatetime.datetime(1404, 2, 30, 10, 36, 35)): '', ('request_details', jdatetime.datetime(1404, 2, 31, 6, 27, 30)): 'با سلام \n\nاحتراما پس از اعلام نظر یا پاسخ به اینجانب ارسال گردد', ('request_details', jdatetime.datetime(1404, 2, 31, 12, 58, 25)): 'با سلام \n\nیک قطعه عکس خود را به امور دانشجویی تحویل دهید تا کارت دانشجویی صادر گردد'}",0 days 19:50:55,1 days 02:21:50,False
95,file_23_96.txt,درخواست صدور کارت دانشجویی,4421453293667004,,None,None,,"{('request_details', jdatetime.datetime(1404, 2, 30, 10, 33, 47)): 'با سلام و احترام \n\n-اینجانب دانشجو ابوالفضل عطایی فرد درخواست کارت دانشجویی دارم ---------------------------- اطلاعات دانشجو ------------------------------\n\nنام و نام خانوادگی: ابوالفضل عطایی فرد\n\nکد ملی: 4421453293\n\nشماره دانشجویی: 403254624\n\nرشته محل:کارشناسی پیوسته_مدیریت مالی_یزد_4031\n\n------------------------------------------------------------------------------', ('request_details', jdatetime.datetime(1404, 2, 31, 6, 29, 9)): 'با سلام \n\nاحتراما پس از اعلام نظر یا پاسخ به اینجانب ارسال گردد', ('request_details', jdatetime.datetime(1404, 2, 31, 12, 57, 34)): 'سلام کارت دانشجویی صادر گردید از روز دوشنبه 1404/03/05 ب بعد در زمانهای اداری به ساختمان طاهری همکف اتاق 5 ( امور دانشجویی- آقای معلایی ) مراجعه نمایند. باتشکر 03531872405'}",0 days 19:55:22,1 days 02:23:47,False
96,file_23_97.txt,درخواست صدور کارت دانشجویی,4421394483538704,سیدمحمدامین رضوی مهر,4421394483,403376778,کارشناسی پیوسته_مدیریت مالی_یزد_4031,"{('request_details', jdatetime.datetime(1404, 2, 30, 10, 32, 34)): 'با سلام و احترام متقاضی پیگیر صدور کارت دانشجویی هستم', ('request_details', jdatetime.datetime(1404, 2, 31, 6, 30, 44)): 'با سلام \n\nاحتراما پس از اعلام نظر یا پاسخ به اینجانب ارسال گردد', ('request_details', jdatetime.datetime(1404, 2, 31, 12, 56, 59)): 'با سلام \n\nیک قطعه عکس خود را به امور دانشجویی تحویل دهید تا کارت دانشجویی صادر شود'}",0 days 19:58:10,1 days 02:24:25,False
97,file_23_98.txt,درخواست گواهی اشتغال  به تحصیل,5030078411388937,محمد سربازیان اسفندآبادی,5030078411,None,کارشناسی ارشد ناپیوسته_روان شناسی بالینی_یزد_4031,"{('request_details', jdatetime.datetime(1404, 2, 23, 10, 19, 42)): 'سلام و احترام \nدرخواست گواهی اشتغال به تحصیل داشتم ممنون از شما', ('request_details', jdatetime.datetime(1404, 2, 28, 6, 24, 6)): 'با سلام در اولا درخواست برای چه سازمانی می خواهید؟ ثانیا در صورتی که بدهی مالی ندارید می توانید درخواست اشتغال به تحصیل دریافت نمایید'}",4 days 20:04:24,4 days 20:04:24,False
98,file_23_99.txt,درخواست برای بررسی اتصال به دانشگاه ,4421188379703916,Hossein Mirdehghan,4421188379,None,کارشناسی پیوسته_روان شناسی_یزد_4021,"{('request_details', jdatetime.datetime(1404, 2, 25, 5, 16, 36)): 'سلام درچه صورت امکان اخذ 23 واحد وجود دارد ؟!', ('request_details', jdatetime.datetime(1404, 2, 28, 6, 18, 5)): 'با سلام درخواست شما نامشخص می باشد لطفا توضیحات بیشتری ارائه نمایید'}",3 days 01:01:29,3 days 01:01:29,False
99,file_23_100.txt,درخواست گواهی اشتغال  به تحصیل,5520039550181279,ehsan arianpoor,5520039550,None,کارشناسی پیوسته_مدیریت مالی_یزد_4001,"{('request_details', jdatetime.datetime(1404, 2, 14, 10, 32, 55)): '', ('request_details', jdatetime.datetime(1404, 2, 14, 10, 48, 45)): '', ('request_details', jdatetime.datetime(1404, 2, 18, 1, 9, 8)): 'با سلام با توجه به بدهی شهریه شما امکان دریافت گواهی اشتغال به تحصیل نمی باشید . شهریه خود را پرداخت نموده و مجددا درخواست نمایید', ('request_details', jdatetime.datetime(1404, 2, 18, 1, 9, 34)): ''}",0 days 00:15:50,3 days 14:36:39,False
100,file_23_101.txt,درخواست گواهی اشتغال  به تحصیل,5520039550354586,ehsan arianpoor,5520039550,None,کارشناسی پیوسته_مدیریت مالی_یزد_4001,"{('request_details', jdatetime.datetime(1404, 2, 7, 1, 4, 49)): '', ('request_details', jdatetime.datetime(1404, 2, 7, 2, 20, 20)): '', ('request_details', jdatetime.datetime(1404, 2, 8, 11, 8, 20)): ''}",0 days 01:15:31,1 days 10:03:31,True
