﻿,file_name,subject,refrence_code,student_name,national_id,student_id,major,message,latency,duration,is_null
0,file_6_1.txt,درخواست صدور کارت دانشجویی,4421473472800330,Arash Hedeshi,4421473472,403783344,کارشناسی پیوسته_حسابداری_یزد_4032,"{('request_details', jdatetime.datetime(1404, 5, 27, 2, 35, 13)): 'عکس برای صدور کارت دانشجویی :', ('request_details', jdatetime.datetime(1404, 5, 28, 1, 58, 9)): 'همکار گرامی\n\nسلام\n\nلطفا پس از بررسی درخواست، نتیجه را جهت ارسال به دانشجو به اینجانب بازخورد دهید. با تشکر فراوان', ('request_details', jdatetime.datetime(1404, 5, 30, 3, 30, 17)): 'همکار گرامی\n\nسلام\n\nعکس دانشجو بصورت فایل زیپ در پیوست ایمیل ارسال گردیده است'}",0 days 23:22:56,3 days 00:55:04,False
1,file_6_2.txt,انتخاب واحد,4421415626789509,محمدرضا زارع زاده مهریزی,4421415626,403707941,کارشناسی پیوسته_حسابداری_یزد_4031,"{('request_details', jdatetime.datetime(1404, 5, 29, 10, 38, 56)): '--------------------------------------------------------------------------سلام و عرض ادب \nمیخواستم بگویم که نیمسال قبل معدل ۱۸ بوده و میخواستم این ترم ۲۱ واحد بردارم ولی با مشکل حداکثر انتخاب واحد که ۲۰ واحد بوده روبرو شدم آیا نمیشه بخاطر اینکه معدلم بالا بوده ۱واحد دیگر بردارم؟', ('request_details', jdatetime.datetime(1404, 5, 30, 3, 24, 3)): 'همکار گرامی\n\nسلام\n\nلطفا پس از بررسی درخولست، مراتب را جهت ارسال به دانشجو به اینجانب بازخورد دهید. سپاسگزارم'}",0 days 16:45:07,0 days 16:45:07,False
2,file_6_3.txt,مشکل واریز شهریه,4421415626104286,محمدرضا زارع زاده مهریزی,4421415626,403707941,کارشناسی پیوسته_حسابداری_یزد_4031,"{('request_details', jdatetime.datetime(1404, 5, 25, 8, 29, 22)): '--------------------------------------------------------------------------سلام و عرض ادب\nمیخواستم بگم که مشکل واریز شهریه را دارم وقتی پرداخت کردم در آخر سایت خطا زد(ارور داد) آیا تا فردا موقع انتخاب واحد درست میشه؟', ('request_details', jdatetime.datetime(1404, 5, 28, 2, 0, 25)): 'همکار گرامی\n\nسلام\n\nلطفا پس از بررسی درخواست، مراتب را جهت ارسال به دانشجو به اینجانب بازخورد دهید. تشکر'}",2 days 17:31:03,2 days 17:31:03,False
3,file_6_4.txt,مشکل مجوز انتخاب واحد,4421415626181637,محمدرضا زارع زاده مهریزی,4421415626,403707941,کارشناسی پیوسته_حسابداری_یزد_4031,"{('request_details', jdatetime.datetime(1404, 5, 22, 8, 42, 2)): '--------------------------------------------------------------------------سلام و احترام\nمشکل گرفتن مجوز انتخاب واحد دارم و گزینه ایش فعال نیست آیا باید برای رفع آن به دانشگاه مراجعه کنم؟', ('request_details', jdatetime.datetime(1404, 5, 23, 7, 30, 41)): 'دانشجوی گرامی\n\nسلام\n\nمشکل شما ممکن است بدلایل زیر باشد:\n\n1- عدم فرا رسیدن زمان درخواست انتخاب واحد\n\n2- نیمسال خود را به 4041 تغییر دهید\n\nدر صورت عدم حل مشکل، با عنایت به تعطیلات تابستانه دانشگاه و بازگشایی از مورخ 26 مرداد ماه، از تاریخ مذکور درخواست خود را مجددا ارسال نمایید تا به کارشناس مربوطه ارجاع شود. سپاسگزارم'}",0 days 22:48:39,0 days 22:48:39,False
4,file_6_5.txt,درخواست اخذ وام دانشجویی,4421295991663159,علی رضا همتی,4421295991,403289654,کارشناسی پیوسته_حسابداری_یزد_4031,"{('request_details', jdatetime.datetime(1404, 5, 5, 5, 51, 46)): '', ('request_details', jdatetime.datetime(1404, 5, 6, 10, 16, 20)): 'همکار گرامی\n\nسلام\n\nلطفا پس از بررسی درخواست، مراتب را جهت ارسال به دانشجو به اینجانب بازخورد دهید. سپاسگزارم', ('request_details', jdatetime.datetime(1404, 5, 14, 11, 48, 3)): 'دانشجوی گرامی\n\nسلام\n\nبا عنایت به تعطیلی تابستانه کلیه واحد های دانشگاهی تا مورخ 25 مرداد ماه 1404 ، خواهشمند است درخواست خود را بعد از تاریخ مذکور مجددا ارسال فرمایید تا به کارشناس مربوطه ارجاع شود. با تشکر'}",1 days 04:24:34,9 days 05:56:17,False
5,file_6_6.txt,درخواست گواهی اشتغال  به تحصیل,5520038953293359,younes zare,5520038953,40010521301349,کارشناسی پیوسته_حسابداری_یزد_4001,"{('request_details', jdatetime.datetime(1404, 4, 28, 10, 46, 33)): 'سلام درخواست اشتغال به تحصیل برای درخواست وام', ('request_details', jdatetime.datetime(1404, 4, 30, 9, 3, 43)): 'همکار گرامی\n\nسلام\n\nلطفا پس از بررسی درخواست، مراتب را جهت ارسال به دانشجو به اینجانب بازخورد دهید. سپاسگزارم', ('request_details', jdatetime.datetime(1404, 5, 5, 5, 53, 41)): 'همکار گرامی\n\nسلام\n\nلطفا پس از بررسی درخواست، مراتب را جهت ارسال به دانشجو به اینجانب بازخورد دهید. سپاسگزارم', ('main_message', jdatetime.datetime(1404, 5, 5, 5, 53, 48)): ""از: 'کارشناسی - sm-105-21301-4-4001@iau.ir '\n\nبه: 'واحد - 372890@iau.ir '\n\nموضوع: 'درخواست گواهی اشتغال به تحصیل'\n\n\n\nهمکار گرامی\n\nسلام\n\nلطفا پس از بررسی درخواست، مراتب را جهت ارسال به دانشجو به اینجانب بازخورد دهید. سپاسگزارم"", ('main_message', jdatetime.datetime(1404, 5, 6, 8, 27, 33)): ""از: '372890 - 372890@iau.ir '\n\nبه: 'کارشناسی - sm-105-21301-4-4001@iau.ir '\n\nموضوع: 'پاسخ: درخواست گواهی اشتغال به تحصیل'\n\nوام برای کجا؟"", ('request_details', jdatetime.datetime(1404, 5, 6, 10, 20, 14)): 'دانشجوی گرامی\n\nسلام\n\nلطفا نام بانک یا موسسه مورد نظر خود را جهت اخذ وام، بصورت دقیق ارسال کنید تا گواهی بنام آن ارگان صادر گردد.'}",1 days 22:17:10,8 days 23:33:41,False
6,file_6_7.txt,از من بپرس (اخذ راهنمایی اداری),4421131210914902,amirhossein sahimpour,4421131210,None,کارشناسی پیوسته_حسابداری_یزد_4011,"{('request_details', jdatetime.datetime(1404, 2, 16, 3, 40, 47)): 'سلام خسته نباشید\nفرایند فارغ التحصیلی به چه صورت میباشد', ('request_details', jdatetime.datetime(1404, 2, 17, 9, 58, 37)): '', ('main_message', jdatetime.datetime(1404, 3, 6, 9, 1, 27)): ""از: 'majid - sup105006@iau.ir '\n\nبه: 'واحد - 336820@iau.ir '\n\nموضوع: 'از من بپرس (اخذ راهنمایی اداری)'\n\nهمکار محترم\n\nسلام\n\nبا عنایت به اینکه درخواست دانشجو مدتی است در مرحله در حال انجام می باشد، خواهشمند است نتیجه اقدامات انجام شده را جهت ارسال به دانشجو به اینجانب بازخورد دهید.        با تشکر فراوان"", ('request_details', jdatetime.datetime(1404, 3, 6, 9, 1, 55)): 'همکار محترم\n\nسلام\n\nبا عنایت به اینکه درخواست دانشجو مدتی است در مرحله در حال انجام می باشد، خواهشمند است نتیجه اقدامات انجام شده را جهت ارسال به دانشجو به اینجانب بازخورد دهید.        با تشکر فراوان', ('main_message', jdatetime.datetime(1404, 3, 6, 9, 2, 2)): ""از: 'majid - sup105006@iau.ir '\n\nبه: 'واحد - 336820@iau.ir '\n\nموضوع: 'از من بپرس (اخذ راهنمایی اداری)'\n\n\n\nهمکار محترم\n\nسلام\n\nبا عنایت به اینکه درخواست دانشجو مدتی است در مرحله در حال انجام می باشد، خواهشمند است نتیجه اقدامات انجام شده را جهت ارسال به دانشجو به اینجانب بازخورد دهید.        با تشکر فراوان"", ('request_details', jdatetime.datetime(1404, 3, 25, 11, 57, 33)): 'دانشجوی گرامی\n\nسلام \n\nبا توجه به اخلال در سامانه و تاخیر در  دریافت و پاسخ به درخواست شما توسط کارشناس مربوطه ، در صورتیکه از طرق دیگر پاسخ خود را دریافت نکرده اید، مجددا درخواست خود را ایمیل کنید تا پیگیری لازم انجام گردد. با تشکر', ('main_message', jdatetime.datetime(1404, 4, 26, 9, 1, 38)): ""از: '336820 - 336820@iau.ir '\n\nبه: 'majid - sup105006@iau.ir '\n\nموضوع: 'پاسخ: از من بپرس (اخذ راهنمایی اداری)'\n\nفرایند فارغ التحصیلی ابتدا مراجعه به کارشناس جهت اخذ فرم های فارغ التحصیلی و سپس مدیر گروه و تسویه حساب مالی و غیره"", ('main_message', jdatetime.datetime(1404, 4, 26, 9, 4, 23)): ""از: '336820 - 336820@iau.ir '\n\nبه: 'majid - sup105006@iau.ir '\n\nموضوع: 'پاسخ: از من بپرس (اخذ راهنمایی اداری)'\n\nمجددا فرایند فارغ التحصیلی ابتدا مراجعه به کارشناس جهت اخذ فرم های تسویه و سپس مدیر گروه و مراحل اداری دیگر"", ('request_details', jdatetime.datetime(1404, 4, 26, 9, 39, 7)): 'مجددا فرایند فارغ التحصیلی ابتدا مراجعه به کارشناس جهت اخذ فرم های تسویه و سپس مدیر گروه و مراحل اداری دیگر', ('request_details', jdatetime.datetime(1404, 4, 26, 9, 39, 35)): 'فرایند فارغ التحصیلی ابتدا مراجعه به کارشناس جهت اخذ فرم های فارغ التحصیلی و سپس مدیر گروه و تسویه حساب مالی و غیره'}",1 days 06:17:50,72 days 05:58:48,False
7,file_6_8.txt,درخواست اصلاح کاربری سامانه سامد,4421415626948236,محمدرضا زارع زاده مهریزی,4421415626,403707941,کارشناسی پیوسته_حسابداری_یزد_4031,"{('request_details', jdatetime.datetime(1404, 4, 3, 9, 34, 4)): '--------------------------------------------------------------------------سلام و احترام \nمشکل ورود به سامانه سامد را دارم. آیا باید به دانشگاه بیام برای رفع؟ یا اینکه به پشتیبان فنی (آقای مهندس ارمان) میتوانید اطلاع بدهید.', ('request_details', jdatetime.datetime(1404, 4, 4, 6, 34, 11)): 'همکار گرامی \n\nسلام\n\nلطفا پس از بررسی، پاسخ مربوطه را جهت ارسال به دانشجو، به اینجانب بازخورد دهید. تشکر', ('request_details', jdatetime.datetime(1404, 4, 8, 11, 54, 13)): 'با سلام و احترام \n\nدر حال حاضر سامانه سامد برای دانشجو غیرفعال شده است. به محض فعالسازی در گروه اطلاع رسانی صورت می گیرد.'}",0 days 21:00:07,5 days 02:20:09,False
8,file_6_9.txt,درخواست کارآموزی، کارورزی، طرح پویش,5350050346362804,ابوالفضل رنجبر اسفیچی,5350050346,403424573,کارشناسی پیوسته_حسابداری_یزد_4031,"{('request_details', jdatetime.datetime(1404, 2, 30, 10, 31, 42)): '', ('request_details', jdatetime.datetime(1404, 2, 30, 11, 32, 50)): 'همکار محترم\n\nسلام\n\nلطفا پس از انجام امور درخواستی دانشجو، نتیجه را به اینجانب بازخورد دهید. سپاسگزارم', ('request_details', jdatetime.datetime(1404, 3, 5, 5, 10, 22)): 'همکار محترم\n\nسلام\n\nبا عنایت به اینکه درخواست دانشجو مدتی است در مرحله در حال انجام می باشد، خواهشمند است نتیجه اقدامات انجام شده را جهت ارسال به دانشجو به اینجانب بازخورد دهید.        با تشکر فراوان', ('request_details', jdatetime.datetime(1404, 3, 13, 1, 5, 9)): 'دانشجوی گرامی\n\nسلام\n\nپیام همکار محترم اقای حاجی حسینی کارشناس پژوهشی واحد یزد  جهت اطلاع ارسال می گردد\n\nلطفا شماره همراه خود و سایر اطلاعات مربوط به اخذ معرفی نامه کارآموزی را جهت ارجاع به ایشان ارسال نمایید.\n\nدرود \n\nبه دفتر ارتباط با صنعت معرفی شوند تا نامه صادر و تحویلشان شود\n\nدرصورتیکه شهرستان تشریف دارن تلفن اینجانب را بدهید یا تلفن دانشجو را در درخواست درج نمایید تا پس از تنظیم نامه معرفینامه از طریق واتساب ارسال شود.', ('request_details', jdatetime.datetime(1404, 4, 8, 10, 0, 19)): 'دانشجوی گرامی\n\nسلام\n\nبرای دریافت نامه  کارآموزی موارد ذیل بایستی در درخواست ذکر شود\n\n1- نام کامل و صحیح محلی که میخواهند کارآموزی یا کارورزی رو بگذرانند\n\n2- نیمسالی که اخذ نمودن\n\n3- شماره دانشجویی \n\n4- تاریخ شروع کار'}",0 days 01:01:08,39 days 23:28:37,False
9,file_6_10.txt,درخواست کارآموزی، کارورزی، طرح پویش,535005034640666,ابوالفضل رنجبر اسفیچی,5350050346,403424573,کارشناسی پیوسته_حسابداری_یزد_4031,"{('request_details', jdatetime.datetime(1404, 2, 30, 10, 33, 27)): 'با سلام و احترام اینجانب ابوالفضل رنجبر به شماره دانشجویی 403424573 \nدرخواست کاراموزی در رشته حسابداری دارم', ('request_details', jdatetime.datetime(1404, 2, 30, 11, 31, 36)): 'همکار محترم\n\nسلام\n\nلطفا پس از انجام امور درخواستی دانشجو، نتیجه را به اینجانب بارخورد دهید. سپاسگزارم', ('request_details', jdatetime.datetime(1404, 3, 5, 5, 11, 59)): 'همکار محترم\n\nسلام\n\nبا عنایت به اینکه درخواست دانشجو مدتی است در مرحله در حال انجام می باشد، خواهشمند است نتیجه اقدامات انجام شده را جهت ارسال به دانشجو به اینجانب بازخورد دهید.        با تشکر فراوان', ('request_details', jdatetime.datetime(1404, 3, 13, 1, 6, 33)): 'پیام همکار محترم آقای حاجی حسینی:\n\nدرود\n\nبه دفتر ارتباط با صنعت مراجعه نمایید', ('request_details', jdatetime.datetime(1404, 3, 13, 1, 8, 2)): 'درود \n\nبه دفتر ارتباط با صنعت مراجعه نمایید.\n\nساختمان اداری- بالای همکف روبروی دفتر معاونت پژوهشی', ('request_details', jdatetime.datetime(1404, 4, 8, 9, 59, 38)): 'دانشجوی گرامی\n\nسلام\n\nبرای دریافت نامه  کارآموزی موارد ذیل بایستی در درخواست ذکر شود\n\n1- نام کامل و صحیح محلی که میخواهند کارآموزی یا کارورزی رو بگذرانند\n\n2- نیمسالی که اخذ نمودن\n\n3- شماره دانشجویی \n\n4- تاریخ شروع کار'}",0 days 00:58:09,39 days 23:26:11,False
10,file_6_11.txt,شرکت در امتحان جبرانی شهریور ماه 1404,4132475344794623,AMIN MOMENI,4132475344,403103881,کارشناسی ارشد ناپیوسته_حسابداری_یزد_4031,"{('request_details', jdatetime.datetime(1404, 4, 6, 12, 38, 2)): 'فرم درخواست شرکت در امتحان جبرانی پر شد', ('request_details', jdatetime.datetime(1404, 4, 8, 7, 11, 34)): 'دانشجوی گرامی\n\nسلام\n\nلطفا فرم تکمیل شده را ارسال فرمایید.'}",1 days 18:33:32,1 days 18:33:32,False
11,file_6_12.txt,عدم شرکت در امتحان و تکمیل فرم مربوطه,5130134605704536,mohammadreza izadi,5130134605,40210521301332,کارشناسی پیوسته_حسابداری_یزد_4021,"{('request_details', jdatetime.datetime(1404, 3, 31, 2, 26, 56)): 'سلام علیکم\nاحنراما بدینویله به استحضار می رساند اینجانب نامبرده فوق با توجه به عدم وجود امکان شرکت در امتحانات پایان ترم در سه درس 1- بازار سرمایه 2-اندیشه اسلامی یک 3- بهایابی یک بدینوسیله به استحضار می رساند که فرم های مربوطه از طریق سامانه مربوطه تکمیل گردید . همچنین در خواست دارم که سه درس ذکر شده را در تاریخ مقرر بعدی که از سمت دایره امتحانات اعلام میگردد امتحان داده و مورد ارزشیابی قرار گیرم . با تشکر', ('request_details', jdatetime.datetime(1404, 4, 1, 7, 1, 37)): 'دانشجوی گرامی\n\nسلام\n\nدرخواست شما ناقص است. لطفا فرم مربوطه را که حاوی کد رهگیری می باشد تکمیل نموده و مجددا با اطلاعات زیر ارسال نمایید.'}",1 days 04:34:41,1 days 04:34:41,False
12,file_6_13.txt,عدم امکان در حضور امتحانات پایان ترم و درخواست امتحان در تابستان,2420549341571234,محمد اخلاق تابنده,2420549341,403005280,دکتری تخصصی_حسابداری_یزد_4031,"{('request_details', jdatetime.datetime(1404, 3, 28, 12, 38, 56)): 'با سلام و احترام\nبا توجه به شرایط خاص کشور اینجانب امکان شرکت در امتحان پایان ترم درس تئوری های پیشرفته در حسابداری مالی را ندارم و درخواست شرکت در امتحان پایان ترم در تابستان را دارم.\nبا تشکر', ('request_details', jdatetime.datetime(1404, 3, 29, 8, 43, 55)): 'دانشجوی گرامی\n\nسلام\n\nدرخواست شما دریافت شد. اطلاع رسانی های بعدی متعاقبا از طریق کانال های رسمی دانشگاه آزا د اسلامی استان یزد در پلتفرم های ایتا و تلگرام اعلام می گردد.'}",0 days 20:04:59,0 days 20:04:59,False
13,file_6_14.txt,امتحان ,1209823705717871,فرهاد جهان بخشی,1209823705,403005540,دکتری تخصصی_حسابداری_یزد_4031,"{('request_details', jdatetime.datetime(1404, 3, 28, 3, 6, 36)): '---------------------------------------------------------------------با سلام به دلیل عدم امکان شرکت در آزمون مورخه ۱۴۰۴/۰۳/۲۹ درخواست شرکت در آزمون تابستان را دارم', ('request_details', jdatetime.datetime(1404, 3, 29, 8, 43)): 'دانشجوی گرامی\n\nسلام\n\nدرخواست شما ناقص است. لطفا فرم مربوطه را تکمیل و مجددا ارسال نمایید.'}",1 days 05:36:24,1 days 05:36:24,False
14,file_6_15.txt,امتحان,1209823705653863,فرهاد جهان بخشی,1209823705,403005540,دکتری تخصصی_حسابداری_یزد_4031,"{('request_details', jdatetime.datetime(1404, 3, 28, 4, 35, 21)): 'با سلام به دلیل عدم امکان شرکت در آزمون مورخه 1404/03/29 درخواست شرکت در آزمون تابستان را دارم.', ('request_details', jdatetime.datetime(1404, 3, 29, 8, 41, 35)): 'دانشجوی گرامی\n\nسلام\n\nدرخواست شما دریافت شد. اطلاع رسانی های بعدی متعاقبا از طریق کانال های رسمی دانشگاه آزا د اسلامی استان یزد در پلتفرم های ایتا و تلگرام اعلام می گردد.'}",1 days 04:06:14,1 days 04:06:14,False
15,file_6_16.txt,بررسی علت حذف درس,4421426563939857,حسین پارسائیان,4421426563,403603174,کارشناسی پیوسته_حسابداری_یزد_4031,"{('request_details', jdatetime.datetime(1404, 3, 22, 1, 46, 33)): 'همکار گرامی \n\nسلام\n\nلطفا پس از بررسی و اقدام، مراتب را جهت ارسال به دانشجو به اینجانب بازخورد دهید. سپاسگزارم', ('request_details', jdatetime.datetime(1404, 3, 22, 8, 52, 26)): 'سلام \n\nدرس روانشناسی اینجانب حذف شده در حالیکه من در کلاس ها شرکت کردم و جزو لیست حضور غیاب استاد نیز بوده ام. خواهشمند است بررسی نمایید .', ('request_details', jdatetime.datetime(1404, 3, 27, 10, 17, 2)): 'همکار گرامی \n\nسلام\n\nلطفا پس از بررسی و اقدام، مراتب را جهت ارسال به دانشجو به اینجانب بازخورد دهید. سپاسگزارم', ('request_details', jdatetime.datetime(1404, 3, 28, 8, 24, 16)): 'با سلام واحترام \n\nموضوع حذف درس دانشجو بررسی شد. \n\nعلت حذف : مشروط بودن دانشجو در نیمسال 4031 و اخذ واحد بیش از سقف مجاز\n\nتاریخ حذف : 1403/12/26\n\nکارشناس حذف کننده : کارشناس گروه حسابداری \n\nتوضیحات: ادعای دانشجو مبنی بر شرکت در کلاس ها بدلیل اینکه در بازه ی حذف و اضافه دروس حذف شده اند قابل قبول نبوده و دانشجو می بایست مراتب را قبلا بررسی نماید.'}",0 days 07:05:53,6 days 06:37:43,False
16,file_6_17.txt,عدم امکان شرکت در امتحانات پایان ترم و درخواست ازمون تابستان,2420549341128811,محمد اخلاق تابنده,2420549341,403005280,دکتری تخصصی_حسابداری_یزد_4031,"{('request_details', jdatetime.datetime(1404, 3, 27, 10, 10, 38)): '', ('request_details', jdatetime.datetime(1404, 3, 28, 8, 22, 24)): 'دانشجوی گرامی\n\nسلام\n\n فرم ارسالی ناقص است. لطفا پس از تکمیل فرم به شرح ذیل مجددا درخواست خود را ایمیل فرمایید.\n\n1- تصویر کاربرگ درخواست شرکت در امتحان کامل نیست'}",0 days 22:11:46,0 days 22:11:46,False
17,file_6_18.txt,عدم امکان شرکت در امتحانات پایان ترم و درخواست آزمون تابستان,1209823705525725,فرهاد جهان بخشی,1209823705,403005540,دکتری تخصصی_حسابداری_یزد_4031,"{('request_details', jdatetime.datetime(1404, 3, 27, 3, 46, 13)): '', ('request_details', jdatetime.datetime(1404, 3, 28, 8, 20)): 'دانشجوی گرامی\n\nسلام\n\n فرمهای ارسالی ناقص است. لطفا پس از تکمیل فرمها به شرح ذیل مجددا درخواست خود را ایمیل فرمایید.\n\n1- متن درخواست بصورت کامل در پیوست ( متن نامه اصلی) نوشته شود\n\n2- تصویر کاربرگ درخواست شرکت در امتحان کامل نیست'}",1 days 04:33:47,1 days 04:33:47,False
18,file_6_19.txt,ثبت و پیگیری انتقاد و پیشنهاد,4421288403322280,Mohammadreza Dehshiri,4421288403,40210521301300,کارشناسی پیوسته_حسابداری_یزد_4021,"{('request_details', jdatetime.datetime(1404, 3, 24, 9, 19, 31)): 'همکار گرامی\n\nسلام\n\nدرخواست دانشجو به جهت ارتباط موضوعی با گستره فعالیت آن اداره محترم، به جنابعالی ارجاع گردید. خواهشمند است پس از بررسی ، مراتب را جهت ارسال پاسخ به دانشجو و قرار گرفتن ایمیل به وضعیت درخواست های بسته شده به اینجانب بازخورد دهید. سپاسگزارم.', ('request_details', jdatetime.datetime(1404, 3, 24, 11, 21, 26)): 'به نام خدا\n\n\n\nما دانشجویان دانشگاه آزاد، در شرایطی که جنگ و خشونت، جان و آرامش میلیون\u200cها انسان را نشانه گرفته، نه تنها در غم هموطنان و مردم شریکیم، بلکه از سیستم آموزشی بی\u200cتفاوت و غیرمنعطف معترضیم\n\n\n\nچرا وقتی دانشگاه\u200cهای دیگر کشور در پی بحران\u200cهای اجتماعی تعطیل می\u200cشوند، ما باید در اوج فشار روانی امتحان دهیم؟ چرا حقوق اولیه\u200cی روانی و انسانی ما نادیده گرفته می\u200cشود؟  \n\n\n\nمطالبه می\u200cکنیم:\n\n\n\n- تاخیر در برگزاری امتحانات \n\n\n\n- برابری با سایر دانشگاه\u200cها در برخورداری از تعطیلی\u200cهای بحرانی  \n\n\n\n\n\n\n\nما زیر بار فشار روحی جنگ و استرس امتحان له می\u200cشویم! سکوت و بی\u200cعملی مسئولان پذیرفتنی نیست.  \n\n\n\n\n\nدانشجویان معترض دانشگاه کل کشور\n\n\n\nخرداد۱۴۰۴', ('request_details', jdatetime.datetime(1404, 3, 25, 6, 8, 33)): 'چرا امتحانات پایان ترم دانشگاه آزاد اسلامی استان یزد تغییری نکرد؟\n\n\n\n🔹سازمان مرکزی دانشگاه آزاد اسلامی، مجوز تغییر زمان و برگزاری آزمون مجازی را صرفا به استان هایی داده که امنیت لازم برای حضور دانشجویان را ندارد.\n\n\n\n\n\n🔹 با توجه به ضرورت حفظ کیفیت آموزش، نحوه برگزاری امتحانات (حضوری یا مجازی) از اهمیت بالایی برخوردار است.\n\n آزمون مجازی در شرایطی که اینترنت ضعیف است باعث ایجاد مشکل در بارگذاری پاسخ ها خواهد شد ضمن اینکه نیازمند شخصی سازی طراحی سوال است پس بنابراین تصمیم بر آن شد که امتحانات به صورت حضوری برگزار گردد.\n\n\n\n🔹 با توجه به اینکه درصد قابل توجهی از دانشجویان رشته های دانشکده پزشکی دانشگاه آزاد اسلامی یزد غیر بومی هستند و امکان بازگشت به یزد را نداشتند، امتحانات روز یکشنبه این رشته\u200cها لغو و به تاریخ ۴ تیرماه موکول شد.\n\n\n\n\n\n🔹در مورد دانشجویانی که به دلیل شرایط خاص (اعم از وضعیت خانوادگی یا شخصی) در مناطق پرخطر قرار دارند و امکان حضور در جلسه امتحان را ندارند، غیبت ایشان موجه تلقی شده و در زمان مناسب، آزمون به صورت حضوری از آنان به عمل خواهد آمد.\n\n\n\n🔹تأکید می\u200cشود که تمامی این تصمیمات با لحاظ امنیت، سلامت دانشجویان عزیز و نیز ضرورت حفظ سطح کیفی آموزش در دانشگاه اتخاذ شده است.\n\n\n\n🔹دانشگاه آزاد اسلامی یزد تابع مصوبات سازمان مرکزی دانشگاه آزاد اسلامی می\u200cباشد و تصمیماتی که در سطح استان اتخاذ می\u200cشود، بر اساس مصلحت دانشگاه و شرایط بومی منطقه است.\n\n\n\n🔹همچنین با توجه به اینکه شرایط روزهای آتی کشور، قابل پیش بینی نیست تعویق در تاریخ امتحانات ممکن است باعث ناتمام ماندن نیمسال تحصیلی شود.\n\n\n\n🔹در پایان، برای تمامی دانشجویان عزیز در ترم جاری آرزوی موفقیت، و برای خانواده دانشگاه آزاد اسلامی یزد و خانواده\u200cهای محترم\u200cشان آرزوی سلامتی و امنیت داریم.'}",0 days 02:01:55,0 days 20:49:02,False
19,file_6_20.txt,درخواست صدور کارت دانشجویی,4450106148455667,Mohammad Amin Dehghani Tafti,4450106148,40010521301164,کارشناسی پیوسته_حسابداری_یزد_4001,"{('request_details', jdatetime.datetime(1404, 3, 22, 1, 40, 58)): 'همکار گرامی\n\nسلام\n\nلطفا پس از بررسی و اقدام مراتب را جهت ارسال به دانشجو به اینجانب بازخورد دهید. تشکر', ('request_details', jdatetime.datetime(1404, 3, 22, 11, 17, 40)): '', ('request_details', jdatetime.datetime(1404, 3, 25, 11, 58, 38)): 'سلام کارت دانشجویی صادر گردید از روز دوشنبه 1404/03/26 ب بعد در زمانهای اداری به ساختمان طاهری همکف اتاق 5 ( امور دانشجویی- آقای معلایی ) مراجعه نمایند. باتشکر 03531872405'}",0 days 09:36:42,3 days 10:17:40,False
20,file_6_21.txt,درخواست صدور کارت دانشجویی,4421473472761023,Arash Hedeshi,4421473472,403783344,کارشناسی پیوسته_حسابداری_یزد_4032,"{('request_details', jdatetime.datetime(1404, 3, 21, 11, 7, 59)): 'کارت', ('request_details', jdatetime.datetime(1404, 3, 21, 12, 6, 46)): 'همکار گرامی \n\nسلام\n\nلطفا پس از بررسی و اقدام مراتب را جهت ارسال به دانشجو به اینجانب بازخورد دهید . سپاسگزارم', ('request_details', jdatetime.datetime(1404, 3, 22, 11, 57, 46)): 'سلام احتراما با توجه به اینکه سامانه آموزشیار شما عکس ندارد لطفا یک قطعه عکس 4*3 ایمیل تا بقیه مراحل صدور کارت انجام شود.باتشکر'}",0 days 00:58:47,1 days 00:49:47,False
21,file_6_22.txt,درخواست صدور کارت دانشجویی,4421473472761023,Arash Hedeshi,4421473472,403783344,کارشناسی پیوسته_حسابداری_یزد_4032,"{('request_details', jdatetime.datetime(1404, 3, 21, 11, 7, 59)): 'کارت', ('request_details', jdatetime.datetime(1404, 3, 21, 12, 9, 6)): 'همکار گرامی \n\nسلام\n\nلطفا پس از بررسی و اقدام مراتب را جهت ارسال به دانشجو به اینجانب بازخورد دهید.', ('request_details', jdatetime.datetime(1404, 3, 22, 11, 37, 46)): 'سلام احتراما با توجه به اینکه سامانه آموزشیار شما عکس ندارد لطفا یک قطعه عکس 4*3 ایمیل تا بقیه مراحل صدور کارت انجام شود.باتشکر'}",0 days 01:01:07,1 days 00:29:47,False
22,file_6_23.txt,درخواست گواهی اشتغال  به تحصیل,4421404985397443,سیدابوالفضل باقری فهرجی,4421404985,403349031,کارشناسی پیوسته_حسابداری_یزد_4031,"{('request_details', jdatetime.datetime(1404, 3, 9, 9, 15, 58)): '', ('request_details', jdatetime.datetime(1404, 3, 11, 8, 34, 13)): 'همکار محترم\n\nسلام\n\nلطفا پس از بررسی  و اقدام لازم، مراتب را جهت ارسال به دانشجو به اینجانب بازخورد دهید. سپاسگزارم', ('request_details', jdatetime.datetime(1404, 3, 21, 12, 12, 39)): 'صدور گواهی اشتغال به تحصیل منوط به تسویه حساب شهریه می باشد،ضمنا ارائه گواهی به سازمان ها باید ممهور به مهر زنده باشد.'}",1 days 23:18:15,12 days 02:56:41,False
23,file_6_24.txt,درخواست گواهی اشتغال  به تحصیل,4421404985895045,سیدابوالفضل باقری فهرجی,4421404985,403349031,کارشناسی پیوسته_حسابداری_یزد_4031,"{('request_details', jdatetime.datetime(1404, 3, 9, 9, 15, 5)): 'درخواست گواهی اشتعال به تحصیل', ('request_details', jdatetime.datetime(1404, 3, 11, 8, 34, 57)): 'همکار محترم\n\nسلام\n\nلطفا پس از بررسی  و اقدام لازم، مراتب را جهت ارسال به دانشجو به اینجانب بازخورد دهید. سپاسگزارم', ('request_details', jdatetime.datetime(1404, 3, 21, 12, 11, 32)): '\u200cصدور گواهی اشتغال به تحصیل منوط به تسویه حساب شهریه می باشد،ضمنا ارائه گواهی به سازمان ها باید ممهور به مهر زنده باشد.'}",1 days 23:19:52,12 days 02:56:27,False
24,file_6_25.txt,درخواست صدور کارت دانشجویی,4421105155168856,Mohammad Kalantarizadehdarah,4421105155,403812778,کارشناسی پیوسته_حسابداری_یزد_4032,"{('request_details', jdatetime.datetime(1404, 3, 17, 5, 42, 29)): 'همکار گرامی\n\nسلام\n\nلطفا پس از بررسی و اقدام لازم، مراتب را جهت ارسال به دانشجو به اینجانب بازخورد دهید.', ('request_details', jdatetime.datetime(1404, 3, 17, 9, 44, 1)): '', ('request_details', jdatetime.datetime(1404, 3, 18, 5, 39, 55)): 'سلام وقت بخیر.\n\nاحتراما با توجه به اینکه شما ورودی بهمن 1403می باشد متاسفانه سازمان مرکزی عکس شما در سامانه آموزشیار بارگزاری نکرده است. لذا جهت دریافت کارت لطفا یک قطعه عکس 4*3  با فایل JPG ایمیل کنید تا بقیه مراحل صدور کارت انجام شود'}",0 days 04:01:32,0 days 23:57:26,False
25,file_6_26.txt,درخواست صدور کارت دانشجویی,4421105155168856,Mohammad Kalantarizadehdarah,4421105155,403812778,کارشناسی پیوسته_حسابداری_یزد_4032,"{('request_details', jdatetime.datetime(1404, 3, 17, 5, 43, 55)): 'همکار گرامی\n\nسلام\n\nلطفا پس از بررسی و اقدام لازم، مراتب را جهت ارسال به دانشجو به اینجانب بازخورد دهید.', ('request_details', jdatetime.datetime(1404, 3, 17, 9, 44, 1)): '', ('request_details', jdatetime.datetime(1404, 3, 18, 5, 38, 10)): 'سلام وقت بخیر.\n\nاحتراما با توجه به اینکه شما ورودی بهمن 1403می باشد متاسفانه سازمان مرکزی عکس شما در سامانه آموزشیار بارگزاری نکرده است. لذا جهت دریافت کارت لطفا یک قطعه عکس 4*3  با فایل JPG ایمیل کنید تا بقیه مراحل صدور کارت انجام شود'}",0 days 04:00:06,0 days 23:54:15,False
26,file_6_27.txt,برسی اتصال به سامانه,4421363340806966,Mohammadreza Kamali,4421363340,40210521301177,کارشناسی پیوسته_حسابداری_یزد_4021,"{('request_details', jdatetime.datetime(1404, 3, 9, 6, 7, 3)): '', ('request_details', jdatetime.datetime(1404, 3, 11, 8, 32, 35)): 'همکار محترم\n\nسلام\n\nلطفا پس از بررسی درخواست و اقدام لازم، مراتب را جهت ارسال به دانشجو به اینجانب بازخورد دهید. سپاسگزارم', ('request_details', jdatetime.datetime(1404, 3, 18, 5, 36, 30)): 'باسلام\n\nاحتراما درخواست شما مورد بررسی قرار گرفت و فعالسازی انجام شد.'}",2 days 02:25:32,8 days 23:29:27,False
27,file_6_28.txt,تغییر اتوماسيون جهت رییس بسیج دانشجویی ,4421024066830229,alireza ghane,4421024066,None,کارشناسی ارشد ناپیوسته_حسابداری قضایی_یزد_4021,"{('request_details', jdatetime.datetime(1404, 2, 20, 2, 1, 40)): 'با سلام و عرض ادب\n\nاحتراما به استحضار می رساند با عنایت به صدور ابلاغ رئیس جدید بسیج دانشجویی دانشگاه برای برادر جناب اقای یونس دهقان، خواهشمند است در خصوص انتقال کارتابل درخواست و مکاتبات اداری و رسمی، به ایشان دستور پیگیری مبذول فرمایید. \n\nباسپاس- علیرضا قانع عزآبادی\n\nرئیس بسیج دانشجویی حوزه امام رضا دانشگاه آزاد اسلامی یزد', ('request_details', jdatetime.datetime(1404, 2, 21, 6, 3, 53)): 'سلام و عرض ادب، خواهشمند است درخواست ارسالی را بررسی و دستور فرمایید اقدام لازم صورت پذیرد', ('request_details', jdatetime.datetime(1404, 2, 22, 10, 15, 44)): 'سلام و عرض ادب، خواهشمند است درخواست ارسالی را بررسی و دستور فرمایید اقدام لازم صورت پذیرد', ('request_details', jdatetime.datetime(1404, 2, 24, 7, 23, 24)): 'سلام درخواست شما به مدیریت امور اداری و منابع انسانی جناب آقای سیدعلی میرخلیلی ارجاع شده است', ('request_details', jdatetime.datetime(1404, 3, 6, 9, 0, 11)): 'همکار محترم\n\nسلام\n\nبا عنایت به اینکه درخواست دانشجو مدتی است در مرحله در حال انجام می باشد، خواهشمند است نتیجه اقدامات انجام شده را جهت ارسال به دانشجو به اینجانب بازخورد دهید.        با تشکر فراوان', ('request_details', jdatetime.datetime(1404, 3, 18, 5, 34, 23)): 'سلام\n\nدانشجوی گرامی\n\nبا توجه به عدم پاسخگویی کارشناس مربوطه به مدت طولانی، در صورتیکه اقدامی جهت درخواست شما انجام نشده است، خواهشمند است درخواست مجدد ارسال فرمایید تا به کارشناس مربوطه مجددا ارجاع داده شود.'}",1 days 04:02:13,29 days 03:32:43,False
28,file_6_29.txt,از من بپرس (اخذ راهنمایی اداری),4421036005208553,محمد حسین زارع زردینی,4421036005,None,کارشناسی ارشد ناپیوسته_حسابداری قضایی_یزد_4021,"{('request_details', jdatetime.datetime(1404, 2, 18, 6, 5, 45)): 'سلام\nفرآیند فارغ التحصیلی در مقطع کارشناسی ارشد ناپیوسته؟', ('request_details', jdatetime.datetime(1404, 2, 21, 6, 20, 39)): '', ('request_details', jdatetime.datetime(1404, 3, 18, 5, 32, 59)): 'سلام\n\nدانشجوی گرامی\n\nبا توجه به عدم پاسخگویی کارشناس مربوطه به مدت طولانی، در صورتیکه اقدامی جهت فارغ التحصیلی انجام نداده اید، خواهشمند است درخواست مجدد ارسال فرمایید تا به کارشناس مربوطه مجددا ارجاع داده شود.'}",3 days 00:14:54,30 days 23:27:14,False
29,file_6_30.txt,درخواست بازدید علمی انجمن علمی,442103600510572,محمد حسین زارع زردینی,4421036005,None,کارشناسی ارشد ناپیوسته_حسابداری قضایی_یزد_4021,"{('request_details', jdatetime.datetime(1404, 2, 20, 11, 4, 17)): 'سلام و درود\nاحتراما بنا به برگزاری نمایشگاه کتاب در نیمه دوم اردیبهشت ماه در تهران خواهشمندیم نسبت به برگزاری تورعلمی بازدید از این نمایشگاه اقدامات لازم را مبذول فرمایید.', ('request_details', jdatetime.datetime(1404, 2, 21, 6, 17, 16)): 'سلام و عرض ادب، خواهشمند اسست دستور فرمایید درخواست ارسالی بررسی و نتیجه اعلام گردد. تشکر', ('request_details', jdatetime.datetime(1404, 3, 4, 11, 41, 58)): 'سلام با توجه به عدم پاسخ از سوی مسوول مربوطه و گذشت زمان برگزاری نمایشگاه کتاب، این درخواست در حالت بسته شده قرار می گیرد.'}",0 days 19:12:59,15 days 00:37:41,False
30,file_6_31.txt,درخواست صدور کارت دانشجویی,442129634197525,محمد جواد دهقان چناری,4421296341,403388143,کارشناسی پیوسته_حسابداری_یزد_4031,"{('request_details', jdatetime.datetime(1404, 2, 30, 10, 34, 30)): 'باسلام اینجانب محمدجواد دهقان \nدرخواست کارت دانشجویی دارم.------------------------------------------------------------------------------', ('request_details', jdatetime.datetime(1404, 2, 30, 11, 29, 45)): 'همکار محترم\n\nسلام\n\nلطفا پس از انجام امور درخواستی دانشجو، نتیجه را به اینجانب بارخورد دهید. سپاسگزارم', ('request_details', jdatetime.datetime(1404, 3, 1, 5, 20, 38)): 'سلام کارت دانشجویی صادر گردید از روز دوشنبه 1404/03/05 ب بعد در زمانهای اداری به ساختمان طاهری همکف اتاق 5 ( امور دانشجویی- آقای معلایی ) مراجعه نمایند. باتشکر 03531872405'}",0 days 00:55:15,1 days 18:46:08,False
31,file_6_32.txt,درخواست صدور کارت دانشجویی,4421317411893978,محمدحسین منصوری فرد,4421317411,403653092,کارشناسی پیوسته_حسابداری_یزد_4031,"{('request_details', jdatetime.datetime(1404, 2, 30, 10, 34, 34)): '------------------------------------------------------------------------------با سلام اینجانب محمدحسین منصوری فرد \nدرخواست کارت دانشجویی دارم', ('request_details', jdatetime.datetime(1404, 2, 30, 11, 28, 39)): 'همکار محترم\n\nسلام\n\nلطفا پس از انجام امور درخواستی دانشجو، نتیجه را به اینجانب بارخورد دهید. سپاسگزارم', ('request_details', jdatetime.datetime(1404, 3, 1, 5, 19, 58)): 'سلام وقت بخیر احتراما با توجه به عکس در سامانه آموزشیار نیاز به اصلاح دارد. لطفا یک قطعه عکس 4*3 ایمیل کنید تا بقیه مراحل صدور کارت انجام شود. باتشکر'}",0 days 00:54:05,1 days 18:45:24,False
32,file_6_33.txt,درخواست انتخاب واحد- حذف و اضافه خارج از زمان,4421429392972065,ایلیا زارع شاه آبادی,4421429392,None,کارشناسی پیوسته_حسابداری_یزد_4031,"{('request_details', jdatetime.datetime(1404, 2, 10, 12, 44, 51)): '', ('request_details', jdatetime.datetime(1404, 2, 11, 11, 23, 1)): '', ('request_details', jdatetime.datetime(1404, 2, 17, 9, 51, 9)): '', ('request_details', jdatetime.datetime(1404, 2, 17, 10, 4, 8)): '', ('request_details', jdatetime.datetime(1404, 2, 31, 11, 17, 42)): 'انتخاب واحد در ترم 4032 دارید', ('request_details', jdatetime.datetime(1404, 2, 31, 11, 18, 39)): 'با درود \n\nانتخاب واحد در ترم 4032 انجام شده است'}",0 days 22:38:10,20 days 22:33:48,False
33,file_6_34.txt,تاریخ شروع امتحانات کی هست؟,4420151463588945,حمید نورابادی,4420151463,None,دکتری تخصصی_حسابداری_یزد_4031,"{('request_details', jdatetime.datetime(1404, 2, 29, 2, 25, 36)): '', ('request_details', jdatetime.datetime(1404, 2, 29, 12, 34, 9)): '', ('request_details', jdatetime.datetime(1404, 2, 30, 7, 55, 53)): 'سلام از 17 خرداد تا 2 تیر'}",0 days 10:08:33,1 days 05:30:17,False
34,file_6_35.txt,تاریخ شروع امتحانات کی است؟,4421215406568051,Abolfazl Soltani,4421215406,None,کارشناسی پیوسته_حسابداری_یزد_4021,"{('request_details', jdatetime.datetime(1404, 2, 23, 12, 33, 48)): '-------------------------------------------------------------------------باسلام احترام \nاین یک پیام تست میباشد', ('request_details', jdatetime.datetime(1404, 2, 24, 7, 10, 26)): '', ('request_details', jdatetime.datetime(1404, 2, 27, 11, 50, 44)): 'سلام از 17 خرداد', ('request_details', jdatetime.datetime(1404, 2, 28, 10, 19, 7)): ''}",0 days 18:36:38,4 days 21:45:19,False
35,file_6_36.txt,تاریخ امتحانات ,442120525777025,امیرحسین حریرچیان,4421205257,None,کارشناسی پیوسته_حسابداری_یزد_4011,"{('request_details', jdatetime.datetime(1404, 2, 22, 11, 56, 18)): '---------------------------------------------------------------------باسلام و احترام تاریخ شروع امتحانات چه زمانی است؟', ('request_details', jdatetime.datetime(1404, 2, 23, 11, 54, 25)): 'سلام و عرض ادب خدمت همکار ارجمند\n\nلطفا به درخواست دانشجو پاسخ دهید. با تشکر', ('request_details', jdatetime.datetime(1404, 2, 27, 11, 40, 15)): ''}",0 days 23:58:07,4 days 23:43:57,False
36,file_6_37.txt,تاریخ شروع امتحانات کی است؟,4220749365989431,seyedali sadat,4220749365,None,کارشناسی پیوسته_حسابداری_یزد_4011,"{('request_details', jdatetime.datetime(1404, 2, 22, 11, 32, 41)): '', ('request_details', jdatetime.datetime(1404, 2, 23, 11, 51, 11)): 'سلام و عرض ادب خدمت همکار ارجمند\n\nلطفا به درخواست دانشجو پاسخ دهید. با تشکر', ('request_details', jdatetime.datetime(1404, 2, 27, 11, 38, 40)): 'سلام از 17 خرداد'}",1 days 00:18:30,5 days 00:05:59,False
37,file_6_38.txt,تاریخ شروع امتحانات کی است؟,442141562657241,محمدرضا زارع زاده مهریزی,4421415626,None,کارشناسی پیوسته_حسابداری_یزد_4031,"{('request_details', jdatetime.datetime(1404, 2, 23, 6, 1, 12)): '--------------------------------------------------------------------------سلام و احترام \nخواهشمندم تاریخ شروع امتحانات را اطلاع دهید.', ('request_details', jdatetime.datetime(1404, 2, 23, 11, 49, 55)): 'سلام و عرض ادب خدمت همکار ارجمند\n\nلطفا به درخواست دانسجو پاسخ دهید. با تشکر', ('request_details', jdatetime.datetime(1404, 2, 27, 11, 38, 15)): 'سلام از 17 خرداد'}",0 days 05:48:43,4 days 05:37:03,False
38,file_6_39.txt,درخواست گواهی اشتغال  به تحصیل,4421193161432406,Mohammad Neshastehgar,4421193161,None,کارشناسی پیوسته_حسابداری_یزد_4021,"{('request_details', jdatetime.datetime(1404, 2, 23, 1, 50, 12)): '', ('request_details', jdatetime.datetime(1404, 2, 24, 7, 8, 27)): '', ('request_details', jdatetime.datetime(1404, 2, 24, 12, 42, 51)): 'صدور گواهي اشتغال به تحصيل منوط به تسويه حساب كامل شهريه و ثبت انتخاب واحد در نيمسال جاري مي باشد،ضمنا سازمان گواهي اشتغال به تحصيل را به صورت برگ زنده مورد تاييد قرار داده اند'}",1 days 05:18:15,1 days 10:52:39,False
39,file_6_40.txt,درخواست گواهی اشتغال  به تحصیل,4421429392707079,ایلیا زارع شاه آبادی,4421429392,None,کارشناسی پیوسته_حسابداری_یزد_4031,"{('request_details', jdatetime.datetime(1404, 2, 10, 12, 43, 57)): '', ('request_details', jdatetime.datetime(1404, 2, 11, 9, 15, 48)): '', ('request_details', jdatetime.datetime(1404, 2, 17, 9, 51, 49)): '', ('request_details', jdatetime.datetime(1404, 2, 17, 10, 1, 29)): '', ('request_details', jdatetime.datetime(1404, 2, 24, 12, 41, 12)): 'صدور گواهي اشتغال به تحصيل منوط به تسويه حساب شهريه است', ('request_details', jdatetime.datetime(1404, 2, 24, 12, 42, 4)): 'صدور گواهي اشتغال به تحصيل منوط به تسويه حساب شهريه است'}",0 days 20:31:51,13 days 23:58:07,False
40,file_6_41.txt,,4421211087336317,reza sahebalzamani,4421211087,None,کارشناسی پیوسته_حسابداری_یزد_4011,"{('request_details', jdatetime.datetime(1404, 2, 23, 5, 29, 26)): '', ('request_details', jdatetime.datetime(1404, 2, 24, 7, 17, 46)): 'سلام \n\nدانشجوی گرامی \n\nدرخواست شما فاقد موضوع و متن درخواست می باشد، لطفا موارد خواسته شده را تکمیل و مجددا ارسال فرمایید'}",1 days 01:48:20,1 days 01:48:20,False
41,file_6_42.txt,,4421422215993906,ابوالفضل دهجی,4421422215,None,کارشناسی پیوسته_حسابداری_یزد_4031,"{('request_details', jdatetime.datetime(1404, 2, 23, 11, 36, 45)): '', ('request_details', jdatetime.datetime(1404, 2, 23, 11, 48, 3)): 'دانشجوی گرامی\n\nسلام\n\nایمیل شما فاقد موضوع می باشد، لطفا موضوع درخواست خود را ثبت نموده و درخواست خود را بصورت کامل تایپ کنید و مجددا ارسال نمایید. با تشکر'}",0 days 00:11:18,0 days 00:11:18,False
