﻿,file_name,subject,refrence_code,student_name,national_id,student_id,major,message,latency,duration,is_null
0,file_19_1.txt,درخواست گرفتن مجوز 24 واحد,4240610801270919,نیما رجایی منش,4240610801,403388572,کارشناسی پیوسته_حقوق_یزد_4031,"{('request_details', jdatetime.datetime(1404, 5, 22, 10, 30, 48)): '', ('request_details', jdatetime.datetime(1404, 5, 26, 10, 34, 47)): ''}",4 days 00:03:59,4 days 00:03:59,True
1,file_19_2.txt,درخواست افزایش سقف انتخاب واحد به ۲۴ واحد,4240610801817937,نیما رجایی منش,4240610801,403388572,کارشناسی پیوسته_حقوق_یزد_4031,"{('request_details', jdatetime.datetime(1404, 5, 22, 10, 45, 28)): '------------------------------------------------------------------------------سلام و احترام\nاینجانب دانشجوی معدل «الف» در ترم گذشته هستم و طبق مقررات آموزشی، مجاز به اخذ ۲۴ واحد در ترم جاری می\u200cباشم. با این حال، در بخش «وضعیت ترم جاری» سقف انتخاب واحد برای من همچنان ۲۰ واحد ثبت شده و تغییری نسبت به حالت عادی نداشته است.\nطبق اطلاع\u200cرسانی انجام\u200cشده در سامانه، ذکر شده بود که در صورت عدم افزایش سقف انتخاب واحد برای دانشجویان واجد شرایط، موضوع به دانشگاه اطلاع داده شود تا اصلاحات لازم صورت گیرد. از آنجا که برنامه\u200cریزی من برای این ترم بر مبنای اخذ ۲۴ واحد درسی انجام شده و نیازمند گذراندن این تعداد واحد هستم، خواهشمند است دستور فرمایید سقف انتخاب واحد اینجانب از ۲۰ به ۲۴ واحد افزایش یابد.\nپیشاپیش از همکاری و مساعدت شما سپاسگزارم.', ('request_details', jdatetime.datetime(1404, 5, 26, 10, 32, 51)): ''}",3 days 23:47:23,3 days 23:47:23,True
2,file_19_3.txt,سلام آیا قبل از درخواست مجوز انتخاب واحد میتوان درخواست اخذ دروس وصایا و انس با قرآن را داد؟ ,4421408026294428,سیده ارشین علوی,4421408026,403309493,کارشناسی پیوسته_حقوق_یزد_4031,"{('request_details', jdatetime.datetime(1404, 5, 23, 3, 2, 18)): '', ('request_details', jdatetime.datetime(1404, 5, 26, 10, 31, 51)): ''}",3 days 07:29:33,3 days 07:29:33,True
3,file_19_4.txt,درخواست اخذ 24 واحد در ترم 1401 را دارم,4420091061699793,حسن نظری,4420091061,403242162,کارشناسی پیوسته_حقوق_یزد_4031,"{('request_details', jdatetime.datetime(1404, 5, 25, 1, 13, 37)): 'با توجه به اخذ معدل بالای 17 درخواست مجوز برای برداشت 24 واحد را در ترم پیش رو دارم ممنون مچکر', ('request_details', jdatetime.datetime(1404, 5, 26, 10, 30, 44)): ''}",1 days 09:17:07,1 days 09:17:07,True
4,file_19_5.txt,مشکل پروفایل و ثبت نشدن نمره درسی ,42406108018292,نیما رجایی منش,4240610801,403388572,کارشناسی پیوسته_حقوق_یزد_4031,"{('request_details', jdatetime.datetime(1404, 5, 22, 5, 14, 17)): 'احترما سلام علیکم \n\n\n\n واسه اینکه انتخاب واحد کنم حس میکنم مشکلی وجود داره واسه انتخاب واحدم و چون در شهر یزد حضور ندارم امکان اینکه حضورا خدمت برسم نبود \n\n\n\nلذا چون انتخاب واحد نزدیکه اگر امکان بر این هست یه نگاهی بکنید ببینید مشکلی واسه انتخاب واحد من وجود اعمم از( قفل کردن یا قفل بودن پروفایل دانشجویی) به هر دلیلی و اعلامش بهم ،\n\n\n\n ممنون میشم بابت خدمات و لطف بیکرانتون تا زودتر خدمت برسم و موضوع رو حل کردم و اگر هم مشکلی نبود بازم اگه بهم اطلاع بدید ممنون میشم \n\n\n\nو همچنین نمره درس اساسی بنده توی پروفایل دانشجویی منوی اعتراض هستش ولی داخل کارنامه اصلی من ثبت نشده لذا ممنون میشم اگه درست بشه چون این ترم ۲۴ واحد قراره اخذ کنم و نمره اش واسم مهمه \n\n\n\nسپاسگزارم از لطف و محبت و زحمات بیکرانتون \n\n\n\nبا نهایت احترام ""رجایی منش""', ('request_details', jdatetime.datetime(1404, 5, 26, 10, 29, 57)): ''}",4 days 05:15:40,4 days 05:15:40,True
5,file_19_6.txt,درخواست اخذ وام دانشجویی,606024211169911,رضا عسکری ملک آباد,6060242111,403611808,کارشناسی پیوسته_حقوق_یزد_4031,"{('request_details', jdatetime.datetime(1404, 5, 10, 9, 1, 23)): '', ('request_details', jdatetime.datetime(1404, 5, 11, 5, 19, 23)): '""با سلام،\n\n\n\nبه اطلاع می\u200cرساند با توجه به تعطیلات دانشگاه آزاد اسلامی تا تاریخ ۲۵ مرداد ۱۴۰۴، در حال حاضر امکان بررسی و پیگیری درخواست شما وجود ندارد. لطفاً پس از تاریخ مذکور، مجدداً درخواست خود را ثبت نمایید.'}",0 days 20:18:00,0 days 20:18:00,False
6,file_19_7.txt,در چه صورت امکان اخذ ۲۳ واحد وجود دارد؟,442140802659201,سیده ارشین علوی,4421408026,403309493,کارشناسی پیوسته_حقوق_یزد_4031,"{('request_details', jdatetime.datetime(1404, 5, 10, 9, 18, 13)): '', ('request_details', jdatetime.datetime(1404, 5, 11, 5, 15, 39)): 'سلام \n\nاگر ترم آخر باشید و با ۲۳ واحد فارغ التحصیل شوید یا\n\nاگر در طول تحصیل معدل ترم قبل شما ۱۷ به بالا باشد'}",0 days 19:57:26,0 days 19:57:26,False
7,file_19_8.txt,امتحانات معوق,6970035964418726,علی ولایتی مقدم,6970035964,403219223,کارشناسی پیوسته_حقوق_یزد_4031,"{('request_details', jdatetime.datetime(1404, 5, 4, 5, 38, 19)): '', ('request_details', jdatetime.datetime(1404, 5, 10, 12, 4, 40)): '""با سلام،\n\n\n\nبه اطلاع می\u200cرساند با توجه به تعطیلات دانشگاه آزاد اسلامی تا تاریخ ۲۵ مرداد ۱۴۰۴، در حال حاضر امکان بررسی و پیگیری درخواست شما وجود ندارد. لطفاً پس از تاریخ مذکور، مجدداً درخواست خود را ثبت نمایید.'}",6 days 06:26:21,6 days 06:26:21,False
8,file_19_9.txt,ریحانه منگلی هستم با کد دانشجویی ۴۰۳۴۳۰۴۵۴ درخواست حضور در امتحان حقوق مدنی با کد ارائه ۱۰۶۸۱۲۴۱۷۶ دارم,6640127830367378,ریحانه منگلی قنات النوج,6640127830,403430454,کارشناسی پیوسته_حقوق_یزد_4031,"{('request_details', jdatetime.datetime(1404, 5, 4, 9, 41, 56)): '', ('request_details', jdatetime.datetime(1404, 5, 10, 12, 4, 12)): '""با سلام،\n\n\n\nبه اطلاع می\u200cرساند با توجه به تعطیلات دانشگاه آزاد اسلامی تا تاریخ ۲۵ مرداد ۱۴۰۴، در حال حاضر امکان بررسی و پیگیری درخواست شما وجود ندارد. لطفاً پس از تاریخ مذکور، مجدداً درخواست خود را ثبت نمایید.'}",6 days 02:22:16,6 days 02:22:16,False
9,file_19_10.txt,ریحانه منگلی هستم با کد دانشجویی۴۰۳۴۳۰۴۵۴ درخواست حضور در امتحان حقوق بین الملل با کد ارائه۱۰۶۸۱۷۱۲۲۳ دارم,6640127830529354,ریحانه منگلی قنات النوج,6640127830,403430454,کارشناسی پیوسته_حقوق_یزد_4031,"{('request_details', jdatetime.datetime(1404, 5, 4, 9, 43, 38)): '', ('request_details', jdatetime.datetime(1404, 5, 10, 12, 3, 38)): '""با سلام،\n\n\n\nبه اطلاع می\u200cرساند با توجه به تعطیلات دانشگاه آزاد اسلامی تا تاریخ ۲۵ مرداد ۱۴۰۴، در حال حاضر امکان بررسی و پیگیری درخواست شما وجود ندارد. لطفاً پس از تاریخ مذکور، مجدداً درخواست خود را ثبت نمایید.'}",6 days 02:20:00,6 days 02:20:00,False
10,file_19_11.txt,ریحانه منگلی هستم با کد دانشجویی۴۰۳۴۳۰۴۵۴ درخواست حضور در امتحان حقوق تجارت با کد ارائه ۱۰۶۸۱۲۳۶۵۷ دارم ,6640127830576150,ریحانه منگلی قنات النوج,6640127830,403430454,کارشناسی پیوسته_حقوق_یزد_4031,"{('request_details', jdatetime.datetime(1404, 5, 4, 9, 45, 14)): '', ('request_details', jdatetime.datetime(1404, 5, 10, 12, 2, 42)): '""با سلام،\n\n\n\nبه اطلاع می\u200cرساند با توجه به تعطیلات دانشگاه آزاد اسلامی تا تاریخ ۲۵ مرداد ۱۴۰۴، در حال حاضر امکان بررسی و پیگیری درخواست شما وجود ندارد. لطفاً پس از تاریخ مذکور، مجدداً درخواست خود را ثبت نمایید.'}",6 days 02:17:28,6 days 02:17:28,False
11,file_19_12.txt,سید محمد یاسین هاشمی زاده هستم با کد دانشجویی 403352732 درخواست حضور در امتحان حقوق اساسی با کد ارائه 1414155 دارم,4421342866464296,سید محمد یاسین هاشمی زاده عقدا,4421342866,403352732,کارشناسی پیوسته_حقوق_یزد_4031,"{('request_details', jdatetime.datetime(1404, 5, 5, 12, 1, 12)): '', ('request_details', jdatetime.datetime(1404, 5, 10, 12, 2, 9)): '""با سلام،\n\n\n\nبه اطلاع می\u200cرساند با توجه به تعطیلات دانشگاه آزاد اسلامی تا تاریخ ۲۵ مرداد ۱۴۰۴، در حال حاضر امکان بررسی و پیگیری درخواست شما وجود ندارد. لطفاً پس از تاریخ مذکور، مجدداً درخواست خود را ثبت نمایید.'}",5 days 00:00:57,5 days 00:00:57,False
12,file_19_13.txt,ریحانه منگلی هستم با کد دانشجویی۴۰۳۴۳۰۴۵۴ درخواست حضور در امتحان حقوق اساسی با کد ۱۰۶۸۱۰۵۷۱۷ را دارم ,6640127830833619,ریحانه منگلی قنات النوج,6640127830,403430454,کارشناسی پیوسته_حقوق_یزد_4031,"{('request_details', jdatetime.datetime(1404, 5, 4, 9, 39, 27)): '', ('request_details', jdatetime.datetime(1404, 5, 10, 12, 1, 22)): '""با سلام،\n\n\n\nبه اطلاع می\u200cرساند با توجه به تعطیلات دانشگاه آزاد اسلامی تا تاریخ ۲۵ مرداد ۱۴۰۴، در حال حاضر امکان بررسی و پیگیری درخواست شما وجود ندارد. لطفاً پس از تاریخ مذکور، مجدداً درخواست خود را ثبت نمایید.'}",6 days 02:21:55,6 days 02:21:55,False
13,file_19_14.txt,درخواست پشتیبانی سامانه های مجازی آموزش الکترونیکی (وادانا),6640127830312845,ریحانه منگلی قنات النوج,6640127830,403430454,کارشناسی پیوسته_حقوق_یزد_4031,"{('request_details', jdatetime.datetime(1404, 5, 5, 1, 2, 32)): '', ('request_details', jdatetime.datetime(1404, 5, 10, 12, 0, 28)): '""با سلام،\n\n\n\nبه اطلاع می\u200cرساند با توجه به تعطیلات دانشگاه آزاد اسلامی تا تاریخ ۲۵ مرداد ۱۴۰۴، در حال حاضر امکان بررسی و پیگیری درخواست شما وجود ندارد. لطفاً پس از تاریخ مذکور، مجدداً درخواست خود را ثبت نمایید.'}",5 days 10:57:56,5 days 10:57:56,False
14,file_19_15.txt,امتحانات معوق,4421407895764106,امیرعلی صادقیان,4421407895,403635041,کارشناسی پیوسته_حقوق_یزد_4031,"{('request_details', jdatetime.datetime(1404, 5, 4, 8, 0, 32)): 'سلام و عرض احترام.\nعنوان درس: زبان انگلیسی پیش دانشگاهی-ترکیبی\nکد ارائه: 11994504\nاینجانب امیرعلی صادقیان درخواست امتحان مجدد برای درس زبان که مجازی برگذار شد را دارم زیرا در بین امتحان سایت قطع شد امتحان نیمه کاره ماند و نمره اشتباهی ثبت شد.', ('request_details', jdatetime.datetime(1404, 5, 10, 11, 59, 28)): '""با سلام،\n\n\n\nبه اطلاع می\u200cرساند با توجه به تعطیلات دانشگاه آزاد اسلامی تا تاریخ ۲۵ مرداد ۱۴۰۴، در حال حاضر امکان بررسی و پیگیری درخواست شما وجود ندارد. لطفاً پس از تاریخ مذکور، مجدداً درخواست خود را ثبت نمایید.'}",6 days 03:58:56,6 days 03:58:56,False
15,file_19_16.txt,درخواست گواهی اشتغال  به تحصیل,4421078018825454,محمدهانی ستارزادت,4421078018,40110521475016,کارشناسی پیوسته_علوم ورزشی_یزد_4011,"{('request_details', jdatetime.datetime(1404, 4, 10, 10, 54, 15)): '', ('request_details', jdatetime.datetime(1404, 4, 19, 6, 57, 16)): '', ('request_details', jdatetime.datetime(1404, 4, 19, 6, 58, 26)): '', ('main_message', jdatetime.datetime(1404, 4, 19, 6, 58, 32)): ""از: 'کارشناسی - sm-105-21475-4-4011@iau.ir '\n\nبه: 'واحد - 336283@iau.ir '\n\nموضوع: 'درخواست گواهی اشتغال به تحصیل'"", ('main_message', jdatetime.datetime(1404, 4, 25, 7, 14, 56)): ""از: '336283 - 336283@iau.ir '\n\nبه: 'کارشناسی - sm-105-21475-4-4011@iau.ir '\n\nموضوع: 'پاسخ: درخواست گواهی اشتغال به تحصیل'\n\nصدور گواهی به صورت حضوری انجام خواهد شد"", ('request_details', jdatetime.datetime(1404, 4, 28, 11, 4, 34)): 'پس از انتخاب واحد حضوری تشریف بیارید'}",8 days 20:03:01,18 days 00:10:19,False
16,file_19_17.txt,درخواست گواهی ترم تابستان ,4421258032102158,zohre valadan,4421258032,40110521475010,کارشناسی پیوسته_علوم ورزشی_یزد_4011,"{('request_details', jdatetime.datetime(1404, 4, 6, 9, 54, 46)): '------------------------------------------------------------------------------    سلام و عرض ادب اینجانب دانشجو زهره ولدان  درخواست گواههی ترم تابستان دارم .', ('request_details', jdatetime.datetime(1404, 4, 8, 12, 18, 41)): '', ('main_message', jdatetime.datetime(1404, 4, 8, 12, 18, 48)): ""از: 'کارشناسی - sf-105-21475-4-4011@iau.ir '\n\nبه: 'واحد - 336283@iau.ir '\n\nموضوع: 'درخواست گواهی ترم تابستان '"", ('main_message', jdatetime.datetime(1404, 4, 9, 6, 55, 19)): ""از: '336283 - 336283@iau.ir '\n\nبه: 'کارشناسی - sf-105-21475-4-4011@iau.ir '\n\nموضوع: 'پاسخ: درخواست گواهی ترم تابستان '\n\nپس از انتخاب واحد حضوری تشریف بیارید"", ('request_details', jdatetime.datetime(1404, 4, 28, 10, 55, 47)): 'پس از انتخاب واحد حضوری تشریف بیارید'}",2 days 02:23:55,22 days 01:01:01,False
17,file_19_18.txt,درخواست شرکت در امتحانات جبرانی خردادماه,5030091882724474,,None,None,,"{('request_details', jdatetime.datetime(1404, 4, 16, 3, 9, 24)): 'با سلام و احترام\n\nفلاح زاده هستم با مشخصات ذیل \n\nنام و نام خانوادگی: fatemeh fallahzadeh\n\nکد ملی: 5030091882\n\nشماره دانشجویی: 40110521774029\n\nرشته محل:کارشناسی ارشد ناپیوسته_فیزیولوژی ورزشی _ فیزیولوژی و تغذیه ورزشی_یزد_4011\n\nبه استحضار می رسانم به دلیل شرایط خاص کشور و برخی دلایل شخصی که اسناد آن قابل ارایه می\u200cباشد متاسفانه امکان حضور در جلسه امتحانات انس با قرآن کریم،اندیشه انقلاب اسلامی و وصایای امام،فیزیولوژی ورزشی پیشرفته برای اینجانب فراهم نبوده \n\nدرخواست شرکت در امتحانات جبرانی در درس های فوق  را دارم     \n\nبا سپاس فراوان', ('request_details', jdatetime.datetime(1404, 4, 19, 7, 1, 1)): 'سلام، لطفا فرم مربوطه را تکمیل و مجددا ارسال فرمایید'}",3 days 03:51:37,3 days 03:51:37,False
18,file_19_19.txt,درخواست معادلسازی دروس,442145298136141,Zeinab Mirshamsi,4421452981,403746600,کارشناسی پیوسته_حقوق_یزد_4031,"{('request_details', jdatetime.datetime(1404, 4, 5, 12, 32, 16)): 'سلام نمرات این ترم کی وارد می\u200cشوند؟', ('request_details', jdatetime.datetime(1404, 4, 8, 12, 17, 40)): '', ('request_details', jdatetime.datetime(1404, 4, 10, 6, 12, 12)): '', ('main_message', jdatetime.datetime(1404, 4, 10, 6, 12, 19)): ""از: 'کارشناسی - sf-105-20803-4-4031@iau.ir '\n\nبه: 'واحد - 336273@iau.ir '\n\nموضوع: 'درخواست معادلسازی دروس'"", ('main_message', jdatetime.datetime(1404, 4, 16, 9, 28, 27)): ""از: '336273 - 336273@iau.ir '\n\nبه: 'کارشناسی - sf-105-20803-4-4031@iau.ir '\n\nموضوع: 'پاسخ: درخواست معادلسازی دروس'\n\nسلام نمرات توسط اساتید باید وارد سیستم شود"", ('request_details', jdatetime.datetime(1404, 4, 19, 6, 56, 37)): 'سلام نمرات توسط اساتید باید وارد سیستم شود'}",2 days 23:45:24,13 days 18:24:21,False
19,file_19_20.txt,درخواست گواهی اشتغال  به تحصیل,5130133463186956,معصومه زارع,5130133463,403659502,کارشناسی پیوسته_حقوق_یزد_4031,"{('request_details', jdatetime.datetime(1404, 4, 4, 5, 33, 14)): '', ('request_details', jdatetime.datetime(1404, 4, 5, 8, 3, 58)): '', ('main_message', jdatetime.datetime(1404, 4, 5, 8, 4, 8)): ""از: 'کارشناسی - sf-105-20803-4-4031@iau.ir '\n\nبه: 'واحد - 336283@iau.ir '\n\nموضوع: 'درخواست گواهی اشتغال به تحصیل'"", ('main_message', jdatetime.datetime(1404, 4, 9, 6, 57)): ""از: '336283 - 336283@iau.ir '\n\nبه: 'کارشناسی - sf-105-20803-4-4031@iau.ir '\n\nموضوع: 'پاسخ: درخواست گواهی اشتغال به تحصیل'\n\nمشخصات گیرنده گواهی مشخص نیست ضمنا برای اخذ گواهی اشتغال به تحصیل حضوری تشریف بیارید"", ('request_details', jdatetime.datetime(1404, 4, 10, 6, 10, 44)): 'مشخصات گیرنده گواهی مشخص نیست ضمنا برای اخذ گواهی اشتغال به تحصیل حضوری تشریف بیارید'}",1 days 02:30:44,6 days 00:37:30,False
20,file_19_21.txt,مجوز انتخاب واحد تابستان,4421452343966492,امیر عبدالوهاب پور تفتی,4421452343,403339812,کارشناسی پیوسته_حقوق_یزد_4031,"{('request_details', jdatetime.datetime(1404, 4, 5, 3, 50, 57)): '', ('request_details', jdatetime.datetime(1404, 4, 8, 12, 21, 52)): 'سلام\n\nدر صورت ارائه درس توسط مدیر گروه، طبق ترم های قبل در زمانبنذی اعلام شده انتخاب واحد انجام بدهید.'}",3 days 08:30:55,3 days 08:30:55,False
21,file_19_22.txt,در خواست ارسال و دریافت نمرات مهمانی,4421252522873345,Zeynab Kuhkan,4421252522,40210521475012,کارشناسی پیوسته_علوم ورزشی_یزد_4021,"{('request_details', jdatetime.datetime(1404, 4, 3, 4, 22, 53)): '', ('request_details', jdatetime.datetime(1404, 4, 3, 12, 50, 23)): '', ('request_details', jdatetime.datetime(1404, 4, 8, 12, 19, 37)): 'سلام لطفا درخواست خود را به طور واضح بیان نمایید .'}",0 days 08:27:30,5 days 07:56:44,False
22,file_19_23.txt,در خواست مجوز ترم تابستان,4421452343621027,امیر عبدالوهاب پور تفتی,4421452343,403339812,کارشناسی پیوسته_حقوق_یزد_4031,"{('request_details', jdatetime.datetime(1404, 4, 5, 3, 50, 15)): '', ('request_details', jdatetime.datetime(1404, 4, 8, 12, 15, 53)): 'سلام\n\nدر صورت ارائه درس توسط مدیر گروه، طبق ترم های قبل در زمانبنذی اعلام شده انتخاب واحد انجام بدهید.\n\n\n\n------------------------------ جزئیات درخواس'}",3 days 08:25:38,3 days 08:25:38,False
23,file_19_24.txt,انتخاب واحد ترم تابستان ,0441409970521899,بنیامین کاظمی کسبی,441409970,403705206,کارشناسی پیوسته_حقوق_یزد_4031,"{('request_details', jdatetime.datetime(1404, 4, 5, 9, 22, 55)): '', ('request_details', jdatetime.datetime(1404, 4, 8, 12, 15, 22)): 'سلام\n\nدر صورت ارائه درس توسط مدیر گروه، طبق ترم های قبل در زمانبنذی اعلام شده انتخاب واحد انجام بدهید.\n\n\n\n------------------------------ جزئیات درخواس'}",3 days 02:52:27,3 days 02:52:27,False
24,file_19_25.txt,درخواست ارائه ترم تابستان ,5030103813138827,Zahra Kheirpour,5030103813,40110521475124,کارشناسی پیوسته_علوم ورزشی_یزد_4011,"{('request_details', jdatetime.datetime(1404, 4, 5, 6, 24, 12)): '', ('request_details', jdatetime.datetime(1404, 4, 8, 12, 14, 59)): 'سلام\n\nدر صورت ارائه درس توسط مدیر گروه، طبق ترم های قبل در زمانبنذی اعلام شده انتخاب واحد انجام بدهید.\n\n\n\n------------------------------ جزئیات درخواس'}",3 days 05:50:47,3 days 05:50:47,False
25,file_19_26.txt,انتخاب واحد ترم تابستان ,4460155818891862,مهسا زارع بیدکی,4460155818,403695193,کارشناسی پیوسته_حقوق_یزد_4031,"{('request_details', jdatetime.datetime(1404, 4, 5, 9, 24, 54)): '', ('request_details', jdatetime.datetime(1404, 4, 8, 12, 14, 35)): 'سلام\n\nدر صورت ارائه درس توسط مدیر گروه، طبق ترم های قبل در زمانبنذی اعلام شده انتخاب واحد انجام بدهید.\n\n\n\n------------------------------ جزئیات درخواس'}",3 days 02:49:41,3 days 02:49:41,False
26,file_19_27.txt,درخواست مجوز ترم تابستان دارم ,3080408799649136,Omolbanin Jafari,3080408799,40110521475132,کارشناسی پیوسته_علوم ورزشی_یزد_4011,"{('request_details', jdatetime.datetime(1404, 4, 6, 1, 51, 49)): '', ('request_details', jdatetime.datetime(1404, 4, 8, 12, 14, 10)): 'سلام\n\nدر صورت ارائه درس توسط مدیر گروه، طبق ترم های قبل در زمانبنذی اعلام شده انتخاب واحد انجام بدهید.\n\n\n\n------------------------------ جزئیات درخواس'}",2 days 10:22:21,2 days 10:22:21,False
27,file_19_28.txt,ترم تابستانه ,4431869271870184,فرزانه نوراللهی یزدی,4431869271,403232631,کارشناسی پیوسته_حقوق_یزد_4031,"{('request_details', jdatetime.datetime(1404, 4, 6, 4, 29, 4)): '', ('request_details', jdatetime.datetime(1404, 4, 8, 12, 13, 37)): 'سلام\n\nدر صورت ارائه درس توسط مدیر گروه، طبق ترم های قبل در زمانبنذی اعلام شده انتخاب واحد انجام بدهید.\n\n\n\n------------------------------ جزئیات درخواس'}",2 days 07:44:33,2 days 07:44:33,False
28,file_19_29.txt,درخواست انتخاب واحد- حذف و اضافه خارج از زمان,442146288874032,زهرا ملارحیمی,4421462888,403326578,کارشناسی پیوسته_حقوق_یزد_4033,"{('request_details', jdatetime.datetime(1404, 4, 4, 1, 22, 12)): '', ('request_details', jdatetime.datetime(1404, 4, 5, 8, 3, 21)): '', ('request_details', jdatetime.datetime(1404, 4, 7, 12, 56, 42)): 'با سلام انتخاب واحد درتاريخ 9 تيرماه طبق زمانبندي اعلام شده انجام دهيد ضمنا حذف و اضافه خارج از زمان نداريم'}",1 days 06:41:09,3 days 11:34:30,False
29,file_19_30.txt,درخواست انتخاب واحد- حذف و اضافه خارج از زمان,442145519973779,فاطمه پاکچشم,4421455199,403436340,کارشناسی پیوسته_حقوق_یزد_4031,"{('request_details', jdatetime.datetime(1404, 4, 4, 11, 58, 10)): '', ('request_details', jdatetime.datetime(1404, 4, 4, 12, 16, 28)): '', ('request_details', jdatetime.datetime(1404, 4, 5, 11, 10, 42)): 'با سلام انتخاب واحد درتاريخ 9 تيرماه طبق زمانبندي اعلام شده انجام دهيد ضمنا حذف و اضافه خارج از زمان نداريم'}",0 days 00:18:18,0 days 23:12:32,False
30,file_19_31.txt,درخواست انتخاب واحد- حذف و اضافه خارج از زمان,4421455199359566,فاطمه پاکچشم,4421455199,403436340,کارشناسی پیوسته_حقوق_یزد_4031,"{('request_details', jdatetime.datetime(1404, 4, 2, 1, 41, 43)): '', ('request_details', jdatetime.datetime(1404, 4, 3, 4, 30, 41)): '', ('request_details', jdatetime.datetime(1404, 4, 5, 11, 0, 49)): 'با سلام انتخاب واحد درتاريخ 9 تيرماه طبق زمانبندي اعلام شده انجام دهيد ضمنا حذف و اضافه خارج از زمان نداريم'}",1 days 02:48:58,3 days 09:19:06,False
31,file_19_32.txt,درخواست انتخاب واحد- حذف و اضافه خارج از زمان,4421462888710925,زهرا ملارحیمی,4421462888,403326578,کارشناسی پیوسته_حقوق_یزد_4031,"{('request_details', jdatetime.datetime(1404, 4, 3, 4, 30, 6)): '', ('request_details', jdatetime.datetime(1404, 4, 3, 12, 50, 21)): '', ('request_details', jdatetime.datetime(1404, 4, 5, 10, 43, 34)): 'با سلام انتخاب واحد در تاريخ 9 تيرماه طبق زمانبدي اعلام شده درسامانه آموزشيار انجام دهيد ضمنا حذف و اضافه خارج از زمان نداريم'}",0 days 08:20:15,2 days 06:13:28,False
32,file_19_33.txt,درخواست برای ترم تابستان,4421407895452898,امیرعلی صادقیان,4421407895,403635041,کارشناسی پیوسته_حقوق_یزد_4031,"{('request_details', jdatetime.datetime(1404, 4, 4, 12, 30, 54)): '', ('request_details', jdatetime.datetime(1404, 4, 5, 8, 35, 9)): 'سلام\n\nدر صورت ارائه درس توسط مدیر گروه، طبق ترم های قبل در زمانبنذی اعلام شده انتخاب واحد انجام بدهید.'}",0 days 20:04:15,0 days 20:04:15,False
33,file_19_34.txt,درخواست ثبت نام در ترم تابستان,49014399282699,سارا داوری شارک,4901439928,403375243,کارشناسی پیوسته_حقوق_یزد_4031,"{('request_details', jdatetime.datetime(1404, 4, 3, 6, 33, 49)): 'باسلام احتراماً درخواست ثبت نام در ترم تابستان سال 1404 را دارم. با تشکر', ('request_details', jdatetime.datetime(1404, 4, 4, 7, 47, 59)): 'سلام\n\nدر صورت ارائه درس توسط مدیر گروه، طبق ترم های قبل در زمانبنذی اعلام شده انتخاب واحد انجام بدهید.'}",1 days 01:14:10,1 days 01:14:10,False
34,file_19_35.txt,درخواست اخذ ترم تابستانه دارم,6640127830381390,ریحانه منگلی قنات النوج,6640127830,403430454,کارشناسی پیوسته_حقوق_یزد_4031,"{('request_details', jdatetime.datetime(1404, 4, 3, 10, 41, 57)): '', ('request_details', jdatetime.datetime(1404, 4, 4, 7, 46, 44)): 'سلام\n\nدر صورت ارائه درس توسط مدیر گروه، طبق ترم های قبل در زمانبنذی اعلام شده انتخاب واحد انجام بدهید.'}",0 days 21:04:47,0 days 21:04:47,False
35,file_19_36.txt,مجوز انتخاب واحد ترم تابستان,4421346616977272,فاطمه طاحونه دار,4421346616,403337955,کارشناسی پیوسته_حقوق_یزد_4031,"{('request_details', jdatetime.datetime(1404, 4, 3, 5, 10, 56)): '', ('request_details', jdatetime.datetime(1404, 4, 3, 6, 0, 34)): 'سلام\n\nدر صورت ارائه درس توسط مدیر گروه، طبق ترم های قبل در زمانبنذی اعلام شده انتخاب واحد انجام بدهید.'}",0 days 00:49:38,0 days 00:49:38,False
36,file_19_37.txt,مجوز انتخاب واحد ترم تابستان,4421346616180875,فاطمه طاحونه دار,4421346616,403337955,کارشناسی پیوسته_حقوق_یزد_4031,"{('request_details', jdatetime.datetime(1404, 4, 3, 5, 12, 8)): '', ('request_details', jdatetime.datetime(1404, 4, 3, 5, 59, 46)): 'سلام\n\nدر صورت ارائه درس توسط مدیر گروه، طبق ترم های قبل در زمانبنذی اعلام شده انتخاب واحد انجام بدهید.'}",0 days 00:47:38,0 days 00:47:38,False
37,file_19_38.txt,درخواست ترم تابستان,4421271748808673,رقیه زارع عبداللهی,4421271748,403645681,کارشناسی پیوسته_حقوق_یزد_4031,"{('request_details', jdatetime.datetime(1404, 4, 2, 7, 11, 1)): 'اینجانب رقیه زارع عبداللهی دانشجوی رشته حقوق مقطع کارشناسی متقاضی اخذ ترم تابستانی سال تحصیلی 404 در دانشگاه آزاد اسلامی یزد هستم.', ('request_details', jdatetime.datetime(1404, 4, 3, 4, 28, 4)): 'سلام\n\nدر صورت ارائه درس توسط مدیر گروه، طبق ترم های قبل در زمانبنذی اعلام شده انتخاب واحد انجام بدهید.'}",0 days 21:17:03,0 days 21:17:03,False
38,file_19_39.txt,درخواست انتخاب واحد ترم تابستان ,4421380881256115,روژین ناظر,4421380881,403399062,کارشناسی پیوسته_حقوق_یزد_4031,"{('request_details', jdatetime.datetime(1404, 4, 2, 6, 48, 16)): '', ('request_details', jdatetime.datetime(1404, 4, 3, 4, 27, 35)): 'سلام\n\nدر صورت ارائه درس توسط مدیر گروه، طبق ترم های قبل در زمانبنذی اعلام شده انتخاب واحد انجام بدهید.'}",0 days 21:39:19,0 days 21:39:19,False
39,file_19_40.txt,درخواست ترم تابستان,4480198822209883,نازنین زهرا دهقانی فیروزآبادی,4480198822,403670696,کارشناسی پیوسته_حقوق_یزد_4031,"{('request_details', jdatetime.datetime(1404, 4, 2, 7, 32, 33)): 'اینجانب نازنین زهرا دهقانی دانشجوی رشته حقوق مقطع کارشناسی متقاضی اخذ ترم تابستانی سال تحصیلی  ۴۰۴ در دانشگاه آزاد اسلامی یزد هستم.', ('request_details', jdatetime.datetime(1404, 4, 3, 4, 25, 56)): 'سلام\n\nدر صورت ارائه درس توسط مدیر گروه، طبق ترم های قبل انتخاب واحد انجام می پذیرد'}",0 days 20:53:23,0 days 20:53:23,False
40,file_19_41.txt,ارائه ترم تابستان,44213466161054,فاطمه طاحونه دار,4421346616,403337955,کارشناسی پیوسته_حقوق_یزد_4031,"{('request_details', jdatetime.datetime(1404, 4, 3, 1, 14, 46)): '', ('request_details', jdatetime.datetime(1404, 4, 3, 4, 25, 32)): 'سلام\n\nدر صورت ارائه درس توسط مدیر گروه، طبق ترم های قبل انتخاب واحد انجام می پذیرد'}",0 days 03:10:46,0 days 03:10:46,False
41,file_19_42.txt,ترم تابستانه 4032,2480654133618044,زهرا کرمی,2480654133,403384644,کارشناسی پیوسته_حقوق_یزد_4031,"{('request_details', jdatetime.datetime(1404, 4, 3, 3, 47, 11)): '', ('request_details', jdatetime.datetime(1404, 4, 3, 4, 24, 59)): 'سلام\n\nدر صورت ارائه درس توسط مدیر گروه، طبق ترم های قبل انتخاب واحد انجام می پذیرد'}",0 days 00:37:48,0 days 00:37:48,False
42,file_19_43.txt,امتحان مجدد,4240610801439477,نیما رجایی منش,4240610801,403388572,کارشناسی پیوسته_حقوق_یزد_4031,"{('request_details', jdatetime.datetime(1404, 3, 28, 6, 34, 48)): '', ('request_details', jdatetime.datetime(1404, 4, 2, 11, 0, 51)): 'سلام، لطفا فرم را مجددا ارسال فرمائید، پایین فرم مشخص نیست کامل بفرستید'}",5 days 04:26:03,5 days 04:26:03,False
43,file_19_44.txt,امتحان مجدد,4240610801742822,نیما رجایی منش,4240610801,403388572,کارشناسی پیوسته_حقوق_یزد_4031,"{('request_details', jdatetime.datetime(1404, 3, 28, 8, 42, 43)): 'احتراما سلاما علیکم \nاین جانب نیما رجایی منش به اطلاعات فوق به دلیل شرایط پیش آمده جنگ و مشکلات قبیل آن برای خانواده ؛ از یزد خارج شده ام در امتحانات نیم سال 1404جاری به صورت فوری و به شهر مورد سکونت خانواده ینی شیراز آمدم چنانچه به دلایل فوق امکان خروج از شهر شیراز برایم میسر نبوده و امکان حضور به موقع در امتحان فارسی استاد فرجامی برایم میسر نیست سعی خود بر این دارم که به موقع در هر صورتی که باشد خود را برسانم در غیر این صورت (دلایل حکومتی و جلوگیری از خروج )و غیبت در امتحان تمنا دارم بتوانم در امتحان مجدد از من هم آزمون به عمل آید \nو هم\u200cچنین درخواست خود را در سامانه مربوطه https://yazd.iau.ir/fa/form/177\nثبت کرده\u200cام قبل از شروع آزمون \nعکس درخواست ضیل این ایمیل می\u200cباشد\nسپاس فراوان خسته نباشید', ('request_details', jdatetime.datetime(1404, 4, 2, 10, 58)): 'سلام، لطفا فرم را کامل مجددا ارسال فرمائید، فرم ارسالی ناقص است پایین صفحه مشخص نیست'}",5 days 02:15:17,5 days 02:15:17,False
44,file_19_45.txt,درخواست صدور کارت دانشجویی,4421463043382770,پریسا رضائی,4421463043,403347864,کارشناسی پیوسته_حقوق_یزد_4031,"{('request_details', jdatetime.datetime(1404, 3, 31, 1, 35, 8)): '', ('request_details', jdatetime.datetime(1404, 4, 2, 10, 55, 19)): 'سلام، لطفا فرم مربوطه را تکمیل و مجددا ارسال فرمائید'}",2 days 09:20:11,2 days 09:20:11,False
45,file_19_46.txt,در خواست مجوز ترم تابستان,4421452343576469,امیر عبدالوهاب پور تفتی,4421452343,403339812,کارشناسی پیوسته_حقوق_یزد_4031,"{('request_details', jdatetime.datetime(1404, 3, 29, 11, 51, 56)): '', ('request_details', jdatetime.datetime(1404, 4, 2, 10, 54, 41)): 'سلام، لطفا فرم مربوطه را تکمیل و مجددا ارسال فرمائید'}",3 days 23:02:45,3 days 23:02:45,False
46,file_19_47.txt,درخواست صدور کارت دانشجویی,4421463043174770,پریسا رضائی,4421463043,403347864,کارشناسی پیوسته_حقوق_یزد_4031,"{('request_details', jdatetime.datetime(1404, 3, 31, 1, 45, 2)): '', ('request_details', jdatetime.datetime(1404, 4, 2, 10, 54, 4)): 'سلام، لطفا فرم مربوطه را تکمیل و مجددا ارسال فرمائید'}",2 days 09:09:02,2 days 09:09:02,False
47,file_19_48.txt,درخواست ترم تابستانه 1404 ,2480654133518123,زهرا کرمی,2480654133,403384644,کارشناسی پیوسته_حقوق_یزد_4031,"{('request_details', jdatetime.datetime(1404, 3, 31, 9, 11, 37)): '', ('request_details', jdatetime.datetime(1404, 4, 2, 10, 52, 2)): 'سلام، لطفا فرم مربوطه را تکمیل و مجددا ارسال فرمائید'}",2 days 01:40:25,2 days 01:40:25,False
48,file_19_49.txt,درخواست برگزاری امتحان مجدد,6970035964751359,علی ولایتی مقدم,6970035964,403219223,کارشناسی پیوسته_حقوق_یزد_4031,"{('request_details', jdatetime.datetime(1404, 3, 28, 8, 6, 43)): 'درخواست برگزاری امتحان مجدد دارم ضمناً لینک درخواست را تکمیل کرده ام------------------------------------------------------------------------------', ('request_details', jdatetime.datetime(1404, 4, 2, 10, 51)): 'سلام، لطفا فرم مربوطه را تکمیل و مجدداً ارسال فرمائید'}",5 days 02:44:17,5 days 02:44:17,False
49,file_19_50.txt,درخواست شرکت در امتحانات تابستانه برای امتحان حقوق تجارت،حقوق اساسی،حقوق مدنی،حقوق بین الملل دارم همچنین کاربرگ درخواست شرکت در امتحانات تابستانه۱۴۰۴ برای هر امتحان ثبت کردم و کد پیگیری هم  برای هر امتحان گرفتم,6640127830904888,ریحانه منگلی قنات النوج,6640127830,403430454,کارشناسی پیوسته_حقوق_یزد_4031,"{('request_details', jdatetime.datetime(1404, 4, 1, 2, 22, 16)): '', ('request_details', jdatetime.datetime(1404, 4, 2, 10, 49, 18)): 'سلام، لطفا فرم مربوطه را تکمیل و مجددا ارسال فرمایید'}",1 days 08:27:02,1 days 08:27:02,False
50,file_19_51.txt,درخواست وام دانشجویی,446015581849142,مهسا زارع بیدکی,4460155818,403695193,کارشناسی پیوسته_حقوق_یزد_4031,"{('request_details', jdatetime.datetime(1404, 2, 30, 10, 33, 32)): 'سلام و عرض ادب\nدرخواست دریافت وام دانشجویی دارم.', ('request_details', jdatetime.datetime(1404, 2, 30, 12, 27, 16)): '', ('request_details', jdatetime.datetime(1404, 3, 25, 4, 20, 28)): 'در خصوص وام\n\nباید در آموزشیار درخواست وام ثبت نمائید تا مراحل کار درخواست وام طبق ساسله مراتب انجام گیرد'}",0 days 01:53:44,25 days 17:46:56,False
51,file_19_52.txt,اخذ ترم تابستانه,4421454044900519,مهلا دشتی رحمت ابادی,4421454044,403252686,کارشناسی پیوسته_حقوق_یزد_4031,"{('request_details', jdatetime.datetime(1404, 3, 14, 12, 15, 52)): '', ('request_details', jdatetime.datetime(1404, 3, 15, 1, 7, 43)): '', ('request_details', jdatetime.datetime(1404, 3, 21, 3, 33, 29)): 'با سلام ترم تابستان درصورت ارائه درس توسط مديرگروه ، طبق سنوات گذشته انجام ميشود', ('request_details', jdatetime.datetime(1404, 3, 25, 4, 10, 15)): 'سلام\n\nدر صورت ارائه درس توسط مدیر گروه، طبق ترم های قبل انتخاب واحد انجام می پذیرد'}",0 days 12:51:51,10 days 15:54:23,False
52,file_19_53.txt,درخواست خلاصه وضعیت تحصیلی,4469729655474623,امیرحسین پورحسنی,4469729655,403424276,کارشناسی پیوسته_حقوق_یزد_4031,"{('request_details', jdatetime.datetime(1404, 3, 19, 11, 31, 17)): '', ('request_details', jdatetime.datetime(1404, 3, 19, 12, 11, 58)): '', ('request_details', jdatetime.datetime(1404, 3, 25, 4, 6, 15)): 'با سلام جهت خلاصه وضعيت تحصيلي بايد به خدمات آموزشي مراجعه نمايند', ('request_details', jdatetime.datetime(1404, 3, 25, 4, 9, 11)): 'با سلام جهت خلاصه وضعيت تحصيلي بايد به خدمات آموزشي مراجعه نمايند'}",0 days 00:40:41,5 days 16:37:54,False
53,file_19_54.txt,درخواست بررسی سرترم,442145234319401,امیر عبدالوهاب پور تفتی,4421452343,403339812,کارشناسی پیوسته_حقوق_یزد_4031,"{('request_details', jdatetime.datetime(1404, 3, 21, 2, 27, 48)): '', ('request_details', jdatetime.datetime(1404, 3, 21, 3, 25, 55)): '', ('request_details', jdatetime.datetime(1404, 3, 25, 4, 8, 24)): 'با سلام\n\nموضوع مشخص نيست'}",0 days 00:58:07,4 days 01:40:36,False
54,file_19_55.txt,درخواست صدور کارت دانشجویی,6640127830755673,ریحانه منگلی قنات النوج,6640127830,403430454,کارشناسی پیوسته_حقوق_یزد_4031,"{('request_details', jdatetime.datetime(1404, 3, 7, 10, 26, 28)): '', ('request_details', jdatetime.datetime(1404, 3, 8, 8, 37, 41)): '', ('request_details', jdatetime.datetime(1404, 3, 11, 7, 8, 32)): '', ('request_details', jdatetime.datetime(1404, 3, 21, 3, 53, 39)): 'سلام وقت بخیر.\n\nاحتراما متاسفانه سازمان مرکزی عکس شما در سامانه آموزشیار بارگزاری نکرده است. جهت صدور کارت به یک قطعه عکس 4*3 (بصورت فایل  jpg) ایمیل شود.  باتشکر'}",0 days 22:11:13,13 days 17:27:11,False
55,file_19_56.txt,درخواست گواهی اشتغال  به تحصیل,6970035964387942,علی ولایتی مقدم,6970035964,None,کارشناسی پیوسته_حقوق_یزد_4031,"{('request_details', jdatetime.datetime(1404, 2, 28, 7, 52, 45)): 'سلام برای سازمان تامین اجتماعی شعبه یاسوج نیاز دارم------------------------------------------------------------------------------', ('request_details', jdatetime.datetime(1404, 2, 28, 8, 15, 4)): '', ('request_details', jdatetime.datetime(1404, 2, 29, 10, 23, 48)): '', ('request_details', jdatetime.datetime(1404, 3, 11, 7, 9, 19)): '', ('request_details', jdatetime.datetime(1404, 3, 21, 3, 52, 2)): 'صدور گواهی اشتغال به تحصیل منوط به تسویه حساب شهریه می باشد،ضمناارائه گواهی به سازمان ها باید ممهور به مهر زنده باشد.'}",0 days 00:22:19,23 days 19:59:17,False
56,file_19_57.txt,درخواست اینترنت دانشجویی,4421452343418377,امیر عبدالوهاب پور تفتی,4421452343,403339812,کارشناسی پیوسته_حقوق_یزد_4031,"{('request_details', jdatetime.datetime(1404, 3, 7, 6, 36, 5)): '', ('request_details', jdatetime.datetime(1404, 3, 11, 6, 59, 17)): '', ('request_details', jdatetime.datetime(1404, 3, 21, 3, 49, 20)): 'ا سلام\n\nاشتراک اینترنت برای کلیه دانشجویان تعریف شده است\n\nنام کاربری: شماره دانشجویی\n\nرمز عبور: کد ملی\n\nدر صورت داشتن مشکل در زمان ورود شماره دانشجویی خود را ارسال بفرمایید.'}",4 days 00:23:12,13 days 21:13:15,False
57,file_19_58.txt,درخواست ترم تابستان,4420091061882766,حسن نظری,4420091061,403242162,کارشناسی پیوسته_حقوق_یزد_4031,"{('request_details', jdatetime.datetime(1404, 3, 14, 9, 18, 44)): 'سلام درخواست ارائه ترم تابستان را دارم', ('request_details', jdatetime.datetime(1404, 3, 15, 1, 9, 52)): '', ('request_details', jdatetime.datetime(1404, 3, 21, 3, 48)): 'با سلام درصورت ارائه درس توسط مديرگروه انتخاب واحد مانند سنوات گذشته انجام ميشود'}",0 days 15:51:08,6 days 18:29:16,False
58,file_19_59.txt,درخواست ارائه ترم تابستان,4421350923889008,امیرمحمد امیری,4421350923,403282742,کارشناسی پیوسته_حقوق_یزد_4031,"{('request_details', jdatetime.datetime(1404, 3, 14, 10, 41, 39)): '', ('request_details', jdatetime.datetime(1404, 3, 15, 1, 8, 41)): '', ('request_details', jdatetime.datetime(1404, 3, 21, 3, 47, 28)): 'با سلام درصورت ارائه درس توسط مديرگروه انتخاب واحد مانند سنوات گذشته انجام ميشود'}",0 days 14:27:02,6 days 17:05:49,False
59,file_19_60.txt,درخواست انتخاب واحد تابستانی,4421350923643158,امیرمحمد امیری,4421350923,403282742,کارشناسی پیوسته_حقوق_یزد_4031,"{('request_details', jdatetime.datetime(1404, 3, 14, 10, 40, 44)): '', ('request_details', jdatetime.datetime(1404, 3, 15, 1, 9, 16)): '', ('request_details', jdatetime.datetime(1404, 3, 21, 3, 46, 58)): 'با سلام درصورت ارائه درس توسط مديرگروه انتخاب واحد مانند سنوات گذشته انجام ميشود'}",0 days 14:28:32,6 days 17:06:14,False
60,file_19_61.txt,درخواست مجوز ترم تابستان,4421331368393820,محمدرضا حداد,4421331368,403259293,کارشناسی پیوسته_حقوق_یزد_4031,"{('request_details', jdatetime.datetime(1404, 3, 15, 3, 38, 13)): '', ('request_details', jdatetime.datetime(1404, 3, 18, 2, 48, 7)): '', ('request_details', jdatetime.datetime(1404, 3, 21, 3, 45, 40)): 'با سلام درصورت ارائه درس توسط مديرگروه انتخاب واحد مانند سنوات گذشته انجام ميشود'}",2 days 23:09:54,6 days 00:07:27,False
61,file_19_62.txt,درخواست کد اخلاق برای چاپ مقاله,0057136904686469,Atosa Gorji,57136904,40110521774033,کارشناسی ارشد ناپیوسته_فیزیولوژی ورزشی _ فیزیولوژی و تغذیه ورزشی_یزد_4011,"{('request_details', jdatetime.datetime(1404, 3, 18, 9, 53, 28)): '', ('request_details', jdatetime.datetime(1404, 3, 19, 11, 28, 59)): '', ('request_details', jdatetime.datetime(1404, 3, 21, 3, 44, 34)): 'با سلام فرمهای مربوطه تکمیل و به دفتر پژوهشی پزشکی تحویل گردد'}",1 days 01:35:31,2 days 17:51:06,False
62,file_19_63.txt,درخواست گواهی اشتغال  به تحصیل,4421372994912976,فاطمه خواجه شرف آبادی,4421372994,403658611,کارشناسی پیوسته_حقوق_یزد_4031,"{('request_details', jdatetime.datetime(1404, 3, 9, 6, 58, 28)): '', ('request_details', jdatetime.datetime(1404, 3, 11, 7, 0, 55)): '', ('request_details', jdatetime.datetime(1404, 3, 21, 3, 42, 24)): 'صدور گواهی اشتغال به تحصیل منوط به تسویه حساب شهریه می باشد،ضمناارائه گواهی به سازمان ها باید ممهور به مهر زنده باشد.'}",2 days 00:02:27,11 days 20:43:56,False
63,file_19_64.txt,درخواست گواهی اشتغال  به تحصیل,174453645755569,نازنین کلانی یزدی,1744536457,403227817,کارشناسی پیوسته_حقوق_یزد_4031,"{('request_details', jdatetime.datetime(1404, 3, 11, 9, 43, 13)): '', ('request_details', jdatetime.datetime(1404, 3, 11, 12, 32, 46)): '', ('request_details', jdatetime.datetime(1404, 3, 21, 3, 41, 18)): 'صدور گواهی اشتغال به تحصیل منوط به تسویه حساب شهریه می باشد،ضمناارائه گواهی به سازمان ها باید ممهور به مهر زنده باشد.'}",0 days 02:49:33,9 days 17:58:05,False
64,file_19_65.txt,مجوز ترم تابستان,4421151475144556,هانیه حدادزاده بهابادی,4421151475,403221747,کارشناسی پیوسته_حقوق_یزد_4031,"{('request_details', jdatetime.datetime(1404, 3, 15, 1, 25, 25)): '', ('request_details', jdatetime.datetime(1404, 3, 18, 2, 47, 19)): '', ('request_details', jdatetime.datetime(1404, 3, 21, 3, 40, 10)): 'با سلام درصورت ارائه دروس توسط مديرگروه انتخاب واحد طبق سنوات گذشته انجام ميشود'}",3 days 01:21:54,6 days 02:14:45,False
65,file_19_66.txt,درخواست گواهی اشتغال  به تحصیل,4421443166332794,حدیث اشرف,4421443166,403375783,کارشناسی پیوسته_حقوق_یزد_4031,"{('request_details', jdatetime.datetime(1404, 3, 11, 7, 59, 11)): '', ('request_details', jdatetime.datetime(1404, 3, 12, 10, 36, 32)): '', ('request_details', jdatetime.datetime(1404, 3, 21, 3, 38, 38)): 'صدور گواهی اشتغال به تحصیل منوط به تسویه حساب شهریه می باشد،ضمناارائه گواهی به سازمان ها باید ممهور به مهر زنده باشد.'}",1 days 02:37:21,9 days 19:39:27,False
66,file_19_67.txt,اخذ ترم تابستانه ,4421443166839088,حدیث اشرف,4421443166,403375783,کارشناسی پیوسته_حقوق_یزد_4031,"{('request_details', jdatetime.datetime(1404, 3, 11, 8, 4, 38)): '', ('request_details', jdatetime.datetime(1404, 3, 12, 10, 41, 11)): '', ('request_details', jdatetime.datetime(1404, 3, 21, 3, 37, 32)): 'با سلام\n\nسوال مشحص نیست در صورت سوال برای ثبت نام ترم تابستان است،  ترم تابستان درصورت ارائه درس توسط مديرگروه ، طبق سنوات گذشته انجام ميشود'}",1 days 02:36:33,9 days 19:32:54,False
67,file_19_68.txt,اخذ ترم تابستانه,4421431508657564,نگار گلستانی فر,4421431508,403379440,کارشناسی پیوسته_حقوق_یزد_4031,"{('request_details', jdatetime.datetime(1404, 3, 11, 6, 22)): '', ('request_details', jdatetime.datetime(1404, 3, 12, 10, 41, 48)): '', ('request_details', jdatetime.datetime(1404, 3, 21, 3, 35, 45)): 'با سلام\n\nموضوع مشخص نیت در صورت درخواست ثبت نام ترم تابستان سوال داشتید ترم تابستان درصورت ارائه درس توسط مديرگروه ، طبق سنوات گذشته انجام ميشود'}",1 days 04:19:48,9 days 21:13:45,False
68,file_19_69.txt,درخواست مجوز ترم تابستان ,4421362115166773,Zahra Khani,4421362115,403307934,کارشناسی پیوسته_حقوق_یزد_4031,"{('request_details', jdatetime.datetime(1404, 3, 18, 2, 45, 38)): '', ('request_details', jdatetime.datetime(1404, 3, 18, 12, 8, 38)): '', ('request_details', jdatetime.datetime(1404, 3, 21, 3, 32)): 'با سلام ترم تابستان درصورت ارائه درس توسط مديرگروه ، طبق سنوات گذشته انجام ميشود'}",0 days 09:23:00,3 days 00:46:22,False
69,file_19_70.txt,درخواست مجوز ترم تابستان ,4901484834319382,زینب جعفری,4901484834,403721329,کارشناسی پیوسته_حقوق_یزد_4031,"{('request_details', jdatetime.datetime(1404, 3, 18, 2, 46, 11)): '', ('request_details', jdatetime.datetime(1404, 3, 18, 11, 57, 30)): '', ('request_details', jdatetime.datetime(1404, 3, 21, 3, 30, 47)): 'با سلام ترم تابستان درصورت ارائه درس توسط مديرگروه ، طبق سنوات گذشته انجام ميشود'}",0 days 09:11:19,3 days 00:44:36,False
70,file_19_71.txt,درخواست برای اخذ ترم تابستان,5529987125431430,عطیه رعیتی,5529987125,403450512,کارشناسی پیوسته_حقوق_یزد_4031,"{('request_details', jdatetime.datetime(1404, 3, 15, 5, 40, 21)): '', ('request_details', jdatetime.datetime(1404, 3, 18, 2, 46, 43)): '', ('request_details', jdatetime.datetime(1404, 3, 21, 3, 28, 21)): 'سلام درصورت ارائه درس توسط مديرگروه انتخاب واحد طبق سنوات گذشته انجام ميشود'}",2 days 21:06:22,5 days 21:48:00,False
71,file_19_72.txt,درخواست تخفیف شهریه ( چند دانشجویی),4421452343104690,امیر عبدالوهاب پور تفتی,4421452343,403339812,کارشناسی پیوسته_حقوق_یزد_4031,"{('request_details', jdatetime.datetime(1404, 3, 18, 3, 23, 42)): '', ('request_details', jdatetime.datetime(1404, 3, 18, 8, 17, 40)): 'سلام،\n\nبرای دریافت تخفیف چند دانشجویی با همراه داشتن مدارک (کپی تمام صفحات شناسنامه هردو دانشجوي شاغل به تحصيل در واحد يزد همراه با اصل شناسنامه و گواهي اشتغال به تحصيل دانشجوي دانشگاه ازاد غيرواحد يزد) تا قبل از اتمام ترم به امور دانشجویی آقای محمود معلایی حهت تکمیل فرم مربوطه مراجعه نمائید'}",0 days 04:53:58,0 days 04:53:58,False
72,file_19_73.txt,درخواست صدور کارت دانشجویی,4449976606170341,فریبا السادات پروازی مطلق,4449976606,403247469,کارشناسی پیوسته_حقوق_یزد_4031,"{('request_details', jdatetime.datetime(1404, 3, 7, 10, 37, 46)): '', ('request_details', jdatetime.datetime(1404, 3, 7, 12, 30, 17)): '', ('request_details', jdatetime.datetime(1404, 3, 8, 8, 43, 30)): 'سلام کارت دانشجویی صادر گردید از روز سه شنبه 1404/03/13 ب بعد در زمانهای اداری به ساختمان طاهری همکف اتاق 5 ( امور دانشجویی- آقای معلایی ) مراجعه نمایند. باتشکر 03531872405', ('request_details', jdatetime.datetime(1404, 3, 11, 7, 5, 4)): ''}",0 days 01:52:31,3 days 20:27:18,False
73,file_19_74.txt,درخواست صدور کارت دانشجویی,0830042784187122,الناز صفرزاده,830042784,403455141,کارشناسی پیوسته_حقوق_یزد_4031,"{('request_details', jdatetime.datetime(1404, 3, 7, 10, 40, 35)): 'کارت', ('request_details', jdatetime.datetime(1404, 3, 7, 12, 29, 46)): '', ('request_details', jdatetime.datetime(1404, 3, 8, 8, 44, 39)): 'سلام کارت دانشجویی صادر گردید از روز سه شنبه 1404/03/13 ب بعد در زمانهای اداری به ساختمان طاهری همکف اتاق 5 ( امور دانشجویی- آقای معلایی ) مراجعه نمایند. باتشکر 03531872405', ('request_details', jdatetime.datetime(1404, 3, 11, 7, 4, 40)): ''}",0 days 01:49:11,3 days 20:24:05,False
74,file_19_75.txt,درخواست خلاصه وضعیت تحصیلی,4421452343932183,امیر عبدالوهاب پور تفتی,4421452343,403339812,کارشناسی پیوسته_حقوق_یزد_4031,"{('request_details', jdatetime.datetime(1404, 3, 6, 2, 45, 29)): '', ('request_details', jdatetime.datetime(1404, 3, 7, 7, 57, 55)): '', ('request_details', jdatetime.datetime(1404, 3, 7, 12, 26, 59)): 'با سلام به پيوست كارنامه تحصيلي دانشجو ارسال ميگردد', ('request_details', jdatetime.datetime(1404, 3, 7, 12, 29)): 'با سلام به پيوست كارنامه تحصيلي دانشجو ارسال ميگردد'}",1 days 05:12:26,1 days 09:43:31,False
75,file_19_76.txt,اخذ 24 واحد در یک ترم,4420091061941063,حسن نظری,4420091061,403242162,کارشناسی پیوسته_حقوق_یزد_4031,"{('request_details', jdatetime.datetime(1404, 3, 5, 3, 9, 18)): 'سلام،\n\nدر 2 صورت می شود تا 24 واحد اخذ نمود.\n\n1- از ترم دوم به بعد در صورتیکه معدل نیمسال قبل شما 17 یا بیشتر باشد شما می توانید 24 واحد اخذ نمائید. \n\n2- فقط ترم آخر اگر با گذراندن 24 واحد فارغ التحصیل می شوید می توانید 24 واحد را اخذ کنید و شرط معدل 17 برای نیمسال قبل را ندارد. چگونه میتوانم در یک ترم 24 واحد اخذ کنم؟', ('request_details', jdatetime.datetime(1404, 3, 5, 3, 11, 10)): 'سلام،\n\nدر 2 صورت می شود تا 24 واحد اخذ نمود.\n\n1- از ترم دوم به بعد در صورتیکه معدل نیمسال قبل شما 17 یا بیشتر باشد شما می توانید 24 واحد اخذ نمائید. \n\n2- فقط ترم آخر اگر با گذراندن 24 واحد فارغ التحصیل می شوید می توانید 24 واحد را اخذ کنید و شرط معدل 17 برای نیمسال قبل را ندارد.', ('request_details', jdatetime.datetime(1404, 3, 5, 10, 25, 36)): ''}",0 days 00:01:52,0 days 07:16:18,False
76,file_19_77.txt,صدور کارت دانشجویی ,4421424951208240,,None,None,,"{('request_details', jdatetime.datetime(1404, 2, 30, 10, 32, 29)): 'با سلام و احترام برای صدور کارت دانشجویی ------------------- اطلاعات دانشجو ------------------------------\n\nنام و نام خانوادگی: مهسا دهقان نیری\n\nکد ملی: 4421424951\n\nشماره دانشجویی: 403397244\n\nرشته محل:کارشناسی پیوسته_حقوق_یزد_4031\n\n---------------------------------------------------------------------------\n\nبرای صدور کارت دانشجویی  چه اقدامی باید انجام داد', ('request_details', jdatetime.datetime(1404, 2, 30, 12, 25, 39)): '', ('request_details', jdatetime.datetime(1404, 2, 31, 4, 51, 3)): 'سلام وقت بخیر احتراما با توجه به نداشتن عکس در سامانه آموزشیار لطفا یک قطعه عکس 4*3 ایمیل کنید تا بقیه مراحل صدور کارت انجام شود. باتشکر', ('request_details', jdatetime.datetime(1404, 2, 31, 4, 54, 3)): ''}",0 days 01:53:10,0 days 18:21:34,False
77,file_19_78.txt,درخواست صدور کارت دانشجویی,4421605441108265,فاطمه سادات موسوی,4421605441,403331396,کارشناسی پیوسته_حقوق_یزد_4031,"{('request_details', jdatetime.datetime(1404, 2, 30, 10, 30, 52)): '------------------------------------------------------------------------------باسلام \nدرخواست صدور کارت دانشجویی را دارم', ('request_details', jdatetime.datetime(1404, 2, 30, 12, 26, 10)): '', ('request_details', jdatetime.datetime(1404, 2, 31, 4, 53, 31)): 'سلام کارت دانشجویی صادر گردید از روز دوشنبه 1404/03/05 ب بعد در زمانهای اداری به ساختمان طاهری همکف اتاق 5 ( امور دانشجویی- آقای معلایی ) مراجعه نمایند. باتشکر 03531872405'}",0 days 01:55:18,0 days 18:22:39,False
78,file_19_79.txt,درخواست کارت دانشجویی,4421300853147841,راضیه دهقانی محمدابادی,4421300853,403324681,کارشناسی پیوسته_حقوق_یزد_4031,"{('request_details', jdatetime.datetime(1404, 2, 30, 10, 34, 9)): 'با سلام\nدرخواست دریافت کارت دانشجویی دارم', ('request_details', jdatetime.datetime(1404, 2, 30, 12, 25, 7)): '', ('request_details', jdatetime.datetime(1404, 2, 31, 4, 52, 47)): 'سلام کارت دانشجویی صادر گردید از روز دوشنبه 1404/03/05 ب بعد در زمانهای اداری به ساختمان طاهری همکف اتاق 5 ( امور دانشجویی- آقای معلایی ) مراجعه نمایند. باتشکر 03531872405'}",0 days 01:50:58,0 days 18:18:38,False
79,file_19_80.txt,درخواست کارت دانشجویی,4460155818747863,مهسا زارع بیدکی,4460155818,403695193,کارشناسی پیوسته_حقوق_یزد_4031,"{('request_details', jdatetime.datetime(1404, 2, 30, 10, 36, 21)): 'با سلام درخواست دریافت کارت دانشجویی دارم.', ('request_details', jdatetime.datetime(1404, 2, 30, 12, 24, 38)): '', ('request_details', jdatetime.datetime(1404, 2, 31, 4, 50, 14)): 'سلام کارت دانشجویی صادر گردید از روز دوشنبه 1404/03/05 ب بعد در زمانهای اداری به ساختمان طاهری همکف اتاق 5 ( امور دانشجویی- آقای معلایی ) مراجعه نمایند. باتشکر 03531872405', ('request_details', jdatetime.datetime(1404, 2, 31, 9, 1, 1)): ''}",0 days 01:48:17,0 days 22:24:40,False
80,file_19_81.txt,از من بپرس (اخذ راهنمایی اداری),6970035964719641,علی ولایتی مقدم,6970035964,None,کارشناسی پیوسته_حقوق_یزد_4031,"{('request_details', jdatetime.datetime(1404, 2, 26, 2, 32, 52)): 'در چه صورت امکان اخذ23واحد وجود دارد؟ - -----------------------------------------------------------------------------', ('request_details', jdatetime.datetime(1404, 2, 27, 1, 34, 54)): 'سلام،\n\nدر 2 صورت می شود تا 24 واحد اخذ نمود.\n\n1- از ترم دوم به بعد در صورتیکه معدل نیمسال قبل شما 17 یا بیشتر باشد شما می توانید 24 واحد اخذ نمائید. \n\n2- فقط ترم آخر اگر با گذراندن 24 واحد فارغ التحصیل می شوید می توانید 24 واحد را اخذ کنید و شرط معدل 17 برای نیمسال قبل را ندارد.'}",0 days 23:02:02,0 days 23:02:02,False
81,file_19_82.txt,درخواست صدور کارت دانشجویی,4421324205873674,غزاله خردمند,4421324205,None,کارشناسی پیوسته_حقوق_یزد_4031,"{('request_details', jdatetime.datetime(1404, 2, 26, 2, 1, 10)): 'با سلام خواهشمنداست کارت دانشجویی اینجانب غزاله خردمند به شماره دانشجویی۴۰۳۲۳۱۰۱۳را صادرنمایید.  با تشکر', ('request_details', jdatetime.datetime(1404, 2, 26, 12, 3, 26)): '', ('request_details', jdatetime.datetime(1404, 2, 27, 1, 29, 9)): 'سلام وقت بخیر.\n\nکارت دانشجویی صادر گردید. انشاله سه شنبه 1404/02/30  تشریف بیاورند کارت تحویل بگیرند. 03531872405', ('request_details', jdatetime.datetime(1404, 2, 27, 1, 30, 13)): '', ('request_details', jdatetime.datetime(1404, 2, 27, 1, 32, 51)): ''}",0 days 10:02:16,0 days 23:31:41,False
82,file_19_83.txt,در چه صورت امکان اخذ 23 واحد وجود دارد,4421300802838783,فاطمه صادقیان,4421300802,None,کارشناسی پیوسته_حقوق_یزد_4031,"{('request_details', jdatetime.datetime(1404, 2, 26, 3, 52, 19)): '', ('request_details', jdatetime.datetime(1404, 2, 27, 1, 27, 51)): 'سلام،\n\nدر 2 صورت می شود تا 24 واحد اخذ نمود.\n\n1- از ترم دوم به بعد در صورتیکه معدل نیمسال قبل شما 17 یا بیشتر باشد شما می توانید 24 واحد اخذ نمائید. \n\n2- فقط ترم آخر اگر با گذراندن 24 واحد فارغ التحصیل می شوید می توانید 24 واحد را اخذ کنید و شرط معدل 17 برای نیمسال قبل را ندارد.'}",0 days 21:35:32,0 days 21:35:32,False
83,file_19_84.txt,درود و احترام. در چه صورت می‌توانم موفق به اخذ ۲۴ واحد در ترم سوم شوم؟,4421431508474865,نگار گلستانی فر,4421431508,None,کارشناسی پیوسته_حقوق_یزد_4031,"{('request_details', jdatetime.datetime(1404, 2, 26, 3, 39, 13)): '', ('request_details', jdatetime.datetime(1404, 2, 27, 1, 20, 8)): 'سلام،\n\nدر صورتی که معدل نیمسال دوم شما 17 یا بیشتر باشد شما می توانید در نیمسال سوم 24 واحد اخذ نمائید. این شرط برای نیمسال های بعد هم یکسان است.\n\nفقط ترم آخر اگر با گذراندن 24 واحد فارغ التحصیل می شوید می توانید 24 واحد را اخذ کنید و شرط معدل 17 برای نیمسال قبل را ندارد.'}",0 days 21:40:55,0 days 21:40:55,False
84,file_19_85.txt,از من بپرس (اخذ راهنمایی اداری),4421131725535120,زهره گارگر حاجی آبادی,4421131725,None,کارشناسی پیوسته_حقوق_یزد_4031,"{('request_details', jdatetime.datetime(1404, 2, 25, 6, 28, 52)): 'سلام،\n\nدر 2 صورت می شود تا سقف 24 واحد انتخاب کرد:\n\n 1- از ترم دوم تا ترم ماقبل از آخر، اگر معدل ترم قبل 17 به بالا باشد.\n\n2- ترم آخر، اگر با گرفتن 24 واحد دیگر واحدی باقیمانده نداشته باشید.\n\n(البته دروس انس با قرآن و وصایای امام طبق بخشنامه جزء سقف واحد محسوب نمی شود و می شود این دو درس را با 24 واحد گرفت که با هم 26 واحد بشود، اگر بخشنامه تغییر نکند) در چه صورت امکان اخذ ۲۳ واحد وجود دارد؟', ('request_details', jdatetime.datetime(1404, 2, 25, 12, 40, 22)): ''}",0 days 06:11:30,0 days 06:11:30,True
85,file_19_86.txt,از من بپرس (اخذ راهنمایی اداری),442118013074298,علی رضا شفیعی سورک,4421180130,None,کارشناسی پیوسته_حقوق_یزد_4001,"{('request_details', jdatetime.datetime(1404, 2, 14, 5, 41, 26)): 'سلام\n\nفرآیند فارغ\u200cالتحصیلی به چه صورت است ؟', ('request_details', jdatetime.datetime(1404, 2, 23, 5, 35, 7)): 'سلام و احترام ابتدا دانشجو جهت دريافت كارنامه تحصيلي به كارشناس آموزش مراجعه و پس از تاييد و تكميل فرم فارغ التحصيلي توسط كارشناس به مديرگروه مربوطه مراجعه و فرم فارغ التحصيلي را تاييد و جهت تاييد كارنامه تحصيلي به مسئولين مربوطه مراجعه و نهايتا جهت تكميل پرونده دانشجويي به بايگاني آموزش مراجعه ميكند', ('request_details', jdatetime.datetime(1404, 2, 23, 5, 35, 53)): '', ('request_details', jdatetime.datetime(1404, 2, 23, 10, 9, 31)): ''}",8 days 23:53:41,9 days 04:28:05,False
86,file_19_87.txt,زمان شروع فرجه ,4421081469913314,saleh abasi,4421081469,None,کارشناسی پیوسته_حقوق_یزد_4001,"{('request_details', jdatetime.datetime(1404, 2, 14, 11, 29, 39)): '', ('request_details', jdatetime.datetime(1404, 2, 23, 1, 26, 12)): '', ('request_details', jdatetime.datetime(1404, 2, 23, 10, 11, 26)): ''}",8 days 13:56:33,8 days 22:41:47,True
