﻿file_name,subject,refrence_code,student_name,national_id,student_id,major,message,latency,duration,is_null
file_5_46.txt,درخواست مربوط به امتحانات مجدد شهریور ماه ,3040547852132092,Ahdiye Salehi,3040547852.0,40210520627109.0,کاردانی ناپیوسته_آموزش و پرورش ابتدایی_یزد_4021,"{('request_details', jdatetime.datetime(1404, 5, 28, 12, 35, 32)): '-------------------------------------------------------------------------------- با سلام و عرض خسته نباشید \nبنده در زمان ثبت امتحانات خود که به علت جنگ ۱۲ روزه موفق به شرکت در جلسه امتحانی نشدم کلیه امتحانات را وارد کردم ، منتها الان که لیست امتحانات شهریور ماه من آمده ، درس اندیشه اسلامی ۲ با استاد شمع ریزی اصلا جز امتحانات من نیست درحالی که من این درس را اخذ کردم و امتحان پایان ترمش را هنوز ندادم ، لطفاً این مورد را بررسی کنید🙏', ('request_details', jdatetime.datetime(1404, 5, 29, 9, 26, 11)): 'با سلام و ادب \n\nجناب آقای نظری \n\nاحتراما خواهشمند است دستورات لازم در خصوص دانشجوی گرامی را صادر فرمایید \n\nبا تشکر'}",0 days 20:50:39,0 days 20:50:39,False
file_5_85.txt,درخواست مربوط به امتحانات مجدد شهریور ماه ,304054785229312,Ahdiye Salehi,3040547852.0,40210520627109.0,کاردانی ناپیوسته_آموزش و پرورش ابتدایی_یزد_4021,"{('request_details', jdatetime.datetime(1404, 5, 9, 3, 50, 10)): '------------------------------------------------------------------------------ با سلام و عرض خسته نباشید \nبنده در زمان ثبت امتحانات خود که به علت جنگ ۱۲ روزه موفق به شرکت در جلسه امتحانی نشدم کلیه امتحانات را وارد کردم ، منتها الان که لیست امتحانات شهریور ماه من آمده ، درس اندیشه اسلامی ۲ با استاد شمع ریزی اصلا جز امتحانات من نیست درحالی که من این درس را اخذ کردم و امتحان پایان ترمش را هنوز ندادم ، لطفاً این مورد را بررسی کنید🙏', ('request_details', jdatetime.datetime(1404, 5, 18, 1, 27, 25)): 'با سلام،\n\n\n\nبه اطلاع می\u200cرساند با توجه به تعطیلات دانشگاه آزاد اسلامی تا تاریخ ۲۵ مرداد ۱۴۰۴، در حال حاضر امکان بررسی و پیگیری درخواست شما وجود ندارد. لطفاً پس از تاریخ مذکور، مجدداً درخواست خود را ثبت نمایید.\n\n\n\nبا تشکر""'}",8 days 21:37:15,8 days 21:37:15,False
file_5_271.txt,درخواست شرکت در امتحانات تابستان ۱۴۰۴,3040547852163160,Ahdiye Salehi,3040547852.0,40210520627109.0,کاردانی ناپیوسته_آموزش و پرورش ابتدایی_یزد_4021,"{('request_details', jdatetime.datetime(1404, 3, 28, 11, 25, 36)): '------------------------------------------------------------------------------با سلام و عرض خسته نباشید \nبا توجه به شرایط ویژه کشور و عدم حضور در امتحانات پایان ترم خرداد ماه، درخواست شرکت در امتحانات تابستان ۱۴۰۴ را دارم.\nدر ضمن کاربرگ درخواست شرکت در امتحانات تابستان ۱۴۰۴ توسط بنده تکمیل گردیده و جزئیات تمامی امتحانات در کاربرگ موجود است.\nممنونم از شما', ('request_details', jdatetime.datetime(1404, 4, 1, 11, 26, 12)): '«درخواست شما دریافت شد، اطلاع رسانی های بعدی متعاقبا از طریق کانال های رسمی دانشگاه ازاد اسلامی استان یزد در پلتفرم های ایتا و تلگرام اعلام می گردد.»', ('request_details', jdatetime.datetime(1404, 4, 4, 12, 19, 37)): 'با سلام و ادب لطفا دستورات لازم را درخصوص دانشجوی نامبرده صادر فرمایید .\n\nبا تشکر', ('request_details', jdatetime.datetime(1404, 4, 4, 12, 20, 18)): '«درخواست شما دریافت شد، اطلاع رسانی های بعدی متعاقبا از طریق کانال های رسمی دانشگاه ازاد اسلامی استان یزد در پلتفرم های ایتا و تلگرام اعلام می گردد.»'}",4 days 00:00:36,7 days 00:54:42,False
file_5_280.txt,درخواست شرکت در امتحانات تابستان ۱۴۰۴,3040547852313039,Ahdiye Salehi,3040547852.0,40210520627109.0,کاردانی ناپیوسته_آموزش و پرورش ابتدایی_یزد_4021,"{('request_details', jdatetime.datetime(1404, 3, 28, 2, 22, 37)): '------------------------------------------------------------------------------با سلام و عرض خسته نباشید \nبا توجه به شرایط ویژه کشور و عدم حضور در امتحانات پایان ترم خرداد ماه ، درخواست شرکت در امتحانات تابستان ۱۴۰۴ را دارم.\nدر ضمن کاربرگ درخواست شرکت در امتحانات تابستان ۱۴۰۴ توسط بنده تکمیل گردیده و جزئیات تمامی امتحانات در کاربرگ موجود است.\nممنونم از شما', ('request_details', jdatetime.datetime(1404, 4, 1, 12, 56, 1)): 'جناب آقای لازمی \n\nبا سلام و ادب\n\nخواهشمند است دستورات لازم در خصوص در خواست دانشجوی نامبرده را صادر فرمایید .\n\nبا تشکر', ('request_details', jdatetime.datetime(1404, 4, 1, 12, 56, 47)): 'درخواست شما دریافت شد، اطلاع رسانی های بعدی متعاقبا از طریق کانال های رسمی دانشگاه ازاد اسلامی استان یزد در پلتفرم های ایتا و تلگرام اعلام می گردد.»'}",4 days 10:33:24,4 days 10:34:10,False
file_5_281.txt,درخواست شرکت در امتحانات تابستان ۱۴۰۴,3040547852220798,Ahdiye Salehi,3040547852.0,40210520627109.0,کاردانی ناپیوسته_آموزش و پرورش ابتدایی_یزد_4021,"{('request_details', jdatetime.datetime(1404, 3, 28, 11, 14, 26)): '----------------------------------------------------------------------------با سلام و عرض خسته نباشید \nبا توجه به شرایط ویژه کشور و عدم حضور در امتحانات پایان ترم خرداد ماه ، درخواست شرکت در امتحانات تابستان ۱۴۰۴ را دارم.\nدر ضمن کاربرگ درخواست شرکت در امتحانات تابستان ۱۴۰۴ توسط بنده تکمیل گردیده و جزئیات تمامی امتحانات در کاربرگ موجود است.\nممنونم از شما', ('request_details', jdatetime.datetime(1404, 4, 1, 11, 50, 7)): 'با سلام و ادب \n\nلطف نموده فرم بارگذاری شده در سایت دانشگاه را تکمیل و ایمیل فرمایید .\n\nبا تشکر'}",4 days 00:35:41,4 days 00:35:41,False
