﻿file_name,subject,refrence_code,student_name,national_id,student_id,major,message,latency,duration,is_null
file_20_13.txt,درخواست امتحان مجدد به دلیل شرایط جنگی,150718454446123,محمد محسن دهقان منشادی,150718454.0,403359166.0,کارشناسی پیوسته_مهندسی صنایع و سیستم ها_یزد_4031,"{('request_details', jdatetime.datetime(1404, 5, 3, 9, 43, 58)): 'سلام و عرض ادب خدمت کارشناس گروه مهندسی صنایع و سیستم ها آقای صمیمی\nدرخواست شرکت در آزمون مجدد برنامه سازی کامپیوتری را دارم\nفرم مربوطه را در همین ایمیل سنجاق کردم', ('request_details', jdatetime.datetime(1404, 5, 6, 12, 30, 12)): '', ('request_details', jdatetime.datetime(1404, 5, 8, 10, 21, 53)): 'به برنامه آموزشیار مراجعه برنامه امتحانی را دریافت و در برنامه وادانا امتحان خود را انجام دهید'}",3 days 02:46:14,5 days 00:37:55,False
file_20_14.txt,درخواست امتحان مجدد به دلیل شرایط جنگی,150718454691129,محمد محسن دهقان منشادی,150718454.0,403359166.0,کارشناسی پیوسته_مهندسی صنایع و سیستم ها_یزد_4031,"{('request_details', jdatetime.datetime(1404, 5, 3, 9, 35, 59)): 'سلام و عرض ادب خدمت کارشناس گروه مهندسی صنایع و سیستم ها آقای صمیمی\nدرخواست شرکت در آزمون مجدد معادلات دیفرانسیل را دارم\nفرم مربوطه را در همین ایمیل سنجاق کردم', ('request_details', jdatetime.datetime(1404, 5, 6, 12, 30, 51)): '', ('request_details', jdatetime.datetime(1404, 5, 8, 10, 21, 35)): 'به برنامه آموزشیار مراجعه برنامه امتحانی را دریافت و در برنامه وادانا امتحان خود را انجام دهید'}",3 days 02:54:52,5 days 00:45:36,False
file_20_15.txt,درخواست امتحان مجدد به دلیل شرایط جنگی,150718454968151,محمد محسن دهقان منشادی,150718454.0,403359166.0,کارشناسی پیوسته_مهندسی صنایع و سیستم ها_یزد_4031,"{('request_details', jdatetime.datetime(1404, 5, 2, 12, 8)): '', ('request_details', jdatetime.datetime(1404, 5, 6, 12, 32, 7)): '', ('request_details', jdatetime.datetime(1404, 5, 8, 10, 21, 11)): 'به برنامه آموزشیار مراجعه برنامه امتحانی را دریافت و در برنامه وادانا امتحان خود را انجام دهید'}",4 days 00:24:07,5 days 22:13:11,False
file_20_16.txt,امتحانات معوق,150718454538103,محمد محسن دهقان منشادی,150718454.0,403359166.0,کارشناسی پیوسته_مهندسی صنایع و سیستم ها_یزد_4031,"{('request_details', jdatetime.datetime(1404, 5, 2, 11, 54, 42)): 'سلام وقت بخیر به دلیل قطع شدن اینترنت نتوانستم امتحان زبان بدهم درخواست شرکت در امتحان زبان مجدد را دارم\nنام درس: زبان انگلیسی عمومی_ترکیبی(۱)\nکد ارائه:۱۱۹۹۴۵۰۱۰\nنام استاد:پریسا ارژنگ منش\nتاریخ امتحان:۱۴۰۴/۰۳/۳۱\nساعت امتحان:۱۵:۰۰', ('request_details', jdatetime.datetime(1404, 5, 6, 12, 32, 52)): '', ('request_details', jdatetime.datetime(1404, 5, 8, 10, 12, 35)): 'به دایره امتحانات ارجاع شد'}",4 days 00:38:10,5 days 22:17:53,False
file_20_17.txt,درخواست امتحان مجدد به دلیل شرایط جنگی,150718454814210,محمد محسن دهقان منشادی,150718454.0,403359166.0,کارشناسی پیوسته_مهندسی صنایع و سیستم ها_یزد_4031,"{('request_details', jdatetime.datetime(1404, 5, 3, 9, 30, 41)): 'سلام و عرض ادب خدمت کارشناس گروه مهندسی صنایع و سیستم ها آقای صمیمی\nدرخواست شرکت در آزمون مجدد ریاضی عمومی ۲ را دارم\nفرم مربوطه را در همین ایمیل سنجاق کردم', ('request_details', jdatetime.datetime(1404, 5, 6, 12, 31, 40)): '', ('request_details', jdatetime.datetime(1404, 5, 8, 10, 11, 38)): 'به دایره امتحانات ارجاع شد'}",3 days 03:00:59,5 days 00:40:57,False
file_20_25.txt,درخواست انتخاب واحد- حذف و اضافه خارج از زمان,150718454858702,محمد محسن دهقان منشادی,150718454.0,403359166.0,کارشناسی پیوسته_مهندسی صنایع و سیستم ها_یزد_4031,"{('request_details', jdatetime.datetime(1404, 4, 9, 1, 39, 20)): '', ('request_details', jdatetime.datetime(1404, 4, 23, 8, 56, 24)): 'با سلام به کارشناس آموزش آقای صمیمی مراجعه و یا تماس حاصل فرمایید تلفن 03531872757'}",14 days 07:17:04,14 days 07:17:04,False
