﻿file_name,subject,refrence_code,student_name,national_id,student_id,major,message,latency,duration,is_null
file_16_13.txt,پایان نامه,2520133244182773,zahra golchinfard,2520133244.0,10539700363.0,دکتری عمومی_پزشکی_یزد_3971,"{('request_details', jdatetime.datetime(1404, 5, 26, 11, 3, 4)): 'با سلام و احترام \nلطفا جهت مراحل پایان نامه در سامانه پژوهشیار \nراهنمایی بفرمایید.', ('request_details', jdatetime.datetime(1404, 5, 27, 8, 42, 20)): 'سرکار خانم جعفری \n\nبا سلام\n\nلطفا در صورت انجام کار اطلاع داده شود تا درخواست دانشجو بسته شود\n\nباتشکر', ('main_message', jdatetime.datetime(1404, 5, 27, 8, 42, 37)): ""از: 'دکتری - sf-105-10101-6-3971@iau.ir '\n\nبه: 'دانشکده - 336774@iau.ir '\n\nموضوع: 'پایان نامه'\n\nسرکار خانم جعفری \n\nبا سلام\n\nلطفا در صورت انجام کار اطلاع داده شود تا درخواست دانشجو بسته شود\n\nباتشکر"", ('main_message', jdatetime.datetime(1404, 5, 27, 8, 50, 40)): ""از: '336774 - 336774@iau.ir '\n\nبه: 'دکتری - sf-105-10101-6-3971@iau.ir '\n\nموضوع: 'پاسخ: پایان نامه'\n\nسلام حضورا انجام شد"", ('request_details', jdatetime.datetime(1404, 5, 27, 9, 35, 1)): 'دانشجوی محترم\n\nبا سلام\n\nدرخواست شما به صورت حضوری انجام شد'}",0 days 21:39:16,0 days 22:31:57,False
file_16_33.txt,تعیین داور,2520133244371777,zahra golchinfard,2520133244.0,10539700363.0,دکتری عمومی_پزشکی_یزد_3971,"{('request_details', jdatetime.datetime(1404, 5, 9, 9, 18, 35)): 'باسلام و احترام \nپیشنهاد دکتر میرزایی جهت تعیین داور به اطلاع دکتر مرتضوی زاده رسانده شد و با موافقت ایشان خانم دکتر مهتاب میرجلیلی به عنوان داور اینجانب تعیین شد ،\nدکتر مرتضوی زاده فرمودند که این مسئله را به اطلاع سرکار خانم جعفری برسانم.\nبا تشکر', ('request_details', jdatetime.datetime(1404, 5, 9, 10, 59, 1)): 'دانشجوی گرامی \n\nبا سلام و احترام\n\nبه اطلاع می\u200cرساند با توجه به تعطیلات دانشگاه آزاد اسلامی تا تاریخ ۲۵ مرداد ۱۴۰۴، در حال حاضر امکان بررسی و پیگیری درخواست شما وجود ندارد. لطفاً پس از تاریخ مذکور، مجدداً درخواست خود را ثبت نمایید.\n\nبا تشکر'}",0 days 01:40:26,0 days 01:40:26,False
file_16_53.txt,پایان نامه,252013324434513,zahra golchinfard,2520133244.0,10539700363.0,دکتری عمومی_پزشکی_یزد_3971,"{('request_details', jdatetime.datetime(1404, 5, 8, 11, 22, 12)): 'باسلام و احترام \nبا توجه به اینکه دکتر مرتضوی پیام اینجانب مبنی بر مطالعه پایان نامه را مشاهده نکرده اند،جهت امضای استاد مشاور\nچه اقدامی صورت گیرد؟\nبا تشکر', ('request_details', jdatetime.datetime(1404, 5, 9, 8, 42, 2)): 'سرکار خانم جعفری \n\nبا سلام\n\nلطفا در صورت انجام کار اطلاع داده شود تا درخواست دانشجو بسته شود\n\nباتشکر', ('main_message', jdatetime.datetime(1404, 5, 9, 8, 42, 8)): ""از: 'دکتری - sf-105-10101-6-3971@iau.ir '\n\nبه: 'دانشکده - 336774@iau.ir '\n\nموضوع: 'پایان نامه'\n\nسرکار خانم جعفری \n\nبا سلام\n\nلطفا در صورت انجام کار اطلاع داده شود تا درخواست دانشجو بسته شود\n\nباتشکر"", ('main_message', jdatetime.datetime(1404, 5, 9, 8, 48, 34)): ""از: '336774 - 336774@iau.ir '\n\nبه: 'دکتری - sf-105-10101-6-3971@iau.ir '\n\nموضوع: 'پاسخ: پایان نامه'\n\nسلام\n\nمن با ایشان صحبت و ایشان را در مورد پایان نامه شما مطلع نمودم میتوانید به دانشکده دفتر پژوهشی مراجعه تا از طرف امضا شود."", ('request_details', jdatetime.datetime(1404, 5, 9, 8, 50, 38)): 'پیام امور پایان نامه ها:\n\nسلام\n\nمن با ایشان صحبت و ایشان را در مورد پایان نامه شما مطلع نمودم میتوانید به دانشکده دفتر پژوهشی مراجعه تا از طرف امضا شود.'}",0 days 21:19:50,0 days 21:28:26,False
file_16_54.txt,تعیین داور پایان نامه,2520133244302459,zahra golchinfard,2520133244.0,10539700363.0,دکتری عمومی_پزشکی_یزد_3971,"{('request_details', jdatetime.datetime(1404, 5, 8, 6, 50, 21)): 'باسلام و احترام \nخواهشمند است داور جهت دفاع پایان نامه اینجانب راتعیین فرمایید🙏', ('request_details', jdatetime.datetime(1404, 5, 9, 8, 32, 31)): 'سرکار خانم جعفری \n\nبا سلام\n\nلطفا در صورت انجام کار اطلاع داده شود تا درخواست دانشجو بسته شود\n\nباتشکر', ('main_message', jdatetime.datetime(1404, 5, 9, 8, 32, 38)): ""از: 'دکتری - sf-105-10101-6-3971@iau.ir '\n\nبه: 'دانشکده - 336774@iau.ir '\n\nموضوع: 'تعیین داور پایان نامه'\n\nسرکار خانم جعفری \n\nبا سلام\n\nلطفا در صورت انجام کار اطلاع داده شود تا درخواست دانشجو بسته شود\n\nباتشکر"", ('main_message', jdatetime.datetime(1404, 5, 9, 8, 35, 51)): ""از: '336774 - 336774@iau.ir '\n\nبه: 'دکتری - sf-105-10101-6-3971@iau.ir '\n\nموضوع: 'پاسخ: تعیین داور پایان نامه'\n\nبا سلام\n\nبا دکتر مرتضویزاده صحبت شد ایشان فرمودند با دکتر میرزایی در مورد داور صحبت کنید و نتیجه را به ایشان اعلام کنیم در صورت تایید آقای دکتر مرتضویزاده، پیشنهاد دکتر میرزایی قطعی میشود.(با دکتر میرزایی صحبت و به من خبر بدهید)"", ('request_details', jdatetime.datetime(1404, 5, 9, 8, 48, 21)): 'دانشجوی محترم\n\nبا سلام\n\nبا دکتر مرتضویزاده صحبت شد ایشان فرمودند با دکتر میرزایی در مورد داور صحبت کنید و نتیجه را به ایشان اعلام کنیم در صورت تایید آقای دکتر مرتضویزاده، پیشنهاد دکتر میرزایی قطعی میشود.(با دکتر میرزایی صحبت و درخواست خود را ثبت نمایید'}",1 days 01:42:10,1 days 01:58:00,False
file_16_62.txt,سایت پژوهشیار,2520133244572374,zahra golchinfard,2520133244.0,10539700363.0,دکتری عمومی_پزشکی_یزد_3971,"{('request_details', jdatetime.datetime(1404, 5, 7, 10, 49, 36)): 'با سلام و احترام \nباتوجه به اینکه امضاهای استاد راهنما و مشاور جهت نوبت پایان نامه ،صورت گرفته است\nخواهشمند است اینجانب را در سایت پژوهشیار به مرحله بعد انتقال دهید.\nسپاس', ('request_details', jdatetime.datetime(1404, 5, 7, 10, 51, 37)): 'با سلام و احترام\n\nلطفا درخواست دانشجو بررسی و اعلام گردد', ('main_message', jdatetime.datetime(1404, 5, 7, 10, 51, 43)): ""از: 'دکتری - sf-105-10101-6-3971@iau.ir '\n\nبه: 'دانشکده - 336774@iau.ir '\n\nموضوع: 'سایت پژوهشیار'\n\nبا سلام و احترام\n\nلطفا درخواست دانشجو بررسی و اعلام گردد"", ('main_message', jdatetime.datetime(1404, 5, 7, 12, 45, 37)): ""از: '336774 - 336774@iau.ir '\n\nبه: 'دکتری - sf-105-10101-6-3971@iau.ir '\n\nموضوع: 'پاسخ: سایت پژوهشیار'\n\nبا سلام انجام شد"", ('request_details', jdatetime.datetime(1404, 5, 8, 8, 44, 49)): 'دانشجوی محترم\n\nبا سلام\n\nدرخواست شما انجام شد'}",0 days 00:02:01,0 days 21:55:13,False
file_16_121.txt,درخواست معرفی نامه,2520133244509347,zahra golchinfard,2520133244.0,10539700363.0,دکتری عمومی_پزشکی_یزد_3971,"{('request_details', jdatetime.datetime(1404, 4, 28, 10, 3, 40)): '------------------------------------------------------------------------------با سلام و احترام \nبا توجه به مشکل سایت خانم جوادزاده و گفته اقای آرمان که درست شدن سایت چندروزی طول میکشد لطفا یک معرفی نامه جهت امور پژوهشی در بیمارستان گودرز برای ایشان تنظیم نمایید', ('request_details', jdatetime.datetime(1404, 4, 29, 8, 22, 26)): 'سرکار خانم جعفری\n\n\n\nبا سلام\n\n\n\nلطفا در صورت امکان مساعدت گردد\n\n\n\nبا تشکر'}",0 days 22:18:46,0 days 22:18:46,False
file_16_154.txt,سلام خانم جعفری اصلاحات کد اخلاق رو انجام دادم و با ایمیل خانم جهانبازی ایمیل کردم خدمتتون 🙏,2520133244264292,zahra golchinfard,2520133244.0,10539700363.0,دکتری عمومی_پزشکی_یزد_3971,"{('request_details', jdatetime.datetime(1404, 4, 11, 1, 17, 9)): '', ('request_details', jdatetime.datetime(1404, 4, 15, 10, 57)): 'سرکار خانم جعفری \n\nباسلام \n\nدر صورت انجام کار اطلاع داده شود تا در خواست دانشجو بسته شود \n\nباتشکر', ('main_message', jdatetime.datetime(1404, 4, 15, 10, 57, 6)): ""از: 'دکتری - sf-105-10101-6-3971@iau.ir '\n\nبه: 'zahra - 2520133244@iau.ir دانشکده - 336774@iau.ir '\n\nموضوع: 'سلام خانم جعفری اصلاحات کد اخلاق رو انجام دادم و با ایمیل خانم جهانبازی ایمیل کردم خدمتتون 🙏'\n\nسرکار خانم جعفری \n\nباسلام \n\nدر صورت انجام کار اطلاع داده شود تا در خواست دانشجو بسته شود \n\nباتشکر"", ('main_message', jdatetime.datetime(1404, 4, 16, 10, 18, 49)): ""از: '336774 - 336774@iau.ir '\n\nبه: 'دکتری - sf-105-10101-6-3971@iau.ir '\n\nموضوع: 'پاسخ: سلام خانم جعفری اصلاحات کد اخلاق رو انجام دادم و با ایمیل خانم جهانبازی ایمیل کردم خدمتتون 🙏'\n\nسلام رویت و به کمیته اخلاق ارسال شد"", ('request_details', jdatetime.datetime(1404, 4, 19, 10, 37, 36)): 'سلام رویت و به کمیته اخلاق ارسال شد', ('request_details', jdatetime.datetime(1404, 4, 19, 10, 39, 10)): ''}",4 days 09:39:51,8 days 09:22:01,False
