﻿file_name,subject,refrence_code,student_name,national_id,student_id,major,message,latency,duration,is_null
file_16_11.txt,تعیین وقت دفاع پایان نامه,3080137108291029,فاطمه دل گرم,3080137108.0,10539100011.0,دکتری عمومی_پزشکی_یزد_3951,"{('request_details', jdatetime.datetime(1404, 5, 26, 6, 20, 6)): '', ('request_details', jdatetime.datetime(1404, 5, 27, 8, 48, 59)): 'سرکار خانم جعفری \n\nبا سلام\n\nلطفا در صورت انجام کار اطلاع داده شود تا درخواست دانشجو بسته شود\n\nباتشکر', ('main_message', jdatetime.datetime(1404, 5, 27, 8, 49, 5)): ""از: 'دکتری - sf-105-10101-6-3951@iau.ir '\n\nبه: 'دانشکده - 336774@iau.ir '\n\nموضوع: 'تعیین وقت دفاع پایان نامه'\n\nسرکار خانم جعفری \n\nبا سلام\n\nلطفا در صورت انجام کار اطلاع داده شود تا درخواست دانشجو بسته شود\n\nباتشکر"", ('main_message', jdatetime.datetime(1404, 5, 27, 8, 55, 43)): ""از: '336774 - 336774@iau.ir '\n\nبه: 'دکتری - sf-105-10101-6-3951@iau.ir '\n\nموضوع: 'پاسخ: تعیین وقت دفاع پایان نامه'\n\nسلام انجام شد"", ('request_details', jdatetime.datetime(1404, 5, 27, 9, 42, 4)): 'دانشجوی محترم\n\nبا سلام\n\nدرخواست شما انجام شد'}",1 days 02:28:53,1 days 03:21:58,False
file_16_24.txt,تعیین تاریخ دفاع پایان نامه,3080137108796124,فاطمه دل گرم,3080137108.0,10539100011.0,دکتری عمومی_پزشکی_یزد_3951,"{('request_details', jdatetime.datetime(1404, 5, 21, 10, 6, 46)): '', ('request_details', jdatetime.datetime(1404, 5, 21, 10, 10, 5)): 'دانشجوی گرامی \n\nبا سلام و احترام\n\nبه اطلاع می\u200cرساند با توجه به تعطیلات دانشگاه آزاد اسلامی تا تاریخ ۲۵ مرداد ۱۴۰۴، در حال حاضر امکان بررسی و پیگیری درخواست شما وجود ندارد. لطفاً پس از تاریخ مذکور، مجدداً درخواست خود را ثبت نمایید.\n\nبا تشکر'}",0 days 00:03:19,0 days 00:03:19,False
file_16_46.txt,دفاع پایان نامه. انتقال به مرحله ۴,3080137108334214,فاطمه دل گرم,3080137108.0,10539100011.0,دکتری عمومی_پزشکی_یزد_3951,"{('request_details', jdatetime.datetime(1404, 5, 7, 11, 12, 21)): '', ('request_details', jdatetime.datetime(1404, 5, 8, 8, 35, 21)): 'سرکار خانم جعفری\n\n\n\nبا سلام\n\n\n\nلطفا در صورت انجام کار اطلاع داده شود تا درخواست دانشجو بسته شود\n\n\n\nبا تشکر', ('request_details', jdatetime.datetime(1404, 5, 9, 11, 15, 31)): 'دانشجوی گرامی\n\nبا سلام \n\nدرخواست شما توسط امور پایان نامه ها انجام شد'}",0 days 21:23:00,2 days 00:03:10,False
file_16_55.txt,تایید مرحله ۴ دفاع پایان نامه,3080137108314999,فاطمه دل گرم,3080137108.0,10539100011.0,دکتری عمومی_پزشکی_یزد_3951,"{('main_message', jdatetime.datetime(1404, 5, 7, 12, 37, 28)): ""از: 'فاطمه - 3080137108@iau.ir '\n\nبه: 'دکتری - sf-105-10101-6-3951@iau.ir '\n\nموضوع: 'تایید مرحله ۴ دفاع پایان نامه'"", ('request_details', jdatetime.datetime(1404, 5, 7, 12, 37, 28)): '', ('request_details', jdatetime.datetime(1404, 5, 8, 8, 27, 55)): 'سرکار خانم جعفری\n\n\n\nبا سلام\n\n\n\nلطفا در صورت انجام کار اطلاع داده شود تا درخواست دانشجو بسته شود\n\n\n\nبا تشکر', ('request_details', jdatetime.datetime(1404, 5, 8, 9, 32, 19)): '', ('request_details', jdatetime.datetime(1404, 5, 8, 9, 33, 13)): '', ('main_message', jdatetime.datetime(1404, 5, 8, 9, 33, 19)): ""از: 'دکتری - sf-105-10101-6-3951@iau.ir '\n\nبه: 'دانشکده - 336774@iau.ir '\n\nموضوع: 'تایید مرحله ۴ دفاع پایان نامه'"", ('main_message', jdatetime.datetime(1404, 5, 8, 10, 48, 23)): ""از: '336774 - 336774@iau.ir '\n\nبه: 'دکتری - sf-105-10101-6-3951@iau.ir '\n\nموضوع: 'پاسخ: تایید مرحله ۴ دفاع پایان نامه'\n\nسلام انجام شد"", ('request_details', jdatetime.datetime(1404, 5, 9, 8, 46, 7)): 'دانشجوی محترم\n\nبا سلام\n\nدرخواست شما انجام شد'}",0 days 00:00:00,1 days 20:08:39,False
file_16_91.txt,درخواست جلسه دفاع پایان نامه,3080137108859218,فاطمه دل گرم,3080137108.0,10539100011.0,دکتری عمومی_پزشکی_یزد_3951,"{('request_details', jdatetime.datetime(1404, 4, 31, 11, 37, 37)): '', ('request_details', jdatetime.datetime(1404, 5, 5, 9, 48, 51)): 'سرکار خانم جعفری\n\n\n\nبا سلام\n\n\n\nلطفا در صورت امکان روند  انجام کار اطلاع داده شود تا دانشجو در جریان کار قرار بگیرد\n\n\n\nبا تشکر'}",4 days 22:11:14,4 days 22:11:14,False
