﻿file_name,subject,refrence_code,student_name,national_id,student_id,major,message,latency,duration,is_null
file_11_233.txt,درخواست امتحانات ترم در تابستان,2981307959630279,fatemeh karami,2981307959.0,40010520735007.0,کارشناسی پیوسته_روان شناسی_یزد_4001,"{('request_details', jdatetime.datetime(1404, 3, 28, 1, 39, 13)): 'باسلام واحترام\n\nدرخواست شما دريافت گرديد اطلاع رساني هاي بعدي متعاقبا از طريق كانال هاي رسمي دانشگاه ازاد اسلامي استان يزد در پلتفرم هاي ايتا وتلگرام اعلام مي گردد.\n\nباتشكر', ('request_details', jdatetime.datetime(1404, 3, 28, 2, 49, 22)): 'باسلام واحترام \n\nپاسخ دانشجو داده طبق متن ذيل داده شد جهت پيگيري هاي بعدي واطلاع شما خدمتتان ارسال گرديد .\n\nباتشكر', ('request_details', jdatetime.datetime(1404, 3, 28, 2, 51, 6)): 'باسلام واحترام \n\nپاسخ دانشجو داده طبق متن ذيل داده شد جهت پيگيري هاي بعدي واطلاع شما خدمتتان ارسال گرديد .\n\nباتشكر', ('request_details', jdatetime.datetime(1404, 3, 28, 10, 15, 12)): ''}",0 days 01:10:09,0 days 08:35:59,False
file_11_234.txt,در خواست امتحانات ترم در تابستان,2981307959981396,fatemeh karami,2981307959.0,40010520735007.0,کارشناسی پیوسته_روان شناسی_یزد_4001,"{('request_details', jdatetime.datetime(1404, 3, 28, 1, 40, 7)): 'باسلام واحترام\n\nدرخواست شما دريافت گرديد اطلاع رساني هاي بعدي متعاقبا از طريق كانال هاي رسمي دانشگاه ازاد اسلامي استان يزد در پلتفرم هاي ايتا وتلگرام اعلام مي گردد.\n\nباتشكر', ('request_details', jdatetime.datetime(1404, 3, 28, 2, 50, 21)): 'باسلام واحترام \n\nپاسخ دانشجو داده طبق متن ذيل داده شد جهت پيگيري هاي بعدي واطلاع شما خدمتتان ارسال گرديد .\n\nباتشكر', ('request_details', jdatetime.datetime(1404, 3, 28, 10, 13, 28)): ''}",0 days 01:10:14,0 days 08:33:21,False
file_11_236.txt,در خواست شرکت در امتحان ترم تابستان,2981307959516845,fatemeh karami,2981307959.0,40010520735007.0,کارشناسی پیوسته_روان شناسی_یزد_4001,"{('request_details', jdatetime.datetime(1404, 3, 28, 1, 38, 32)): 'باسلام واحترام \n\nدرخواست شما دريافت گرديد اطلاع رساني هاي بعدي متعاقبا از طريق كانال هاي رسمي دانشگاه ازاد اسلامي استان يزد در پلتفرم هاي ايتا وتلگرام اعلام مي گردد.\n\nباتشكر', ('request_details', jdatetime.datetime(1404, 3, 28, 1, 52, 17)): 'باسلام واحترام \n\nپاسخ دانشجو داده طبق متن ذيل داده شد جهت پيگيري هاي بعدي واطلاع شما خدمتتان ارسال گرديد .\n\nباتشكر', ('request_details', jdatetime.datetime(1404, 3, 28, 10, 16, 3)): ''}",0 days 00:13:45,0 days 08:37:31,False
file_11_237.txt,در خواست شرکت در امتحان ترم تابستان,2981307959317073,fatemeh karami,2981307959.0,40010520735007.0,کارشناسی پیوسته_روان شناسی_یزد_4001,"{('request_details', jdatetime.datetime(1404, 3, 28, 1, 37, 36)): 'باسلام واحترام\n\nدرخواست شما دريافت گرديد اطلاع رساني هاي بعدي متعاقبا از طريق كانال هاي رسمي دانشگاه ازاد اسلامي استان يزد در پلتفرم هاي ايتا وتلگرام اعلام مي گردد.\n\nباتشكر', ('request_details', jdatetime.datetime(1404, 3, 28, 1, 48, 38)): 'باسلام واحترام \n\nپاسخ دانشجو داده طبق متن ذيل داده شد جهت پيگيري هاي بعدي واطلاع شما  خدمت تان ارسال گرديد .\n\nباتشكر', ('request_details', jdatetime.datetime(1404, 3, 28, 10, 16, 47)): ''}",0 days 00:11:02,0 days 08:39:11,False
