﻿file_name,subject,refrence_code,student_name,national_id,student_id,major,message,latency,duration,is_null
file_15_94.txt,درخواست امتحانات مجدد در تابستان 1404,3170207679388692,Mohaddeseh Soltani Aliabad,3170207679.0,403779876.0,کارشناسی پیوسته_زیست فناوری_یزد_4032,"{('request_details', jdatetime.datetime(1404, 3, 29, 5, 37, 32)): 'سلام و احترام\nفرم های کاربرگ الکترونیکی تکمیل شده اند.\nبه دلیل دسترسی به اینترنت ضعیف، سایر فایل های ضمیمه در این ایمیل برای شما ارسال می\u200cشوند.', ('request_details', jdatetime.datetime(1404, 3, 29, 10, 1, 16)): 'دانشجوی گرامی\n\nدرخواست شما دریافت شد، اطلاع رسانی های بعدی متعاقبا از طریق کانال های رسمی دانشگاه آزاد اسلامی استان یزد در پلتفرم های ایتا و تلگرام اعلام می گردد.'}",0 days 04:23:44,0 days 04:23:44,False
file_15_102.txt,درخواست امتحانات مجدد در تابستان 1404,3170207679388692,Mohaddeseh Soltani Aliabad,3170207679.0,403779876.0,کارشناسی پیوسته_زیست فناوری_یزد_4032,"{('request_details', jdatetime.datetime(1404, 3, 29, 5, 37, 32)): 'سلام و احترام\nفرم های کاربرگ الکترونیکی تکمیل شده اند.\nبه دلیل دسترسی به اینترنت ضعیف، سایر فایل های ضمیمه در این ایمیل برای شما ارسال می\u200cشوند.', ('request_details', jdatetime.datetime(1404, 3, 29, 9, 35, 4)): '«دانشجوی گرامی\n\nدرخواست شما دریافت شد، اطلاع رسانی های بعدی متعاقبا از طریق کانال های رسمی دانشگاه آزاد اسلامی استان یزد در پلتفرم های ایتا و تلگرام اعلام می گردد.»'}",0 days 03:57:32,0 days 03:57:32,False
file_15_121.txt,درخواست شرکت در امتحانات تابستان 1404,3170207679590886,Mohaddeseh Soltani Aliabad,3170207679.0,403779876.0,کارشناسی پیوسته_زیست فناوری_یزد_4032,"{('request_details', jdatetime.datetime(1404, 3, 27, 2, 18, 38)): '«دانشجوی گرامی\n\nدرخواست شما دریافت شد. \n\nاطلاع رسانی های بعدی متعاقبا از طریق کانال های رسمی دانشگاه آزاد اسلامی استان یزد در پلتفرم های ایتا و تلگرام اعلام می گردد.» با سلام\nفرم درخواست، تکمیل و ارسال شده. همچنین؛ کد پیگری در فایل ضمیمه مربوطه درج شده است.', ('request_details', jdatetime.datetime(1404, 3, 27, 10, 46, 22)): ''}",0 days 08:27:44,0 days 08:27:44,True
file_15_122.txt,درخواست شرکت در امتحانات تابستان 1404,3170207679590886,Mohaddeseh Soltani Aliabad,3170207679.0,403779876.0,کارشناسی پیوسته_زیست فناوری_یزد_4032,"{('request_details', jdatetime.datetime(1404, 3, 27, 2, 17, 26)): '«دانشجوی گرامی\n\nدرخواست شما دریافت شد. \n\nاطلاع رسانی های بعدی متعاقبا از طریق کانال های رسمی دانشگاه آزاد اسلامی استان یزد در پلتفرم های ایتا و تلگرام اعلام می گردد.» با سلام\nفرم درخواست، تکمیل و ارسال شده. همچنین؛ کد پیگری در فایل ضمیمه مربوطه درج شده است.', ('request_details', jdatetime.datetime(1404, 3, 27, 10, 46, 22)): ''}",0 days 08:28:56,0 days 08:28:56,True
