﻿file_name,subject,refrence_code,student_name,national_id,student_id,major,message,latency,duration,is_null
file_16_73.txt,اطلاعات را در لینک مربوطه تکمیل کردم.امتحان دروس عمومی تابستان ,313195862734817,نگار معتمدی زاده,313195862.0,403679855.0,کارشناسی پیوسته_پرستاری_یزد_4031,"{('request_details', jdatetime.datetime(1404, 5, 4, 5, 39, 37)): '', ('request_details', jdatetime.datetime(1404, 5, 5, 10, 1, 31)): 'تکرار\n\nدانشجوی محترم\n\n\n\nبا سلام \n\n\n\nدرخواست شما جهت امتحان مجدد دروس پیوست به آقای دست افشان ارسال گردید \n\n\n\nضمنا درخصوص زمان برگزاری ازمون متعاقبا از طریق کانال های رسمی دانشگاه ازاد اسلامی استان یزد در پلتفرم های ایتا و تلگرام اعلام می گردد.\n\n\n\nبا تشکر'}",1 days 04:21:54,1 days 04:21:54,False
file_16_75.txt,اطلاعات را در لینک مربوطه تکمیل کردم ,313195862468721,نگار معتمدی زاده,313195862.0,403679855.0,کارشناسی پیوسته_پرستاری_یزد_4031,"{('request_details', jdatetime.datetime(1404, 5, 4, 2, 0, 2)): '', ('request_details', jdatetime.datetime(1404, 5, 5, 10, 0, 18)): 'دانشجوی محترم\n\n\n\nبا سلام \n\n\n\nدرخواست شما جهت امتحان مجدد دروس پیوست به آقای دست افشان ارسال گردید \n\n\n\nضمنا درخصوص زمان برگزاری ازمون متعاقبا از طریق کانال های رسمی دانشگاه ازاد اسلامی استان یزد در پلتفرم های ایتا و تلگرام اعلام می گردد.\n\n\n\nبا تشکر'}",1 days 08:00:16,1 days 08:00:16,False
file_16_354.txt,اطلاعات را در لینک مربوطه تکمیل کردم( برگزاری امتحانات عمومی در تابستان),313195862910487,نگار معتمدی زاده,313195862.0,403679855.0,کارشناسی پیوسته_پرستاری_یزد_4031,"{('request_details', jdatetime.datetime(1404, 4, 5, 12, 27, 43)): '', ('request_details', jdatetime.datetime(1404, 4, 12, 10, 14, 41)): 'دانشجوی محترم\n\n\n\nبا سلام\n\n\n\nدرخواست شما بدون پیوست می باشد لطفا درخواست آزمون مجدد امضاشده خود یا فرم تکمیل شده مربوطه را پیوست نموده و مجددا ایمیل نمایید\n\n\n\nسپاسگزارم'}",6 days 21:46:58,6 days 21:46:58,False
file_16_384.txt,اطلاعات را در لینک مربوطه تکمیل کردم( برگزاری امتحانات عمومی در تابستان),313195862910487,نگار معتمدی زاده,313195862.0,403679855.0,کارشناسی پیوسته_پرستاری_یزد_4031,"{('request_details', jdatetime.datetime(1404, 4, 5, 12, 27, 43)): '', ('request_details', jdatetime.datetime(1404, 4, 12, 10, 14, 41)): 'دانشجوی محترم\n\n\n\nبا سلام\n\n\n\nدرخواست شما بدون پیوست می باشد لطفا درخواست آزمون مجدد امضاشده خود یا فرم تکمیل شده مربوطه را پیوست نموده و مجددا ایمیل نمایید\n\n\n\nسپاسگزارم'}",6 days 21:46:58,6 days 21:46:58,False
file_16_804.txt,درخواست اینترنت دانشجویی,313195862248897,نگار معتمدی زاده,313195862.0,403679855.0,کارشناسی پیوسته_پرستاری_یزد_4031,"{('request_details', jdatetime.datetime(1404, 3, 10, 8, 4, 33)): '', ('request_details', jdatetime.datetime(1404, 3, 11, 11, 51, 33)): 'جناب روح پرور\n\nبا سلام\n\nلطفا در صورت انجام کار اطلاع داده شود تا درخواست دانشجو بسته شود\n\nبا تشکر', ('request_details', jdatetime.datetime(1404, 3, 20, 11, 53, 36)): 'با سلام\n\nاشتراک اینترنت فعال شد\n\nنام کاربری: شماره دانشجویی\n\nرمز عبور: کد ملی'}",1 days 03:47:00,10 days 03:49:03,False
