﻿file_name,subject,refrence_code,student_name,national_id,student_id,major,message,latency,duration,is_null
file_16_191.txt,درخواست امتحان مجدد,372559506798262,ماهان عابدی,372559506.0,403679948.0,کارشناسی پیوسته_پرستاری_یزد_4031,"{('request_details', jdatetime.datetime(1404, 4, 6, 1, 24, 4)): 'درخواست امتحان مجدد برای درس اندیشه اسلامی 1 (مبدا و معاد)', ('request_details', jdatetime.datetime(1404, 4, 18, 9, 57, 8)): 'دانشجوی محترم\n\n\n\nبا سلام \n\n\n\nدرخواست شما جهت امتحان مجدد دروس پیوست به آقای دست افشان ارسال گردید \n\n\n\nضمنا درخصوص زمان برگزاری ازمون متعاقبا از طریق کانال های رسمی دانشگاه ازاد اسلامی استان یزد در پلتفرم های ایتا و تلگرام اعلام می گردد.\n\n\n\nبا تشکر'}",12 days 08:33:04,12 days 08:33:04,False
file_16_192.txt,درخواست امتحان مجدد,372559506669536,ماهان عابدی,372559506.0,403679948.0,کارشناسی پیوسته_پرستاری_یزد_4031,"{('request_details', jdatetime.datetime(1404, 4, 6, 1, 25, 42)): 'درخواست امتحان مجدد زبان پیش دانشگاهی 1', ('request_details', jdatetime.datetime(1404, 4, 18, 9, 56, 51)): 'دانشجوی محترم\n\n\n\nبا سلام \n\n\n\nدرخواست شما جهت امتحان مجدد دروس پیوست به آقای دست افشان ارسال گردید \n\n\n\nضمنا درخصوص زمان برگزاری ازمون متعاقبا از طریق کانال های رسمی دانشگاه ازاد اسلامی استان یزد در پلتفرم های ایتا و تلگرام اعلام می گردد.\n\n\n\nبا تشکر'}",12 days 08:31:09,12 days 08:31:09,False
file_16_193.txt,درخواست امتحان مجدد,372559506705428,ماهان عابدی,372559506.0,403679948.0,کارشناسی پیوسته_پرستاری_یزد_4031,"{('request_details', jdatetime.datetime(1404, 4, 6, 1, 27, 28)): 'درخواست امتحان مجدد درس علوم و معارف دفاع مقدس و مقاومت', ('request_details', jdatetime.datetime(1404, 4, 18, 9, 56, 21)): 'دانشجوی محترم\n\n\n\nبا سلام \n\n\n\nدرخواست شما جهت امتحان مجدد دروس پیوست به آقای دست افشان ارسال گردید \n\n\n\nضمنا درخصوص زمان برگزاری ازمون متعاقبا از طریق کانال های رسمی دانشگاه ازاد اسلامی استان یزد در پلتفرم های ایتا و تلگرام اعلام می گردد.\n\n\n\nبا تشکر'}",12 days 08:28:53,12 days 08:28:53,False
file_16_194.txt,درخواست امتحان مجدد,372559506947042,ماهان عابدی,372559506.0,403679948.0,کارشناسی پیوسته_پرستاری_یزد_4031,"{('request_details', jdatetime.datetime(1404, 4, 6, 1, 29, 25)): 'درخواست امتحان مجدد برای درس ادبیات فارسی', ('request_details', jdatetime.datetime(1404, 4, 18, 9, 55, 59)): 'دانشجوی محترم\n\n\n\nبا سلام \n\n\n\nدرخواست شما جهت امتحان مجدد دروس پیوست به آقای دست افشان ارسال گردید \n\n\n\nضمنا درخصوص زمان برگزاری ازمون متعاقبا از طریق کانال های رسمی دانشگاه ازاد اسلامی استان یزد در پلتفرم های ایتا و تلگرام اعلام می گردد.\n\n\n\nبا تشکر'}",12 days 08:26:34,12 days 08:26:34,False
