﻿file_name,subject,refrence_code,student_name,national_id,student_id,major,message,latency,duration,is_null
file_20_35.txt,درخواست انتخاب واحد ترم تابستان ۱۴۰۴,30605914072672,zahra salehi,3060591407.0,40210540106026.0,کارشناسی پیوسته_مهندسی پزشکی_یزد_4021,"{('request_details', jdatetime.datetime(1404, 4, 7, 9, 2, 15)): 'درخواست انتخاب واحد ترم تابستان ۱۴۰۴', ('request_details', jdatetime.datetime(1404, 4, 8, 11, 7, 38)): 'سلام لطفا به سامانه آموزشیار برای انتخاب واحد اقدام فرمایید'}",1 days 02:05:23,1 days 02:05:23,False
file_20_70.txt,درخواست برگزاری امتحان مجدد ویژه دانشجویان غیر پزشکی و پزشکی غیر بومی,3060591407894046,zahra salehi,3060591407.0,40210540106026.0,کارشناسی پیوسته_مهندسی پزشکی_یزد_4021,"{('request_details', jdatetime.datetime(1404, 3, 27, 10, 28, 19)): 'درخواست برگزاری امتحان مجدد ویژه دانشجویان غیر پزشکی و پزشکی غیر بومی', ('request_details', jdatetime.datetime(1404, 3, 29, 10, 16, 28)): 'اطلاع رسانی شده است مراحل تکمیل فرمها را انجام دهید و اسکرین شات را ارسال نمایید'}",1 days 23:48:09,1 days 23:48:09,False
file_20_71.txt,فعالسازی رمز عبور,3060591407265647,zahra salehi,3060591407.0,40210540106026.0,کارشناسی پیوسته_مهندسی پزشکی_یزد_4021,"{('request_details', jdatetime.datetime(1404, 3, 27, 9, 28, 40)): 'با سلام و احترام\n\nخواهشمند است رمز عبور مرا فعال نمایید.\n\nمتشکرم.', ('request_details', jdatetime.datetime(1404, 3, 29, 10, 14, 32)): ''}",2 days 00:45:52,2 days 00:45:52,True
file_20_74.txt,ارائه تحقیق درس زیست سلولی و مولکولی,3060591407426732,zahra salehi,3060591407.0,40210540106026.0,کارشناسی پیوسته_مهندسی پزشکی_یزد_4021,"{('request_details', jdatetime.datetime(1404, 3, 28, 8, 26, 20)): 'ارائه تحقیق درس زیست سلولی و مولوکی', ('request_details', jdatetime.datetime(1404, 3, 29, 10, 11, 18)): 'با مدیر گروه خود در ارتباط باشید'}",1 days 01:44:58,1 days 01:44:58,False
