﻿file_name,subject,refrence_code,student_name,national_id,student_id,major,message,latency,duration,is_null
file_16_485.txt,درخواست آزمون مجدددروس عمومی,3020579600878079,Sajede Hidari,3020579600.0,40110510119009.0,کارشناسی پیوسته_تکنولوژی اتاق عمل_یزد_4011,"{('request_details', jdatetime.datetime(1404, 4, 5, 10, 2, 54)): 'بسمی تعالی\nاینجاب ساجده حیدری دلفارد دانشجو مقطع کارشناسی تکنولوژی اتاق عمل باشماره دانشجویی40110510119009 باتوجه به ممنوعیت اخذ امتحانات دروس عمومی دانشکده علوم پزشکی در شرایط جنگی گذشته خواهشمندم با اخذ مجدد امتحان پایانی دروس( انقلاب اسلامی و تاریخ تحلیلی صدر اسلام)در شهریور ماه موافقت فرمایید.\nباتشکر.', ('request_details', jdatetime.datetime(1404, 4, 12, 7, 53, 52)): 'دانشجوی محترم\n\n\n\nبا سلام\n\n\n\nدرخواست شما بدون پیوست می باشد لطفا درخواست آزمون مجدد امضاشده خود یا فرم تکمیل شده مربوطه را پیوست نموده و مجددا ایمیل نمایید\n\n\n\nسپاسگزارم'}",6 days 21:50:58,6 days 21:50:58,False
file_16_492.txt,درخواست امتحانات عمومی کنسل شده دانشجویان دانشکده پزشکی,302057960049229,Sajede Hidari,3020579600.0,40110510119009.0,کارشناسی پیوسته_تکنولوژی اتاق عمل_یزد_4011,"{('request_details', jdatetime.datetime(1404, 4, 10, 7, 2, 28)): 'بسمی تعالی\nاینجاب ساجده حیدری دلفارد دانشجو مقطع کارشناسی تکنولوژی اتاق عمل باشماره دانشجویی40110510119009 باتوجه به ممنوعیت اخذ امتحانات دروس عمومی دانشکده علوم پزشکی در شرایط جنگی گذشته خواهشمندم با اخذ مجدد امتحان پایانی دروس( انقلاب اسلامی و تاریخ تحلیلی صدر اسلام)در شهریور ماه موافقت فرمایید.\nباتشکر.', ('request_details', jdatetime.datetime(1404, 4, 12, 7, 43, 18)): 'دانشجوی محترم\n\nبا سلام \n\nدرخواست شما جهت امتحان مجدد دروس پیوست به دفتر معاونت آموزشی ارسال گردید \n\nضمنا درخصوص زمان برگزاری ازمون متعاقبا از طریق کانال های رسمی دانشگاه ازاد اسلامی استان یزد در پلتفرم های ایتا و تلگرام اعلام می گردد.\n\nبا تشکر'}",2 days 00:40:50,2 days 00:40:50,False
file_16_520.txt,درخواست ازمون مجدد دروس عمومی,3020579600577332,Sajede Hidari,3020579600.0,40110510119009.0,کارشناسی پیوسته_تکنولوژی اتاق عمل_یزد_4011,"{('request_details', jdatetime.datetime(1404, 4, 6, 3, 46, 43)): '-بسمی تعالی\nاینجاب ساجده حیدری دلفارد دانشجو مقطع کارشناسی تکنولوژی اتاق عمل باشماره دانشجویی40110510119009 باتوجه به ممنوعیت اخذ امتحانات دروس عمومی دانشکده علوم پزشکی در شرایط جنگی گذشته خواهشمندم با اخذ مجدد امتحان پایانی دروس( انقلاب اسلامی و تاریخ تحلیلی صدر اسلام)در شهریور ماه موافقت فرمایید.\nباتشکر-----------------------------------------------------------------------------', ('request_details', jdatetime.datetime(1404, 4, 10, 10, 6, 12)): 'دانشجوی محترم\n\n\n\nبا سلام \n\n\n\nدرخواست شما جهت امتحان مجدد درس تاریخ تحلیلی و  انقلاب اسلامی ایران به دفتر معاونت آموزشی ارسال گردید \n\n\n\nضمنا درخصوص زمان برگزاری ازمون متعاقبا از طریق کانال های رسمی دانشگاه ازاد اسلامی استان یزد در پلتفرم های ایتا و تلگرام اعلام می گردد.\n\n\n\nبا تشکر'}",4 days 06:19:29,4 days 06:19:29,False
file_16_688.txt,درخواست برگذاری آموزن عمومی مجدد,3020579600540622,Sajede Hidari,3020579600.0,40110510119009.0,کارشناسی پیوسته_تکنولوژی اتاق عمل_یزد_4011,"{('request_details', jdatetime.datetime(1404, 4, 4, 8, 9, 45)): 'بسمی تعالی\nاینجاب ساجده حیدری دلفارد دانشجو مقطع کارشناسی تکنولوژی اتاق عمل باشماره دانشجویی40110510119009 باتوجه به ممنوعیت اخذ امتحانات دروس عمومی دانشکده علوم پزشکی در شرایط جنگی گذشته خواهشمندم با اخذ مجدد امتحان پایانی دروس( انقلاب اسلامی و تاریخ تحلیلی صدر اسلام)در شهریور ماه موافقت فرمایید.\nباتشکر.\nباتشکر.', ('request_details', jdatetime.datetime(1404, 4, 5, 10, 51, 33)): 'دانشجوی محترم\n\n\n\nبا سلام\n\n\n\nدرخواست شما بدون پیوست می باشد لطفا درخواست آزمون مجدد امضاشده خود یا فرم تکمیل شده مربوطه را پیوست نموده و مجددا ایمیل نمایید\n\n\n\nسپاسگزارم'}",1 days 02:41:48,1 days 02:41:48,False
