﻿file_name,subject,refrence_code,student_name,national_id,student_id,major,message,latency,duration,is_null
file_18_84.txt,درخواست برگزاری امتحان مجدد,3140240791671616,Viana Abasian Barfe,3140240791.0,403566226.0,کارشناسی پیوسته_روان شناسی_یزد_4031,"{('request_details', jdatetime.datetime(1404, 3, 28, 12, 33, 46)): 'با سلام و احترام\nبه دلیل وجود شرایط غیرقابل\u200c پیشبینی ایجاد شده در خصوص راه\u200cها و وسایل\u200c نقلیه و همچنین امنیت، دوری از محل سکونت، نگرانی و بی\u200cخبری از خانواده و ایجاد شدن فضای استرس\u200cزا و دلهره\u200cآور و تمرکز بسیار پایین به دلیل دوری از پدر و مادر؛ درخواست داریم بنا به گفته ی جناب دکتر دهقان اشکذری و اطلاعیه دانشگاه ازاد اسلامی یزد در خصوص دانشجویان غیربومی، امتحان مجددی برای درس جناب اقای حسین میرحسینی ""روانشناسی تحولی(۱)"" در زمانی که دانشگاه اعلام میکند در نظر گرفته و برگزار شود. کاربرگ ثبت شده است، علاوه بر آن فایل این کاربرگ با همین درخواست نامه ارسال شده است.\nبا تشکر فراوان', ('request_details', jdatetime.datetime(1404, 3, 29, 9, 44, 31)): '«درخواست شما دریافت شد، اطلاع رسانی های بعدی متعاقبا از طریق کانال های رسمی دانشگاه ازاد اسلامی استان یزد در پلتفرم های ایتا و تلگرام اعلام می گردد.»'}",0 days 21:10:45,0 days 21:10:45,False
file_18_85.txt,درخواست برگزاری امتحان مجدد,3140240791951706,ویانا عباسیان برفه,3140240791.0,403566226.0,کارشناسی پیوسته_روان شناسی_یزد_4031,"{('request_details', jdatetime.datetime(1404, 3, 28, 12, 45, 48)): 'با سلام و احترام\nبه دلیل وجود شرایط غیرقابل\u200c پیشبینی ایجاد شده در خصوص راه\u200cها و وسایل\u200c نقلیه و همچنین امنیت، دوری از محل سکونت، نگرانی و بی\u200cخبری از خانواده و ایجاد شدن فضای استرس\u200cزا و دلهره\u200cآور و تمرکز بسیار پایین به دلیل دوری از پدر و مادر؛ درخواست داریم بنا به گفته ی جناب دکتر دهقان اشکذری و اطلاعیه دانشگاه ازاد اسلامی یزد در خصوص دانشجویان غیربومی، امتحان مجددی برای درس جناب اقای هادی حیدری نیا نائینی ""فارسی عمومی"" در زمانی که دانشگاه اعلام میکند در نظر گرفته و برگزار شود. کاربرگ ثبت شده است، علاوه بر آن فایل این کاربرگ با همین درخواست نامه ارسال شده است.\nبا تشکر فراوان', ('request_details', jdatetime.datetime(1404, 3, 29, 9, 43, 15)): '«درخواست شما دریافت شد، اطلاع رسانی های بعدی متعاقبا از طریق کانال های رسمی دانشگاه ازاد اسلامی استان یزد در پلتفرم های ایتا و تلگرام اعلام می گردد.»'}",0 days 20:57:27,0 days 20:57:27,False
file_18_90.txt,درخواست برگزاری امتحان مجدد,3140240791848311,ویانا عباسیان برفه,3140240791.0,403566226.0,کارشناسی پیوسته_روان شناسی_یزد_4031,"{('request_details', jdatetime.datetime(1404, 3, 27, 11, 1, 31)): 'با سلام و احترام\nبه دلیل وجود شرایط غیرقابل\u200c پیشبینی ایجاد شده در خصوص راه\u200cها و وسایل\u200c نقلیه و همچنین امنیت، دوری از محل سکونت، نگرانی و بی\u200cخبری از خانواده و ایجاد شدن فضای استرس\u200cزا و دلهره\u200cآور و تمرکز بسیار پایین به دلیل دوری از پدر و مادر؛ درخواست داریم بنا به گفته ی جناب دکتر دهقان اشکذری و اطلاعیه دانشگاه ازاد اسلامی یزد در خصوص دانشجویان غیربومی، امتحان مجددی برای درس جناب اقای محمد صالح نشان ""راهنمایی و مشاوره تحصیلی و شغلی"" در زمانی که دانشگاه اعلام میکند در نظر گرفته و برگزار شود. کاربرگ ثبت شده است، علاوه بر آن فایل این کاربرگ با همین درخواست نامه ارسال شده است.\nبا تشکر فراوان', ('request_details', jdatetime.datetime(1404, 3, 28, 8, 1, 43)): '«درخواست شما دریافت شد، اطلاع رسانی های بعدی متعاقبا از طریق کانال های رسمی دانشگاه ازاد اسلامی استان یزد در پلتفرم های ایتا و تلگرام اعلام می گردد.»'}",0 days 21:00:12,0 days 21:00:12,False
file_18_93.txt,درخواست برگزاری امتحان مجدد,3140240791442452,ویانا عباسیان برفه,3140240791.0,403566226.0,کارشناسی پیوسته_روان شناسی_یزد_4031,"{('request_details', jdatetime.datetime(1404, 3, 27, 9, 31, 40)): 'با سلام و احترام\nبه دلیل وجود شرایط غیرقابل\u200c پیشبینی ایجاد شده در خصوص راه\u200cها و وسایل\u200c نقلیه و همچنین امنیت، دوری از محل سکونت، نگرانی و بی\u200cخبری از خانواده و ایجاد شدن فضای استرس\u200cزا و دلهره\u200cآور و تمرکز بسیار پایین به دلیل دوری از پدر و مادر؛ درخواست داریم بنا به گفته ی جناب دکتر دهقان اشکذری و اطلاعیه دانشگاه ازاد اسلامی یزد در خصوص دانشجویان غیربومی، امتحان مجددی برای درس جناب اقای هادی حیدری نیا نائینی درس ""فارسی"" در زمانی که دانشگاه اعلام میکند در نظر گرفته و برگزار شود. کاربرگ ثبت شده است، علاوه بر آن فایل این کاربرگ با همین درخواست نامه ارسال شده است.\nبا تشکر فراوان', ('request_details', jdatetime.datetime(1404, 3, 28, 7, 47, 27)): '«درخواست شما دریافت شد، یکی از فرمهای تکمیلی پیوست ناقص است لطفا مجددا ارسال فرمایید.', ('request_details', jdatetime.datetime(1404, 3, 28, 7, 52, 10)): ''}",0 days 22:15:47,0 days 22:20:30,False
file_18_94.txt,درخواست برگزاری امتحان مجدد,3140240791441263,ویانا عباسیان برفه,3140240791.0,403566226.0,کارشناسی پیوسته_روان شناسی_یزد_4031,"{('request_details', jdatetime.datetime(1404, 3, 27, 9, 36, 36)): 'با سلام و احترام\nبه دلیل وجود شرایط غیرقابل\u200c پیشبینی ایجاد شده در خصوص راه\u200cها و وسایل\u200c نقلیه و همچنین امنیت، دوری از محل سکونت، نگرانی و بی\u200cخبری از خانواده و ایجاد شدن فضای استرس\u200cزا و دلهره\u200cآور و تمرکز بسیار پایین به دلیل دوری از پدر و مادر؛ درخواست داریم بنا به گفته ی جناب دکتر دهقان اشکذری و اطلاعیه دانشگاه ازاد اسلامی یزد در خصوص دانشجویان غیربومی، امتحان مجددی برای درس سرکار خانم فاطمه السادات حسینی ""آمار استنباطی"" در زمانی که دانشگاه اعلام میکند در نظر گرفته و برگزار شود. کاربرگ ثبت شده است، علاوه بر آن فایل این کاربرگ با همین درخواست نامه ارسال شده است.\nبا تشکر فراوان', ('request_details', jdatetime.datetime(1404, 3, 28, 7, 49, 34)): '«درخواست شما دریافت شد، اطلاع رسانی های بعدی متعاقبا از طریق کانال های رسمی دانشگاه ازاد اسلامی استان یزد در پلتفرم های ایتا و تلگرام اعلام می گردد.»'}",0 days 22:12:58,0 days 22:12:58,False
