﻿file_name,subject,refrence_code,student_name,national_id,student_id,major,message,latency,duration,is_null
file_20_7.txt,درخواست اصلاح کاربری سامانه سامد,441324185543863,Amirsalar Zargary,441324185.0,40210530507076.0,کارشناسی پیوسته_میکروبیولوژی_یزد_4021,"{('request_details', jdatetime.datetime(1404, 3, 4, 9, 29, 57)): 'رمز سامانه سامد تغیر یابد به اطلاع می\u200cرساند با توجه به تعطیلات دانشگاه آزاد اسلامی تا تاریخ ۲۵ مرداد ۱۴۰۴، در حال حاضر امکان بررسی و پیگیری درخواست شما وجود ندارد. لطفاً پس از تاریخ مذکور، مجدداً درخواست خود را ثبت نمایید.', ('request_details', jdatetime.datetime(1404, 5, 11, 9, 7, 10)): ''}",68 days 23:37:13,68 days 23:37:13,True
file_20_39.txt,درخواست اصلاح کاربری سامانه سامد,441324185651893,Amirsalar Zargary,441324185.0,40210530507076.0,کارشناسی پیوسته_میکروبیولوژی_یزد_4021,"{('request_details', jdatetime.datetime(1404, 4, 3, 2, 18, 20)): '', ('request_details', jdatetime.datetime(1404, 4, 5, 12, 5, 11)): ''}",2 days 09:46:51,2 days 09:46:51,True
file_20_42.txt,درخواست تغییر رمز و مشکل در ورود به آموزشیار,441324185974672,Amirsalar Zargary,441324185.0,40210530507076.0,کارشناسی پیوسته_میکروبیولوژی_یزد_4021,"{('request_details', jdatetime.datetime(1404, 3, 9, 11, 8, 55)): '', ('request_details', jdatetime.datetime(1404, 4, 5, 11, 59, 28)): ''}",27 days 00:50:33,27 days 00:50:33,True
file_20_103.txt,درخواست کارآموزی، کارورزی، طرح پویش,44132418583651,Amirsalar Zargary,441324185.0,,کارشناسی پیوسته_میکروبیولوژی_یزد_4021,"{('request_details', jdatetime.datetime(1404, 2, 25, 9, 4, 3)): '', ('request_details', jdatetime.datetime(1404, 2, 28, 1, 9, 8)): 'مراجعه به کارشناس گروه'}",2 days 16:05:05,2 days 16:05:05,False
file_20_104.txt,درخواست کارآموزی، کارورزی، طرح پویش,44132418552098,Amirsalar Zargary,441324185.0,,کارشناسی پیوسته_میکروبیولوژی_یزد_4021,"{('request_details', jdatetime.datetime(1404, 2, 25, 9, 1, 51)): '', ('request_details', jdatetime.datetime(1404, 2, 28, 1, 8, 28)): 'مراجعه به کارشناس گروه صمیمی'}",2 days 16:06:37,2 days 16:06:37,False
