﻿file_name,subject,refrence_code,student_name,national_id,student_id,major,message,latency,duration,is_null
file_16_78.txt,روز و تاریخ و ساعت دفاع,2550168917625451,Fatemeh Farzanfar,2550168917.0,10539700589.0,دکتری عمومی_پزشکی_یزد_3971,"{('request_details', jdatetime.datetime(1404, 5, 3, 8, 14, 9)): 'سلام و عرض ادب \n\nفرزانفر هستم .\n\nروز و تاریخ و ساعت دفاع را میخواستم به من اعلام فرمایید .', ('request_details', jdatetime.datetime(1404, 5, 5, 9, 58, 26)): 'سرکار خانم جعفری\n\n\n\nبا سلام\n\n\n\nلطفا در صورت امکان روند  انجام کار اطلاع داده شود تا دانشجو در جریان کار قرار بگیرد\n\n\n\nبا تشکر'}",2 days 01:44:17,2 days 01:44:17,False
file_16_90.txt,تاریخ و ساعت روز دفاع,2550168917312935,Fatemeh Farzanfar,2550168917.0,10539700589.0,دکتری عمومی_پزشکی_یزد_3971,"{('request_details', jdatetime.datetime(1404, 4, 31, 11, 57, 58)): 'سلام و عرض ادب \nفرزانفر هستم \nتقاضای اعلام تاریخ و ساعت روز دفاع را داشتم .\nبا تشکر', ('request_details', jdatetime.datetime(1404, 5, 5, 9, 49, 16)): 'سرکار خانم جعفری\n\n\n\nبا سلام\n\n\n\nلطفا در صورت امکان روند  انجام کار اطلاع داده شود تا دانشجو در جریان کار قرار بگیرد\n\n\n\nبا تشکر'}",4 days 21:51:18,4 days 21:51:18,False
file_16_123.txt,درخواست انتقال به مرحله بعد,2550168917467101,Fatemeh Farzanfar,2550168917.0,10539700589.0,دکتری عمومی_پزشکی_یزد_3971,"{('request_details', jdatetime.datetime(1404, 4, 26, 11, 40, 28)): 'سلام و عرض ادب \n\nفرم درخواست دفاع با امضای کامل تحویل داده شد \n\nایمیل به تمام اساتید ارسال گردید \n\nعکس ایمیل ها و پایان نامه و فرم درخواست دفاع در سامانه اپلود گردید \n\nبا اساتید راهنما و مشاور و داور هماهنگی به عمل امد \n\nدرخواست انتقال به مرحله بعد', ('request_details', jdatetime.datetime(1404, 4, 29, 8, 13, 51)): 'سرکار خانم جعفری\n\n\n\nبا سلام\n\n\n\nلطفا در صورت انجام کار اطلاع داده شود تا درخواست دانشجو بسته شود\n\n\n\nبا تشکر'}",2 days 20:33:23,2 days 20:33:23,False
file_16_151.txt,درخواست انتقال به مرحله بعد پایان نامه,2550168917117774,Fatemeh Farzanfar,2550168917.0,10539700589.0,دکتری عمومی_پزشکی_یزد_3971,"{('request_details', jdatetime.datetime(1404, 4, 9, 12, 39, 29)): 'سلام و عرض و ادب و احترام \nپایان نامه تحویل داده شد \nفرم امضا شده درخواست دفاع تحویل داده شد\nدرخواست انتقال به مرحله ی بعد \nدرخواست مشاهبت یابی \nدرخواست انتقال به مرحله ۷', ('request_details', jdatetime.datetime(1404, 4, 12, 10, 28, 41)): 'سرکار خانم جعفری\n\n\n\nبا سلام\n\n\n\nلطفا در صورت انجام کار اطلاع داده شود تا درخواست دانشجو بسته شود\n\n\n\nبا تشکر', ('main_message', jdatetime.datetime(1404, 4, 12, 10, 28, 48)): ""از: 'دکتری - sf-105-10101-6-3971@iau.ir '\n\nبه: 'Fatemeh - 2550168917@iau.ir دانشکده - 336774@iau.ir '\n\nموضوع: 'درخواست انتقال به مرحله بعد پایان نامه'\n\nسرکار خانم جعفری\n\n\n\nبا سلام\n\n\n\nلطفا در صورت انجام کار اطلاع داده شود تا درخواست دانشجو بسته شود\n\n\n\nبا تشکر"", ('main_message', jdatetime.datetime(1404, 4, 16, 10, 26, 57)): ""از: '336774 - 336774@iau.ir '\n\nبه: 'دکتری - sf-105-10101-6-3971@iau.ir '\n\nموضوع: 'پاسخ: درخواست انتقال به مرحله بعد پایان نامه'\n\nبا سلام\n\nانجام شد"", ('request_details', jdatetime.datetime(1404, 4, 19, 10, 41, 29)): 'با سلام\n\nانجام ش'}",2 days 21:49:12,9 days 22:02:00,False
