﻿file_name,subject,refrence_code,student_name,national_id,student_id,major,message,latency,duration,is_null
file_15_109.txt,درخواست برگزاری امتحان مجدد ویژه دانشجویان غیر پزشکی,2500634787981369,mahshid shamohammadi,2500634787.0,403297455.0,کارشناسی پیوسته_زیست فناوری_یزد_4031,"{('request_details', jdatetime.datetime(1404, 3, 27, 11, 49, 23)): 'درخواست برگزاری مجدد آزمون تفسیر موضوعی قرآن را دارم', ('request_details', jdatetime.datetime(1404, 3, 28, 9, 25, 55)): '«دانشجوی گرامی\n\nدرخواست شما دریافت شد، اطلاع رسانی های بعدی متعاقبا از طریق کانال های رسمی دانشگاه آزاد اسلامی استان یزد در پلتفرم های ایتا و تلگرام اعلام می گردد.»'}",0 days 21:36:32,0 days 21:36:32,False
file_15_110.txt,درخواست برگزاری امتحان مجدد ویژه دانشجویان غیر پزشکی,2500634787835651,mahshid shamohammadi,2500634787.0,403297455.0,کارشناسی پیوسته_زیست فناوری_یزد_4031,"{('request_details', jdatetime.datetime(1404, 3, 27, 11, 50, 42)): 'درخواست برگزاری مجدد آزمون دفاع مقدس را دارم', ('request_details', jdatetime.datetime(1404, 3, 28, 9, 25, 9)): '«دانشجوی گرامی\n\nدرخواست شما دریافت شد، اطلاع رسانی های بعدی متعاقبا از طریق کانال های رسمی دانشگاه آزاد اسلامی استان یزد در پلتفرم های ایتا و تلگرام اعلام می گردد.»'}",0 days 21:34:27,0 days 21:34:27,False
file_15_111.txt,درخواست برگزاری امتحان مجدد ویژه دانشجویان غیر پزشکی,2500634787224901,mahshid shamohammadi,2500634787.0,403297455.0,کارشناسی پیوسته_زیست فناوری_یزد_4031,"{('request_details', jdatetime.datetime(1404, 3, 27, 11, 52, 23)): 'درخواست برگزاری مجدد آزمون ریاضی عمومی (2) را دارم', ('request_details', jdatetime.datetime(1404, 3, 28, 9, 24, 21)): '«دانشجوی گرامی\n\nدرخواست شما دریافت شد، اطلاع رسانی های بعدی متعاقبا از طریق کانال های رسمی دانشگاه آزاد اسلامی استان یزد در پلتفرم های ایتا و تلگرام اعلام می گردد.»'}",0 days 21:31:58,0 days 21:31:58,False
file_15_112.txt,درخواست برگزاری امتحان مجدد ویژه دانشجویان غیر پزشکی,2500634787830869,mahshid shamohammadi,2500634787.0,403297455.0,کارشناسی پیوسته_زیست فناوری_یزد_4031,"{('request_details', jdatetime.datetime(1404, 3, 27, 11, 57, 54)): 'درخواست برگزاری مجدد آزمون شیمی آلی 1 را دارم', ('request_details', jdatetime.datetime(1404, 3, 28, 9, 23, 31)): '«دانشجوی گرامی\n\nدرخواست شما دریافت شد، اطلاع رسانی های بعدی متعاقبا از طریق کانال های رسمی دانشگاه آزاد اسلامی استان یزد در پلتفرم های ایتا و تلگرام اعلام می گردد.»'}",0 days 21:25:37,0 days 21:25:37,False
file_15_113.txt,درخواست برگزاری امتحان مجدد ویژه دانشجویان غیر پزشکی,2500634787957048,mahshid shamohammadi,2500634787.0,403297455.0,کارشناسی پیوسته_زیست فناوری_یزد_4031,"{('request_details', jdatetime.datetime(1404, 3, 27, 11, 46, 46)): 'درخواست برگزاری مجدد آزمون ایمنی زیستی را دارم', ('request_details', jdatetime.datetime(1404, 3, 28, 9, 22, 41)): '«دانشجوی گرامی\n\nدرخواست شما دریافت شد، اطلاع رسانی های بعدی متعاقبا از طریق کانال های رسمی دانشگاه آزاد اسلامی استان یزد در پلتفرم های ایتا و تلگرام اعلام می گردد.»'}",0 days 21:35:55,0 days 21:35:55,False
file_15_120.txt,درخواست برگزاری امتحان مجدد ویژه دانشجویان غیر پزشکی,2500634787851264,mahshid shamohammadi,2500634787.0,403297455.0,کارشناسی پیوسته_زیست فناوری_یزد_4031,"{('request_details', jdatetime.datetime(1404, 3, 27, 11, 55, 36)): 'درخواست برگزاری مجدد آزمون زبان انگلیسی عمومی - ترکیبی1 را دارم', ('request_details', jdatetime.datetime(1404, 3, 28, 8, 47, 19)): '«دانشجوی گرامی\n\nدرخواست شما دریافت شد، اطلاع رسانی های بعدی متعاقبا از طریق کانال های رسمی دانشگاه آزاد اسلامی استان یزد در پلتفرم های ایتا و تلگرام اعلام می گردد.»'}",0 days 20:51:43,0 days 20:51:43,False
