﻿file_name,subject,refrence_code,student_name,national_id,student_id,major,message,latency,duration,is_null
file_16_236.txt,درخواست شرکت در آزمون تابستان ,3100505751886560,Maedeh Mosazadeh,3100505751.0,40110510810007.0,کارشناسی پیوسته_هوشبری_یزد_4011,"{('request_details', jdatetime.datetime(1404, 4, 4, 3, 12, 30)): '------------------------------------------------------------------------------با سلام و احترام \nاینجانب مائده موسی زاده در خواست شرکت در آزمون تابستان درس اندیشه اسلامی 1 دارم.', ('request_details', jdatetime.datetime(1404, 4, 16, 10, 11, 50)): 'دانشجوی محترم\n\n\n\nبا سلام\n\n\n\nدرخواست شما بدون پیوست می باشد لطفا درخواست آزمون مجدد امضاشده خود یا فرم تکمیل شده مربوطه را پیوست نموده و مجددا ایمیل نمایید\n\n\n\nسپاسگزارم'}",12 days 06:59:20,12 days 06:59:20,False
file_16_238.txt,درخواست شرکت در آزمون تابستان ,3100505751873627,Maedeh Mosazadeh,3100505751.0,40110510810007.0,کارشناسی پیوسته_هوشبری_یزد_4011,"{('request_details', jdatetime.datetime(1404, 4, 4, 3, 14, 22)): '------------------------------------------------------------------------------با سلام و احترام \nاینجانب مائده موسی زاده در خواست شرکت در آزمون تابستان درس تاریخ فرهنگ تمدن دارم.', ('request_details', jdatetime.datetime(1404, 4, 16, 10, 11, 8)): 'دانشجوی محترم\n\n\n\nبا سلام\n\n\n\nدرخواست شما بدون پیوست می باشد لطفا درخواست آزمون مجدد امضاشده خود یا فرم تکمیل شده مربوطه را پیوست نموده و مجددا ایمیل نمایید\n\n\n\nسپاسگزارم'}",12 days 06:56:46,12 days 06:56:46,False
file_16_240.txt,درخواست شرکت در آزمون تابستان ,3100505751714836,Maedeh Mosazadeh,3100505751.0,40110510810007.0,کارشناسی پیوسته_هوشبری_یزد_4011,"{('request_details', jdatetime.datetime(1404, 4, 4, 3, 15, 52)): '------------------------------------------------------------------------------با سلام و احترام \nاینجانب مائده موسی زاده در خواست شرکت در آزمون تابستان درس اندیشه های امامین انقلاب و وصایای امام خمینی دارم.', ('request_details', jdatetime.datetime(1404, 4, 16, 10, 8, 42)): 'دانشجوی محترم\n\n\n\nبا سلام\n\n\n\nدرخواست شما بدون پیوست می باشد لطفا درخواست آزمون مجدد امضاشده خود یا فرم تکمیل شده مربوطه را پیوست نموده و مجددا ایمیل نمایید\n\n\n\nسپاسگزارم'}",12 days 06:52:50,12 days 06:52:50,False
file_16_253.txt,درخواست شرکت در آزمون تابستان1404,3100505751826167,Maedeh Mosazadeh,3100505751.0,40110510810007.0,کارشناسی پیوسته_هوشبری_یزد_4011,"{('request_details', jdatetime.datetime(1404, 4, 5, 7, 3, 27)): '------------------------------------------------------------------------------با سلام و احترام \nدرخواست شرکت در آزمون تابستان درس اندیشه اسلامی 1 استاد عبدالحسینی دارم. به کد رهگیری 1778552501082330', ('request_details', jdatetime.datetime(1404, 4, 16, 9, 35, 42)): 'دانشجوی محترم\n\n\n\n\n\n\n\n\n\n\n\nبا سلام \n\n\n\n\n\n\n\n\n\n\n\nدرخواست شما جهت امتحان مجدد دروس به آقای دست افشان ارسال گردید لطفا درخواست آزمون مجدد امضاشده خود یا فرم تکمیل شده مربوطه را پیوست نموده و مجددا پیوست نمایید\n\n\n\n\n\n\n\n\n\n\n\nضمنا درخصوص زمان برگزاری ازمون متعاقبا از طریق کانال های رسمی دانشگاه ازاد اسلامی استان یزد در پلتفرم های ایتا و تلگرام اعلام می گردد.\n\n\n\n\n\n\n\n\n\n\n\nبا تشکر'}",11 days 02:32:15,11 days 02:32:15,False
file_16_254.txt,درخواست شرکت در آزمون تابستان 1404,3100505751882726,Maedeh Mosazadeh,3100505751.0,40110510810007.0,کارشناسی پیوسته_هوشبری_یزد_4011,"{('request_details', jdatetime.datetime(1404, 4, 5, 7, 8, 50)): '------------------------------------------------------------------------------با سلام احترام \nاینجانب مائده موسی زاده در خواست شرکت در آزمون تابستان درس اندیشه های امامین انقلاب و وصایای امام خمینی خانم زهره نیکو نژاد دارم.\nبا کد رهگیری 1778604082266453', ('request_details', jdatetime.datetime(1404, 4, 16, 9, 33, 1)): 'دانشجوی محترم\n\n\n\nبا سلام \n\n\n\nدرخواست شما جهت امتحان مجدد دروس پیوست به آقای دست افشان ارسال گردید لطفا درخواست آزمون مجدد امضاشده خود یا فرم تکمیل شده مربوطه را پیوست نموده و مجددا ایمیل نمایید\n\n\n\nضمنا درخصوص زمان برگزاری ازمون متعاقبا از طریق کانال های رسمی دانشگاه ازاد اسلامی استان یزد در پلتفرم های ایتا و تلگرام اعلام می گردد.\n\n\n\nبا تشکر'}",11 days 02:24:11,11 days 02:24:11,False
file_16_256.txt,درخواست شرکت در آزمون تابستان 1404,3100505751230306,Maedeh Mosazadeh,3100505751.0,40110510810007.0,کارشناسی پیوسته_هوشبری_یزد_4011,"{('request_details', jdatetime.datetime(1404, 4, 5, 7, 12, 4)): '------------------------------------------------------------------------------با سلام و احترام \nاینجانب مائده موسی زاده در خواست شرکت در آزمون تابستان درس تاریخ فرهنگ تمدن استاد محمودی دارم .\nکد رهگیری درس 177866831033644', ('request_details', jdatetime.datetime(1404, 4, 16, 9, 31, 24)): 'دانشجوی محترم\n\n\n\nبا سلام \n\n\n\nدرخواست شما جهت امتحان مجدد دروس  به آقای دست افشان ارسال گردید  لطفا درخواست آزمون مجدد امضاشده خود یا فرم تکمیل شده مربوطه را پیوست نموده و مجددا ایمیل نمایید\n\n\n\nضمنا درخصوص زمان برگزاری ازمون متعاقبا از طریق کانال های رسمی دانشگاه ازاد اسلامی استان یزد در پلتفرم های ایتا و تلگرام اعلام می گردد.\n\n\n\nبا تشکر'}",11 days 02:19:20,11 days 02:19:20,False
