﻿file_name,subject,refrence_code,student_name,national_id,student_id,major,message,latency,duration,is_null
file_8_46.txt,درخواست تعویق امتحانات ترم برای دانشجویان غیر بومی,3243183359665275,محمدفاضل نادری فر,3243183359.0,403862569.0,کارشناسی پیوسته_مهندسی معماری_یزد_4032,"{('request_details', jdatetime.datetime(1404, 3, 27, 9, 36, 51)): '------------------------------------------------------------------------------ درخواست برای امتحانات در تاریخ ۲۹ ام و ۳۰ ام درس تفسیر موضوعی و ادبیات فارسی', ('request_details', jdatetime.datetime(1404, 3, 29, 10, 7, 44)): '', ('request_details', jdatetime.datetime(1404, 3, 31, 9, 21, 13)): ''}",2 days 00:30:53,3 days 23:44:22,True
file_8_47.txt,درخواست تعویق امتحانات ترم برای دانشجویان غیر بومی,3243183359665275,محمدفاضل نادری فر,3243183359.0,403862569.0,کارشناسی پیوسته_مهندسی معماری_یزد_4032,"{('request_details', jdatetime.datetime(1404, 3, 27, 9, 36, 51)): '------------------------------------------------------------------------------ درخواست برای امتحانات در تاریخ ۲۹ ام و ۳۰ ام درس تفسیر موضوعی و ادبیات فارسی', ('request_details', jdatetime.datetime(1404, 3, 29, 10, 9, 16)): '', ('request_details', jdatetime.datetime(1404, 3, 31, 9, 17, 46)): ''}",2 days 00:32:25,3 days 23:40:55,True
file_8_50.txt,تخفیف شهریه فرزند هیات علمی,3243183359556769,محمدفاضل نادری فر,3243183359.0,403862569.0,کارشناسی پیوسته_مهندسی معماری_یزد_4032,"{('request_details', jdatetime.datetime(1404, 3, 21, 1, 15, 13)): '', ('request_details', jdatetime.datetime(1404, 3, 21, 12, 41, 39)): '', ('request_details', jdatetime.datetime(1404, 3, 25, 11, 52, 53)): 'باسلام سامانه پاسخگویی ایمیل خراب است لطفا مجددا درخواست ارسال شود. باتشکر'}",0 days 11:26:26,4 days 10:37:40,False
file_8_55.txt,تخفیف شهریه فرزند هیات علمی,3243183359556769,محمدفاضل نادری فر,3243183359.0,403862569.0,کارشناسی پیوسته_مهندسی معماری_یزد_4032,"{('request_details', jdatetime.datetime(1404, 3, 21, 1, 11, 3)): '', ('request_details', jdatetime.datetime(1404, 3, 21, 12, 41, 39)): '', ('request_details', jdatetime.datetime(1404, 3, 25, 11, 49, 50)): 'باسلام سامانه پاسخگویی ایمیل خراب است لطفا مجددا درخواست ارسال شود. باتشکر'}",0 days 11:30:36,4 days 10:38:47,False
