﻿file_name,subject,refrence_code,student_name,national_id,student_id,major,message,latency,duration,is_null
file_12_48.txt,درخواست صدور کارت دانشجویی,151102899182473,Sina Askari,151102899.0,403793737.0,کارشناسی پیوسته_حقوق_یزد_4032,"{('request_details', jdatetime.datetime(1404, 4, 3, 2, 24, 6)): '', ('request_details', jdatetime.datetime(1404, 4, 4, 1, 23, 14)): '', ('request_details', jdatetime.datetime(1404, 4, 9, 11, 20, 11)): 'سلام فعلا دستگاه چاپ خراب می باشد 15روز دیگر درخواست کنید'}",0 days 22:59:08,6 days 08:56:05,False
file_12_58.txt,درخواست ترم تابستان ,151102899687804,Sina Askari,151102899.0,403793737.0,کارشناسی پیوسته_حقوق_یزد_4032,"{('request_details', jdatetime.datetime(1404, 4, 3, 2, 23, 37)): '', ('request_details', jdatetime.datetime(1404, 4, 4, 1, 28, 18)): '', ('request_details', jdatetime.datetime(1404, 4, 9, 9, 14, 28)): ''}",0 days 23:04:41,6 days 06:50:51,True
file_12_59.txt,درخواست ترم تابستان ,151102899687804,Sina Askari,151102899.0,403793737.0,کارشناسی پیوسته_حقوق_یزد_4032,"{('request_details', jdatetime.datetime(1404, 4, 3, 2, 23, 37)): '', ('request_details', jdatetime.datetime(1404, 4, 4, 1, 29, 13)): 'سلام درخواست تکراری است', ('request_details', jdatetime.datetime(1404, 4, 9, 9, 13, 26)): ''}",0 days 23:05:36,6 days 06:49:49,False
file_12_70.txt,درخواست صدور کارت دانشجویی,151102899182473,Sina Askari,151102899.0,403793737.0,کارشناسی پیوسته_حقوق_یزد_4032,"{('request_details', jdatetime.datetime(1404, 4, 3, 2, 24, 6)): '', ('request_details', jdatetime.datetime(1404, 4, 4, 1, 24, 22)): 'درخواست تکرای می باشد'}",0 days 23:00:16,0 days 23:00:16,False
