﻿file_name,subject,refrence_code,student_name,national_id,student_id,major,message,latency,duration,is_null
file_16_42.txt,درخواست فارغ التحصیلی دانشجویان,4220717994514935,Marziyeh Arjmand,4220717994.0,10539803878.0,دکتری عمومی_پزشکی_یزد_3981,"{('request_details', jdatetime.datetime(1404, 5, 5, 10, 58, 21)): '', ('request_details', jdatetime.datetime(1404, 5, 8, 8, 17, 40)): 'سرکار خانم سالاری\n\nجناب آقای حیدری\n\nبا سلام\n\nلطفا در صورت انجام کار اطلاع داده شود تا درخواست دانشجو بسته شود\n\nبا تشکر', ('request_details', jdatetime.datetime(1404, 5, 9, 4, 43, 23)): 'دانشجوی گرامی\n\nبا سلام\n\nدرخواست شما انجام شد', ('request_details', jdatetime.datetime(1404, 5, 9, 8, 43, 52)): 'سرکار خانم خیاطیان\n\nبا سلام\n\nلطفا در صورت انجام کار اطلاع داده شود تا درخواست دانشجو بسته شود\n\nباتشکر'}",2 days 21:19:19,3 days 21:45:31,False
file_16_69.txt,درخواست فرم های بعد از دفاع و ا‌پلود پایان نامه,4220717994110103,Marziyeh Arjmand,4220717994.0,10539803878.0,دکتری عمومی_پزشکی_یزد_3981,"{('request_details', jdatetime.datetime(1404, 5, 5, 10, 56, 14)): '', ('request_details', jdatetime.datetime(1404, 5, 6, 9, 55, 38)): 'سرکار خانم جعفری\n\nبا سلام\n\nلطفا در صورت انجام کار اطلاع داده شود تا دانشجو در جریان قرار بگیرد\n\nباتشکر'}",0 days 22:59:24,0 days 22:59:24,False
file_16_105.txt,درخواست اماده سازی صورت جلسه,422071799429982,Marziyeh Arjmand,4220717994.0,10539803878.0,دکتری عمومی_پزشکی_یزد_3981,"{('request_details', jdatetime.datetime(1404, 4, 22, 9, 58, 4)): '', ('main_message', jdatetime.datetime(1404, 4, 23, 1, 3, 49)): ""از: '336774 - 336774@iau.ir '\n\nبه: 'دکتری - sf-105-10101-6-3981@iau.ir '\n\nموضوع: 'پاسخ: درخواست اماده سازی صورت جلسه'\n\nبا سلام\n\nاماده و تحویل خانم طالبی شد"", ('request_details', jdatetime.datetime(1404, 4, 23, 9, 18, 54)): 'سرکار خانم جعفری\n\n\n\nبا سلام\n\n\n\nلطفا در صورت انجام کار اطلاع داده شود تا درخواست دانشجو بسته شود\n\n\n\nبا تشکر', ('main_message', jdatetime.datetime(1404, 4, 23, 9, 19, 1)): ""از: 'دکتری - sf-105-10101-6-3981@iau.ir '\n\nبه: 'Marziyeh - 4220717994@iau.ir دانشکده - 336774@iau.ir '\n\nموضوع: 'درخواست اماده سازی صورت جلسه'\n\n\n\nسرکار خانم جعفری\n\n\n\nبا سلام\n\n\n\nلطفا در صورت انجام کار اطلاع داده شود تا درخواست دانشجو بسته شود\n\n\n\nبا تشکر"", ('request_details', jdatetime.datetime(1404, 4, 31, 9, 26, 57)): 'دانشجوی گرامی\n\nبا سلام\n\nاماده و تحویل خانم طالبی شد'}",0 days 15:05:45,8 days 23:28:53,False
file_16_155.txt,درخواست فارغ التحصیلی دانشجویان,4220717994556914,Marziyeh Arjmand,4220717994.0,10539803878.0,دکتری عمومی_پزشکی_یزد_3981,"{('request_details', jdatetime.datetime(1404, 4, 17, 5, 57, 30)): '', ('request_details', jdatetime.datetime(1404, 4, 18, 8, 43, 12)): 'سرکار خانم سالاری\n\nبا سلام\n\nلطفا در صورت انجام کار اطلاع داده شود تا ئرخواست دانشجو بسته شود\n\nبا تشکر', ('request_details', jdatetime.datetime(1404, 4, 19, 10, 36, 54)): 'دانشجوی گرامی\n\nبا سلام . به مدارك زير جهت تكميل پرونده نياز است \n\n1-تاييديه تحصيلي پيش دانشگاهي در سامانه اموزش وپرورش\n\n2-صورتجلسه دفاع از پايان نامه\n\n3-نمره علوم پايه\n\n4- گواهي ازمون صلاحيت باليني'}",1 days 02:45:42,2 days 04:39:24,False
