﻿file_name,subject,refrence_code,student_name,national_id,student_id,major,message,latency,duration,is_null
file_16_368.txt,درخواست شرکت در امتحانات تابستان ۱۴۰۴,3060761728497761,زهرا ابراهیمی قره قیونلو,3060761728.0,403685216.0,کارشناسی پیوسته_پرستاری_یزد_4031,"{('request_details', jdatetime.datetime(1404, 4, 5, 2, 19, 2)): 'با سلام \nاحتراما با توجه با شرایط پیش امده در کشور و اعلام دانشکده پزشکی علی ابن ابیطالب یزد ، درخواست شرکت در امتحانات تابستان 1404 در درس های ادبیات فارسی ، علوم و معارف دفاع مقدس و مقاومت ، تفسیر موضوعی نهج البلاغه و اندیشه های امامین انقلاب اسلامی و وصایای حضرت امام خمینی (ره) را دارم . \nفرن مربوطه نیز با کد های رهگیری زیر تکمیل شده است : \nادبیات فارسی : 1779083582191367\nعلوم و معارف دفاع مقدس و مقاومت : 177902868927148\nتفسیر موضوعی نهج البلاغه : 1779111018656965\nاندیشه های امامین انقلاب اسلامی و وصایای حضرت امام خمینی ( ره ) : 1779172269192566', ('request_details', jdatetime.datetime(1404, 4, 12, 10, 2, 59)): 'دانشجوی محترم\n\n\n\nبا سلام \n\n\n\nدرخواست شما جهت امتحان مجدد دروس پیوست به آقای دست افشان ارسال گردید \n\n\n\nضمنا درخصوص زمان برگزاری ازمون متعاقبا از طریق کانال های رسمی دانشگاه ازاد اسلامی استان یزد در پلتفرم های ایتا و تلگرام اعلام می گردد.\n\n\n\nبا تشکر'}",7 days 07:43:57,7 days 07:43:57,False
file_16_398.txt,درخواست شرکت در امتحانات تابستان ۱۴۰۴,3060761728497761,زهرا ابراهیمی قره قیونلو,3060761728.0,403685216.0,کارشناسی پیوسته_پرستاری_یزد_4031,"{('request_details', jdatetime.datetime(1404, 4, 5, 2, 19, 2)): 'با سلام \nاحتراما با توجه با شرایط پیش امده در کشور و اعلام دانشکده پزشکی علی ابن ابیطالب یزد ، درخواست شرکت در امتحانات تابستان 1404 در درس های ادبیات فارسی ، علوم و معارف دفاع مقدس و مقاومت ، تفسیر موضوعی نهج البلاغه و اندیشه های امامین انقلاب اسلامی و وصایای حضرت امام خمینی (ره) را دارم . \nفرن مربوطه نیز با کد های رهگیری زیر تکمیل شده است : \nادبیات فارسی : 1779083582191367\nعلوم و معارف دفاع مقدس و مقاومت : 177902868927148\nتفسیر موضوعی نهج البلاغه : 1779111018656965\nاندیشه های امامین انقلاب اسلامی و وصایای حضرت امام خمینی ( ره ) : 1779172269192566', ('request_details', jdatetime.datetime(1404, 4, 12, 10, 2, 59)): 'دانشجوی محترم\n\n\n\nبا سلام \n\n\n\nدرخواست شما جهت امتحان مجدد دروس پیوست به آقای دست افشان ارسال گردید \n\n\n\nضمنا درخصوص زمان برگزاری ازمون متعاقبا از طریق کانال های رسمی دانشگاه ازاد اسلامی استان یزد در پلتفرم های ایتا و تلگرام اعلام می گردد.\n\n\n\nبا تشکر'}",7 days 07:43:57,7 days 07:43:57,False
file_16_636.txt,درخواست شرکت در امتحانات ترم تابستان ۱۴۰۴,3060761728692819,زهرا ابراهیمی قره قیونلو,3060761728.0,403685216.0,کارشناسی پیوسته_پرستاری_یزد_4031,"{('request_details', jdatetime.datetime(1404, 4, 8, 10, 48, 53)): 'با سلام \nاحتراما با توجه با شرایط پیش امده در کشور و اعلام دانشکده پزشکی علی ابن ابیطالب یزد ، درخواست شرکت در امتحانات تابستان 1404 در درس زبان پیش دانشگاهی یک را دارم که در درخواست قبلی ذکر نکرده بودم \nکد رهگیری : \n17718651270450443', ('request_details', jdatetime.datetime(1404, 4, 9, 8, 27, 29)): 'دانشجوی محترم\n\n\n\nبا سلام\n\n\n\nدرخواست شما بدون پیوست می باشد لطفا درخواست آزمون مجدد امضاشده خود یا فرم تکمیل شده مربوطه را پیوست نموده و مجددا ایمیل نمایید\n\n\n\nسپاسگزارم'}",0 days 21:38:36,0 days 21:38:36,False
file_16_824.txt,درخواست گواهی اشتغال  به تحصیل,3060761728711104,زهرا ابراهیمی قره قیونلو,3060761728.0,403685216.0,کارشناسی پیوسته_پرستاری_یزد_4031,"{('request_details', jdatetime.datetime(1404, 3, 7, 8, 20, 54)): '', ('request_details', jdatetime.datetime(1404, 3, 8, 8, 8, 17)): 'سرکار خانم خدایی\n\nکارشناس محترم گروه \n\nبا سلام\n\nلطفا پس از انجام کار اطلاع دهید تا درخواست دانشجو بسته شود\n\nباتشکر', ('request_details', jdatetime.datetime(1404, 3, 12, 10, 1, 21)): 'با سلام\n\nطبق نظر کارشناس ایمیل شما فعال  می باشد و درخواست شما بسته می شود'}",0 days 23:47:23,5 days 01:40:27,False
