﻿file_name,subject,refrence_code,student_name,national_id,student_id,major,message,latency,duration,is_null
file_16_231.txt,شرکت مجدد در امتحان وصایای امام,1274186013281223,Nastaran Nasaji,1274186013.0,40210510810024.0,کارشناسی پیوسته_هوشبری_یزد_4021,"{('request_details', jdatetime.datetime(1404, 4, 4, 10, 36, 51)): 'سلام ، فرم تکمیل شد و عکسش رو هم فرستادم', ('request_details', jdatetime.datetime(1404, 4, 16, 10, 17, 1)): 'دانشجوی محترم\n\n\n\nبا سلام \n\n\n\nدرخواست شما جهت امتحان مجدد دروس پیوست به آقای دست افشان ارسال گردید \n\n\n\nضمنا درخصوص زمان برگزاری ازمون متعاقبا از طریق کانال های رسمی دانشگاه ازاد اسلامی استان یزد در پلتفرم های ایتا و تلگرام اعلام می گردد.\n\n\n\nبا تشکر'}",11 days 23:40:10,11 days 23:40:10,False
file_16_232.txt,شرکت مجدد در امتحان تاریخ تحلیلی,1274186013887227,Nastaran Nasaji,1274186013.0,40210510810024.0,کارشناسی پیوسته_هوشبری_یزد_4021,"{('request_details', jdatetime.datetime(1404, 4, 4, 10, 39, 43)): 'سلام فرم تکمیل شد و عکسش رو هم فرستادم', ('request_details', jdatetime.datetime(1404, 4, 16, 10, 13, 32)): 'دانشجوی محترم\n\n\n\nبا سلام \n\n\n\nدرخواست شما جهت امتحان مجدد دروس پیوست به آقای دست افشان ارسال گردید \n\n\n\nضمنا درخصوص زمان برگزاری ازمون متعاقبا از طریق کانال های رسمی دانشگاه ازاد اسلامی استان یزد در پلتفرم های ایتا و تلگرام اعلام می گردد.\n\n\n\nبا تشکر'}",11 days 23:33:49,11 days 23:33:49,False
file_16_742.txt,شرکت مجدد در امتحان پایان ترم تاریخ تحلیلی,1274186013120134,Nastaran Nasaji,1274186013.0,40210510810024.0,کارشناسی پیوسته_هوشبری_یزد_4021,"{('request_details', jdatetime.datetime(1404, 4, 4, 9, 44, 20)): '', ('request_details', jdatetime.datetime(1404, 4, 4, 9, 48, 17)): 'دانشجوی محترم\n\nبا سلام\n\nلطفا درخواست خود با امضا یا  فرم مربوطه را تکمیل و پیوست نمایید\n\nو مجدد درخواست خود را (همراه با پیوست ها)ارسال نمایید\n\nبا تشکر'}",0 days 00:03:57,0 days 00:03:57,False
file_16_743.txt,شرکت مجدد در امتحان پایان ترم درس وصایای امام در تابستان,1274186013137102,Nastaran Nasaji,1274186013.0,40210510810024.0,کارشناسی پیوسته_هوشبری_یزد_4021,"{('request_details', jdatetime.datetime(1404, 4, 4, 9, 43, 7)): '', ('request_details', jdatetime.datetime(1404, 4, 4, 9, 46, 59)): 'دانشجوی محترم\n\nبا سلام\n\nلطفا درخواست خود را با امضا و یا اینکه فرم مربوطه را کامل و پیوست نمایید\n\nمجدد درخواست خود را (با ضمیمه)ارسال کنید\n\nبا تشکر'}",0 days 00:03:52,0 days 00:03:52,False
