﻿file_name,subject,refrence_code,student_name,national_id,student_id,major,message,latency,duration,is_null
file_20_49.txt,امتحان مجدد,3040697307261352,امیرمحسن رضایتی آج بیشه,3040697307.0,403803923.0,کارشناسی پیوسته_مهندسی پزشکی_یزد_4032,"{('request_details', jdatetime.datetime(1404, 3, 28, 6, 23, 18)): '', ('request_details', jdatetime.datetime(1404, 4, 5, 11, 52, 54)): ''}",8 days 05:29:36,8 days 05:29:36,True
file_20_52.txt,امتحان مجدد,3040697307261352,امیرمحسن رضایتی آج بیشه,3040697307.0,403803923.0,کارشناسی پیوسته_مهندسی پزشکی_یزد_4032,"{('request_details', jdatetime.datetime(1404, 3, 28, 6, 23, 18)): '', ('request_details', jdatetime.datetime(1404, 4, 5, 11, 51, 13)): ''}",8 days 05:27:55,8 days 05:27:55,True
file_20_53.txt,امتحان مجدد,3040697307865059,امیرمحسن رضایتی آج بیشه,3040697307.0,403803923.0,کارشناسی پیوسته_مهندسی پزشکی_یزد_4032,"{('request_details', jdatetime.datetime(1404, 3, 28, 6, 24, 21)): '', ('request_details', jdatetime.datetime(1404, 4, 5, 11, 50, 9)): ''}",8 days 05:25:48,8 days 05:25:48,True
file_20_72.txt,امتحان مجدد,3040697307865059,امیرمحسن رضایتی آج بیشه,3040697307.0,403803923.0,کارشناسی پیوسته_مهندسی پزشکی_یزد_4032,"{('request_details', jdatetime.datetime(1404, 3, 28, 6, 24, 21)): '', ('request_details', jdatetime.datetime(1404, 3, 29, 10, 13, 3)): 'اطلاع رسانی شده است فرمهای مربوطه را تکمیل و اکرین شات را ارسال نمایید'}",1 days 03:48:42,1 days 03:48:42,False
file_20_96.txt,,3040697307399121,امیرمحسن رضایتی آج بیشه,3040697307.0,,کارشناسی پیوسته_مهندسی پزشکی_یزد_4032,"{('request_details', jdatetime.datetime(1404, 2, 27, 4, 47, 49)): '--------------------------------------------------------------------------شرایط انتخاب واحد و مهمانی در تابستان', ('request_details', jdatetime.datetime(1404, 2, 31, 12, 29, 12)): 'انتخاب واحد در تابستان در صورتی که درس ارایه شود تا سقف 8 واحد میتوانید اخذ نمایید برای مهمانی هم باید در سامانه منادا یا مراجعه به نقل و انتقالات در صورت موافقت مدیر گروه  اقدام نمایید'}",4 days 07:41:23,4 days 07:41:23,False
file_20_107.txt,,3040697307399121,امیرمحسن رضایتی آج بیشه,3040697307.0,,کارشناسی پیوسته_مهندسی پزشکی_یزد_4032,"{('request_details', jdatetime.datetime(1404, 2, 27, 4, 47, 49)): '--------------------------------------------------------------------------شرایط انتخاب واحد و مهمانی در تابستان', ('request_details', jdatetime.datetime(1404, 2, 28, 1, 4, 57)): 'در صورتی که درس ارایه شود تا سقف 8 واحد در تابستان میتوانید اخذ کنید و اگر ارایه نشود میتوانید با تایید مدیر گروه در سامانه منادی در خواست مهمانی بدهید'}",0 days 20:17:08,0 days 20:17:08,False
