﻿file_name,subject,refrence_code,student_name,national_id,student_id,major,message,latency,duration,is_null
file_19_1.txt,درخواست گرفتن مجوز 24 واحد,4240610801270919,نیما رجایی منش,4240610801.0,403388572.0,کارشناسی پیوسته_حقوق_یزد_4031,"{('request_details', jdatetime.datetime(1404, 5, 22, 10, 30, 48)): '', ('request_details', jdatetime.datetime(1404, 5, 26, 10, 34, 47)): ''}",4 days 00:03:59,4 days 00:03:59,True
file_19_2.txt,درخواست افزایش سقف انتخاب واحد به ۲۴ واحد,4240610801817937,نیما رجایی منش,4240610801.0,403388572.0,کارشناسی پیوسته_حقوق_یزد_4031,"{('request_details', jdatetime.datetime(1404, 5, 22, 10, 45, 28)): '------------------------------------------------------------------------------سلام و احترام\nاینجانب دانشجوی معدل «الف» در ترم گذشته هستم و طبق مقررات آموزشی، مجاز به اخذ ۲۴ واحد در ترم جاری می\u200cباشم. با این حال، در بخش «وضعیت ترم جاری» سقف انتخاب واحد برای من همچنان ۲۰ واحد ثبت شده و تغییری نسبت به حالت عادی نداشته است.\nطبق اطلاع\u200cرسانی انجام\u200cشده در سامانه، ذکر شده بود که در صورت عدم افزایش سقف انتخاب واحد برای دانشجویان واجد شرایط، موضوع به دانشگاه اطلاع داده شود تا اصلاحات لازم صورت گیرد. از آنجا که برنامه\u200cریزی من برای این ترم بر مبنای اخذ ۲۴ واحد درسی انجام شده و نیازمند گذراندن این تعداد واحد هستم، خواهشمند است دستور فرمایید سقف انتخاب واحد اینجانب از ۲۰ به ۲۴ واحد افزایش یابد.\nپیشاپیش از همکاری و مساعدت شما سپاسگزارم.', ('request_details', jdatetime.datetime(1404, 5, 26, 10, 32, 51)): ''}",3 days 23:47:23,3 days 23:47:23,True
file_19_5.txt,مشکل پروفایل و ثبت نشدن نمره درسی ,42406108018292,نیما رجایی منش,4240610801.0,403388572.0,کارشناسی پیوسته_حقوق_یزد_4031,"{('request_details', jdatetime.datetime(1404, 5, 22, 5, 14, 17)): 'احترما سلام علیکم \n\n\n\n واسه اینکه انتخاب واحد کنم حس میکنم مشکلی وجود داره واسه انتخاب واحدم و چون در شهر یزد حضور ندارم امکان اینکه حضورا خدمت برسم نبود \n\n\n\nلذا چون انتخاب واحد نزدیکه اگر امکان بر این هست یه نگاهی بکنید ببینید مشکلی واسه انتخاب واحد من وجود اعمم از( قفل کردن یا قفل بودن پروفایل دانشجویی) به هر دلیلی و اعلامش بهم ،\n\n\n\n ممنون میشم بابت خدمات و لطف بیکرانتون تا زودتر خدمت برسم و موضوع رو حل کردم و اگر هم مشکلی نبود بازم اگه بهم اطلاع بدید ممنون میشم \n\n\n\nو همچنین نمره درس اساسی بنده توی پروفایل دانشجویی منوی اعتراض هستش ولی داخل کارنامه اصلی من ثبت نشده لذا ممنون میشم اگه درست بشه چون این ترم ۲۴ واحد قراره اخذ کنم و نمره اش واسم مهمه \n\n\n\nسپاسگزارم از لطف و محبت و زحمات بیکرانتون \n\n\n\nبا نهایت احترام ""رجایی منش""', ('request_details', jdatetime.datetime(1404, 5, 26, 10, 29, 57)): ''}",4 days 05:15:40,4 days 05:15:40,True
file_19_43.txt,امتحان مجدد,4240610801439477,نیما رجایی منش,4240610801.0,403388572.0,کارشناسی پیوسته_حقوق_یزد_4031,"{('request_details', jdatetime.datetime(1404, 3, 28, 6, 34, 48)): '', ('request_details', jdatetime.datetime(1404, 4, 2, 11, 0, 51)): 'سلام، لطفا فرم را مجددا ارسال فرمائید، پایین فرم مشخص نیست کامل بفرستید'}",5 days 04:26:03,5 days 04:26:03,False
file_19_44.txt,امتحان مجدد,4240610801742822,نیما رجایی منش,4240610801.0,403388572.0,کارشناسی پیوسته_حقوق_یزد_4031,"{('request_details', jdatetime.datetime(1404, 3, 28, 8, 42, 43)): 'احتراما سلاما علیکم \nاین جانب نیما رجایی منش به اطلاعات فوق به دلیل شرایط پیش آمده جنگ و مشکلات قبیل آن برای خانواده ؛ از یزد خارج شده ام در امتحانات نیم سال 1404جاری به صورت فوری و به شهر مورد سکونت خانواده ینی شیراز آمدم چنانچه به دلایل فوق امکان خروج از شهر شیراز برایم میسر نبوده و امکان حضور به موقع در امتحان فارسی استاد فرجامی برایم میسر نیست سعی خود بر این دارم که به موقع در هر صورتی که باشد خود را برسانم در غیر این صورت (دلایل حکومتی و جلوگیری از خروج )و غیبت در امتحان تمنا دارم بتوانم در امتحان مجدد از من هم آزمون به عمل آید \nو هم\u200cچنین درخواست خود را در سامانه مربوطه https://yazd.iau.ir/fa/form/177\nثبت کرده\u200cام قبل از شروع آزمون \nعکس درخواست ضیل این ایمیل می\u200cباشد\nسپاس فراوان خسته نباشید', ('request_details', jdatetime.datetime(1404, 4, 2, 10, 58)): 'سلام، لطفا فرم را کامل مجددا ارسال فرمائید، فرم ارسالی ناقص است پایین صفحه مشخص نیست'}",5 days 02:15:17,5 days 02:15:17,False
