﻿file_name,subject,refrence_code,student_name,national_id,student_id,major,message,latency,duration,is_null
file_16_10.txt,درخواست کد اخلاق برای دانشجویان پزشکی  پرستاری,2420084357412088,sayedeh soheila jafari,2420084357.0,40210510405005.0,کارشناسی ارشد ناپیوسته_پرستاری داخلی - جراحی_یزد_4021,"{('request_details', jdatetime.datetime(1404, 5, 26, 6, 19, 16)): 'مدارک اخلاق در ایمیل پژوهشی دانشکده بارگذاری شده  و با گذشت زمان هنوز کد اخلاقی دریافت ننموده ام.', ('request_details', jdatetime.datetime(1404, 5, 27, 8, 51, 14)): 'سرکار خانم جعفری \n\nبا سلام\n\nآیا گرفتن کد اخلاق در حیطه کاری شما می باشد؟\n\nلطفا در صورت انجام کار اطلاع داده شود تا درخواست دانشجو بسته شود\n\nباتشکر', ('main_message', jdatetime.datetime(1404, 5, 27, 8, 51, 24)): ""از: 'کارشناسی - sf-105-10405-5-4021@iau.ir '\n\nبه: 'دانشکده - 336774@iau.ir '\n\nموضوع: 'درخواست کد اخلاق برای دانشجویان پزشکی پرستاری'\n\nسرکار خانم جعفری \n\nبا سلام\n\nآیا گرفتن کد اخلاق در حیطه کاری شما می باشد؟\n\nلطفا در صورت انجام کار اطلاع داده شود تا درخواست دانشجو بسته شود\n\nباتشکر"", ('main_message', jdatetime.datetime(1404, 5, 27, 8, 58, 7)): ""از: '336774 - 336774@iau.ir '\n\nبه: 'کارشناسی - sf-105-10405-5-4021@iau.ir '\n\nموضوع: 'پاسخ: درخواست کد اخلاق برای دانشجویان پزشکی پرستاری'\n\nبا سلام جلسه اخلاق، ماهانه برگزار میشود و دانشجو در نوبت قرار میگیرد. مدارک دانشجو باید به جیمیل اخلاق ارسال گردد.\n\n\n\nضمنا بعضی پیامها چندین بار ارسال میشود و پاسخ میگیرید ولی مجددا ارسال میگردد\n\nعلت چیست؟"", ('request_details', jdatetime.datetime(1404, 5, 27, 9, 49, 5)): 'دانشجوی گرامی\n\nبا سلام جلسه اخلاق، ماهانه برگزار میشود و دانشجو در نوبت قرار میگیرد. مدارک دانشجو باید به جیمیل اخلاق ارسال گردد.'}",1 days 02:31:58,1 days 03:29:49,False
file_16_18.txt,در خواست ارسال و دریافت نمرات مهمانی,242008435734420,sayedeh soheila jafari,2420084357.0,40210510405005.0,کارشناسی ارشد ناپیوسته_پرستاری داخلی - جراحی_یزد_4021,"{('request_details', jdatetime.datetime(1404, 5, 26, 6, 17, 15)): 'در خواست انتقال نمره درس مدیریت حوادث و بلایا به سامانه آموزشیار دانشگاه مبدا', ('request_details', jdatetime.datetime(1404, 5, 27, 8, 51, 57)): 'جناب آقای کلمبو\n\nبا سلام\n\nلطفا در صورت انجام کار اطلاع داده شود تا درخواست دانشجو بسته شود\n\nباتشکر'}",1 days 02:34:42,1 days 02:34:42,False
file_16_27.txt,درخواست کد اخلاق برای دانشجویان پزشکی  پرستاری,2420084357278671,sayedeh soheila jafari,2420084357.0,40210510405005.0,کارشناسی ارشد ناپیوسته_پرستاری داخلی - جراحی_یزد_4021,"{('request_details', jdatetime.datetime(1404, 5, 19, 9, 50, 21)): 'مدارک اخلاق در تاریخ 18 تیر ماه در ایمیل پژوهشی دانشکده بارگذاری شده و علی رغم پیگیری تا کنون کد اخلاقی دریافت ننموده ام . مدارک مجدد ارسال شد .', ('request_details', jdatetime.datetime(1404, 5, 21, 10, 5, 7)): 'دانشجوی گرامی \n\nبا سلام و احترام\n\nبه اطلاع می\u200cرساند با توجه به تعطیلات دانشگاه آزاد اسلامی تا تاریخ ۲۵ مرداد ۱۴۰۴، در حال حاضر امکان بررسی و پیگیری درخواست شما وجود ندارد. لطفاً پس از تاریخ مذکور، مجدداً درخواست خود را ثبت نمایید.\n\nبا تشکر'}",2 days 00:14:46,2 days 00:14:46,False
file_16_28.txt,درخواست کد اخلاق برای دانشجویان پزشکی  پرستاری,2420084357707106,sayedeh soheila jafari,2420084357.0,40210510405005.0,کارشناسی ارشد ناپیوسته_پرستاری داخلی - جراحی_یزد_4021,"{('request_details', jdatetime.datetime(1404, 5, 19, 9, 35, 36)): '', ('request_details', jdatetime.datetime(1404, 5, 21, 10, 4, 38)): 'دانشجوی گرامی \n\nبا سلام و احترام\n\nبه اطلاع می\u200cرساند با توجه به تعطیلات دانشگاه آزاد اسلامی تا تاریخ ۲۵ مرداد ۱۴۰۴، در حال حاضر امکان بررسی و پیگیری درخواست شما وجود ندارد. لطفاً پس از تاریخ مذکور، مجدداً درخواست خود را ثبت نمایید.\n\nبا تشکر'}",2 days 00:29:02,2 days 00:29:02,False
file_16_35.txt,درخواست مهمانی و انتقال,2420084357482644,sayedeh soheila jafari,2420084357.0,40210510405005.0,کارشناسی ارشد ناپیوسته_پرستاری داخلی - جراحی_یزد_4021,"{('request_details', jdatetime.datetime(1404, 3, 18, 4, 16, 58)): 'ریاست محترم دانشگاه آزاد اسلامی واحد یزد\n\nجناب آقای دکتر محمدرضا دهقانی اشکذری\n\nبا سلام و احترام\n\nاینجانب سیده سهیلا جعفری، دانشجوی کارشناسی ارشد پرستاری ترم چهارم دانشکده علی ابن ابیطالب  (ع) ، بدینوسیله مراتب زیر را به استحضار می\u200cرسانم:\n\nاینجانب با وجود باردار بودن (ماه ششم) تا کنون تلاش کرده\u200cام که در کلیه کلاس\u200cها حضور فعال داشته و تمامی تکالیف درسی را، به طور کامل انجام دهم.\n\nمتأسفانه بر اساس اتفاق پیش آمده در هفته گذشته، به علت بروز خونریزی  ناشی از عارضه جفت سرراهی و تهدید به سقط، بنابر دستور مؤکد خانم دکتر قاسم\u200cخانی (جراح و متخصص زنان و زایمان) ملزم به استراحت مطلق و اجتناب از رفت\u200cوآمدهای طولانی شده\u200cام. لازم به ذکر است سکونت اینجانب در شهر شیراز و فاصله زیاد تا شهر یزد، موجب دشواری و بروز عوارض جدی برای اینجانب گردیده است.\n\nبا استناد به نامه شماره 500/772 ستاد مرکزی وزارت بهداشت، درمان و آموزش پزشکی به تاریخ 28/12/1400 در خصوص ارائه تسهیلات ویژه به دانشجویان باردار، و با توجه به شرایط خاص بنده، خواهشمندم دستور فرمایید امتحانات پایان ترم درس\u200cهای “پرستاری پیشرفته در اختلالات تنفسی ۱ و ۲” (مورخ 2/4/1404 و 4/4/1404 ) با موافقت معاونت آموزشی دانشگاه آزاد اسلامی واحد شیراز (در صورت صدور نامه و موافقت واحد یزد) به صورت مهمان و حضوری در واحد دانشگاه آزاد شیراز برگزار گردد.\n\nلازم به ذکر است با حضور و پیگیری موضوع، موافقت معاونت آموزشی دانشگاه آزاد اسلامی واحد شیراز نیز در صورت صدور نامه رسمی از سوی آن واحد محترم (یزد) کسب شده است.\n\nلذا خواهشمندم با توجه به شرایط بارداری و دستور پزشک معالج، موافقت و دستور مقتضی برای برگزاری امتحانات مذکور در دانشگاه آزاد اسلامی واحد شیراز را مبذول فرمایید.\n\nپیشاپیش از توجه و همکاری حضرتعالی کمال تشکر و امتنان را دارم.\n\nبا تقدیم احترام\n\nسیده سهیلا جعفری\n\nدانشجوی کارشناسی ارشد پرستاری – ترم چهارم\n\nشماره دانشجویی: [40210510405005]\n\nتلفن تماس: [09176011368 ]\n\nتاریخ: [17/03/1404]\n\nپیوست\u200cها:\n\nگواهی پزشک متخصص زنان و زایمان\n\nتصویر نامه وزارت بهداشت', ('request_details', jdatetime.datetime(1404, 3, 20, 9, 50, 44)): 'سرکارخانم خدایی\n\nجناب آقای حجتی\n\nبا سلام\n\nلطفا در صورت انجام کار اطلاع داده شود تا درخواست داشجو  بسته شود\n\nبا تشکر', ('request_details', jdatetime.datetime(1404, 3, 22, 12, 51, 13)): 'سرکار خانم پارساییان \n\nبا سلام\n\nلطفا در صورت انجام کار اطلاع داده شود تا درخواست دانشجو بسته شود\n\nبا تشکر', ('request_details', jdatetime.datetime(1404, 5, 9, 5, 18, 22)): 'سرکار خانم پارساییان \n\nبا سلام \n\nلطفاً در صورت امکان به ایمیل دانشجو پاسخ داده شود تا درخواست دانشجو بسته شود', ('request_details', jdatetime.datetime(1404, 5, 9, 5, 50, 41)): 'دانشجوی محترم \n\nبا سلام \n\nروال درخواست شما طی شده است.\n\nلذا با توجه به تعطیلات دانشگاه آزاد اسلامی تا تاریخ۲۵ مرداد ۴۰۴ امکان پیگیری درخواست شما وجود ندارد.خواهشمند است در صورت مرتفع نشدن مجدداً بعد از تعطیلات درخواست خود را ثبت نمایید \n\nباتشکر'}",2 days 05:33:46,53 days 01:33:43,False
file_16_100.txt,درخواست کد اخلاق برای دانشجویان پزشکی  پرستاری,2420084357642173,sayedeh soheila jafari,2420084357.0,40210510405005.0,کارشناسی ارشد ناپیوسته_پرستاری داخلی - جراحی_یزد_4021,"{('request_details', jdatetime.datetime(1404, 4, 5, 10, 54, 12)): '', ('request_details', jdatetime.datetime(1404, 4, 12, 10, 26, 56)): 'سرکار خانم جعفری\n\n\n\nبا سلام\n\n\n\nلطفا در صورت انجام کار اطلاع داده شود تا درخواست دانشجو بسته شود\n\n\n\nبا تشکر', ('main_message', jdatetime.datetime(1404, 4, 12, 10, 27, 2)): ""از: 'کارشناسی - sf-105-10405-5-4021@iau.ir '\n\nبه: 'sayedeh - 2420084357@iau.ir دانشکده - 336774@iau.ir '\n\nموضوع: 'درخواست کد اخلاق برای دانشجویان پزشکی پرستاری'\n\nسرکار خانم جعفری\n\n\n\nبا سلام\n\n\n\nلطفا در صورت انجام کار اطلاع داده شود تا درخواست دانشجو بسته شود\n\n\n\nبا تشکر"", ('main_message', jdatetime.datetime(1404, 4, 16, 10, 18, 21)): ""از: '336774 - 336774@iau.ir '\n\nبه: 'کارشناسی - sf-105-10405-5-4021@iau.ir '\n\nموضوع: 'پاسخ: درخواست کد اخلاق برای دانشجویان پزشکی پرستاری'\n\nبا سلام مدارک اخلاق ارسال شود"", ('request_details', jdatetime.datetime(1404, 5, 5, 9, 27, 52)): 'دانشجوی گرامی\n\nبا سلام مدارک اخلاق ارسال شود'}",6 days 23:32:44,30 days 22:33:40,False
file_16_805.txt,درخواست اخذ معرفی نامه جهت جمع آوری داده از بیمارستانها، دانشجویان پزشکی و پرستاری,2420084357153535,sayedeh soheila jafari,2420084357.0,,کارشناسی ارشد ناپیوسته_پرستاری داخلی - جراحی_یزد_4021,"{('request_details', jdatetime.datetime(1404, 2, 29, 12, 53, 2)): '', ('request_details', jdatetime.datetime(1404, 3, 1, 11, 19, 54)): 'دانشجوی گرامی \n\nبا سلام\n\nدرخواست شما به خانم جعفری ارجاع داده شد', ('request_details', jdatetime.datetime(1404, 3, 4, 10, 36, 38)): 'دانشجوی گرامی\n\nسلام\n\nلطفا نام بیمارستان و عنوان را قید فرمایید', ('request_details', jdatetime.datetime(1404, 3, 20, 11, 50, 24)): 'با سلام درخواست شما به دبیرخانه ارسل میگردد پس از تایپ و شماره توسط پژوهشی امضا و تایید میشود'}",2 days 22:26:52,21 days 22:57:22,False
