﻿file_name,subject,refrence_code,student_name,national_id,student_id,major,message,latency,duration,is_null
file_16_21.txt,درخواست حذف مجوز انتخاب واحد ترم تابستان که به اشتباه ثبت شده است,2981776304919257,نگین سادات جلالی,2981776304.0,403591465.0,دکتری عمومی_پزشکی_یزد_4031,"{('request_details', jdatetime.datetime(1404, 5, 23, 6, 33, 16)): 'با سلام و عرض وقت\u200c به خیر.\nاین\u200cجانب به منظور کسب مجوز برای انتخاب واحد ترم مهر ۱۴۰۴، به اشتباه درخواست مجوز ترم تابستان را ثبت کردم. بنابراین تقاضا دارم که این درخواست حذف شود تا شهریه ترم تابستان برای بنده درج نشود.\nبا تشکر.', ('request_details', jdatetime.datetime(1404, 5, 25, 1, 7, 9)): 'دانشجوی گرامی \n\nبا سلام و احترام\n\nبه اطلاع می\u200cرساند با توجه به تعطیلات دانشگاه آزاد اسلامی تا تاریخ ۲۵ مرداد ۱۴۰۴، در حال حاضر امکان بررسی و پیگیری درخواست شما وجود ندارد. لطفاً پس از تاریخ مذکور، مجدداً درخواست خود را ثبت نمایید.\n\nبا تشکر'}",1 days 18:33:53,1 days 18:33:53,False
file_16_610.txt,شرکت در ازمون‌های دروس عمومی,2981776304905236,نگین سادات جلالی,2981776304.0,403591465.0,دکتری عمومی_پزشکی_یزد 4032,"{('request_details', jdatetime.datetime(1404, 4, 6, 11, 34, 50)): '', ('request_details', jdatetime.datetime(1404, 4, 9, 9, 8, 6)): 'دانشجوی محترم\n\n\n\nبا سلام\n\n\n\nدرخواست شما بدون پیوست می باشد لطفا درخواست آزمون مجدد امضاشده خود یا فرم تکمیل شده مربوطه را پیوست نموده و مجددا ایمیل نمایید\n\n\n\nسپاسگزارم'}",2 days 21:33:16,2 days 21:33:16,False
file_16_611.txt,شرکت در ازمون‌های دروس عمومی,2981776304360444,نگین سادات جلالی,2981776304.0,403591465.0,دکتری عمومی_پزشکی_یزد 4032,"{('request_details', jdatetime.datetime(1404, 4, 6, 11, 36, 15)): '', ('request_details', jdatetime.datetime(1404, 4, 9, 9, 7, 34)): 'دانشجوی محترم\n\n\n\nبا سلام\n\n\n\nدرخواست شما بدون پیوست می باشد لطفا درخواست آزمون مجدد امضاشده خود یا فرم تکمیل شده مربوطه را پیوست نموده و مجددا ایمیل نمایید\n\n\n\nسپاسگزارم'}",2 days 21:31:19,2 days 21:31:19,False
file_16_696.txt,درخواست شرکت در ازمون درس عمومی تفسیر قران,2981776304589011,نگین سادات جلالی,2981776304.0,403591465.0,دکتری عمومی_پزشکی_یزد_4031,"{('request_details', jdatetime.datetime(1404, 4, 4, 11, 26, 16)): '', ('request_details', jdatetime.datetime(1404, 4, 5, 10, 44, 50)): 'دانشجوی محترم\n\n\n\nبا سلام\n\n\n\nدرخواست شما بدون پیوست می باشد لطفا درخواست آزمون مجدد امضاشده خود یا فرم تکمیل شده مربوطه را پیوست نموده و مجددا ایمیل نمایید\n\n\n\nسپاسگزارم'}",0 days 23:18:34,0 days 23:18:34,False
