﻿file_name,subject,refrence_code,student_name,national_id,student_id,major,message,latency,duration,is_null
file_20_48.txt,امتحان مجدد,3040758144995133,کارن کارتی شاهم آبادی,3040758144.0,403653147.0,کارشناسی پیوسته_مهندسی و علم مواد_یزد_4031,"{('request_details', jdatetime.datetime(1404, 3, 29, 12, 4, 10)): '', ('request_details', jdatetime.datetime(1404, 4, 5, 11, 53, 22)): ''}",6 days 23:49:12,6 days 23:49:12,True
file_20_50.txt,امتحان مجدد,3040758144413484,کارن کارتی شاهم آبادی,3040758144.0,403653147.0,کارشناسی پیوسته_مهندسی و علم مواد_یزد_4031,"{('request_details', jdatetime.datetime(1404, 3, 29, 12, 59, 57)): 'امتحان مجدد', ('request_details', jdatetime.datetime(1404, 4, 5, 11, 52, 31)): ''}",6 days 22:52:34,6 days 22:52:34,True
file_20_51.txt,امتحان مجدد,3040758144569506,کارن کارتی شاهم آبادی,3040758144.0,403653147.0,کارشناسی پیوسته_مهندسی و علم مواد_یزد_4031,"{('request_details', jdatetime.datetime(1404, 3, 29, 1, 1, 52)): '------------------------------------------------------------------------------امتحدان مجدد', ('request_details', jdatetime.datetime(1404, 4, 5, 11, 51, 59)): ''}",7 days 10:50:07,7 days 10:50:07,True
file_20_67.txt,امتحان مجدد,3040758144640783,کارن کارتی شاهم آبادی,3040758144.0,403653147.0,کارشناسی پیوسته_مهندسی و علم مواد_یزد_4031,"{('request_details', jdatetime.datetime(1404, 3, 29, 1, 6, 9)): '------------------------------------------------------------------------------امتحدان مجدد انقلاب اسلامی ایران', ('request_details', jdatetime.datetime(1404, 3, 31, 9, 34, 9)): ''}",2 days 08:28:00,2 days 08:28:00,True
