﻿file_name,subject,refrence_code,student_name,national_id,student_id,major,message,latency,duration,is_null
file_11_16.txt,در خواست کد اخلاق فایل ورد و pdf ایمیل شده,2722199769423902,Zahra Zare mirakabad,2722199769.0,40210520733066.0,کارشناسی ارشد ناپیوسته_روان شناسی بالینی_یزد_4021,"{('request_details', jdatetime.datetime(1404, 5, 28, 1, 14, 47)): 'عرض سلام وادب\n\nارسال درخواست دانشجوجهت اقدام لازم \n\nباتشكر', ('request_details', jdatetime.datetime(1404, 5, 28, 12, 41, 12)): ''}",0 days 11:26:25,0 days 11:26:25,True
file_11_35.txt,درخواست گواهی ثبت پایان نامه پذیرش شده توسط ایرانداک با کد پیگیری 23147592,2722199769598971,Zahra Zare mirakabad,2722199769.0,40210520733066.0,کارشناسی ارشد ناپیوسته_روان شناسی بالینی_یزد_4021,"{('request_details', jdatetime.datetime(1404, 5, 21, 2, 38, 39)): '', ('request_details', jdatetime.datetime(1404, 5, 26, 2, 2)): 'باسلام وادب\n\nارسال درخواست دانشجو جهت اقدام لازم\n\nباتشكر', ('main_message', jdatetime.datetime(1404, 5, 26, 2, 2, 7)): ""از: 'کارشناسی - sf-105-20733-5-4021@iau.ir '\n\nبه: 'واحد - 336355@iau.ir '\n\nموضوع: 'درخواست گواهی ثبت پایان نامه پذیرش شده توسط ایرانداک با کد پیگیری 23147592'\n\nباسلام وادب\n\nارسال درخواست دانشجو جهت اقدام لازم\n\nباتشكر"", ('request_details', jdatetime.datetime(1404, 5, 27, 2, 8, 40)): 'با سلام و عرض ادب \n\nدانشجوي گرامي الان مرحله 9 می باشيد با استاد راهنما تماس بگیريد تا پژوهشیار را تایید کند \n\nبعد انجام مشابهت یابی استاد راهنما تایید کند و بعد شما با هماهنگی استاد راهنما و داور زمان دفاع را به کارشناس مربوطه اعلام كنيد\n\nباتشكر', ('main_message', jdatetime.datetime(1404, 5, 27, 12, 11, 7)): ""از: '336355 - 336355@iau.ir '\n\nبه: 'کارشناسی - sf-105-20733-5-4021@iau.ir '\n\nموضوع: 'پاسخ: درخواست گواهی ثبت پایان نامه پذیرش شده توسط ایرانداک با کد پیگیری 23147592'\n\nبا سلام و عرض ادب \n\nدانشجو کد گرفته الان مرحله 9 می باشد با استاد راهنما تماس بگیرد تا پژوهشیار را تایید کند \n\nبعد انجام مشابهت یابی استاد راهنما تایید کند و بعد دانشجو با هنماهنگی استاد راهنما و داور زمان دفاع را به کارشناس مربوطه اعلام دارد""}",4 days 23:23:21,6 days 09:32:28,False
file_11_38.txt,در خواست کد اخلاق     فایلهای مربوطه pdf و ورد ارسال شد ,2722199769765066,Zahra Zare mirakabad,2722199769.0,40210520733066.0,کارشناسی ارشد ناپیوسته_روان شناسی بالینی_یزد_4021,"{('request_details', jdatetime.datetime(1404, 5, 26, 1, 56, 1)): 'با سلام وادب \n\n. ارسال درخواست مجدد دانشجو جهت اقدام لازم ضمنا قبلا دانشجو درخواست فرستاده وطبق فرمايش دانشجو كارهاي مربوطه را انجام داده است وفرمها را ارسال كرده است\n\nباتشكر', ('main_message', jdatetime.datetime(1404, 5, 26, 1, 56, 7)): ""از: 'کارشناسی - sf-105-20733-5-4021@iau.ir '\n\nبه: 'دانشکده - 336774@iau.ir '\n\nموضوع: 'در خواست کد اخلاق فایلهای مربوطه pdf و ورد ارسال شد '\n\nبا سلام وادب \n\n. ارسال درخواست مجدد دانشجو جهت اقدام لازم ضمنا قبلا دانشجو درخواست فرستاده وطبق فرمايش دانشجو كارهاي مربوطه را انجام داده است وفرمها را ارسال كرده است\n\nباتشكر"", ('request_details', jdatetime.datetime(1404, 5, 26, 12, 9, 1)): '', ('main_message', jdatetime.datetime(1404, 5, 27, 8, 46, 6)): ""از: '336774 - 336774@iau.ir '\n\nبه: 'کارشناسی - sf-105-20733-5-4021@iau.ir '\n\nموضوع: 'پاسخ: در خواست کد اخلاق فایلهای مربوطه pdf و ورد ارسال شد '\n\nبا سلام مدارک دانشجو دیروز به تاریخ 26 مرداد توسط همسرشان تحویل داده شد."", ('request_details', jdatetime.datetime(1404, 5, 27, 10, 3)): 'سلام وعرض ادب\n\nدرخواست شما جهت انجام به كارشناس مربوطه فرستاده شد وجواب كارشناس بدين صورت مي باشد لطفا اگر انجام نشده درخواست مجدد ارسال نماييد\n\nمدارک دانشجو دیروز به تاریخ 26 مرداد توسط همسرشان تحویل داده شد.'}",0 days 00:00:06,1 days 08:06:59,False
file_11_112.txt,در خواست کد اخلاق.          فرمهای مربوطه ایمیل شد,2722199769621195,Zahra Zare mirakabad,2722199769.0,40210520733066.0,کارشناسی ارشد ناپیوسته_روان شناسی بالینی_یزد_4021,"{('request_details', jdatetime.datetime(1404, 5, 9, 5, 5, 54)): '', ('request_details', jdatetime.datetime(1404, 5, 11, 5, 3, 48)): 'با سلام\n\nبه اطلاع می\u200cرساند با توجه به تعطیلات دانشگاه آزاد اسلامی تا تاریخ ۲۵ مرداد ۱۴۰۴، در حال حاضر امکان بررسی و پیگیری درخواست شما وجود ندارد. لطفاً پس از تاریخ مذکور، مجدداً درخواست خود را ثبت نمایید.\n\nبا تشکر'}",1 days 23:57:54,1 days 23:57:54,False
file_11_116.txt,در خواست فرم آمادگی دفاع ,2722199769907254,Zahra Zare mirakabad,2722199769.0,40210520733066.0,کارشناسی ارشد ناپیوسته_روان شناسی بالینی_یزد_4021,"{('request_details', jdatetime.datetime(1404, 5, 8, 11, 33, 48)): '', ('request_details', jdatetime.datetime(1404, 5, 8, 12, 37, 34)): 'عرض سلام وادب\n\nارسال درخواست دانشجو جهت اقدام لازم\n\nباتشكر', ('main_message', jdatetime.datetime(1404, 5, 8, 12, 37, 43)): ""از: 'کارشناسی - sf-105-20733-5-4021@iau.ir '\n\nبه: 'واحد - 356285@iau.ir '\n\nموضوع: 'در خواست فرم آمادگی دفاع '\n\nعرض سلام وادب\n\nارسال درخواست دانشجو جهت اقدام لازم\n\nباتشكر"", ('main_message', jdatetime.datetime(1404, 5, 9, 9, 6, 8)): ""از: '356285 - 356285@iau.ir '\n\nبه: 'کارشناسی - sf-105-20733-5-4021@iau.ir '\n\nموضوع: 'پاسخ: در خواست فرم آمادگی دفاع '\n\nبسمه تعالی\n\nبا سلام و ادب\n\nاحتراما، کارنامه دانشجو بررسی گردید، مشکلی برای دفاع ندارد، فقط کپی مدرک کارشناسی به همراه داشته باشد. بفرمائید فرم مربوطه را از انتشارات دریافت و به اینجانب مراجعه نماید.\n\nالتماس دعا"", ('request_details', jdatetime.datetime(1404, 5, 9, 11, 11, 32)): 'عرض سلام و ادب\n\nاحتراما، کارنامه دانشجو بررسی گردید، مشکلی برای دفاع نداريد، فقط  زمان مراجعه حضوري کپی مدرک کارشناسی به همراه داشته باشيد.  فرم هاي مربوطه به دفاع را از انتشارات دانشگاه دریافت و به كارشناس گروه خود مراجعه نمایيد.\n\nالتماس دعا'}",0 days 01:03:46,0 days 23:37:44,False
file_11_132.txt,در خواست معادل سازی درس حفظ جز سی در دوره کارشناسی با درس انس با قران در ارشد ,2722199769210731,Zahra Zare mirakabad,2722199769.0,40210520733066.0,کارشناسی ارشد ناپیوسته_روان شناسی بالینی_یزد_4021,"{('request_details', jdatetime.datetime(1404, 5, 6, 1, 57, 43)): '', ('request_details', jdatetime.datetime(1404, 5, 6, 2, 27, 48)): 'عرض سلام وادب\n\nارسال درخواست دانشجو جهت اقدام لازم\n\nدر خواست معادل سازی درس حفظ جز ۳۰ قران با درس انس با قران  فایل مربوطه ( ضميمه نامه قبلي مي باشد)نامه تكراري مي باشد', ('main_message', jdatetime.datetime(1404, 5, 6, 2, 27, 54)): ""از: 'کارشناسی - sf-105-20733-5-4021@iau.ir '\n\nبه: 'واحد - 356285@iau.ir '\n\nموضوع: 'در خواست معادل سازی درس حفظ جز سی در دوره کارشناسی با درس انس با قران در ارشد '\n\nعرض سلام وادب\n\nارسال درخواست دانشجو جهت اقدام لازم\n\nدر خواست معادل سازی درس حفظ جز ۳۰ قران با درس انس با قران  فایل مربوطه ( ضميمه نامه قبلي مي باشد)نامه تكراري مي باشد"", ('main_message', jdatetime.datetime(1404, 5, 6, 2, 34, 48)): ""از: '356285 - 356285@iau.ir '\n\nبه: 'کارشناسی - sf-105-20733-5-4021@iau.ir '\n\nموضوع: 'پاسخ: در خواست معادل سازی درس حفظ جز سی در دوره کارشناسی با درس انس با قران در ارشد '\n\nبا سلام و ادب\n\nدر درخواست قبلی ایشان پاسخ داده شد\n\nالتماس دعا"", ('request_details', jdatetime.datetime(1404, 5, 6, 3, 26, 43)): 'با سلام و ادب\n\nاحتراما، دانشجو به هنگام تایید فرم دفاع و یا فارغ التحصیلی کپی نامه مذکور را به همراه داشته باشيد. یک نسخه از نامه فوق را نیز در پرونده ثبت بفرمایند.(نيازي به معادل سازي نداريد)\n\nالتماس دعا'}",0 days 00:30:05,0 days 01:29:00,False
file_11_133.txt,در خواست معادل سازی درس حفظ جز ۳۰ قران با انس با قران  فایل مربوطه بار گذاری شده و در کیف اسناد قابل مشاهده است,2722199769819979,Zahra Zare mirakabad,2722199769.0,40210520733066.0,کارشناسی ارشد ناپیوسته_روان شناسی بالینی_یزد_4021,"{('request_details', jdatetime.datetime(1404, 5, 6, 2, 6, 27)): '------------------------------------------------------------------------------در خواست معادل سازی درس حفظ جز ۳۰ قران با انس با قران  فایل مربوطه بار گذاری شده و در کیف اسناد قابل مشاهده است', ('request_details', jdatetime.datetime(1404, 5, 6, 2, 10, 52)): 'عرض سلام وادب\n\nارسال درخواست دانشجو جهت اقدام لازم\n\nدر خواست معادل سازی درس حفظ جز ۳۰ قران با درس انس با قران  فایل مربوطه بار گذاری شده و در کیف اسناد قابل مشاهده است(فايل ضميمه مي باشد)', ('main_message', jdatetime.datetime(1404, 5, 6, 2, 11, 4)): ""از: 'کارشناسی - sf-105-20733-5-4021@iau.ir '\n\nبه: 'واحد - 356285@iau.ir '\n\nموضوع: 'در خواست معادل سازی درس حفظ جز ۳۰ قران با انس با قران فایل مربوطه بار گذاری شده و در کیف اسناد قابل مشاهده است'\n\nعرض سلام وادب\n\nارسال درخواست دانشجو جهت اقدام لازم\n\nدر خواست معادل سازی درس حفظ جز ۳۰ قران با درس انس با قران  فایل مربوطه بار گذاری شده و در کیف اسناد قابل مشاهده است(فايل ضميمه مي باشد)"", ('main_message', jdatetime.datetime(1404, 5, 6, 2, 33, 47)): ""از: '356285 - 356285@iau.ir '\n\nبه: 'کارشناسی - sf-105-20733-5-4021@iau.ir '\n\nموضوع: 'پاسخ: در خواست معادل سازی درس حفظ جز ۳۰ قران با انس با قران فایل مربوطه بار گذاری شده و در کیف اسناد قابل مشاهده است'\n\nبا سلام و ادب\n\nاحتراما، دانشجو به هنگام تایید فرم دفاع و یا فاررغ التحصیلی کپی نامه مذکور را به همراه داشته باشد. یک نسخه از نامه فوق را نیز در پرونده ثبت بفرمایند.\n\nالتماس دعا"", ('request_details', jdatetime.datetime(1404, 5, 6, 3, 25, 3)): 'با سلام و ادب\n\nاحتراما، دانشجو به هنگام تایید فرم دفاع و یا فارغ التحصیلی کپی نامه مذکور را به همراه داشته باشيد. یک نسخه از نامه فوق را نیز در پرونده ثبت بفرمایند.(نيازي به معادل سازي نداريد)\n\nالتماس دعا'}",0 days 00:04:25,0 days 01:18:36,False
file_11_149.txt,در خواست فرم آمادگی دفاع,2722199769671196,Zahra Zare mirakabad,2722199769.0,40210520733066.0,کارشناسی ارشد ناپیوسته_روان شناسی بالینی_یزد_4021,"{('request_details', jdatetime.datetime(1404, 4, 31, 9, 55, 49)): '', ('request_details', jdatetime.datetime(1404, 5, 4, 10, 25, 10)): 'سلام وعرض ادب\n\nارسال درخواست دانشجو جهت اقدام لازم\n\nباتشكر', ('main_message', jdatetime.datetime(1404, 5, 4, 10, 25, 16)): ""از: 'کارشناسی - sf-105-20733-5-4021@iau.ir '\n\nبه: 'واحد - 356285@iau.ir '\n\nموضوع: 'در خواست فرم آمادگی دفاع'\n\nسلام وعرض ادب\n\nارسال درخواست دانشجو جهت اقدام لازم\n\nباتشكر"", ('main_message', jdatetime.datetime(1404, 5, 5, 4, 49, 34)): ""از: '356285 - 356285@iau.ir '\n\nبه: 'کارشناسی - sf-105-20733-5-4021@iau.ir '\n\nموضوع: 'پاسخ: در خواست فرم آمادگی دفاع'\n\nبا سلام و ادب\n\nاحتراما، با عنایت به عدم ثبت نمره درس کارورزی انترنی مصاحبه تشخیصی، امکان دفاع برای دانشجو وجود ندارد. پس از ثبت نمره مجددا درخواست نماید.ضمنا نمره درس انس با قرآن را نیز باید به همراه داشته باشد\n\nالتماس دعا"", ('request_details', jdatetime.datetime(1404, 5, 6, 11, 49, 3)): 'با سلام و ادب\n\nاحتراما، با عنایت به عدم ثبت نمره درس کارورزی انترنی مصاحبه تشخیصی، امکان دفاع برای دانشجو وجود ندارد. پس از ثبت نمره مجددا درخواست نمایيد.ضمنا نمره درس انس با قرآن را نیز باید به همراه داشته باشد\n\nالتماس دعا'}",4 days 00:29:21,6 days 01:53:14,False
file_11_169.txt,در خواست کد اخلاق,2722199769241850,Zahra Zare mirakabad,2722199769.0,40210520733066.0,کارشناسی ارشد ناپیوسته_روان شناسی بالینی_یزد_4021,"{('request_details', jdatetime.datetime(1404, 4, 30, 7, 56, 49)): '', ('request_details', jdatetime.datetime(1404, 4, 31, 8, 40, 26)): 'عرض سلام وادب\n\nارسال درخواست دانشجو جهت پيگيري لازم\n\nباتشكر', ('main_message', jdatetime.datetime(1404, 4, 31, 8, 40, 32)): ""از: 'کارشناسی - sf-105-20733-5-4021@iau.ir '\n\nبه: 'دانشکده - 336774@iau.ir '\n\nموضوع: 'در خواست کد اخلاق'\n\nعرض سلام وادب\n\nارسال درخواست دانشجو جهت پيگيري لازم\n\nباتشكر"", ('main_message', jdatetime.datetime(1404, 4, 31, 8, 44, 12)): ""از: '336774 - 336774@iau.ir '\n\nبه: 'کارشناسی - sf-105-20733-5-4021@iau.ir '\n\nموضوع: 'پاسخ: در خواست کد اخلاق'\n\nبا سلام مدارک تحویل دانشکده پزشکی شود"", ('request_details', jdatetime.datetime(1404, 4, 31, 12, 58, 41)): 'باسلام وادب\n\nدانشجوي محترم شما باید فرمها را تکمیل نمایيد و همراه با صورتجلسه دفاع پروپزال(از اقای عباسعلی دهقان) و پروپزال امضا شده به ایمیل موجود در فرم ارسال نمایيد دقت کنيد طبق فرمت خواسته شده باشد یعنی فرم اطلاعات اساتید و دانشجو با فرمت word , و بقیه pdf شود و سپس جیمیل نماييد.\n\nمدارک مورد نظر را تکمیل و جیمیل نمایید و چاپ شده ان نیز تحویل دفترپژوهشي دانشكده پزشكي شود ضمنا از زمان دفاع پروپزال بیش از 2 ماه نگذشته باشد.'}",1 days 00:43:37,1 days 05:01:52,False
file_11_173.txt,درخواست اخذ کد پایان نامه برای دانشجویان کارشناسی ارشد و دکتری,2722199769839050,Zahra Zare mirakabad,2722199769.0,40210520733066.0,کارشناسی ارشد ناپیوسته_روان شناسی بالینی_یزد_4021,"{('request_details', jdatetime.datetime(1404, 4, 17, 10, 49, 35)): '', ('request_details', jdatetime.datetime(1404, 4, 17, 10, 57, 35)): 'سلام وعرض ادب جناب مهندس نظري\n\nارسال درخواست دانشجو جهت اقدام لازم\n\nباتشكر', ('request_details', jdatetime.datetime(1404, 4, 22, 9, 59, 48)): 'سلام وعرض ادب\n\nارسال درخواست دانشجو جهت اقدام لازم \n\nباتشكر', ('main_message', jdatetime.datetime(1404, 4, 22, 9, 59, 57)): ""از: 'کارشناسی - sf-105-20733-5-4021@iau.ir '\n\nبه: 'واحد - 336355@iau.ir '\n\nموضوع: 'درخواست اخذ کد پایان نامه برای دانشجویان کارشناسی ارشد و دکتری'\n\nسلام وعرض ادب\n\nارسال درخواست دانشجو جهت اقدام لازم \n\nباتشكر"", ('request_details', jdatetime.datetime(1404, 4, 24, 1, 2, 9)): 'سلام و عرض ادب\n\nبرای دانشجو کد اخذ شد و به مرحله 7 منتقل گردید اکنون دانشجو باید فرم امادگی دفاع را ازانتشارات دانشگاه گرفته تکمیل نموده و بعد از آن در این مرحله بارگذاری نماید .\n\nباتشكر', ('main_message', jdatetime.datetime(1404, 4, 24, 12, 12, 5)): ""از: '336355 - 336355@iau.ir '\n\nبه: 'کارشناسی - sf-105-20733-5-4021@iau.ir '\n\nموضوع: 'پاسخ: درخواست اخذ کد پایان نامه برای دانشجویان کارشناسی ارشد و دکتری'\n\nبا سلام و عرض ادب برای دانشجو کد اخذ شد و به مرحله 7 منتقل گردید اکنون دانشجو باید فرم امادگی دفاع گرفته تکمیل نموده و بعد از آن در این مرحله بارگذاری نماید""}",0 days 00:08:00,7 days 01:22:30,False
