﻿file_name,subject,refrence_code,student_name,national_id,student_id,major,message,latency,duration,is_null
file_18_40.txt,مشکل کارت ورود به جلسه و ارزشیابی اساتید ,2530323641252778,ام البنین عابدی,2530323641.0,403560760.0,کارشناسی پیوسته_روان شناسی_یزد_4031,"{('request_details', jdatetime.datetime(1404, 5, 24, 1, 57, 1)): '------------------------------------------------------------------------------ با عرض سلام و خسته نباشید . مشکل بنده درمورد برگزاری مجدد امتحانات ترم بهمن است . دروس مورد نظر در رابطه با کارت ورود به جلسه مشکل دارد . ارزشیابی استاد را قبول نمیکند و سایت آموزشیار می نویسد ارزشیابی فعال نیست و به من کارت ورود به جلسه را نمی دهد . لطفاً پیگیری کنید تا که من بتوانم کارت را دریافت کنم .', ('request_details', jdatetime.datetime(1404, 5, 27, 1, 57, 42)): '', ('request_details', jdatetime.datetime(1404, 5, 27, 8, 28, 33)): ''}",3 days 00:00:41,3 days 06:31:32,True
file_18_78.txt,در خواست برگزاری امتحان مجدد,2530323641920210,ام البنین عابدی,2530323641.0,403560760.0,کارشناسی پیوسته_روان شناسی_یزد_4031,"{('request_details', jdatetime.datetime(1404, 4, 1, 5, 32, 11)): 'با سلام و احترام\nبه دلیل وجود شرایط غیرقابل\u200c پیشبینی ایجاد شده در خصوص راه\u200cها و وسایل\u200c نقلیه و همچنین امنیت، دوری از محل سکونت، نگرانی و بی\u200cخبری از خانواده و ایجاد شدن فضای استرس\u200cزا و دلهره\u200cآور و تمرکز بسیار پایین به دلیل دوری از پدر و مادر؛ درخواست داریم بنا به گفته ی جناب دکتر دهقان اشکذری و اطلاعیه دانشگاه ازاد اسلامی یزد در خصوص دانشجویان غیربومی، امتحان مجددی برای درس سرکار خانم فاطمه السادات حسینی ""امار استنباطی"" در زمانی که دانشگاه اعلام میکند در نظر گرفته و برگزار شود. کاربرگ ثبت شده است، علاوه بر آن فایل این کاربرگ با همین درخواست نامه ارسال شده است.\nبا تشکر فراوان', ('request_details', jdatetime.datetime(1404, 4, 1, 10, 42, 59)): 'سلام . درخواست شما به کارشناس مربوطه ارجاغ داده شد \n\nبا تشکرو احترام \n\nسید احسان آرمان'}",0 days 05:10:48,0 days 05:10:48,False
file_18_79.txt,درخواست برگزاری امتحان مجدد,2530323641605778,ام البنین عابدی,2530323641.0,403560760.0,کارشناسی پیوسته_روان شناسی_یزد_4031,"{('request_details', jdatetime.datetime(1404, 3, 29, 6, 12, 1)): 'با سلام و احترام \nبه دلیل وجود شرایط غیرقابل\u200c پیشبینی ایجاد شده در خصوص راه\u200cها و وسایل\u200c نقلیه و همچنین امنیت، دوری از محل سکونت، نگرانی و بی\u200cخبری از خانواده و ایجاد شدن فضای استرس\u200cزا و دلهره\u200cآور و تمرکز بسیار پایین به دلیل دوری از پدر و مادر؛ درخواست داریم بنا به گفته ی جناب دکتر دهقان اشکذری و اطلاعیه دانشگاه ازاد اسلامی یزد در خصوص دانشجویان غیربومی، امتحان مجددی برای درس سرکار خانم فاطمه السادات حسینی آمار استنباطی در زمانی که دانشگاه اعلام میکند در نظر گرفته و برگزار شود. کاربرگ ثبت شده است، علاوه بر آن فایل این کاربرگ با همین درخواست نامه ارسال شده است.\nبا تشکر فراوان', ('request_details', jdatetime.datetime(1404, 4, 1, 10, 41, 40)): 'سلام . درخواست شما به کارشناس مربوطه ارجاغ داده شد.\n\nبا تشکر و احترام\n\nسید احسان آرمان'}",3 days 04:29:39,3 days 04:29:39,False
file_18_92.txt,درخواست برگزاری امتحان مجدد,2530323641115689,ام البنین عابدی,2530323641.0,403560760.0,کارشناسی پیوسته_روان شناسی_یزد_4031,"{('request_details', jdatetime.datetime(1404, 3, 27, 9, 59, 1)): 'با سلام و احترام\nبه دلیل وجود شرایط غیرقابل\u200c پیشبینی ایجاد شده در خصوص راه\u200cها و وسایل\u200c نقلیه و همچنین امنیت، دوری از محل سکونت، نگرانی و بی\u200cخبری از خانواده و ایجاد شدن فضای استرس\u200cزا و دلهره\u200cآور و تمرکز بسیار پایین به دلیل دوری از پدر و مادر؛ درخواست داریم بنا به گفته ی جناب دکتر دهقان اشکذری و اطلاعیه دانشگاه ازاد اسلامی یزد در خصوص دانشجویان غیربومی، امتحان مجددی برای درس سرکار خانم فاطمه السادات حسینی ""آمار استنباطی"" در زمانی که دانشگاه اعلام میکند در نظر گرفته و برگزار شود. کاربرگ ثبت شده است، علاوه بر آن فایل این کاربرگ با همین درخواست نامه ارسال شده است.\nبا تشکر فراوان', ('request_details', jdatetime.datetime(1404, 3, 28, 7, 57, 35)): '«درخواست شما دریافت شد، در فرمهای تکمیل شده پیوست یک فرم ناقص است لطفا پس از پیوست فرم مذکور مجددا درخواست خود را ایمیل بفرمایید.'}",0 days 21:58:34,0 days 21:58:34,False
