﻿file_name,subject,refrence_code,student_name,national_id,student_id,major,message,latency,duration,is_null
file_7_27.txt,امتحانات معوق,1200265701391731,Mobina Musavi,1200265701.0,40210521245051.0,کارشناسی پیوسته_مدیریت مالی_یزد_4021,"{('request_details', jdatetime.datetime(1404, 5, 4, 3, 27, 29)): 'مبیناسادات موسوی\n۴۰۲۱۰۵۲۱۲۴۵۰۵۱\nاصول مدیریت مالی دو//۱۱۱۴۱۳۳\nانقلاب اسلامی ایران//۱۹۹۴۱۵۹\nاندیشه های امامین انقلاب اسلامی و وصایای حصرت امام خمینی(ره)//۱۹۹۴۲۴۵\nدانش\u200cخانواده//۱۹۹۴۲۱۶', ('request_details', jdatetime.datetime(1404, 5, 5, 1, 0, 36)): 'با سلام .فرم درخواست امتحان مجدد را تکمیل و مجددا ایمیل. نموده و فرم را ضمیمه نمایید'}",0 days 21:33:07,0 days 21:33:07,False
file_7_29.txt,امتحانات معوق,1200265701357112,Mobina Musavi,1200265701.0,40210521245051.0,کارشناسی پیوسته_مدیریت مالی_یزد_4021,"{('request_details', jdatetime.datetime(1404, 5, 4, 7, 57, 12)): 'مبیناسادات موسوی\n\n\n\n۴۰۲۱۰۵۲۱۲۴۵۰۵۱\n\n\n\nاصول مدیریت مالی دو//۱۱۱۴۱۳۳\n\n\n\nانقلاب اسلامی ایران//۱۹۹۴۱۵۹\n\n\n\nاندیشه های امامین انقلاب اسلامی و وصایای حصرت امام خمینی(ره)//۱۹۹۴۲۴۵\n\n\n\nدانش\u200cخانواده//۱۹۹۴۲۱۶', ('request_details', jdatetime.datetime(1404, 5, 4, 11, 41, 37)): 'با سلام فرم  امتحان مجدد  را تکمیل و ضمیمه ایمیل جدید نموده و ارسال نمایید'}",0 days 03:44:25,0 days 03:44:25,False
file_7_212.txt,درخواست امتحان مجدد,1200265701133719,Mobina Musavi,1200265701.0,40210521245051.0,کارشناسی پیوسته_مدیریت مالی_یزد_4021,"{('request_details', jdatetime.datetime(1404, 3, 27, 3, 1, 50)): '', ('request_details', jdatetime.datetime(1404, 3, 28, 8, 54, 21)): 'با سلام . لطقافرم درخواست امتحان مجدد را تکمیل ، پیوست و درخواست را مجددا ارسال نمایید .', ('request_details', jdatetime.datetime(1404, 4, 1, 8, 26, 18)): 'با سلام . احتراما درخواست دانشجو ارسال می گردد . لازم به ذکر است به نامبرده اطلاع دادم فرم را ارسال فرماید . با تشکر'}",1 days 05:52:31,5 days 05:24:28,False
file_7_213.txt,درخواست امتحان مجدد برای دانشجویان غیر بومی,1200265701768707,Mobina Musavi,1200265701.0,40210521245051.0,کارشناسی پیوسته_مدیریت مالی_یزد_4021,"{('request_details', jdatetime.datetime(1404, 3, 27, 2, 51, 29)): '', ('request_details', jdatetime.datetime(1404, 3, 28, 8, 51, 14)): 'با سلام . لطفا  فرم درخواست امتحان مجدد را تکمیل و پیوست و مجددا  ارسال نمایید .', ('request_details', jdatetime.datetime(1404, 4, 1, 8, 24, 30)): 'با سلام . احتراما درخواست دانشجو ارسال می گردد . ضمنا به نامبرده اطلاع دادم فرم امتحان را تکمیل و ارسال فرماید . با تشکر'}",1 days 05:59:45,5 days 05:33:01,False
