﻿file_name,subject,refrence_code,student_name,national_id,student_id,major,message,latency,duration,is_null
file_9_9.txt,درخواستهای مربوط به دانشجویان نمونه,2550267834675340,Farahnaz Beygi,2550267834.0,40210520803028.0,کارشناسی پیوسته_حقوق_یزد_4021,"{('request_details', jdatetime.datetime(1404, 5, 24, 2, 1, 11)): 'سلام و وقت بخیر \n\nمن یکی از دروس ترم بهمن رو به علت شرایط جنگ آزمون نتونستم بدم و آزمون جبرانی هم تاریخ ۶ شهریور هست برام\u200c. الان دانشگاه تعطیلات هستند و انتخاب واحد ۲۶ مرداد هست. من معدل ام بالای ۱۸ هست و باید حتما ۲۴ واحد بگیرم. اگر امکانش هست مجوز ۲۴ واحد رو برام فعال کنید چون دروس پر می\u200cشوند و حذف و اضافه نمیتونم واحد بگیرم و به مشکل میخورم.', ('request_details', jdatetime.datetime(1404, 5, 27, 10, 47, 34)): 'سلام درخواست دانشجو به كارشناس محترم ارجاع داده مي شود. باتشكر'}",3 days 08:46:23,3 days 08:46:23,False
file_9_21.txt,امتحانات معوق,2550267834118091,Farahnaz Beygi,2550267834.0,40210520803028.0,کارشناسی پیوسته_حقوق_یزد_4021,"{('request_details', jdatetime.datetime(1404, 5, 5, 11, 59, 28)): '۱۴۱۴۳۰۹ کد ارائه\n۱۰۶۸۱۶۵۶۳۶ کد درس\nحقوق جزای اختصاصی ۳ جرایم علیه تمامیت جسمانی افراد \nاستاد درس سید حسین حسینی نیک', ('request_details', jdatetime.datetime(1404, 5, 7, 8, 0, 6)): 'سلام درخواست شما به كارشناس آموزش جناب آقاي لازمي ( مسئول دفتر معاونت آموزش دانشگاه ) ارجاع داده مي شود. و از طريق سامانه آموزشيار يا كانالهاي مجازي اطلاع رساني مي شود. باتشكر'}",1 days 20:00:38,1 days 20:00:38,False
file_9_34.txt,درخواست آزمون جبرانی برای افراد خوابگاهی وغیر بومی,2550267834747881,Farahnaz Beygi,2550267834.0,40210520803028.0,کارشناسی پیوسته_حقوق_یزد_4021,"{('request_details', jdatetime.datetime(1404, 4, 12, 10, 51, 38)): 'سلام و احترام جهت شرکت در آزمون جبرانی برای افراد خوابگاهی و غیر بومی درس جزا اختصاصی۳ با استاد سید حسین حسینی نیک تقاضا مندم.', ('request_details', jdatetime.datetime(1404, 4, 16, 9, 54, 22)): 'باسلام احتراما درخواست شما به آموزش دانشگاه جناب آقای لازمی رییس دفتر معاونت آموزش به شماره تماس(03531872466 ) ارجاع داده می شود و انشاله از طریق گروهها یا سامانه آموزشیار یا فضای مجازی اطلاع رسانی می شود.', ('request_details', jdatetime.datetime(1404, 4, 16, 9, 56, 1)): ''}",3 days 23:02:44,3 days 23:04:23,False
file_9_71.txt,درخواست امتحان مجدد برای افراد خوابگاهی ترم جاری,2550267834564846,Farahnaz Beygi,2550267834.0,40210520803028.0,کارشناسی پیوسته_حقوق_یزد_4021,"{('request_details', jdatetime.datetime(1404, 3, 30, 3, 40, 50)): 'سلام و احترام درخواست امتحان جزا اختصاصی۳ با استاد سید حسین حسینی نیک در ترم جاری به علت غیر بومی(خوابگاهی)و شرایط جنگ با شماره پیگیری ""177486501249287""\nدارم', ('request_details', jdatetime.datetime(1404, 4, 1, 1, 36, 25)): 'قابل توجه دانشجويان غير بومي استان يزد كه باتوجه به شرايط اخير امكان شركت در امتحانات پايان ترم را ندارند جهت ثبت درخواست خود وارد لينك زير شده و اطلاعات مربوطه را ثبت نمایید\n\n https://yazd.iau.ir/fa/form/177\n\nسپس از طريق ايميل دانشگاهي با ذکر اینکه اطلاعات را در لینک مربوطه تکمیل نموده اید نیز درخواست خود را ارائه دهید. ( اسکرین شات از ثبت درس و از طریق ایمیل مجددا ارسال کنید) براي هر امتحان فرم مربوطه در لينك تكميل شود. زمان برگزاری امتحان از طريق معاونت آموزشی متعاقبا اطلاع رسانی می شود .'}",1 days 21:55:35,1 days 21:55:35,False
file_9_116.txt,درخواست پشتیبانی سامانه های مجازی آموزش الکترونیکی (وادانا),255026783485811,Farahnaz Beygi,2550267834.0,40210520803028.0,کارشناسی پیوسته_حقوق_یزد_4021,"{('request_details', jdatetime.datetime(1404, 3, 15, 9, 58, 7)): 'درخواست ترم تابستان ۱۴۰۴', ('request_details', jdatetime.datetime(1404, 3, 18, 8, 7, 39)): 'سلام وقت بخیر درخواست خود را واضح تر بیان کنید'}",2 days 22:09:32,2 days 22:09:32,False
