﻿file_name,subject,refrence_code,student_name,national_id,student_id,major,message,latency,duration,is_null
file_16_6.txt,درخواست دفاع,3060502714339454,سارا رحیمی,3060502714.0,10539700246.0,دکتری عمومی_پزشکی_یزد_3971,"{('request_details', jdatetime.datetime(1404, 5, 30, 11, 4, 4)): 'سرکار خانم جعفری \n\nبا سلام \n\nلطفاً در صورت انجام کار اطلاع داده شود تا درخواست دانشجو بسته شود \n\nبا تشکر', ('request_details', jdatetime.datetime(1404, 5, 30, 12, 32, 49)): ''}",0 days 01:28:45,0 days 01:28:45,True
file_16_17.txt,تاییدیه تحصیلی,306050271464476,سارا رحیمی,3060502714.0,10539700246.0,دکتری عمومی_پزشکی_یزد_3971,"{('request_details', jdatetime.datetime(1404, 5, 25, 9, 42, 31)): '', ('request_details', jdatetime.datetime(1404, 5, 27, 8, 54, 25)): 'دانشجوی محترم\n\nبا سلام\n\nمنظور از تاییدیه تحصیلی چیست؟\n\nلطفا درخواست خود را واضح بفرمایید و مجدد ایمیل نمایید.\n\nباتشکر'}",1 days 23:11:54,1 days 23:11:54,False
file_16_797.txt,مشخص شدن داور,3060502714839021,سارا رحیمی,3060502714.0,10539700246.0,دکتری عمومی_پزشکی_یزد_3971,"{('request_details', jdatetime.datetime(1404, 3, 16, 3, 20, 20)): '', ('request_details', jdatetime.datetime(1404, 3, 20, 9, 49, 21)): 'سرکارخانم جعفری\n\nجناب دهقانی\n\nبا سلام\n\nلطفا در صورت انجام کار اطلاع داده شود تا درخواست داشجو  بسته شود\n\nبا تشکر', ('request_details', jdatetime.datetime(1404, 3, 20, 12, 7, 5)): 'با سلام داور شما خانم دکتر حاجی صفری ، شماره موبایل خانم دکتر به شما ارسال شد در صورتیکه قبول فرمودند پایان نامه به ایشان تحویل و امضا بگیرید و در غیر اینصورت اطلاع دهید تا متخصص زنان دیگری جایگزین شود'}",4 days 06:29:01,4 days 08:46:45,False
file_16_801.txt,تعیین داور,3060502714997854,سارا رحیمی,3060502714.0,10539700246.0,دکتری عمومی_پزشکی_یزد_3971,"{('request_details', jdatetime.datetime(1404, 3, 18, 10, 44, 59)): '', ('request_details', jdatetime.datetime(1404, 3, 20, 9, 52, 41)): 'سرکارخانم جعفری\n\nجناب آقای دهقانی\n\nبا سلام\n\nلطفا در صورت انجام کار اطلاع داده شود تا درخواست داشجو  بسته شود\n\nبا تشکر', ('request_details', jdatetime.datetime(1404, 3, 20, 12, 2, 22)): 'انجام شد'}",1 days 23:07:42,2 days 01:17:23,False
