﻿file_name,subject,refrence_code,student_name,national_id,student_id,major,message,latency,duration,is_null
file_16_479.txt,امتحان مجدد دروس عمومی ,4240525438644435,Rezvan Beheading fard,4240525438.0,40110510119011.0,کارشناسی پیوسته_تکنولوژی اتاق عمل_یزد_4011,"{('request_details', jdatetime.datetime(1404, 4, 5, 3, 21, 32)): 'با سلام و احترام \nبدینوسیله درخواست امتحان مجدد در تابستان 1404 به دلیل عدم شرکت در امتحانات عمومی تیر ماه 1404را اعلام میدارم.\nدروس درخواستی آزمون مجدد به شرح زیر است:\nانقلاب اسلامی ایران،استاد سعید آقایی مورخ:\n3/30در ساعت 08:00\nتاریخ تحلیلی صدر اسلام ،استاد محمد رضا محمودی مورخ:3/31درساعت 15:00\nاسکرین شات درخواست درسایت دانشگاه آزاد یزد به پیوست تقدیم می\u200cگردد.', ('request_details', jdatetime.datetime(1404, 4, 12, 7, 58, 6)): 'دانشجوی محترم\n\n\n\nبا سلام\n\n\n\nدرخواست شما بدون پیوست می باشد لطفا درخواست آزمون مجدد امضاشده خود یا فرم تکمیل شده مربوطه را پیوست نموده و مجددا ایمیل نمایید\n\n\n\nسپاسگزارم'}",7 days 04:36:34,7 days 04:36:34,False
file_16_522.txt,درخواست برگزاری آزمون عمومی مجدد,424052543817631,Rezvan  Behzadi  fard,4240525438.0,40110510119011.0,کارشناسی پیوسته_تکنولوژی اتاق عمل_یزد_4011,"{('request_details', jdatetime.datetime(1404, 4, 6, 4, 35, 25)): 'با سلام و احترام \nبا توجه به تصمیم مسؤلین دانشکده در خصوص عدم برگزاری (شرایط جنگی )اینجانب رضوان بهزادی فرد دانشجوی اتاق عمل تقاضای امتحان مجدد در دروس عمومی را دارم \nدروس عمومی به شرح زیر است:\nانقلاب اسلامی ایران ،سعید آقایی مورخ:\n3/30در ساعت 08:00\nتاریخ تحلیلی صدر اسلام ،محمد رضا محمودی مورخ :\n3/31در ساعت 15:00\nاسکرین شات درخواست درسایت دانشگاه آزاد  یزد به پیوست تقدیم می\u200cشود.', ('request_details', jdatetime.datetime(1404, 4, 10, 10, 1, 32)): 'تکراری است'}",4 days 05:26:07,4 days 05:26:07,False
file_16_532.txt,درخواست برگزاری مجدد دروس عمومی ,4240525438151592,Rezvan Behzadi fard,4240525438.0,40110510119011.0,کارشناسی پیوسته_تکنولوژی اتاق عمل_یزد_4011,"{('request_details', jdatetime.datetime(1404, 4, 7, 9, 6, 6)): '-------------------------------------------------------------------------با سلام و احترام \nبدینوسیله درخواست برگزاری امتحان مجدددرتابستان  1404 به دليل عدم شرکت در امتحانات عمومی تیرماه 1404را اعلام میدارم.\nدروس عمومی درخواستی برای امتحان مجدد به شرح زیر است :\nانقلاب اسلامی\u200cایران،سعید آقایی مورخ:\n3/30درساعت 08:00\nتاریخ تحلیلی صدر اسلام ،محمد رضا محمودی مورخ:\n3/31درساعت 15:00', ('request_details', jdatetime.datetime(1404, 4, 10, 9, 22, 57)): 'درخواست تکراری'}",3 days 00:16:51,3 days 00:16:51,False
file_16_533.txt,درخواست برگزاری مجدد  آزمون دروس  عمومی ,4240525438655787,Rezvan Beheading fard,4240525438.0,40110510119011.0,کارشناسی پیوسته_تکنولوژی اتاق عمل_یزد_4011,"{('request_details', jdatetime.datetime(1404, 4, 7, 9, 17, 36)): '--------------------------------------------------------------------------با سلام و احترام \nبدینوسیله درخواست امتحان مجدد درتابستان 1404 به دلیل عدم شرکت در امتحانات عمومی تیر ماه 1404 را اعلام میدارم.\nانقلاب اسلامی\u200cایران،سعید آقایی مورخ:\n3/30 درساعت 08:00\nتاریخ تحلیلی صدر اسلام،محمد رضا محمودی مورخ:\n3/31در ساعت 15:00\nاسکرین شات درخواست در سایت دانشگاه آزاد  به پیوست تقدیم می\u200cگردد.', ('request_details', jdatetime.datetime(1404, 4, 10, 9, 21, 22)): 'دانشجوی محترم                                                                                               *تکراری\n\n\n\nبا سلام \n\n\n\nدرخواست شما جهت امتحان مجدد درس تاریخ تحلیلی و انقلاب اسلامی ایران به دفتر معاونت آموزشی ارسال گردید \n\n\n\nضمنا درخصوص زمان برگزاری ازمون متعاقبا از طریق کانال های رسمی دانشگاه ازاد اسلامی استان یزد در پلتفرم های ایتا و تلگرام اعلام می گردد.'}",3 days 00:03:46,3 days 00:03:46,False
file_16_534.txt,درخواست برگزاری مجدد آزمون دروس عمومی ,4240525438451219,Rezvan Behzadi fard,4240525438.0,40110510119011.0,کارشناسی پیوسته_تکنولوژی اتاق عمل_یزد_4011,"{('request_details', jdatetime.datetime(1404, 4, 7, 11, 48, 38)): '--------------------------------------------------------------------------با سلام و احترام \nبدینوسیله درخواست امتحان مجدددر تابستان 1404به دلیل عدم شرکت در امتحانات عمومی تیرماه 1404را اعلام میدارم .\nدروس درخواستی به شرح زیر است :\nانقلاب اسلامی\u200cایران،سعید آقایی مورخ:\n3/30در ساعت 08:00\nتاریخ تحلیلی صدر اسلام ،محمد رضا محمودی مورخ:\n3/31در ساعت 15:00\nاسکرین شات درخواست ها  در سایت دانشگاه آزاد به پیوست تقدیم می\u200cگردد.', ('request_details', jdatetime.datetime(1404, 4, 10, 9, 18, 38)): 'دانشجوی محترم\n\n\n\nبا سلام \n\n\n\nدرخواست شما جهت امتحان مجدد درس تاریخ تحلیلی و انقلاب اسلامی ایران به دفتر معاونت آموزشی ارسال گردید \n\n\n\nضمنا درخصوص زمان برگزاری ازمون متعاقبا از طریق کانال های رسمی دانشگاه ازاد اسلامی استان یزد در پلتفرم های ایتا و تلگرام اعلام می گردد.'}",2 days 21:30:00,2 days 21:30:00,False
file_16_687.txt,درخواست امتحان مجدد,4240525438546179,Rezvan Behzadi fard,4240525438.0,40110510119011.0,کارشناسی پیوسته_تکنولوژی اتاق عمل_یزد_4011,"{('request_details', jdatetime.datetime(1404, 4, 4, 8, 7, 8)): 'با سلام و احترام \nبا توجه به تصمیم مسولین دانشکده در خصوص عدم برگزاری امتحانات (شرایط جنگی )اینجانب رضوان بهزادی فرد دانشجوی اتاق عمل تقاضای امتحان مجدد در دروس عمومی ( انقلاب اسلامی ایران و تاریخ تحلیلی صدر اسلام )را دارم', ('request_details', jdatetime.datetime(1404, 4, 5, 10, 52, 22)): 'دانشجوی محترم\n\n\n\nبا سلام\n\n\n\nدرخواست شما بدون پیوست می باشد لطفا درخواست آزمون مجدد امضاشده خود یا فرم تکمیل شده مربوطه را پیوست نموده و مجددا ایمیل نمایید\n\n\n\nسپاسگزارم'}",1 days 02:45:14,1 days 02:45:14,False
