﻿file_name,subject,refrence_code,student_name,national_id,student_id,major,message,latency,duration,is_null
file_8_48.txt,درخواست مدرک آزمون جامع دکتری تخصصی ,3510058161650308,Khadije Ranjbar,3510058161.0,40210521501001.0,دکتری تخصصی_جغرافیا و برنامه ریزی شهری_یزد_4021,"{('request_details', jdatetime.datetime(1404, 3, 10, 4, 41, 47)): '', ('request_details', jdatetime.datetime(1404, 3, 10, 11, 25, 48)): 'سلام وقت \n\nبا توجه به بعد مسافت، کپی یا اسکن مدرک آزمون جامع دکتری را کی و به چه طریقی می توانم بگیرم.\n\nبا تشکر از شما', ('request_details', jdatetime.datetime(1404, 3, 25, 11, 54, 52)): 'باسلام سامانه پاسخگویی ایمیل خراب است لطفا مجددا درخواست ارسال شود. باتشکر'}",0 days 06:44:01,15 days 07:13:05,False
file_8_51.txt,درخواست اینترنت دانشجویی,351005816168515,Khadije Ranjbar,3510058161.0,,دکتری تخصصی_جغرافیا و برنامه ریزی شهری_یزد_4021,"{('request_details', jdatetime.datetime(1404, 2, 28, 10, 42, 20)): '', ('request_details', jdatetime.datetime(1404, 3, 4, 10, 32, 16)): '', ('request_details', jdatetime.datetime(1404, 3, 25, 11, 52, 22)): 'باسلام سامانه پاسخگویی ایمیل خراب است لطفا مجددا درخواست ارسال شود. باتشکر'}",6 days 23:49:56,28 days 01:10:02,False
file_8_52.txt,درخواست اخذ کپی مدرک تحصیلی قبلی,3510058161519276,Khadije Ranjbar,3510058161.0,40210521501001.0,دکتری تخصصی_جغرافیا و برنامه ریزی شهری_یزد_4021,"{('request_details', jdatetime.datetime(1404, 3, 1, 10, 46, 45)): '', ('request_details', jdatetime.datetime(1404, 3, 4, 10, 23, 11)): '', ('request_details', jdatetime.datetime(1404, 3, 25, 11, 52, 6)): 'باسلام سامانه پاسخگویی ایمیل خراب است لطفا مجددا درخواست ارسال شود. باتشکر'}",2 days 23:36:26,24 days 01:05:21,False
file_8_69.txt,درخواست برگزاری جشن های روزهای خاص,3510058161429638,Khadije Ranjbar,3510058161.0,40210521501001.0,دکتری تخصصی_جغرافیا و برنامه ریزی شهری_یزد_4021,"{('request_details', jdatetime.datetime(1404, 3, 1, 10, 48, 57)): '', ('request_details', jdatetime.datetime(1404, 3, 4, 9, 30, 7)): 'باسلام لطفا موضوع درخواستتان را واضح تر بفرمایید . با تشکر', ('request_details', jdatetime.datetime(1404, 3, 4, 9, 59, 39)): ''}",2 days 22:41:10,2 days 23:10:42,False
