﻿file_name,subject,refrence_code,student_name,national_id,student_id,major,message,latency,duration,is_null
file_9_91.txt,درخواست معرفی به استاد,2420884752598740,Fateme Haselpoor,2420884752.0,40110520803194.0,کارشناسی پیوسته_حقوق_یزد_4011,"{('request_details', jdatetime.datetime(1404, 3, 22, 9, 24, 4)): '---------------⭕️ #اطلاعیه_مهم | تغییر روند بررسی درخواست\u200cهای آموزشی از طریق سامانه حامی\n⏺به اطلاع دانشجویان گرامی می\u200cرساند، از این پس نیازی به تکمیل و ارائه فرم\u200cهای کاغذی جهت پیگیری درخواست\u200cهای آموزشی وجود ندارد.\n⏺تمامی مراحل از طریق سامانه ایمیل دانشگاهی و مکاتبه با ""حامی"" انجام خواهد شد.\n⤵️ به عنوان نمونه، در فرآیند درخواست اخذ معرفی به استاد، مراحل زیر طی می\u200cشود:\n〰️ دانشجو: ثبت درخواست از طریق ""حامی""\n〰️ حامی: ارجاع درخواست به کارشناس آموزش جهت بررسی اولیه.\n〰️ کارشناس آموزش: بررسی مدارک تحصیلی (اصل مدرک، تأییدیه تحصیلی و مجوزهای لازم) در صورت کامل بودن مدارک، ارجاع به مسئول امتحانات.\n〰️ مسئول امتحانات دانشکده: بررسی تعداد واحد باقی\u200cمانده، ذکر نام دروس و ارجاع به مدیر محترم گروه.\n〰️ مدیر گروه: تعیین استاد مربوطه برای دروس مشخص شده و اعلام به مدیر آموزش.\n〰️ مدیر آموزش:\n⤵️ الف) اگر مجموع واحدهای باقی\u200cمانده ۴ واحد یا کمتر باشد:\n⬅️ ارجاع درخواست به خدمات کامپیوتری برای ثبت دروس.\n⬅️ خدمات کامپیوتری: ثبت دروس + تهیه لیست تک\u200c نمره ⬅️ ارجاع به امور مالی.⬅️ امور مالی: ثبت شهریه و صدور بدهی ⬅️ ارجاع مجدد به ""حامی"" جهت هماهنگی امتحان. ⤵️ ب) اگر بیش از ۴ واحد باشد:\n⬅️ ارسال درخواست به ستاد جهت اخذ مجوزهای آموزشی.\n⬅️ بررسی پرونده توسط رئیس اداره خدمات آموزشی ⬅️ ارجاع به رئیس اداره کمیسیون.\n⬅️ رئیس کمیسیون: صدور رأی و ارسال به مدیرکل آموزش.\n⬅️ مدیرکل آموزش: تهیه پیش\u200cنویس، اخذ امضا و ارسال رونوشت رسمی به رئیس اداره آموزشی دانشکده → سپس ادامه روند مطابق بند الف.〰️ امتحانات دانشکده: هماهنگی با استاد، دریافت سوالات و اعلام بازه زمانی پیشنهادی برگزاری آزمون به ""حامی"".\n〰️ حامی: اطلاع\u200c رسانی نهایی به دانشجو برای تسویه مالی و حضور در امتحان در بازه تعیین\u200c شده.تـــوجـــه: تأکید می\u200cشود تمامی این فرآیندها صرفاً از طریق ایمیل دانشگاهی و مکاتبه با ""حامی"" قابل پیگیری خواهد بود.', ('request_details', jdatetime.datetime(1404, 3, 22, 12, 1, 28)): 'با سلام \n\nاحتراما موضوع شما مربوط به کارشناس رشته حقوق (سرکار خانم رضایی) به شماره 03531872519 می باشد که ارجاع  داده می شود.با تشکر', ('request_details', jdatetime.datetime(1404, 3, 26, 3, 17, 5)): 'سلام. احتراما با توجه به اختلال بوجود آمده در سامانه ایمیل ؛ در صورت عدم دریافت پاسخ خود لطفا مجددا  نامه جدیدی ایمیل کنید تا اقدامی صورت پذیرد. باتشکر از صبوری شما'}",0 days 02:37:24,3 days 17:53:01,False
file_9_97.txt,رفع نقص از مدرک تحصیلی,2420884752349976,Fateme Haselpoor,2420884752.0,40110520803194.0,کارشناسی پیوسته_حقوق_یزد_4011,"{('request_details', jdatetime.datetime(1404, 3, 21, 2, 36, 5)): 'سلام وقت شما بخیر من داخل وضعیت دانشجویی نوشته عدم مجاز به ثبتنام در نیمسال به علت نقض مدارک خواستم بدونم چ مدارکی باید تحویل بدم مگه؟', ('request_details', jdatetime.datetime(1404, 3, 22, 11, 57, 43)): 'سلام وقت بخیر. منظور همان مدرک تحصیلی پایه اول ( اصل دیپلم یا پیش دانشگاهی ) باید تحویل اداره پذیرش و ثبت نام دهید. باتشکر'}",1 days 09:21:38,1 days 09:21:38,False
file_9_122.txt,درخواست معرفی به استاد,2420884752723149,Fateme Haselpoor,2420884752.0,40110520803194.0,کارشناسی پیوسته_حقوق_یزد_4011,"{('request_details', jdatetime.datetime(1404, 3, 16, 8, 25, 56)): '', ('request_details', jdatetime.datetime(1404, 3, 17, 10, 15, 58)): 'سلام  وقت بخیر درخواست خود را واضح تر بیان کنید باتشکر'}",1 days 01:50:02,1 days 01:50:02,False
file_9_149.txt,درخواست معرفی به استاد,2420884752899266,Fateme Haselpoor,2420884752.0,,کارشناسی پیوسته_حقوق_یزد_4011,"{('request_details', jdatetime.datetime(1404, 2, 26, 9, 45, 27)): '', ('request_details', jdatetime.datetime(1404, 2, 27, 10, 0, 17)): 'سلام وقت بخیر. احترام درخصوص درخواست خود چند خطی بیان کنید.\n\nبا توجه به عنوان موضوع شما مربوط به کارشناس رشته حقوق (سرکار خانم رضایی) به شماره 03531872519 می باشد .با تشکر'}",1 days 00:14:50,1 days 00:14:50,False
