﻿file_name,subject,refrence_code,student_name,national_id,student_id,major,message,latency,duration,is_null
file_18_87.txt,درخواست برگزاری امتحان مجدد ,3140235852849952,ریحانه پورامینی پیرجل,3140235852.0,403566203.0,کارشناسی پیوسته_روان شناسی_یزد_4031,"{('request_details', jdatetime.datetime(1404, 3, 28, 9, 9, 21)): 'با سلام و احترام \nبه دلیل شرایط غیر قابل پیش بینی که به وجود آمده و دوری از محل سکونت و خوانواده و محدودیت در راه ها،بنا به گفته\u200cی دکتر اشکزری درخواست برگزاری مجدد برای درس استاد محمد صالح نشان،  راهنمایی و مشاوره تحصیلی و شغلی را که دانشگاه تاریخ آن را اعلام میکند،داریم', ('request_details', jdatetime.datetime(1404, 3, 28, 10, 42, 33)): '«درخواست شما دریافت شد، اطلاع رسانی های بعدی متعاقبا از طریق کانال های رسمی دانشگاه ازاد اسلامی استان یزد در پلتفرم های ایتا و تلگرام اعلام می گردد.»'}",0 days 01:33:12,0 days 01:33:12,False
file_18_88.txt,درخواست برگزاری امتحان مجدد ,314023585280418,ریحانه پورامینی پیرجل,3140235852.0,403566203.0,کارشناسی پیوسته_روان شناسی_یزد_4031,"{('request_details', jdatetime.datetime(1404, 3, 28, 8, 46, 23)): 'با سلام و احترام\nبه دلیل وجود شرایط غیرقابل\u200c پیشبینی ایجاد شده در خصوص راه\u200cها و وسایل\u200c نقلیه و همچنین امنیت، دوری از محل سکونت، نگرانی و بی\u200cخبری از خانواده و ایجاد شدن فضای استرس\u200cزا و دلهره\u200cآور و تمرکز بسیار پایین به دلیل دوری از پدر و مادر؛ درخواست داریم بنا به گفته ی جناب دکتر دهقان اشکذری و اطلاعیه دانشگاه ازاد اسلامی یزد در خصوص دانشجویان غیربومی، امتحان مجددی برای درس جناب اقای حسن دهشیری ""انقلاب اسلامی ایران"" در زمانی که دانشگاه اعلام میکند در نظر گرفته و برگزار شود. کاربرگ ثبت شده است، علاوه بر آن فایل این کاربرگ با همین درخواست نامه ارسال شده است.\nبا تشکر فراوان', ('request_details', jdatetime.datetime(1404, 3, 28, 8, 58, 25)): '«درخواست شما دریافت شد، اطلاع رسانی های بعدی متعاقبا از طریق کانال های رسمی دانشگاه ازاد اسلامی استان یزد در پلتفرم های ایتا و تلگرام اعلام می گردد.»'}",0 days 00:12:02,0 days 00:12:02,False
file_18_91.txt,درخواست برگزاری امتحان مجدد ,3140235852307328,ریحانه پورامینی پیرجل,3140235852.0,403566203.0,کارشناسی پیوسته_روان شناسی_یزد_4031,"{('request_details', jdatetime.datetime(1404, 3, 27, 10, 42, 42)): 'با سلام و احترام؛\nبه دلیل شرایط غیر قابل پیش بینی بوجود آمده و دوری از محل سکونت و خوانواده و محدودیت در حمل و نقل و راه\u200cها،بنا به گفته\u200cی دکتر اشکزری درخواست برگزاری امتحان مجدد برای درس راهنمایی و مشاوره تحصیلی و شغلی را که دانشگاه تاریخ آن را اعلام می\u200cکند،داریم', ('request_details', jdatetime.datetime(1404, 3, 28, 8, 0, 24)): '«درخواست شما دریافت شد، فرمهای ارسالی ناقص است لطفا پس از تکمیل فرم مجددا درخواست خود را ایمیل فرمایید.'}",0 days 21:17:42,0 days 21:17:42,False
file_18_98.txt,درخواست برگزاری امتحان مجدد,3140235852911758,ریحانه پورامینی پیرجل,3140235852.0,403566203.0,کارشناسی پیوسته_روان شناسی_یزد_4031,"{('request_details', jdatetime.datetime(1404, 3, 27, 2, 16, 49)): 'با سلام و احترام\n به دلیل شرایط غیر قابل پیش بینی که به وجود آمده و دوری از محل سکونت و خوانواده و محدودیت در حمل و نقل و راه\u200cها بنا به گفته\u200cی دکتر اشکزری درخواست داریم امتحان استاد حسن دهشیری،انقلاب اسلامی ايران به زمان دیگری که دانشگاه اعلام می\u200cکند مجددا برگزار شود', ('request_details', jdatetime.datetime(1404, 3, 28, 7, 37, 50)): '«درخواست شما دریافت شد، اطلاع رسانی های بعدی متعاقبا از طریق کانال های رسمی دانشگاه ازاد اسلامی استان یزد در پلتفرم های ایتا و تلگرام اعلام می گردد.»'}",1 days 05:21:01,1 days 05:21:01,False
