﻿file_name,subject,refrence_code,student_name,national_id,student_id,major,message,latency,duration,is_null
file_16_615.txt,درخواست شرکت در امتحانات مجدد تابستان ۱۴۰۴ ,1274555809977476,فاطمه البومرادی,1274555809.0,403591457.0,دکتری عمومی_پزشکی_یزد_4031,"{('request_details', jdatetime.datetime(1404, 4, 6, 1, 20, 44)): '', ('request_details', jdatetime.datetime(1404, 4, 9, 9, 0, 41)): 'دانشجوی محترم\n\n\n\nبا سلام \n\n\n\nدرخواست شما جهت امتحان مجدد درس انس با قرآن به آقای دست افشان ارسال گردید \n\n\n\nضمنا درخصوص زمان برگزاری ازمون متعاقبا از طریق کانال های رسمی دانشگاه ازاد اسلامی استان یزد در پلتفرم های ایتا و تلگرام اعلام می گردد.\n\n\n\nبا تشکر'}",3 days 07:39:57,3 days 07:39:57,False
file_16_616.txt,درخواست شرکت در امتحانات مجدد تابستان ۱۴۰۳ ,1274555809514421,فاطمه البومرادی,1274555809.0,403591457.0,دکتری عمومی_پزشکی_یزد_4031,"{('request_details', jdatetime.datetime(1404, 4, 6, 1, 16, 48)): '', ('request_details', jdatetime.datetime(1404, 4, 9, 8, 48, 52)): 'دانشجوی محترم\n\n\n\nبا سلام \n\n\n\nدرخواست شما جهت امتحان مجدد درس انقلاب اسلامی ایران به آقای دست افشان ارسال گردید \n\n\n\nضمنا درخصوص زمان برگزاری ازمون متعاقبا از طریق کانال های رسمی دانشگاه ازاد اسلامی استان یزد در پلتفرم های ایتا و تلگرام اعلام می گردد.\n\n\n\nبا تشکر'}",3 days 07:32:04,3 days 07:32:04,False
file_16_617.txt,درخواست شرکت در امتحانات مجدد تابستان ۱۴۰۴ ,127455580960379,فاطمه البومرادی,1274555809.0,403591457.0,دکتری عمومی_پزشکی_یزد_4031,"{('request_details', jdatetime.datetime(1404, 4, 6, 1, 17, 53)): '', ('request_details', jdatetime.datetime(1404, 4, 9, 8, 48, 18)): 'دانشجوی محترم\n\n\n\nبا سلام \n\n\n\nدرخواست شما جهت امتحان مجدد درس ایین زندگی به آقای دست افشان ارسال گردید \n\n\n\nضمنا درخصوص زمان برگزاری ازمون متعاقبا از طریق کانال های رسمی دانشگاه ازاد اسلامی استان یزد در پلتفرم های ایتا و تلگرام اعلام می گردد.\n\n\n\nبا تشکر'}",3 days 07:30:25,3 days 07:30:25,False
file_16_626.txt,درخواست شرکت در امتحانات مجدد تابستان ۱۴۰۴ ,1274555809757686,فاطمه البومرادی,1274555809.0,403591457.0,دکتری عمومی_پزشکی_یزد_4031,"{('request_details', jdatetime.datetime(1404, 4, 6, 1, 19, 17)): '', ('request_details', jdatetime.datetime(1404, 4, 9, 8, 36, 2)): 'دانشجوی محترم\n\n\n\nبا سلام \n\n\n\nدرخواست شما جهت امتحان مجدد درس وصایا به آقای دست افشان ارسال گردید \n\n\n\nضمنا درخصوص زمان برگزاری ازمون متعاقبا از طریق کانال های رسمی دانشگاه ازاد اسلامی استان یزد در پلتفرم های ایتا و تلگرام اعلام می گردد.\n\n\n\nبا تشکر'}",3 days 07:16:45,3 days 07:16:45,False
