﻿file_name,subject,refrence_code,student_name,national_id,student_id,major,message,latency,duration,is_null
file_1_31.txt,امتحان مجدد,1990860461461778,Behroz Jamalvand,1990860461.0,40110540891019.0,کارشناسی ناپیوسته_مهندسی حرفه ای مواد ریخته گری_یزد_4011,"{('request_details', jdatetime.datetime(1404, 4, 8, 10, 25, 20)): '------------------------------------------------------------------------------بابت درس اندیشه بدلیل شرایط بد کشور در بحران جنگ مایل ب امتحان مجدد هستم', ('request_details', jdatetime.datetime(1404, 4, 18, 9, 24, 2)): ''}",9 days 22:58:42,9 days 22:58:42,True
file_1_32.txt,امتحان مجدد,1990860461864270,Behroz Jamalvand,1990860461.0,40110540891019.0,کارشناسی ناپیوسته_مهندسی حرفه ای مواد ریخته گری_یزد_4011,"{('request_details', jdatetime.datetime(1404, 4, 8, 10, 31, 24)): '------------------------------------------------------------------------------مایل ب امتحان مجدد تاریخ فرهنگ وتمدن ایران و اسلام میباشم', ('request_details', jdatetime.datetime(1404, 4, 12, 10, 2, 33)): ''}",3 days 23:31:09,3 days 23:31:09,True
file_1_33.txt,امتحان مجدد,1990860461607558,Behroz Jamalvand,1990860461.0,40110540891019.0,کارشناسی ناپیوسته_مهندسی حرفه ای مواد ریخته گری_یزد_4011,"{('request_details', jdatetime.datetime(1404, 4, 8, 10, 33, 37)): '------------------------------------------------------------------------------مایل ب امتحان مجدد تفسیر موضوعی قران هستم', ('request_details', jdatetime.datetime(1404, 4, 12, 10, 2)): ''}",3 days 23:28:23,3 days 23:28:23,True
file_1_34.txt,امتحان مجدد,1990860461794513,Behroz Jamalvand,1990860461.0,40110540891019.0,کارشناسی ناپیوسته_مهندسی حرفه ای مواد ریخته گری_یزد_4011,"{('request_details', jdatetime.datetime(1404, 4, 8, 10, 35, 33)): '------------------------------------------------------------------------------مایل ب انجام امتحان مجدد درس انقلاب اسلامی میباشم', ('request_details', jdatetime.datetime(1404, 4, 12, 10, 0, 36)): ''}",3 days 23:25:03,3 days 23:25:03,True
