﻿file_name,subject,refrence_code,student_name,national_id,student_id,major,message,latency,duration,is_null
file_5_183.txt,درخواست فارغ التحصیلی دانشجویان,21412367476991,Maryam Sooroki,21412367.0,40210520627003.0,کارشناسی ناپیوسته_آموزش و پرورش ابتدایی_یزد_4021,"{('request_details', jdatetime.datetime(1404, 4, 25, 9, 15, 34)): '', ('main_message', jdatetime.datetime(1404, 4, 30, 5, 16, 45)): ""از: '356285 - 356285@iau.ir '\n\nبه: 'کارشناسی - sf-105-20627-3-4021@iau.ir '\n\nموضوع: 'پاسخ: درخواست فارغ التحصیلی دانشجویان'\n\nبا سلام و ادب\n\nاحتراما، واحد های دانشجو بررسی گردید برای فارغ التحصیلی مشکلی ندارد، جهت اخذ و امضاء فرمها به اینجانب مراجعه نماید. \n\nالتماس دعا"", ('request_details', jdatetime.datetime(1404, 4, 30, 7, 45, 44)): 'با سلام و ادب \n\nجناب آقای نظری احتراما خواهشمند است  دستورات لازم در خصوص درخواست دانشجوی نامبرده را صادر فرمایید .\n\nبا تشکر', ('main_message', jdatetime.datetime(1404, 4, 30, 7, 45, 50)): ""از: 'کارشناسی - sf-105-20627-3-4021@iau.ir '\n\nبه: 'واحد - 356285@iau.ir '\n\nموضوع: 'درخواست فارغ التحصیلی دانشجویان'\n\nبا سلام و ادب \n\nجناب آقای نظری احتراما خواهشمند است  دستورات لازم در خصوص درخواست دانشجوی نامبرده را صادر فرمایید .\n\nبا تشکر"", ('request_details', jdatetime.datetime(1404, 5, 4, 10, 19, 56)): 'با سلام و ادب\n\nاحتراما، واحد های درسی شما  بررسی گردید برای فارغ التحصیلی مشکلی ندارید، جهت اخذ و امضاء فرمها به آقای نظری مراجعه نمایید. \n\nالتماس دعا'}",4 days 20:01:11,10 days 01:04:22,False
file_5_244.txt,درخواست فارغ التحصیلی دانشجویان,21412367524095,Maryam Sooroki,21412367.0,40210520627003.0,کارشناسی ناپیوسته_آموزش و پرورش ابتدایی_یزد_4021,"{('request_details', jdatetime.datetime(1404, 3, 31, 12, 56, 30)): '', ('request_details', jdatetime.datetime(1404, 4, 1, 12, 42, 2)): 'با سلام و ادب \n\nجناب آقای نظری خواهشمند است دستورات لازم در خصوص فارغ التحصیلی دانشجوی نامبرده را صادر فرمایید .\n\nموفق باشید .', ('main_message', jdatetime.datetime(1404, 4, 1, 12, 42, 9)): ""از: 'کارشناسی - sf-105-20627-3-4021@iau.ir '\n\nبه: 'واحد - 356285@iau.ir '\n\nموضوع: 'درخواست فارغ التحصیلی دانشجویان'\n\n\n\nبا سلام و ادب \n\nجناب آقای نظری خواهشمند است دستورات لازم در خصوص فارغ التحصیلی دانشجوی نامبرده را صادر فرمایید .\n\nموفق باشید ."", ('main_message', jdatetime.datetime(1404, 4, 2, 9, 28, 35)): ""از: '356285 - 356285@iau.ir '\n\nبه: 'کارشناسی - sf-105-20627-3-4021@iau.ir '\n\nموضوع: 'پاسخ: درخواست فارغ التحصیلی دانشجویان'\n\nبا سلام و ادب\n\nاحتراما، به دانشجو اعلام بفرمائید هر وقت تمامی نمرات ثبت کارنامه شد، درخواست فارغ التحصیلی ثبت نمایند.ایشان نمرات ثبت نشده دارند.\n\nالتماس دعا"", ('request_details', jdatetime.datetime(1404, 4, 9, 2, 34, 19)): 'با سلام و ادب\n\nاحتراما، به استحضار می رساند  هر وقت تمامی نمرات شما ثبت کارنامه شد، درخواست فارغ التحصیلی ثبت نمایید.\n\nالتماس دعا'}",0 days 23:45:32,8 days 13:37:49,False
file_5_245.txt,درخواست فارغ التحصیلی دانشجویان,21412367773414,Maryam Sooroki,21412367.0,40210520627003.0,کارشناسی ناپیوسته_آموزش و پرورش ابتدایی_یزد_4021,"{('request_details', jdatetime.datetime(1404, 3, 31, 1, 0, 45)): '----------------------------------------------------------------------------باعرض سلام و وقت بخیر \nاینجانب درخواست فارغ التحصیلی  خود را خواستارم.', ('request_details', jdatetime.datetime(1404, 4, 1, 12, 41, 22)): 'با سلام و ادب \n\nجناب آقای نظری خواهشمند است دستورات لازم در خصوص فارغ التحصیلی دانشجوی نامبرده را صادر فرمایید .\n\nموفق باشید .', ('main_message', jdatetime.datetime(1404, 4, 1, 12, 41, 28)): ""از: 'کارشناسی - sf-105-20627-3-4021@iau.ir '\n\nبه: 'واحد - 356285@iau.ir '\n\nموضوع: 'درخواست فارغ التحصیلی دانشجویان'\n\nبا سلام و ادب \n\nجناب آقای نظری خواهشمند است دستورات لازم در خصوص فارغ التحصیلی دانشجوی نامبرده را صادر فرمایید .\n\nموفق باشید ."", ('main_message', jdatetime.datetime(1404, 4, 2, 9, 27, 20)): ""از: '356285 - 356285@iau.ir '\n\nبه: 'کارشناسی - sf-105-20627-3-4021@iau.ir '\n\nموضوع: 'پاسخ: درخواست فارغ التحصیلی دانشجویان'\n\nبا سلام و ادب\n\nاحتراما، به دانشجو اعلام بفرمائید هر وقت تمامی نمرات ثبت کارنامه شد، درخواست فارغ التحصیلی ثبت نمایند.ایشان نمرات ثبت نشده دارند.\n\nالتماس دعا"", ('request_details', jdatetime.datetime(1404, 4, 9, 2, 33, 15)): 'با سلام و ادب\n\nاحتراما، به استحضار می رساند  هر وقت تمامی نمرات شما ثبت کارنامه شد، درخواست فارغ التحصیلی ثبت نمایید.\n\nالتماس دعا'}",1 days 11:40:37,9 days 01:32:30,False
file_5_247.txt,درخواست فارغ التحصیلی دانشجویان,21412367517223,Maryam Sooroki,21412367.0,40210520627003.0,کارشناسی ناپیوسته_آموزش و پرورش ابتدایی_یزد_4021,"{('request_details', jdatetime.datetime(1404, 3, 31, 1, 3, 18)): '', ('request_details', jdatetime.datetime(1404, 4, 1, 12, 39, 14)): 'با سلام و ادب \n\nجناب آقای نظری خواهشمند است دستورات لازم در خصوص فارغ التحصیلی دانشجوی نامبرده را صادر فرمایید .\n\nموفق باشید .', ('main_message', jdatetime.datetime(1404, 4, 1, 12, 39, 21)): ""از: 'کارشناسی - sf-105-20627-3-4021@iau.ir '\n\nبه: 'واحد - 356285@iau.ir '\n\nموضوع: 'درخواست فارغ التحصیلی دانشجویان'\n\nبا سلام و ادب \n\nجناب آقای نظری خواهشمند است دستورات لازم در خصوص فارغ التحصیلی دانشجوی نامبرده را صادر فرمایید .\n\nموفق باشید ."", ('main_message', jdatetime.datetime(1404, 4, 2, 9, 25, 6)): ""از: '356285 - 356285@iau.ir '\n\nبه: 'کارشناسی - sf-105-20627-3-4021@iau.ir '\n\nموضوع: 'پاسخ: درخواست فارغ التحصیلی دانشجویان'\n\nبا سلام و ادب\n\nاحتراما، به دانشجو اعلام بفرمائید هر وقت تمامی نمرات ثبت کارنامه شد، درخواست فارغ التحصیلی ثبت نمایند.ایشان نمرات ثبت نشده دارند.\n\nالتماس دعا"", ('request_details', jdatetime.datetime(1404, 4, 9, 2, 31, 16)): 'با سلام و ادب\n\nاحتراما، به استحضار می رساند  هر وقت تمامی نمرات شما ثبت کارنامه شد، درخواست فارغ التحصیلی ثبت نمایید.\n\nالتماس دعا'}",1 days 11:35:56,9 days 01:27:58,False
file_5_248.txt,درخواست فارغ التحصیلی دانشجویان,21412367906577,Maryam Sooroki,21412367.0,40210520627003.0,کارشناسی ناپیوسته_آموزش و پرورش ابتدایی_یزد_4021,"{('request_details', jdatetime.datetime(1404, 3, 31, 1, 2, 6)): '------------------------------------------------------------------------------باعرض سلام و وقت بخیر \nاینجانب درخواست فارغ التحصیلی خودرا خواستارم.', ('request_details', jdatetime.datetime(1404, 4, 1, 12, 25, 48)): 'با سلام و ادب \n\nجناب آقای نظری خواهشمند است دستورات لازم در خصوص فارغ التحصیلی دانشجوی نامبرده را صادر فرمایید .\n\nموفق باشید .', ('main_message', jdatetime.datetime(1404, 4, 1, 12, 25, 55)): ""از: 'کارشناسی - sf-105-20627-3-4021@iau.ir '\n\nبه: 'واحد - 356285@iau.ir '\n\nموضوع: 'درخواست فارغ التحصیلی دانشجویان'\n\nبا سلام و ادب \n\nجناب آقای نظری خواهشمند است دستورات لازم در خصوص فارغ التحصیلی دانشجوی نامبرده را صادر فرمایید .\n\nموفق باشید ."", ('main_message', jdatetime.datetime(1404, 4, 2, 9, 24, 46)): ""از: '356285 - 356285@iau.ir '\n\nبه: 'کارشناسی - sf-105-20627-3-4021@iau.ir '\n\nموضوع: 'پاسخ: درخواست فارغ التحصیلی دانشجویان'\n\nبا سلام و ادب\n\nاحتراما، به دانشجو اعلام بفرمائید هر وقت تمامی نمرات ثبت کارنامه شد، درخواست فارغ التحصیلی ثبت نمایند.ایشان نمرات ثبت نشده دارند.\n\nالتماس دعا"", ('request_details', jdatetime.datetime(1404, 4, 9, 2, 29, 58)): 'با سلام و ادب\n\nاحتراما، به استحضار می رساند  هر وقت تمامی نمرات شما ثبت کارنامه شد، درخواست فارغ التحصیلی ثبت نمایید.\n\nالتماس دعا'}",1 days 11:23:42,9 days 01:27:52,False
file_5_249.txt,درخواست فارغ التحصیلی دانشجویان,21412367545248,Maryam Sooroki,21412367.0,40210520627003.0,کارشناسی ناپیوسته_آموزش و پرورش ابتدایی_یزد_4021,"{('request_details', jdatetime.datetime(1404, 3, 31, 1, 5, 51)): '', ('request_details', jdatetime.datetime(1404, 4, 1, 12, 24, 51)): 'با سلام و ادب \n\nجناب آقای نظری خواهشمند است دستورات لازم در خصوص فارغ التحصیلی دانشجوی نامبرده را صادر فرمایید .\n\nموفق باشید .', ('main_message', jdatetime.datetime(1404, 4, 1, 12, 24, 58)): ""از: 'کارشناسی - sf-105-20627-3-4021@iau.ir '\n\nبه: 'واحد - 356285@iau.ir '\n\nموضوع: 'درخواست فارغ التحصیلی دانشجویان'\n\nبا سلام و ادب \n\nجناب آقای نظری خواهشمند است دستورات لازم در خصوص فارغ التحصیلی دانشجوی نامبرده را صادر فرمایید .\n\nموفق باشید ."", ('main_message', jdatetime.datetime(1404, 4, 2, 9, 24, 24)): ""از: '356285 - 356285@iau.ir '\n\nبه: 'کارشناسی - sf-105-20627-3-4021@iau.ir '\n\nموضوع: 'پاسخ: درخواست فارغ التحصیلی دانشجویان'\n\nبا سلام و ادب\n\nاحتراما، به دانشجو اعلام بفرمائید هر وقت تمامی نمرات ثبت کارنامه شد، درخواست فارغ التحصیلی ثبت نمایند.ایشان نمرات ثبت نشده دارند.\n\nالتماس دعا"", ('request_details', jdatetime.datetime(1404, 4, 9, 2, 28, 1)): 'با سلام و ادب\n\nاحتراما،به استحضار می رساند هر وقت تمامی نمرات  شما ثبت کارنامه شد، درخواست فارغ التحصیلی ثبت نمایید.شما هنوز  نمرات ثبت نشده دارید .\n\nالتماس دعا'}",1 days 11:19:00,9 days 01:22:10,False
file_5_250.txt,درخواست فارغ التحصیلی دانشجویان,21412367478857,Maryam Sooroki,21412367.0,40210520627003.0,کارشناسی ناپیوسته_آموزش و پرورش ابتدایی_یزد_4021,"{('request_details', jdatetime.datetime(1404, 3, 31, 1, 10, 17)): '', ('request_details', jdatetime.datetime(1404, 4, 1, 12, 24, 6)): 'با سلام و ادب \n\nجناب آقای نظری خواهشمند است دستورات لازم در خصوص فارغ التحصیلی دانشجوی نامبرده را صادر فرمایید .\n\nموفق باشید .', ('main_message', jdatetime.datetime(1404, 4, 1, 12, 24, 13)): ""از: 'کارشناسی - sf-105-20627-3-4021@iau.ir '\n\nبه: 'واحد - 356285@iau.ir '\n\nموضوع: 'درخواست فارغ التحصیلی دانشجویان'\n\nبا سلام و ادب \n\nجناب آقای نظری خواهشمند است دستورات لازم در خصوص فارغ التحصیلی دانشجوی نامبرده را صادر فرمایید .\n\nموفق باشید ."", ('main_message', jdatetime.datetime(1404, 4, 2, 9, 23, 58)): ""از: '356285 - 356285@iau.ir '\n\nبه: 'کارشناسی - sf-105-20627-3-4021@iau.ir '\n\nموضوع: 'پاسخ: درخواست فارغ التحصیلی دانشجویان'\n\nبا سلام و ادب\n\nاحتراما، به دانشجو اعلام بفرمائید هر وقت تمامی نمرات ثبت کارنامه شد، درخواست فارغ التحصیلی ثبت نمایند.ایشان نمرات ثبت نشده دارند.\n\nالتماس دعا"", ('request_details', jdatetime.datetime(1404, 4, 9, 2, 25, 55)): 'با سلام و ادب\n\nاحتراما،به اطلاع می رساند که  هر وقت تمامی نمرات شما  ثبت کارنامه شد، درخواست فارغ التحصیلی ثبت نمایید.شما نمرات ثبت نشده دارید.\n\nالتماس دعا'}",1 days 11:13:49,9 days 01:15:38,False
file_5_259.txt,درخواست فارغ التحصیلی دانشجویان,21412367634660,Maryam Sooroki,21412367.0,40210520627003.0,کارشناسی ناپیوسته_آموزش و پرورش ابتدایی_یزد_4021,"{('request_details', jdatetime.datetime(1404, 3, 31, 1, 6, 42)): '', ('request_details', jdatetime.datetime(1404, 4, 1, 12, 23, 20)): 'با سلام و ادب \n\nجناب آقای نظری خواهشمند است دستورات لازم در خصوص فارغ التحصیلی دانشجوی نامبرده را صادر فرمایید .\n\nموفق باشید .', ('main_message', jdatetime.datetime(1404, 4, 1, 12, 23, 27)): ""از: 'کارشناسی - sf-105-20627-3-4021@iau.ir '\n\nبه: 'واحد - 356285@iau.ir '\n\nموضوع: 'درخواست فارغ التحصیلی دانشجویان'\n\nبا سلام و ادب \n\nجناب آقای نظری خواهشمند است دستورات لازم در خصوص فارغ التحصیلی دانشجوی نامبرده را صادر فرمایید .\n\nموفق باشید ."", ('main_message', jdatetime.datetime(1404, 4, 2, 9, 18, 42)): ""از: '356285 - 356285@iau.ir '\n\nبه: 'کارشناسی - sf-105-20627-3-4021@iau.ir '\n\nموضوع: 'پاسخ: درخواست فارغ التحصیلی دانشجویان'\n\nبا سلام و ادب\n\nاحتراما، به دانشجو اعلام بفرمائید هر وقت تمامی نمرات ثبت کارنامه شد، درخواست فارغ التحصیلی ثبت نمایند.ایشان نمرات ثبت نشده دارند.\n\nالتماس دعا"", ('request_details', jdatetime.datetime(1404, 4, 9, 1, 47, 39)): 'با سلام و ادب\n\nاحتراما، به اطلاع می رساند  هر وقت تمامی نمرات ثبت کارنامه شد، درخواست فارغ التحصیلی ثبت نمایید.شما هنوز  نمرات ثبت نشده دارید.\n\nالتماس دعا'}",1 days 11:16:38,9 days 00:40:57,False
