﻿file_name,subject,refrence_code,student_name,national_id,student_id,major,message,latency,duration,is_null
file_16_5.txt,تایید استاد مشاور,1160342652780158,Soheila Shirani,1160342652.0,10539802693.0,دکتری عمومی_پزشکی_یزد_3981,"{('request_details', jdatetime.datetime(1404, 5, 29, 9, 47, 59)): 'سلام وقتتون بخیر \nشرمنده مرحله سه سامانه پژوهشیار نیاز به تایید شما دارد امکانش هست تاییدش کنید و دکتر گلشن فرمودند مرحله تایید ایشون هم شما بزنید مرسی تشکر', ('request_details', jdatetime.datetime(1404, 5, 30, 11, 5, 23)): 'سرکار خانم جعفری \n\nبا سلام \n\nلطفاً در صورت انجام کار اطلاع داده شود تا درخواست دانشجو بسته شود \n\nبا تشکر'}",1 days 01:17:24,1 days 01:17:24,False
file_16_50.txt,با سلام وقتتون بخیر  شیرانی هستم برای ثبت اطلاعات استاد مشاورم در سامانه پژوهشیار مزاحمتون میشم کد ملی ایشون اشتباه ثبت شده میخواستم بدونم الان باید چی کار کنم ؟,1160342652285643,Soheila Shirani,1160342652.0,10539802693.0,دکتری عمومی_پزشکی_یزد_3981,"{('request_details', jdatetime.datetime(1404, 3, 25, 12, 21, 1)): '', ('request_details', jdatetime.datetime(1404, 3, 26, 12, 21, 44)): 'سرکار خانم جعفری\n\nبا سلام \n\nدر صورت انجام درخواست اطلاع داده شود تا درخواست دانشجو بسته شود\n\nبا تشکر', ('main_message', jdatetime.datetime(1404, 3, 26, 12, 21, 51)): ""از: 'دکتری - sf-105-10101-6-3981@iau.ir '\n\nبه: 'Soheila - 1160342652@iau.ir دانشکده - 336774@iau.ir '\n\nموضوع: 'با سلام وقتتون بخیر شیرانی هستم برای ثبت اطلاعات استاد مشاورم در سامانه پژوهشیار مزاحمتون میشم کد ملی ایشون اشتباه ثبت شده میخواستم بدونم الان باید چی کار کنم ؟'\n\n\n\nسرکار خانم جعفری\n\nبا سلام \n\nدر صورت انجام درخواست اطلاع داده شود تا درخواست دانشجو بسته شود\n\nبا تشکر"", ('main_message', jdatetime.datetime(1404, 5, 7, 11, 25, 42)): ""از: '1160342652 - 1160342652@iau.ir '\n\nبه: 'دکتری - sf-105-10101-6-3981@iau.ir tez - tez.yazdmedical@gmail.com '\n\nموضوع: 'ارسال: با سلام وقتتون بخیر شیرانی هستم برای ثبت اطلاعات استاد مشاورم در سامانه پژوهشیار مزاحمتون میشم کد ملی ایشون اشتباه ثبت شده میخواستم بدونم الان باید چی کار کنم ؟'\n\n\n\nسلام خانم جعفری وقتتون بخیر \n\nجهت باز کردن ظرفیت خانم دکتر حاتمی زاده پیامتون میدم \n\nمرسی تشکر"", ('request_details', jdatetime.datetime(1404, 5, 9, 8, 59, 36)): 'دانشجوی گرامی\n\nبا سلام\n\nبا توجه به جوابگویی امور پایان نامه ها  درخواست شما بسته می شود'}",1 days 00:00:43,45 days 20:38:35,False
file_16_52.txt,تایید استاد مشاور در سامانه پژوهشیار,1160342652625216,Soheila Shirani,1160342652.0,10539802693.0,دکتری عمومی_پزشکی_یزد_3981,"{('request_details', jdatetime.datetime(1404, 5, 8, 10, 1, 44)): 'باسلام \nوقتتون بخیر خانم جعفری جهت تایید دکتر حاتمی زاده جهت باز کردن ظرفیت پیام تون میدم', ('request_details', jdatetime.datetime(1404, 5, 9, 8, 30, 58)): 'سرکار خانم جعفری \n\nبا سلام\n\nلطفا در صورت انجام کار اطلاع داده شود تا درخواست دانشجو بسته شود\n\nباتشکر', ('main_message', jdatetime.datetime(1404, 5, 9, 8, 31, 4)): ""از: 'دکتری - sf-105-10101-6-3981@iau.ir '\n\nبه: 'دانشکده - 336774@iau.ir '\n\nموضوع: 'تایید استاد مشاور در سامانه پژوهشیار'\n\nسرکار خانم جعفری \n\nبا سلام\n\nلطفا در صورت انجام کار اطلاع داده شود تا درخواست دانشجو بسته شود\n\nباتشکر"", ('main_message', jdatetime.datetime(1404, 5, 9, 8, 39, 39)): ""از: '336774 - 336774@iau.ir '\n\nبه: 'دکتری - sf-105-10101-6-3981@iau.ir '\n\nموضوع: 'پاسخ: تایید استاد مشاور در سامانه پژوهشیار'\n\nسلام خانم شیرانی\n\nظرفیت دکتر حاتمی زاده درست شد لطفا ایشان را انتخاب نمایید نباید مشکلی داشته باشد ولی در صورت خطا به من اطلاع دهید تا مجدد پیگیر شوم. توجه داشته باشید چنانچه با کد ملی یا شماره همراهشان سرچ کنید چون احتمالا با اسم خطا بدهد."", ('request_details', jdatetime.datetime(1404, 5, 9, 8, 51, 57)): 'پیام امور پایان نامه ها برای شما:\n\nسلام خانم شیرانی\n\nظرفیت دکتر حاتمی زاده درست شد لطفا ایشان را انتخاب نمایید نباید مشکلی داشته باشد ولی در صورت خطا به من اطلاع دهید تا مجدد پیگیر شوم. توجه داشته باشید چنانچه با کد ملی یا شماره همراهشان سرچ کنید چون احتمالا با اسم خطا بدهد.'}",0 days 22:29:14,0 days 22:50:13,False
file_16_753.txt,درخواست اخذ معرفی نامه جهت جمع آوری داده از بیمارستانها، دانشجویان پزشکی و پرستاری,1160342652314255,Soheila Shirani,1160342652.0,10539802693.0,دکتری عمومی_پزشکی_یزد_3981,"{('request_details', jdatetime.datetime(1404, 3, 25, 12, 17, 52)): '', ('request_details', jdatetime.datetime(1404, 3, 26, 12, 14, 52)): 'دانشجوی محترم\n\nبا سلام\n\nلطفا اطلاعات درخواستی خود که شامل نام بیمارستان >جامعه آماری و...را مشخص فرمایید\n\nباتشکر', ('request_details', jdatetime.datetime(1404, 4, 2, 11, 3, 44)): 'دانشجوی محترم\n\nبا سلام\n\nبا توجه به اینکه اطلاعات درخواستی شما کامل نشد درخواست شما بسته می شود مجددا ایمیل خود را که شامل نام بیمارستان >جامعه آماری و...را ثبت نمایید\n\nبا تشکر'}",0 days 23:57:00,7 days 22:45:52,False
file_16_773.txt,درخواست تخفیف شهریه ( چند دانشجویی),1160342652913459,Soheila Shirani,1160342652.0,10539802693.0,دکتری عمومی_پزشکی_یزد_3981,"{('request_details', jdatetime.datetime(1404, 3, 25, 12, 16, 54)): '', ('request_details', jdatetime.datetime(1404, 3, 26, 12, 12, 6)): 'دانشجوی محترم پس از تکمیل فرم مربوطه درخواست شما به آقای معلایی ارجاع می گردد', ('request_details', jdatetime.datetime(1404, 3, 27, 12, 52, 7)): 'دانشجوی محترم\n\nسلام و وقت بخیر انشاله در اوایل مهرماه بعد از انتخاب واحد درخواست ایمیل جدید بدهید تا فرم و مدارک خواسته شده برای شما ارسال و برای نیمسال اول 1404تخفیف محاسبه گردد.باتشکر'}",0 days 23:55:12,2 days 00:35:13,False
