﻿file_name,subject,refrence_code,student_name,national_id,student_id,major,message,latency,duration,is_null
file_16_8.txt,درخواست ارسال پرونده دانشجویان انتقالی به واحد دیگر,3040718460570315,نگین حسن شاهی راویز,3040718460.0,403565430.0,کارشناسی پیوسته_پرستاری_یزد_4031,"{('request_details', jdatetime.datetime(1404, 5, 28, 11, 6, 53)): '', ('request_details', jdatetime.datetime(1404, 5, 29, 9, 34, 57)): 'سرکار خانم خدایی\n\nجناب آقای حجتی\n\nجناب آقای حیدری\n\nبا سلام\n\nلطفا در صورت انجام کار اطلاع داده شود تا درخواست دانشجو بسته شود\n\nباتشکر'}",0 days 22:28:04,0 days 22:28:04,False
file_16_464.txt,برگزاری مجدد امتحانات (و دروس عمومی)با توجه به لغو انها,3040718460688151,نگین حسن شاهی راویز,3040718460.0,403565430.0,کارشناسی پیوسته_پرستاری_یزد_4031,"{('request_details', jdatetime.datetime(1404, 4, 9, 7, 5, 12)): '', ('request_details', jdatetime.datetime(1404, 4, 12, 8, 27, 54)): 'دانشجوی محترم\n\n\n\nبا سلام \n\n\n\nدرخواست شما جهت امتحان مجدد دروس پیوست به آقای دست افشان ارسال گردید \n\n\n\nضمنا درخصوص زمان برگزاری ازمون متعاقبا از طریق کانال های رسمی دانشگاه ازاد اسلامی استان یزد در پلتفرم های ایتا و تلگرام اعلام می گردد.\n\n\n\nبا تشکر'}",3 days 01:22:42,3 days 01:22:42,False
file_16_466.txt,درخواست شرکت در امتحانات تابستان ۱۴۰۴  با سلام  احتراما با توجه به شرایط پیش آمده در کشور و اعلام دانشکده پزشکی علی ابن ابیطالب (ع) یزد، درخواست شرکت در امتحانات تابستان 1404 را دارم.  فرم مربوطه نیز با کد های رهگیری زیر تکمیل شده,3040718460233264,نگین حسن شاهی راویز,3040718460.0,403565430.0,کارشناسی پیوسته_پرستاری_یزد_4031,"{('request_details', jdatetime.datetime(1404, 4, 10, 6, 56, 41)): '', ('request_details', jdatetime.datetime(1404, 4, 12, 8, 20, 38)): 'دانشجوی محترم\n\n\n\nبا سلام \n\n\n\nدرخواست شما جهت امتحان مجدد دروس پیوست به آقای دست افشان ارسال گردید \n\n\n\nضمنا درخصوص زمان برگزاری ازمون متعاقبا از طریق کانال های رسمی دانشگاه ازاد اسلامی استان یزد در پلتفرم های ایتا و تلگرام اعلام می گردد.\n\n\n\nبا تشکر'}",2 days 01:23:57,2 days 01:23:57,False
file_16_661.txt,برگذاری مجدد امتحانات دروس عمومی ,3040718460153977,نگین حسن شاهی راویز,3040718460.0,403565430.0,کارشناسی پیوسته_پرستاری_یزد_4031,"{('request_details', jdatetime.datetime(1404, 4, 4, 5, 24, 41)): '', ('request_details', jdatetime.datetime(1404, 4, 5, 11, 15, 41)): 'دانشجوی محترم\n\n\n\nبا سلام\n\n\n\nدرخواست شما بدون پیوست می باشد لطفا درخواست آزمون مجدد امضاشده خود یا فرم تکمیل شده مربوطه را پیوست نموده و مجددا ایمیل نمایید\n\n\n\nسپاسگزارم'}",1 days 05:51:00,1 days 05:51:00,False
file_16_811.txt,درخواست گواهی اشتغال  به تحصیل,3040718460389086,نگین حسن شاهی راویز,3040718460.0,403565430.0,کارشناسی پیوسته_پرستاری_یزد_4031,"{('request_details', jdatetime.datetime(1404, 3, 13, 11, 49, 39)): '', ('request_details', jdatetime.datetime(1404, 3, 13, 11, 56, 29)): 'سرکار خانم خدایی\n\nباسلام \n\nدر صورت انجام کار اطلاع دهید تا درخواست دانشجو بسته شود\n\nباتشکر', ('request_details', jdatetime.datetime(1404, 3, 20, 11, 39, 22)): 'دانشجو مراجعه کند تا مقصد نامه مشخص و گواهی را دریافت کند'}",0 days 00:06:50,6 days 23:49:43,False
file_16_822.txt,درخواست انتخاب واحد- حذف و اضافه خارج از زمان,3040718460954661,نگین حسن شاهی راویز,3040718460.0,403565430.0,کارشناسی پیوسته_پرستاری_یزد_4031,"{('request_details', jdatetime.datetime(1404, 3, 11, 1, 47)): '', ('request_details', jdatetime.datetime(1404, 3, 12, 10, 14, 59)): 'دانشجوی گرامی\n\nباسلام\n\n در صورتی که درخواست تست ایمیل داده اید دریافت شد وگرنه در هر ترم بازه زمانی انتخاب واحد در سامانه آموزشیار مشخص می شود'}",1 days 08:27:59,1 days 08:27:59,False
file_16_831.txt,درخواست برگزاری کارگاه، سخنرانی، همایش,3040718460990229,نگین حسن شاهی راویز,3040718460.0,403565430.0,کارشناسی پیوسته_پرستاری_یزد_4031,"{('request_details', jdatetime.datetime(1404, 3, 4, 9, 39)): '', ('request_details', jdatetime.datetime(1404, 3, 7, 12, 32, 52)): 'دانشجوی گرامی\n\nبا سلام\n\nلطفا درخواست خود را به طور کامل بفرمایید...نام همایش...تاریخ برگزاری...و...\n\nبا تشکر'}",3 days 02:53:52,3 days 02:53:52,False
