﻿file_name,subject,refrence_code,student_name,national_id,student_id,major,message,latency,duration,is_null
file_12_65.txt,درخواست اخذ مجوز انتخاب واحد ترم تابستان ۱۴۰۴,4220706739724850,reza zarrin,4220706739.0,40210520803079.0,کارشناسی پیوسته_حقوق_یزد_4021,"{('request_details', jdatetime.datetime(1404, 4, 1, 6, 59, 23)): 'باسلام\nاینجانب رضازرین دانشجوی ترم ۴ رشته حقوق درخواست اخذ مجوز انتخاب واحد در ترم تابستان جاری را دارم.\nباتشکر\nرضازرین', ('request_details', jdatetime.datetime(1404, 4, 2, 9, 35, 44)): '', ('request_details', jdatetime.datetime(1404, 4, 5, 12, 56, 46)): ''}",1 days 02:36:21,4 days 05:57:23,True
file_12_76.txt,درخواست شرکت در امتحانات تابستان ۱۴۰۴ ( ویژه دانشجویان غیر بومی استان یزد)دروس مدنی ۴ و مدنی ۵ و جزای عمومی ۳_فرم مربوطه تکمیل شده و پیوست همین درخواست است.,4220706739480664,reza zarrin,4220706739.0,40210520803079.0,کارشناسی پیوسته_حقوق_یزد_4021,"{('request_details', jdatetime.datetime(1404, 3, 27, 5, 12, 52)): 'رضازرین', ('request_details', jdatetime.datetime(1404, 3, 28, 8, 45, 42)): '', ('request_details', jdatetime.datetime(1404, 3, 29, 1, 46, 41)): ''}",1 days 03:32:50,1 days 20:33:49,True
file_12_77.txt,درخواست شرکت در امتحانات تابستان ۱۴۰۴ ( ویژه دانشجویان غیر بومی استان یزد)درس مدنی ۴،فرم مربوطه تکمیل شده است و پیوست همین درخواست است.,4220706739759084,reza zarrin,4220706739.0,40210520803079.0,کارشناسی پیوسته_حقوق_یزد_4021,"{('request_details', jdatetime.datetime(1404, 3, 27, 5, 9, 27)): '', ('request_details', jdatetime.datetime(1404, 3, 28, 8, 47, 30)): '', ('request_details', jdatetime.datetime(1404, 3, 29, 1, 46, 18)): ''}",1 days 03:38:03,1 days 20:36:51,True
file_12_78.txt,درخواست شرکت در امتحانات تابستان ۱۴۰۴ ( ویژه دانشجویان غیر بومی استان یزد)درس مدنی ۵،فرم مربوطه تکمیل شده است و در پیوست همین درخواست است.,4220706739370684,reza zarrin,4220706739.0,40210520803079.0,کارشناسی پیوسته_حقوق_یزد_4021,"{('request_details', jdatetime.datetime(1404, 3, 27, 5, 4, 39)): '', ('request_details', jdatetime.datetime(1404, 3, 28, 8, 48, 1)): '', ('request_details', jdatetime.datetime(1404, 3, 29, 1, 45, 56)): ''}",1 days 03:43:22,1 days 20:41:17,True
file_12_79.txt,درخواست شرکت در امتحانات تابستان ۱۴۰۴ ( ویژه دانشجویان غیر بومی استان یزد)مدنی۴،مدنی ۵،جزای عمومی ۳,4220706739230914,reza zarrin,4220706739.0,40210520803079.0,کارشناسی پیوسته_حقوق_یزد_4021,"{('request_details', jdatetime.datetime(1404, 3, 27, 4, 35, 46)): '', ('request_details', jdatetime.datetime(1404, 3, 28, 8, 48, 25)): '', ('request_details', jdatetime.datetime(1404, 3, 29, 1, 45, 10)): ''}",1 days 04:12:39,1 days 21:09:24,True
file_12_80.txt,درخواست شرکت در امتحانات تابستان ۱۴۰۴ ( ویژه دانشجویان غیر بومی استان یزد)درس جزای عمومی ۳،فرم مربوطه تکمیل شده و پیوست شده است. ,4220706739460871,reza zarrin,4220706739.0,40210520803079.0,کارشناسی پیوسته_حقوق_یزد_4021,"{('request_details', jdatetime.datetime(1404, 3, 27, 5, 1, 5)): '', ('request_details', jdatetime.datetime(1404, 3, 28, 8, 49, 7)): '', ('request_details', jdatetime.datetime(1404, 3, 29, 1, 44, 45)): ''}",1 days 03:48:02,1 days 20:43:40,True
file_12_81.txt,درخواست شرکت در امتحانات تابستان ۱۴۰۴ ( ویژه دانشجویان غیر بومی استان یزد)مدنی ،مدنی۵،جزای عمومی ۳,422070673928561,reza zarrin,4220706739.0,40210520803079.0,کارشناسی پیوسته_حقوق_یزد_4021,"{('request_details', jdatetime.datetime(1404, 3, 27, 4, 52, 53)): '', ('request_details', jdatetime.datetime(1404, 3, 28, 8, 49, 31)): '', ('request_details', jdatetime.datetime(1404, 3, 29, 1, 43, 35)): ''}",1 days 03:56:38,1 days 20:50:42,True
file_12_82.txt,درخواست شرکت در امتحانات تابستان ۱۴۰۴ ویژه دانشجویان غیربومی(درس تجارت۴),4220706739805081,reza zarrin,4220706739.0,40210520803079.0,کارشناسی پیوسته_حقوق_یزد_4021,"{('request_details', jdatetime.datetime(1404, 3, 28, 7, 48, 29)): 'باسلام\nاینجانب رضا زرین دانشجوی غیربومی رشته حقوق باتوجه به شرایط جنگی کشور امکان حضور در شهر یزد و جلسه امتحان را در درس تجارت۴ نداشتم لذا با تکمیل فرم مربوطه به صورت الکترونیکی که ضمیمه همین درخواست میباشد،درخواست شرکت در امتحان مجدد را دارم.\nرضازرین', ('request_details', jdatetime.datetime(1404, 3, 29, 1, 42, 40)): ''}",0 days 17:54:11,0 days 17:54:11,True
file_12_83.txt,درخواست شرکت در امتحانات تابستان ۱۴۰۴ ویژه دانشجویان غیربومی(درس مدنی۴),4220706739730656,reza zarrin,4220706739.0,40210520803079.0,کارشناسی پیوسته_حقوق_یزد_4021,"{('request_details', jdatetime.datetime(1404, 3, 28, 8, 0, 41)): 'باسلام\nاینجانب رضا زرین دانشجوی غیربومی رشته حقوق باتوجه به شرایط جنگی کشور امکان حضور در شهر یزد و جلسه امتحان را در درس مدنی ۴ نداشتم لذا با تکمیل فرم مربوطه به صورت الکترونیکی که ضمیمه همین درخواست میباشد،درخواست شرکت در امتحان مجدد را دارم.\nرضازرین', ('request_details', jdatetime.datetime(1404, 3, 29, 1, 41, 52)): ''}",0 days 17:41:11,0 days 17:41:11,True
file_12_85.txt,درخواست شرکت در امتحانات تابستان۱۴۰۴ ویژه دانشجویان غیربومی(درس جزای عمومی۳),4220706739249619,reza zarrin,4220706739.0,40210520803079.0,کارشناسی پیوسته_حقوق_یزد_4021,"{('request_details', jdatetime.datetime(1404, 3, 28, 8, 2, 48)): 'باسلام\nاینجانب رضا زرین دانشجوی غیربومی رشته حقوق باتوجه به شرایط جنگی کشور امکان حضور در شهر یزد و جلسه امتحان را در درس جزای عمومی ۳ نداشتم لذا با تکمیل فرم مربوطه به صورت الکترونیکی که ضمیمه همین درخواست میباشد،درخواست شرکت در امتحان مجدد را دارم.\nرضازرین', ('request_details', jdatetime.datetime(1404, 3, 29, 1, 26, 26)): ''}",0 days 17:23:38,0 days 17:23:38,True
file_12_86.txt,درخواست شرکت در امتحانات تابستان۱۴۰۴ ویژه دانشجویان غیربومی(درس مدنی۵),4220706739728584,reza zarrin,4220706739.0,40210520803079.0,کارشناسی پیوسته_حقوق_یزد_4021,"{('request_details', jdatetime.datetime(1404, 3, 28, 8, 5, 17)): 'باسلام\nاینجانب رضا زرین دانشجوی غیربومی رشته حقوق باتوجه به شرایط جنگی کشور امکان حضور در شهر یزد و جلسه امتحان را در درس مدنی ۵ نداشتم لذا با تکمیل فرم مربوطه به صورت الکترونیکی که ضمیمه همین درخواست میباشد،درخواست شرکت در امتحان مجدد را دارم.\nرضازرین', ('request_details', jdatetime.datetime(1404, 3, 29, 1, 25, 14)): ''}",0 days 17:19:57,0 days 17:19:57,True
