﻿file_name,subject,refrence_code,student_name,national_id,student_id,major,message,latency,duration,is_null
file_14_22.txt,مجوز اخذ انتخاب واحد تابستان ,1830815784575658,Hanye Baghery,1830815784.0,402724152.0,کارشناسی پیوسته_مترجمی زبان انگلیسی_یزد_4021,"{('request_details', jdatetime.datetime(1404, 3, 15, 3, 1, 4)): 'باسلام\nوقتتون بخیر درخواست اخذ ترم تابستان رو دارم\nغیر از فرستادن درخواست از طریق ایمیل کار دیگه ای هم نیازه انجام بدم؟', ('request_details', jdatetime.datetime(1404, 3, 17, 10, 2, 59)): '', ('main_message', jdatetime.datetime(1404, 3, 17, 10, 3, 6)): ""از: 'کارشناسی - sf-105-20315-4-4021@iau.ir '\n\nبه: 'واحد - 356288@iau.ir '\n\nموضوع: 'مجوز اخذ انتخاب واحد تابستان '"", ('main_message', jdatetime.datetime(1404, 3, 20, 9, 56, 58)): ""از: '356288 - 356288@iau.ir '\n\nبه: 'کارشناسی - sf-105-20315-4-4021@iau.ir '\n\nموضوع: 'پاسخ: مجوز اخذ انتخاب واحد تابستان '\n\n\n\nسلام به مدير گروه زبان مراجعه كنيد"", ('request_details', jdatetime.datetime(1404, 5, 9, 7, 22, 40)): ''}",2 days 07:01:55,56 days 04:21:36,False
file_14_65.txt,از من بپرس (اخذ راهنمایی اداری),1830815784260211,Hanye Baghery,1830815784.0,402724152.0,کارشناسی پیوسته_مترجمی زبان انگلیسی_یزد_4021,"{('request_details', jdatetime.datetime(1404, 4, 10, 2, 37, 42)): 'سلام وقت بخیر\nمن فرم امتحان مجدد رو پر کردم و ایمیل زدم گفتید به کارشناس مربوطه ارسال شد \nاز کجا باید پیگیری کنم و ببینم کی برگزار میشه؟', ('request_details', jdatetime.datetime(1404, 4, 12, 9, 2, 13)): 'با سلام\n\nتاریخ برگزاری امتحان مجدد در سایت دانشگاه و گروه های دانشگاه اعلام می شود.\n\nبا تشکر'}",2 days 06:24:31,2 days 06:24:31,False
file_14_66.txt,مجوز ترم تابستان,183081578489733,Hanye Baghery,1830815784.0,402724152.0,کارشناسی پیوسته_مترجمی زبان انگلیسی_یزد_4021,"{('request_details', jdatetime.datetime(1404, 4, 7, 3, 6, 57)): 'سلام وقت بخیر\nقصد اخذ مجوز ترم تابستان رو دارم.گفتن که باید ایمیل بزنیم کار دیگه ای نیازه که انجام\u200c بدم؟', ('request_details', jdatetime.datetime(1404, 4, 8, 7, 50, 19)): 'با سلام\n\nاول درخواست انتخاب واحد ترم تابستان بعد پرداخت شهریه مرحله بعد انتخاب واحد هست\n\nطبق برنامه زمانبندی که از ساعت 8 ۹ تیرماه اغاز می شود'}",1 days 04:43:22,1 days 04:43:22,False
file_14_74.txt,کارزار برگزاری مجدد امتحانات پایان ترم در تابستان ,1830815784907651,Hanye Baghery,1830815784.0,402724152.0,کارشناسی پیوسته_مترجمی زبان انگلیسی_یزد_4021,"{('request_details', jdatetime.datetime(1404, 3, 31, 6, 40, 33)): 'سلام \nمن فرم کارزار برگزاری مجدد امتحانات پایان ترم برای تابستان پر کردم گفتن باید ایمیل هم بکنم\nخواستم بدونم کی برگزار میشه', ('request_details', jdatetime.datetime(1404, 4, 2, 8, 33, 46)): 'با سلام\n\nایمیل شما دریافت شد و جهت رسیدگی به کارشناس مربوطه ارسال گردید.\n\nبا تشکر'}",2 days 01:53:13,2 days 01:53:13,False
file_14_75.txt,از من بپرس (اخذ راهنمایی اداری),1830815784729076,Hanye Baghery,1830815784.0,402724152.0,کارشناسی پیوسته_مترجمی زبان انگلیسی_یزد_4021,"{('request_details', jdatetime.datetime(1404, 3, 16, 3, 46, 2)): 'سلام وقتتون بخیر خسته نباشید \nتو ترم تابستان امکان داره ۲تا معارف رو باهم برداشت؟', ('request_details', jdatetime.datetime(1404, 3, 17, 10, 3, 43)): 'با سلام\n\nلطفا موضوع درخواست خود را اعلام کنید.'}",1 days 06:17:41,1 days 06:17:41,False
file_14_113.txt,از من بپرس (اخذ راهنمایی اداری),1830815784714597,Hanye Baghery,1830815784.0,,کارشناسی پیوسته_مترجمی زبان انگلیسی_یزد_4021,"{('request_details', jdatetime.datetime(1404, 2, 24, 11, 11, 13)): 'سلام وقت بخیر برای ترم تابستان دروس انس با قرآن و وصایا مازاد حساب میشن یا نه؟', ('request_details', jdatetime.datetime(1404, 2, 25, 8, 4, 16)): 'با سلام\n\nدر تابستان 8 واحد (تخصصی،عمومی + انس با قران و وصایا، تربیت بدنی، ورزش )می توانید اخذ کنید\n\nبا تشکر'}",0 days 20:53:03,0 days 20:53:03,False
