﻿file_name,subject,refrence_code,student_name,national_id,student_id,major,message,latency,duration,is_null
file_9_72.txt,درخواست ویرایش اطلاعات دانشجویی(شامل : تغییر شماره همراه ، اصلاح اطلاعات شناسنامه ای ، ),2550112865932465,Azam Zarei,2550112865.0,402724061.0,کارشناسی پیوسته_حقوق_یزد_4021,"{('request_details', jdatetime.datetime(1404, 3, 30, 2, 21, 5)): '------------------------------------------------------------------------------باسلام واحترام\nدرخواست تغيير اطلاعات دانشجويي به دليل تغيير نامم در شناسنامه رودارم', ('request_details', jdatetime.datetime(1404, 4, 1, 1, 31, 47)): 'سلام وقت بخیر. شماره موبایلی که می خواهید تغییر کند و به همراه تصویر شناسنامه صفحه اول و توضیحات اسکن شده از طریق ایمیل بفرستید.\n\n در صورت نیاز با اداره پذیرش و ثبت نام هماهنگ کنید شماره تماس 03531872480'}",1 days 23:10:42,1 days 23:10:42,False
file_9_73.txt,درخواست ویرایش اطلاعات دانشجویی(شامل : تغییر شماره همراه ، اصلاح اطلاعات شناسنامه ای ، ),2550112865163613,Azam Zarei,2550112865.0,402724061.0,کارشناسی پیوسته_حقوق_یزد_4021,"{('request_details', jdatetime.datetime(1404, 3, 30, 2, 11, 19)): 'با سلام واحترام \n\nدرخواست تغییر اطلاعات شناسنامه رو دارم\u200c چون\u200c نامم در شناسنامه به\u200c سوگل تغییر پيدا کرده\u200c و می\u200cخوام اين تغيير نام اعمال\u200c بشه', ('request_details', jdatetime.datetime(1404, 4, 1, 1, 28, 40)): 'سلام وقت بخیر. شماره موبایلی که می خواهید تغییر کند و به همراه تصویر شناسنامه صفحه اول و توضیحات اسکن شده از طریق ایمیل بفرستید.\n\n در صورت نیاز با اداره پذیرش و ثبت نام هماهنگ کنید شماره تماس 03531872480'}",1 days 23:17:21,1 days 23:17:21,False
file_9_103.txt,درخواست أخذ ترم تابستان ,2550112865967608,Azam Zarei,2550112865.0,402724061.0,کارشناسی پیوسته_حقوق_یزد_4021,"{('request_details', jdatetime.datetime(1404, 3, 16, 6, 14, 52)): 'با سلام و احترام \nاينجانب اعظم زارعی درخواست أخذ ترم تابستان را دارم', ('request_details', jdatetime.datetime(1404, 3, 18, 3, 15, 9)): 'سلام وقت بخیر درخواست خود را واضح تر بیان کنید باتشکر', ('request_details', jdatetime.datetime(1404, 3, 18, 3, 59, 43)): 'سلام وقت بخیر طبق سنوات گذشته بازه زمانی انتخاب واحد ترم تابستانه سراسر کشور  از /04/07  الی  /04/12  بوده است و در این بازه زمانی  تاریخ انتخاب واحد دانشگاه آزاد یزد از طریق سامانه آموزشیار اطلاع رسانی می شود. ضمنا شروع کلاس ها 04/16/  و بصورت غیر حضوری  و فقط دروس عمومی می باشد. درصورت نیاز به دروس تخصصی با مدیرگروه رشته خود هماهنگ کنید. باتشکر'}",1 days 21:00:17,1 days 21:44:51,False
file_9_137.txt,درخواست خلاصه وضعیت تحصیلی,2550112865274558,Azam Zarei,2550112865.0,,کارشناسی پیوسته_حقوق_یزد_4021,"{('request_details', jdatetime.datetime(1404, 2, 25, 1, 4, 23)): 'سلام وقت بخیر. جهت جوابگویی سوال شما به کارشناس مربوطه ارسال می گردد. ( باتوجه به اینکه برنامه ایمیل ها مشکل داشته پاسخگویی به شما به روز یکشنبه موکول می شود از صبوری شما کمال تشکر دارم) ------------------------------------------------------------------------------باسلام و احترام\nلطفأ با توجه\u200c به\u200c ۶واحد عمومي تطبیق داده شده مابقی دروس\u200c عمومي که\u200c اينجانب بايد پاس کنم\u200c و برای من ارسال بفرمایید', ('request_details', jdatetime.datetime(1404, 2, 25, 9, 1, 3)): '', ('request_details', jdatetime.datetime(1404, 3, 1, 11, 51, 29)): 'لطفأ با توجه\u200c به\u200c ۶واحد عمومي تطبیق داده شده مابقی دروس\u200c عمومي که\u200c اينجانب بايد پاس کنم\u200c و برای من ارسال بفرمایید', ('request_details', jdatetime.datetime(1404, 3, 1, 12, 53, 37)): 'با سلام احتراما پاسخ کارشناس براین اساس می باشد:\n\nلطفا چارت درسي گروه مربوطه را از انتشارات دانشگاه تهيه و دروس باقيمانده را بررسي نماييد.شماره تماس انتشارات دانشگاه خانم یاوری09189647130'}",0 days 07:56:40,7 days 11:49:14,False
