﻿file_name,subject,refrence_code,student_name,national_id,student_id,major,message,latency,duration,is_null
file_16_364.txt,درخواست امتحان مجدد دروس عمومی,2400302278379746,Sara Setayesh,2400302278.0,40110510401061.0,کارشناسی پیوسته_پرستاری_یزد_4011,"{('request_details', jdatetime.datetime(1404, 4, 5, 2, 15, 48)): 'با عرض سلام واحترام\nدر خواست امتحان مجدد درس های عمومی را که به دلیل شرایط کشور نتوانستم امتحان بدهم را دارم\nتفسیر موضوعی قرآن،خانم شهربانو مهینی بجستانی،امتحان:در تاریخ ۱۴۰۴/۳/۳۰در ساعت۱۵:۰۰\nانقلاب اسلامی ایران،محمد علی میرعلی بیدآخویدی،امتحان:در تاریخ ۱۴۰۴/۳/۳۰در ساعت ۸:۰۰ صبح\nاطلاعات را در لینک https://yazd.iau.ir/fa/form/177 پر کرده ام', ('request_details', jdatetime.datetime(1404, 4, 12, 10, 7, 26)): 'دانشجوی محترم\n\n\n\nبا سلام\n\n\n\nدرخواست شما بدون پیوست می باشد لطفا درخواست آزمون مجدد امضاشده خود یا فرم تکمیل شده مربوطه را پیوست نموده و مجددا ایمیل نمایید\n\n\n\nسپاسگزارم'}",7 days 07:51:38,7 days 07:51:38,False
file_16_394.txt,درخواست امتحان مجدد دروس عمومی,2400302278379746,Sara Setayesh,2400302278.0,40110510401061.0,کارشناسی پیوسته_پرستاری_یزد_4011,"{('request_details', jdatetime.datetime(1404, 4, 5, 2, 15, 48)): 'با عرض سلام واحترام\nدر خواست امتحان مجدد درس های عمومی را که به دلیل شرایط کشور نتوانستم امتحان بدهم را دارم\nتفسیر موضوعی قرآن،خانم شهربانو مهینی بجستانی،امتحان:در تاریخ ۱۴۰۴/۳/۳۰در ساعت۱۵:۰۰\nانقلاب اسلامی ایران،محمد علی میرعلی بیدآخویدی،امتحان:در تاریخ ۱۴۰۴/۳/۳۰در ساعت ۸:۰۰ صبح\nاطلاعات را در لینک https://yazd.iau.ir/fa/form/177 پر کرده ام', ('request_details', jdatetime.datetime(1404, 4, 12, 10, 7, 26)): 'دانشجوی محترم\n\n\n\nبا سلام\n\n\n\nدرخواست شما بدون پیوست می باشد لطفا درخواست آزمون مجدد امضاشده خود یا فرم تکمیل شده مربوطه را پیوست نموده و مجددا ایمیل نمایید\n\n\n\nسپاسگزارم'}",7 days 07:51:38,7 days 07:51:38,False
file_16_429.txt,درخواست ازمون مجدد دروس عمومی دانشکده علی بن ابی طالب,2400302278653304,Sara Setayesh,2400302278.0,40110510401061.0,کارشناسی پیوسته_پرستاری_یزد_4011,"{('request_details', jdatetime.datetime(1404, 4, 6, 8, 9, 11)): 'با سلام\nاحتراما با توجه به شرایط پیش آمده در کشور و اعلام دانشکده پزشکی علی ابن ابیطالب (ع) یزد، درخواست شرکت در امتحانات تابستان 1404 در دو درس تفسیر موضوعی قرآن و انقلاب اسلامی ایران را دارم.\nانقلاب اسلامی ایران ،محمد علی میر علی بیدآخویدی ساعت۸:۰۰ در \nتاریخ۱۴۰۴/۳/۳۰\nتفسیر موضوعی قرآن شهربانو مهینی بجستانی ساعت۱۵:۰۰\nدر تاریخ۱۴۰۴/۳/۳۰\nساراستایش \nپرستاری علی بن ابی طالب\n۲۴۰۰۳۰۲۲۷۸\n40110510401061', ('request_details', jdatetime.datetime(1404, 4, 12, 9, 16, 53)): 'دانشجوی محترم\n\n\n\nبا سلام \n\n\n\nدرخواست شما جهت امتحان مجدد درس انقلاب اسلامی ایران و تفسیربه آقای دست افشان ارسال گردید \n\n\n\nضمنا درخصوص زمان برگزاری ازمون متعاقبا از طریق کانال های رسمی دانشگاه ازاد اسلامی استان یزد در پلتفرم های ایتا و تلگرام اعلام می گردد.\n\n\n\nبا تشکر'}",6 days 01:07:42,6 days 01:07:42,False
file_16_666.txt,درخواست امتحان مجدد,2400302278280700,Sara Setayesh,2400302278.0,40110510401061.0,کارشناسی پیوسته_پرستاری_یزد_4011,"{('request_details', jdatetime.datetime(1404, 4, 4, 8, 23, 51)): 'به خاطر شرایط کشور توانایی شرکت در امتحانات عمومی(انقلاب اسلامی ایران،تفسیر موضعی قرآن)رانداشته ام اطلاعاتم را در این لینک وارد کرده امhttps://yazd.iau.ir/fa/form/177  و درخواست ازمون مجدد دارم', ('request_details', jdatetime.datetime(1404, 4, 5, 11, 8, 23)): 'دانشجوی محترم\n\n\n\nبا سلام\n\n\n\nدرخواست شما بدون پیوست می باشد لطفا درخواست آزمون مجدد امضاشده خود یا فرم تکمیل شده مربوطه را پیوست نموده و مجددا ایمیل نمایید\n\n\n\nسپاسگزارم'}",1 days 02:44:32,1 days 02:44:32,False
