﻿file_name,subject,refrence_code,student_name,national_id,student_id,major,message,latency,duration,is_null
file_11_6.txt,درخواست فرم آمادگی دفاع,3040432982756940,Fatemeh Miraki,3040432982.0,40210520733013.0,کارشناسی ارشد ناپیوسته_روان شناسی بالینی_یزد_4021,"{('request_details', jdatetime.datetime(1404, 5, 21, 6, 22, 30)): '------------------------------------------------------------------------------سلام عرض ادب احترام \nدرخواست فرم آمادگی دفاع', ('request_details', jdatetime.datetime(1404, 5, 26, 11, 6, 5)): 'عرض سلام وادب \n\nارسال درخواست دانشجو فرم آمادگی دفاع  جهت اقدام لازم\n\nباتشكر', ('main_message', jdatetime.datetime(1404, 5, 26, 11, 6, 12)): ""از: 'کارشناسی - sf-105-20733-5-4021@iau.ir '\n\nبه: 'واحد - 356285@iau.ir '\n\nموضوع: 'درخواست فرم آمادگی دفاع'\n\nعرض سلام وادب \n\nارسال درخواست دانشجو فرم آمادگی دفاع  جهت اقدام لازم\n\nباتشكر"", ('main_message', jdatetime.datetime(1404, 5, 27, 5, 0, 31)): ""از: '356285 - 356285@iau.ir '\n\nبه: 'کارشناسی - sf-105-20733-5-4021@iau.ir '\n\nموضوع: 'پاسخ: درخواست فرم آمادگی دفاع'\n\nبا سلام و ادب\n\nاحتراما، کارنامه دانشجو بررسی گردید، مشکلی برای دفاع ندارد، پس از اخذ فرم از انتشارات به اینجانب مراجعه نماید.\n\nالتماس دعا"", ('request_details', jdatetime.datetime(1404, 5, 28, 11, 28, 36)): 'با سلام و ادب\n\nاحتراما، کارنامه شما بررسی گردید، مشکلی برای دفاع نداريد، پس از اخذ فرم از انتشارات به گروه مربوطه اقاي مهندس نظري مراجعه نمايید.\n\nالتماس دعا', ('request_details', jdatetime.datetime(1404, 5, 30, 8, 54, 7)): 'با سلام و ادب\n\nاحتراما، کارنامه شما بررسی گردید، مشکلی برای دفاع نداريد، پس از اخذ فرم مربوطه از انتشارات به كارشناس گروه اقاي نظري مراجعه نمایيد.\n\nالتماس دعا'}",5 days 04:43:35,9 days 02:31:37,False
file_11_8.txt,بررسی مجدد پروپزال قسمت آخر در راجع به ملاحظات اخلاقی,3040432982320288,Fatemeh Miraki,3040432982.0,40210520733013.0,کارشناسی ارشد ناپیوسته_روان شناسی بالینی_یزد_4021,"{('request_details', jdatetime.datetime(1404, 5, 29, 9, 15, 37)): 'سلام عرض ادب احترام \nخواهشمندم پروپزال بررسی شود ملاحظات اخلاقی اضافه شد سپاس گذارم', ('request_details', jdatetime.datetime(1404, 5, 30, 8, 38, 25)): 'سلام وعرض ادب \n\nارسال درخواست دانشجو جهت اقدام لازم\n\nباتشكر'}",0 days 23:22:48,0 days 23:22:48,False
file_11_179.txt,مدارک تکمیلی برای اخذ کد اخلاق,3040432982319399,Fatemeh Miraki,3040432982.0,40210520733013.0,کارشناسی ارشد ناپیوسته_روان شناسی بالینی_یزد_4021,"{('request_details', jdatetime.datetime(1404, 4, 13, 1, 51, 18)): '------------------------------------------------------------------------------سلام و عرض ادب احترام.\nخواهشمندم فایل بررسی شود در جهت گرفتن کد اخلاق متشکرم.', ('request_details', jdatetime.datetime(1404, 4, 17, 7, 38, 27)): 'سلام وعرض ادب جناب مهندس نظري\n\nارسال درخواست دانشجو جهت اقدام لازم\n\nباتشكر', ('main_message', jdatetime.datetime(1404, 4, 17, 7, 38, 37)): ""از: 'کارشناسی - sf-105-20733-5-4021@iau.ir '\n\nبه: 'واحد - 356285@iau.ir '\n\nموضوع: 'مدارک تکمیلی برای اخذ کد اخلاق'\n\nسلام وعرض ادب جناب مهندس نظري\n\nارسال درخواست دانشجو جهت اقدام لازم\n\nباتشكر"", ('main_message', jdatetime.datetime(1404, 4, 19, 8, 37, 16)): ""از: '356285 - 356285@iau.ir '\n\nبه: 'کارشناسی - sf-105-20733-5-4021@iau.ir '\n\nموضوع: 'پاسخ: مدارک تکمیلی برای اخذ کد اخلاق'\n\nبا سلام و ادب\n\nاحتراما، در خصوص کد اخلاق، فرمهای تکمیل شده را به مدیر گروه خانم دکتر سدرپوشان ارسال و پیگیری شود تا مدیر گروه نسبت به ارسال فرمها و اخذ کد اخلاق از خانم جعفری ندوشن در دانشکده پزشکی اقدام کند. این موارد به اینجانب مربوط نمی شود.\n\nالتماس دعا"", ('request_details', jdatetime.datetime(1404, 4, 19, 9, 12, 2)): 'با سلام و ادب\n\nاحتراما، در خصوص کد اخلاق، فرمهای تکمیل شده را به مدیر گروه خانم دکتر سدرپوشان ارسال و پیگیری شود تا مدیر گروه نسبت به ارسال فرمها و اخذ کد اخلاق از خانم جعفری ندوشن در دانشکده پزشکی اقدام کند. لطفا پس از تكميل فرمهاي مربوطه وارسال آن اقدام نماييد\n\nباتشكر'}",4 days 05:47:09,6 days 07:20:44,False
file_11_258.txt,سلام و عرض و ادب احترام باز کردن قسمت قفل ویرایش مرحله دوم پروپزال در پژوهشیار ممنون,3040432982375836,Fatemeh Miraki,3040432982.0,40210520733013.0,کارشناسی ارشد ناپیوسته_روان شناسی بالینی_یزد_4021,"{('request_details', jdatetime.datetime(1404, 3, 6, 1, 11, 48)): '', ('request_details', jdatetime.datetime(1404, 3, 7, 8, 16, 36)): 'باسلام واحترام\n\nارسال درخواست دانشجو جهت اقدام لازم \n\nباتشكر', ('request_details', jdatetime.datetime(1404, 3, 7, 9, 47, 39)): 'باسلام\n\n فايل ويرايش براي شما باز گرديد.'}",1 days 07:04:48,1 days 08:35:51,False
file_11_306.txt,,304043298256873,Fatemeh Miraki,3040432982.0,,کارشناسی ارشد ناپیوسته_روان شناسی بالینی_یزد_4021,"{('request_details', jdatetime.datetime(1404, 2, 16, 3, 56, 43)): 'با عرض و سلام ادب\nخواهشمندم قسمت ثبت اولیه من در قسمت پژوهشیار برای اخذ کردن استاد مشاور کد استاد مشاور خالی شده است استاد مشاور بگیرم، قسمت ویرایش باز کنید ممنونم', ('request_details', jdatetime.datetime(1404, 2, 17, 9, 36, 37)): 'با سلام واحترام\n\nلطفا جهت پيگيري واقدام لازم', ('request_details', jdatetime.datetime(1404, 2, 17, 10, 0, 54)): ''}",1 days 05:39:54,1 days 06:04:11,False
