﻿file_name,subject,refrence_code,student_name,national_id,student_id,major,message,latency,duration,is_null
file_12_111.txt,با سلام و ادای احترام درخواست تمدید واحد پایان نامه در این ترم را دارم,298002836311487,amin mehdizadegohari,2980028363.0,,دکتری تخصصی_حقوق خصوصی_یزد_3991,"{('request_details', jdatetime.datetime(1404, 2, 15, 10, 50, 10)): '', ('request_details', jdatetime.datetime(1404, 2, 21, 9, 39, 49)): '', ('request_details', jdatetime.datetime(1404, 2, 24, 10, 2, 25)): '', ('request_details', jdatetime.datetime(1404, 2, 30, 12, 23, 12)): '', ('request_details', jdatetime.datetime(1404, 2, 30, 12, 23, 31)): ''}",5 days 22:49:39,15 days 01:33:21,True
file_12_112.txt,با سلام لطفا واحد پایان نامه در این ترم تمدید گردد,2980028363758543,امین مهدی زاده گوهری,2980028363.0,,دکتری تخصصی_حقوق خصوصی_یزد_3991,"{('request_details', jdatetime.datetime(1404, 2, 18, 8, 15, 37)): '', ('request_details', jdatetime.datetime(1404, 2, 21, 9, 33, 10)): '', ('request_details', jdatetime.datetime(1404, 2, 23, 11, 25, 57)): '', ('request_details', jdatetime.datetime(1404, 2, 30, 12, 22, 42)): ''}",3 days 01:17:33,12 days 04:07:05,True
file_12_118.txt,درخواست اخذ کد پایان نامه برای دانشجویان کارشناسی ارشد و دکتری,298002836329417,امین مهدی زاده گوهری,2980028363.0,,دکتری تخصصی_حقوق خصوصی_یزد_3991,"{('request_details', jdatetime.datetime(1404, 2, 16, 10, 42, 5)): '', ('request_details', jdatetime.datetime(1404, 2, 21, 9, 38, 58)): '', ('request_details', jdatetime.datetime(1404, 2, 24, 10, 14, 33)): '', ('request_details', jdatetime.datetime(1404, 2, 28, 11, 21, 57)): ''}",4 days 22:56:53,12 days 00:39:52,True
file_12_122.txt,تمدید پایان نامه  و دفاع از پروپوزال,2980028363753538,امین مهدی زاده گوهری,2980028363.0,,دکتری تخصصی_حقوق خصوصی_یزد_3991,"{('request_details', jdatetime.datetime(1404, 2, 18, 9, 2, 36)): 'با سلام لطفا واحد پایان نامه را در این ترم تمدید فرمایید . شهریه پرداخت و درخواست در سامانه اموزش یار ثبت گردیده است از لطفتون بسیار تشکر دارم', ('request_details', jdatetime.datetime(1404, 2, 21, 9, 2, 43)): '', ('request_details', jdatetime.datetime(1404, 2, 23, 8, 15, 32)): '', ('request_details', jdatetime.datetime(1404, 2, 23, 10, 48, 7)): '', ('request_details', jdatetime.datetime(1404, 2, 23, 11, 19, 21)): ''}",3 days 00:00:07,5 days 02:16:45,True
file_12_123.txt,درخواست انتخاب واحد- حذف و اضافه خارج از زمان,298002836380401,امین مهدی زاده گوهری,2980028363.0,,دکتری تخصصی_حقوق خصوصی_یزد_3991,"{('request_details', jdatetime.datetime(1404, 2, 18, 8, 14, 39)): '', ('request_details', jdatetime.datetime(1404, 2, 21, 10, 10, 44)): '', ('request_details', jdatetime.datetime(1404, 2, 23, 10, 51, 1)): '', ('request_details', jdatetime.datetime(1404, 2, 23, 11, 0, 35)): ''}",3 days 01:56:05,5 days 02:45:56,True
