﻿file_name,subject,refrence_code,student_name,national_id,student_id,major,message,latency,duration,is_null
file_20_19.txt,درخواست امتحانات معوق امتحان فیزیک بدن استاتیک و مقاومت مصالح.و انس با قران,3242727797812284,yasaman Nikro,3242727797.0,40210540106011.0,کارشناسی پیوسته_مهندسی پزشکی_یزد_4021,"{('request_details', jdatetime.datetime(1404, 5, 4, 9, 45, 35)): '', ('request_details', jdatetime.datetime(1404, 5, 6, 12, 28, 45)): ''}",2 days 02:43:10,2 days 02:43:10,True
file_20_34.txt,درخواست ترم تابستان,3242727797796050,yasaman Nikro,3242727797.0,40210540106011.0,کارشناسی پیوسته_مهندسی پزشکی_یزد_4021,"{('request_details', jdatetime.datetime(1404, 4, 6, 10, 37, 16)): '', ('request_details', jdatetime.datetime(1404, 4, 8, 11, 8, 4)): 'سلام لطفا به سامانه آموزشیار برای انتخاب واحد اقدام فرمایید'}",2 days 00:30:48,2 days 00:30:48,False
file_20_36.txt,سلام من درخواست مجوز انتخاب واحد ترم تابستان دارم ولی پاسخگو نیستید,3242727797118197,yasaman Nikro,3242727797.0,40210540106011.0,کارشناسی پیوسته_مهندسی پزشکی_یزد_4021,"{('request_details', jdatetime.datetime(1404, 4, 7, 6, 15, 43)): '', ('request_details', jdatetime.datetime(1404, 4, 8, 11, 7, 16)): 'سلام لطفا به سامانه آموزشیار برای انتخاب واحد اقدام فرمایید انتخاب واحد ترم تابستان و ترمهای دیگر فقط توسط خود دانشجو باید صورت گیرد'}",1 days 04:51:33,1 days 04:51:33,False
file_20_37.txt,سلام اینجانب یاسمن نیکرو درخواست مجوز ترم تابستان دارم,3242727797724434,yasaman Nikro,3242727797.0,40210540106011.0,کارشناسی پیوسته_مهندسی پزشکی_یزد_4021,"{('request_details', jdatetime.datetime(1404, 4, 6, 10, 16, 5)): '', ('request_details', jdatetime.datetime(1404, 4, 8, 11, 5, 56)): 'سلام لطفا به سامانه آموزشیار برای انتخاب واحد اقدام فرمایید'}",2 days 00:49:51,2 days 00:49:51,False
file_20_76.txt,کاربرگ برای امتحان مجدد,3242727797997178,yasaman Nikro,3242727797.0,40210540106011.0,کارشناسی پیوسته_مهندسی پزشکی_یزد_4021,"{('request_details', jdatetime.datetime(1404, 3, 28, 12, 12, 37)): '', ('request_details', jdatetime.datetime(1404, 3, 29, 10, 8, 10)): 'اطلاع رسانی شده است اسکرین شات فرمهای مربوطه را ارسال نمایید'}",0 days 21:55:33,0 days 21:55:33,False
file_20_84.txt,درخواست ترم تابستان برای واحد دیگر,3242727797914244,yasaman Nikro,3242727797.0,40210540106011.0,کارشناسی پیوسته_مهندسی پزشکی_یزد_4021,"{('request_details', jdatetime.datetime(1404, 3, 11, 1, 2, 8)): '', ('request_details', jdatetime.datetime(1404, 3, 21, 9, 29, 52)): 'باسلام\n\nدر صورت موافقت مدیر گروه و ارایه نشدن دروس در واحد مبدا باید اطمینان پیدا کنید که در واحد مقصد دروس مورد نظر ارایه شده است سپس از طریق نقل و انتقالات و سامانه منادا اقدام نمایید باسپاس'}",10 days 08:27:44,10 days 08:27:44,False
