﻿file_name,subject,refrence_code,student_name,national_id,student_id,major,message,latency,duration,is_null
file_4_7.txt,درخواست مهمانی و انتقال,1743969872863286,Masomeh Afravi,1743969872.0,40110521301497.0,کارشناسی پیوسته_حسابداری_یزد_4011,"{('request_details', jdatetime.datetime(1404, 5, 24, 1, 13, 29)): 'سلام وقت بخیرمن درخواستمودرآموزشیارومنادا ثبت کردم  درخاستم ثبت شده درخاست صدورفرم دروس مهمانی دائم دارم ازاهواز به یزد', ('request_details', jdatetime.datetime(1404, 5, 25, 8, 59, 47)): 'با سلام\n\nدرخواست دانشجوخدمت شما ارسال شد. لطفا پاسخ را به اينجانب ارسال فرماييد.  با سپاس\n\nسلام وقت بخیرمن درخواستمودرآموزشیارومنادا ثبت کردم  درخاستم ثبت شده درخاست صدورفرم دروس مهمانی دائم دارم ازاهواز به یزد'}",1 days 07:46:18,1 days 07:46:18,False
file_4_16.txt,درخواست مهمانی و انتقال,1743969872753716,Masomeh Afravi,1743969872.0,40110521301497.0,کارشناسی پیوسته_حسابداری_یزد_4011,"{('request_details', jdatetime.datetime(1404, 5, 16, 2, 36, 52)): 'سلام وقت بخیرمن درخاست مهمانی دائم دارم ازمبدااهوازبه یزد درسایت منادا درخاست دادم بادرخاستم موافقت شدفقط توسایت آموزشیارنمیتوانم درخاست بدم ممنون میشم بررسی کنیدچون نزدیک انتخاب واحدهم هست', ('request_details', jdatetime.datetime(1404, 5, 16, 10, 49, 53)): 'با سلام \n\nبا توجه به تعطیلات دانشگاه و عدم دسترسی به همکاران لطفا درخواست خود را از تاریخ 05/25به بعد مجدد ارسال فرمایید. موفق باشید'}",0 days 08:13:01,0 days 08:13:01,False
file_4_17.txt,درخواست مهمانی و انتقال,1743969872574362,Masomeh Afravi,1743969872.0,40110521301497.0,کارشناسی پیوسته_حسابداری_یزد_4011,"{('request_details', jdatetime.datetime(1404, 5, 16, 2, 57, 49)): '------------------------------------------------------------------------------سلام وقت بخیرتوفایل عکسی که براتون ارسال کردم وقتی درخاست مهمانی دائم میدم نیمسال درخاست 4032میادوقسمت واحدسازمان برام نمیاددرحالی که توسایت منادا بادرخاستم موافقت شده ممنون میشم پیگیری کنید', ('request_details', jdatetime.datetime(1404, 5, 16, 10, 47, 15)): 'با سلام \n\nبا توجه به تعطیلات دانشگاه و عدم دسترسی به همکاران لطفا درخواست خود را از تاریخ 05/25 به بعد مجدد ارسال فرمایید.'}",0 days 07:49:26,0 days 07:49:26,False
file_4_21.txt,درخواست مهمانی و انتقال,1743969872509279,Masomeh Afravi,1743969872.0,40110521301497.0,کارشناسی پیوسته_حسابداری_یزد_4011,"{('request_details', jdatetime.datetime(1404, 5, 9, 3, 3, 49)): '', ('request_details', jdatetime.datetime(1404, 5, 9, 10, 11, 16)): 'با سلام\n\nلطفا درخواست خود را واضح و شفاف مطرح كنيد. دقيقا درخواست شما انتقال است يا ميهماني؟'}",0 days 07:07:27,0 days 07:07:27,False
