﻿file_name,subject,refrence_code,student_name,national_id,student_id,major,message,latency,duration,is_null
file_20_54.txt,درخواست برگزاری مجدد امتحانات تابستان,3060697027559931,سپیده حاج ابراهیمی,3060697027.0,403673483.0,کارشناسی پیوسته_مهندسی صنایع و سیستم ها_یزد_4031,"{('request_details', jdatetime.datetime(1404, 3, 28, 8, 39, 49)): '------------------------------------------------------------------------------  ضمنا  اطلاعات مربوطه را در لینک اعلامی ثبت کرده ام', ('request_details', jdatetime.datetime(1404, 4, 5, 11, 48, 7)): ''}",8 days 03:08:18,8 days 03:08:18,True
file_20_56.txt,درخواست برگزاری امتحان مجدد,306069702728461,سپیده حاج ابراهیمی,3060697027.0,403673483.0,کارشناسی پیوسته_مهندسی صنایع و سیستم ها_یزد_4031,"{('request_details', jdatetime.datetime(1404, 3, 28, 8, 49, 12)): 'با سلام و احترام\nبه دلیل وجود شرایط غیرقابل\u200c پیشبینی ایجاد شده در خصوص راه\u200cها و وسایل\u200c نقلیه و همچنین امنیت، دوری از محل سکونت، نگرانی و بی\u200cخبری از خانواده و ایجاد شدن فضای استرس\u200cزا و دلهره\u200cآور و تمرکز بسیار پایین به دلیل دوری از پدر و مادر؛ درخواست داریم بنا به گفته ی جناب دکتر دهقان اشکذری و اطلاعیه دانشگاه ازاد اسلامی یزد در خصوص دانشجویان غیربومی، امتحان مجددی برای درس سرکار خانم شهربانو مهینی بجستانی ""آیین زندگی ، اخلاق کاربردی "" در زمانی که دانشگاه اعلام میکند در نظر گرفته و برگزار شود. کاربرگ ثبت شده است، علاوه بر آن فایل این کاربرگ با همین درخواست نامه ارسال شده است.\nبا تشکر فراوان', ('request_details', jdatetime.datetime(1404, 4, 3, 12, 56, 22)): 'درخواست شما تکراری میباشد در خواست اولیه شما ارسال شد'}",6 days 04:07:10,6 days 04:07:10,False
file_20_57.txt,درخواست برگزاری امتحان مجدد,3060697027231633,سپیده حاج ابراهیمی,3060697027.0,403673483.0,کارشناسی پیوسته_مهندسی صنایع و سیستم ها_یزد_4031,"{('request_details', jdatetime.datetime(1404, 3, 28, 8, 47, 44)): 'با سلام و احترام\nبه دلیل وجود شرایط غیرقابل\u200c پیشبینی ایجاد شده در خصوص راه\u200cها و وسایل\u200c نقلیه و همچنین امنیت، دوری از محل سکونت، نگرانی و بی\u200cخبری از خانواده و ایجاد شدن فضای استرس\u200cزا و دلهره\u200cآور و تمرکز بسیار پایین به دلیل دوری از پدر و مادر؛ درخواست داریم بنا به گفته ی جناب دکتر دهقان اشکذری و اطلاعیه دانشگاه ازاد اسلامی یزد در خصوص دانشجویان غیربومی، امتحان مجددی برای درس جناب اقای حسن دهشیری ""انقلاب اسلامی ایران"" در زمانی که دانشگاه اعلام میکند در نظر گرفته و برگزار شود. کاربرگ ثبت شده است، علاوه بر آن فایل این کاربرگ با همین درخواست نامه ارسال شده است.\nبا تشکر فراوان', ('request_details', jdatetime.datetime(1404, 4, 3, 12, 55, 29)): ''}",6 days 04:07:45,6 days 04:07:45,True
file_20_59.txt,درخواست  امتحان مجدد در امتحانات ۱۴۰۴,3060697027931877,سپیده حاج ابراهیمی,3060697027.0,403673483.0,کارشناسی پیوسته_مهندسی صنایع و سیستم ها_یزد_4031,"{('request_details', jdatetime.datetime(1404, 3, 29, 3, 52, 26)): '', ('request_details', jdatetime.datetime(1404, 4, 1, 1, 22, 16)): ''}",2 days 21:29:50,2 days 21:29:50,True
file_20_66.txt,درخواست برگزاری امتحان مجدد,3060697027524727,سپیده حاج ابراهیمی,3060697027.0,403673483.0,کارشناسی پیوسته_مهندسی صنایع و سیستم ها_یزد_4031,"{('request_details', jdatetime.datetime(1404, 3, 28, 8, 50, 35)): 'با سلام و احترام\nبه دلیل وجود شرایط غیرقابل\u200c پیشبینی ایجاد شده در خصوص راه\u200cها و وسایل\u200c نقلیه و همچنین امنیت، دوری از محل سکونت، نگرانی و بی\u200cخبری از خانواده و ایجاد شدن فضای استرس\u200cزا و دلهره\u200cآور و تمرکز بسیار پایین به دلیل دوری از پدر و مادر؛ درخواست داریم بنا به گفته ی جناب دکتر دهقان اشکذری و اطلاعیه دانشگاه ازاد اسلامی یزد در خصوص دانشجویان غیربومی، امتحان مجددی برای درس سرکار خانم شهربانو مهینی بجستانی ""ریاضی عمومی 2"" در زمانی که دانشگاه اعلام میکند در نظر گرفته و برگزار شود. کاربرگ ثبت شده است، علاوه بر آن فایل این کاربرگ با همین درخواست نامه ارسال شده است.\nبا تشکر فراوان', ('request_details', jdatetime.datetime(1404, 3, 31, 9, 35, 47)): ''}",3 days 00:45:12,3 days 00:45:12,True
