﻿file_name,subject,refrence_code,student_name,national_id,student_id,major,message,latency,duration,is_null
file_15_2.txt,درخواست تخفیف شهریه ( چند دانشجویی),3200224231412259,پریسا ارااسعدیه,3200224231.0,403566339.0,کارشناسی پیوسته_میکروبیولوژی_یزد_4031,"{('request_details', jdatetime.datetime(1404, 5, 25, 4, 21, 22)): 'سلام و عرض ادب\nدانشجو رشته میکروبیولوژی ورودی 1403هستم.\nپدرم فوت شده و تحت پوشش سازمان بهزیستی هستم.\nو مادرم سرپرست خانواده می\u200cباشد\nسه فرزند هستیم\nو پرداخت هزینه خوابگاه واقعا برام خیلی سخته و اگه امکانش هست پیگیری کنین ممنون میشم.\nو فردا مورخ1404/5/26 ساعت 16انتخاب واحدم است اگه میشه قبل از این تاریخ کمک و راهنماییم کنین ممنون میشم.پیگیری کنین خواهش میکنم', ('request_details', jdatetime.datetime(1404, 5, 26, 8, 29, 27)): 'با سلام و احترام\n\nخواهشمند است/ف با توجه به توضیحات ذیل، دانشجو را راهنمایی فرمایید. متشکرم.', ('main_message', jdatetime.datetime(1404, 5, 26, 8, 29, 33)): ""از: 'کارشناسی - sf-105-30507-4-4031@iau.ir '\n\nبه: '336308 - 336308@iau.ir '\n\nموضوع: 'درخواست تخفیف شهریه ( چند دانشجویی)'\n\nبا سلام و احترام\n\nخواهشمند است/ف با توجه به توضیحات ذیل، دانشجو را راهنمایی فرمایید. متشکرم."", ('main_message', jdatetime.datetime(1404, 5, 27, 11, 13, 19)): ""از: '336308 - 336308@iau.ir '\n\nبه: 'کارشناسی - sf-105-30507-4-4031@iau.ir '\n\nموضوع: 'پاسخ: درخواست تخفیف شهریه ( چند دانشجویی)'\n\nسلام. بخشنامه اي جهت تخفيف شهريه در دانشگاه وجود ندارد. شماره موبايل آقاي قبله زاده مسئول مركز نيكو كاري ( 091335523692) جهت هماهنگ با ايشان اقدام فرماييد. باتشكر"", ('request_details', jdatetime.datetime(1404, 5, 29, 8, 17, 24)): 'سلام و روز به خیر\n\nشماره موبايل آقاي قبله زاده، مسئول مركز نيكوكاري وابسته به دانشگاه (091335523692) جهت هماهنگی با ايشان اقدام فرماييد. \n\nموفق باشید.'}",1 days 04:08:05,4 days 03:56:02,False
file_15_95.txt,درخواست امتحان مجدد برای دانشجویان خوابگاهی ساکن خارج استان یزد,3200224231457047,پریسا ارااسعدیه,3200224231.0,403566339.0,کارشناسی پیوسته_میکروبیولوژی_یزد_4031,"{('request_details', jdatetime.datetime(1404, 3, 28, 12, 44, 20)): '', ('request_details', jdatetime.datetime(1404, 3, 29, 9, 57, 5)): 'دانشجوی گرامی\n\nفرم کامل شده خود را از حوزه دانشجویی دریافت و در  ایمیل ارسالی خود بارگزاری نمایید.'}",0 days 21:12:45,0 days 21:12:45,False
file_15_96.txt,درخواست امتحان مجدد برای دانشجویان خوابگاهی ساکن خارج استان یزد ,3200224231954863,پریسا ارااسعدیه,3200224231.0,403566339.0,کارشناسی پیوسته_میکروبیولوژی_یزد_4031,"{('request_details', jdatetime.datetime(1404, 3, 28, 12, 50, 29)): 'باسلام و احترام\nبابت شرایط بوجود آمده ازشما درخواست دارم که امتحان مجدد برگزار شود(طبق آیین نامه داخل گروه من اطلاعات را ثبت کردم و کاربرگ کامل شده را به دست مدیریت خوابگاه تحویل داده ام)', ('request_details', jdatetime.datetime(1404, 3, 29, 9, 51, 10)): '«دانشجوی گرامی\n\nلطفا تصویر فرم کامل شده خود را در ایمیل ارسالی بارگزاری نمایید و چنانچه به فرم خود دسترسی ندارید، فرم الکترونیکی را از حوزه دانشجویی دریافت کرده و تصویر کامل شده آن را برای من ارسال نمایید.\n\nموفق باشید.»'}",0 days 21:00:41,0 days 21:00:41,False
file_15_97.txt,درخواست امتحان مجدد برای دانشجویان خوابگاهی ساکن خارج استان یزد ,320022423111691,پریسا ارااسعدیه,3200224231.0,403566339.0,کارشناسی پیوسته_میکروبیولوژی_یزد_4031,"{('request_details', jdatetime.datetime(1404, 3, 28, 12, 59, 58)): '------------------------------------------------------------------------------باسلام و احترام\nبابت شرایط بوجود آمده از شما تقاضا دارم که امتحان مجدد برگزار شود.طبق آیین نامه فرستاده شده در داخل گروه اطلاعات خود را ثبت کرده ام و کاربرگ کامل شده را در خدمت مدیریت خوابگاه تحویل داده ام', ('request_details', jdatetime.datetime(1404, 3, 29, 9, 48, 41)): '«دانشجوی گرامی\n\nدرخواست شما دریافت شد، اطلاع رسانی های بعدی متعاقبا از طریق کانال های رسمی دانشگاه آزاد اسلامی استان یزد در پلتفرم های ایتا و تلگرام اعلام می گردد.»'}",0 days 20:48:43,0 days 20:48:43,False
