﻿file_name,subject,refrence_code,student_name,national_id,student_id,major,message,latency,duration,is_null
file_16_259.txt,درخواست شزکت در امتحان مجدد درس عمومی تاریخ تحلیلی,2283882265109663,sara keshavarz,2283882265.0,40210510810019.0,کارشناسی پیوسته_هوشبری_یزد_4021,"{('request_details', jdatetime.datetime(1404, 4, 5, 11, 25, 21)): '', ('request_details', jdatetime.datetime(1404, 4, 16, 9, 23, 57)): 'دانشجوی محترم\n\n\n\nبا سلام \n\n\n\nدرخواست شما جهت امتحان مجدد دروس پیوست به آقای دست افشان ارسال گردید \n\n\n\nضمنا درخصوص زمان برگزاری ازمون متعاقبا از طریق کانال های رسمی دانشگاه ازاد اسلامی استان یزد در پلتفرم های ایتا و تلگرام اعلام می گردد.\n\n\n\nبا تشکر'}",10 days 21:58:36,10 days 21:58:36,False
file_16_260.txt,درخواست امتحان مجدد در درس عمومی وصایا امام,2283882265433454,sara keshavarz,2283882265.0,40210510810019.0,کارشناسی پیوسته_هوشبری_یزد_4021,"{('request_details', jdatetime.datetime(1404, 4, 5, 11, 28, 17)): '', ('request_details', jdatetime.datetime(1404, 4, 16, 9, 23, 4)): 'دانشجوی محترم\n\n\n\nبا سلام \n\n\n\nدرخواست شما جهت امتحان مجدد دروس پیوست به آقای دست افشان ارسال گردید \n\n\n\nضمنا درخصوص زمان برگزاری ازمون متعاقبا از طریق کانال های رسمی دانشگاه ازاد اسلامی استان یزد در پلتفرم های ایتا و تلگرام اعلام می گردد.\n\n\n\nبا تشکر'}",10 days 21:54:47,10 days 21:54:47,False
file_16_263.txt,درخواست امتحان مجدد درس عمومی اندیشه اسلامی ۱ ,2283882265866153,sara keshavarz,2283882265.0,40210510810019.0,کارشناسی پیوسته_هوشبری_یزد_4021,"{('request_details', jdatetime.datetime(1404, 4, 5, 11, 37, 36)): 'با سلام درخواست شرکت در امتحان مجدد درس عمومی اندیشه اسلامی\nشماره پیگیری کار برگ ضمیمه شده-------------------------------------------------------------------', ('request_details', jdatetime.datetime(1404, 4, 16, 9, 21, 19)): 'دانشجوی محترم\n\n\n\nبا سلام \n\n\n\nدرخواست شما جهت امتحان مجدد دروس پیوست به آقای دست افشان ارسال گردید \n\n\n\nضمنا درخصوص زمان برگزاری ازمون متعاقبا از طریق کانال های رسمی دانشگاه ازاد اسلامی استان یزد در پلتفرم های ایتا و تلگرام اعلام می گردد.\n\n\n\nبا تشکر'}",10 days 21:43:43,10 days 21:43:43,False
file_16_264.txt,درخواست شرکت مجدد در امتحان درس عمومی اندیشه و  وصایا امام,2283882265906381,sara keshavarz,2283882265.0,40210510810019.0,کارشناسی پیوسته_هوشبری_یزد_4021,"{('request_details', jdatetime.datetime(1404, 4, 5, 11, 42, 55)): 'باسلام درخواست شرکت مجدد در امتحان وصایا امام فاید کد رهگیری کاربرگ ضمیمه شده', ('request_details', jdatetime.datetime(1404, 4, 16, 9, 20, 55)): 'دانشجوی محترم\n\n\n\nبا سلام \n\n\n\nدرخواست شما جهت امتحان مجدد دروس پیوست به آقای دست افشان ارسال گردید \n\n\n\nضمنا درخصوص زمان برگزاری ازمون متعاقبا از طریق کانال های رسمی دانشگاه ازاد اسلامی استان یزد در پلتفرم های ایتا و تلگرام اعلام می گردد.\n\n\n\nبا تشکر'}",10 days 21:38:00,10 days 21:38:00,False
file_16_265.txt,در خواست شرکت در امتحان مجدد درس عمومی تاربخ تحلیلی,2283882265209509,sara keshavarz,2283882265.0,40210510810019.0,کارشناسی پیوسته_هوشبری_یزد_4021,"{('request_details', jdatetime.datetime(1404, 4, 5, 11, 44, 53)): '----با سلام\nدر خواست شرکت در امتحان مجدد تاریخ تحلیلی فایل کاربرگ ضمیمه شده------------------------------------------------------------------', ('request_details', jdatetime.datetime(1404, 4, 16, 9, 20, 39)): 'دانشجوی محترم\n\n\n\nبا سلام \n\n\n\nدرخواست شما جهت امتحان مجدد دروس پیوست به آقای دست افشان ارسال گردید \n\n\n\nضمنا درخصوص زمان برگزاری ازمون متعاقبا از طریق کانال های رسمی دانشگاه ازاد اسلامی استان یزد در پلتفرم های ایتا و تلگرام اعلام می گردد.\n\n\n\nبا تشکر'}",10 days 21:35:46,10 days 21:35:46,False
