﻿file_name,subject,refrence_code,student_name,national_id,student_id,major,message,latency,duration,is_null
file_7_115.txt,آزمون مجدد درس تفسیر قران ,127402053069472,kian behyan,1274020530.0,40110510101038.0,دکتری عمومی_پزشکی_یزد_4011,"{('request_details', jdatetime.datetime(1404, 4, 5, 1, 51, 50)): 'بنده فرم و لینک مربوطه را تکمیل نموده و ثبت کرده ام \nسپس درخواست برگزاری مجدد آزمون عمومی به دلیل عدم توانایی شرکت در دوره ۱۲ روزه اخیر به دلیل غیر بومی بودن را داشته ام', ('request_details', jdatetime.datetime(1404, 4, 5, 2, 16, 26)): 'سلام . لطفا مجددا ایمیل و کاربرگ تکمیل شده را ضمیمه ایمیل نمایید', ('request_details', jdatetime.datetime(1404, 4, 8, 10, 59, 40)): ''}",0 days 00:24:36,3 days 09:07:50,False
file_7_122.txt,درخواست مجدد امتحان تاریخ فرهنگ و تمدن ,1274020530323061,kian behyan,1274020530.0,40110510101038.0,دکتری عمومی_پزشکی_یزد_4011,"{('request_details', jdatetime.datetime(1404, 4, 5, 1, 50, 44)): 'با سلام و ارادت فرم ارسال شده برای درخواست آزمون مجدد عمومی ها در درس تاریخ تمدن را داشته و لینک و فرم منظوره را تکمیل نموده ام', ('request_details', jdatetime.datetime(1404, 4, 5, 2, 17, 18)): 'سلام . لطفا مجددا ایمیل و کاربرگ تکمیل شده رو ضمیمه ایمیل نمایید', ('request_details', jdatetime.datetime(1404, 4, 8, 10, 51, 30)): ''}",0 days 00:26:34,3 days 09:00:46,False
file_7_157.txt,درخواست آزمون مجدد تاریخ تحلیل و فرهنگ اسلامی,1274020530977372,kian behyan,1274020530.0,40110510101038.0,دکتری عمومی_پزشکی_یزد_4011,"{('request_details', jdatetime.datetime(1404, 4, 5, 3, 28, 5)): 'با سلام و ارادت فرم ارسال شده برای درخواست آزمون مجدد عمومی ها در درس تاریخ تمدن را داشته و لینک و فرم منظوره را تکمیل نموده ام', ('request_details', jdatetime.datetime(1404, 4, 8, 8, 30, 24)): 'با سلام . احتراما درخواست دانشجو ارسال می گردد.'}",3 days 05:02:19,3 days 05:02:19,False
file_7_159.txt,درخواست آزمون مجدد درس تفسیر قران ,1274020530280105,kian behyan,1274020530.0,40110510101038.0,دکتری عمومی_پزشکی_یزد_4011,"{('request_details', jdatetime.datetime(1404, 4, 5, 3, 29, 28)): 'بنده فرم و لینک مربوطه را تکمیل نموده و ثبت کرده ام \nسپس درخواست برگزاری مجدد آزمون عمومی به دلیل عدم توانایی شرکت در دوره ۱۲ روزه اخیر به دلیل غیر بومی بودن را داشته ام', ('request_details', jdatetime.datetime(1404, 4, 8, 8, 28, 45)): 'با سلام . احتراما درخواست دانشجو ارسال می گردد.'}",3 days 04:59:17,3 days 04:59:17,False
