﻿file_name,subject,refrence_code,student_name,national_id,student_id,major,message,latency,duration,is_null
file_7_4.txt,انتقال به مرحله بعد در سامانه پژوهشیار,442011762114631,rouhollah hosseini moghaddam,4420117621.0,10539402770.0,دکتری عمومی_پزشکی_یزد_3951,"{('request_details', jdatetime.datetime(1404, 5, 27, 1, 51, 46)): 'سرکار خانم جعفری\nبا سلام و احترام\nلطفا در سامانه پژوهشیار من را به مرحله بعد انتقال دهید\nبا تشکر فراوان\nروح الله حسینی مقدم', ('request_details', jdatetime.datetime(1404, 5, 27, 9, 32, 43)): 'سلام . احتراما درخواست دانشجو ارسال می گردد .', ('main_message', jdatetime.datetime(1404, 5, 27, 9, 32, 49)): ""از: 'دکتری - sm-105-10101-6-3951@iau.ir '\n\nبه: 'دانشکده - 336774@iau.ir '\n\nموضوع: 'انتقال به مرحله بعد در سامانه پژوهشیار'\n\nسلام . احتراما درخواست دانشجو ارسال می گردد ."", ('request_details', jdatetime.datetime(1404, 5, 29, 4, 2, 8)): 'با سلام . انجام شده است .', ('main_message', jdatetime.datetime(1404, 5, 29, 12, 59, 55)): ""از: '336774 - 336774@iau.ir '\n\nبه: 'دکتری - sm-105-10101-6-3951@iau.ir '\n\nموضوع: 'پاسخ: انتقال به مرحله بعد در سامانه پژوهشیار'\n\nسلبام انجام شد""}",0 days 07:40:57,2 days 11:08:09,False
file_7_18.txt,انتقال به مرحله بعد پژوهشیار,4420117621780962,rouhollah hosseini moghaddam,4420117621.0,10539402770.0,دکتری عمومی_پزشکی_یزد_3951,"{('request_details', jdatetime.datetime(1404, 5, 7, 11, 34, 39)): 'مسئول محترم پژوهشی دانشکده پزشکی\nسرکار خانم جعفری\nبا عرض سلام و احترام\nلطفا در صورت امکان در سامانه پژوهشیار من را به مرحله بعد انتقال دهید.\nبا تشکر فراوان\nروح الله حسینی مقدم', ('request_details', jdatetime.datetime(1404, 5, 8, 10, 40, 14)): 'با سلام احتراما درخواست دانشجو ارسال می گردد', ('main_message', jdatetime.datetime(1404, 5, 8, 10, 40, 21)): ""از: 'دکتری - sm-105-10101-6-3951@iau.ir '\n\nبه: 'دانشکده - 336774@iau.ir '\n\nموضوع: 'انتقال به مرحله بعد پژوهشیار'\n\nبا سلام احتراما درخواست دانشجو ارسال می گردد"", ('main_message', jdatetime.datetime(1404, 5, 8, 10, 48, 38)): ""از: '336774 - 336774@iau.ir '\n\nبه: 'دکتری - sm-105-10101-6-3951@iau.ir '\n\nموضوع: 'پاسخ: انتقال به مرحله بعد پژوهشیار'\n\nبا سلام انجام شد"", ('request_details', jdatetime.datetime(1404, 5, 8, 12, 58, 41)): 'سلام . انجام شده است'}",0 days 23:05:35,1 days 01:24:02,False
file_7_46.txt,اصلاح پژوهشیار,4420117621652453,rouhollah hosseini moghaddam,4420117621.0,10539402770.0,دکتری عمومی_پزشکی_یزد_3951,"{('request_details', jdatetime.datetime(1404, 4, 29, 9, 52, 58)): 'با سلام خدمت معاون محترم پژوهشی دانشکده\nدکتر سید محمدرضا مرتضوی زاده\nبا توجه به نیاز به اصلاح عنوان پایان نامه اینجانب لطفا با درخواست در دسترس قرار دادن سامانه پژوهشیار موافقت فرمائید\nبا تشکر فراوان\nروح الله حسینی مقدم', ('request_details', jdatetime.datetime(1404, 4, 29, 11, 45, 40)): 'با سلام . احتراما درخواست دانشجو ارسال می گردد', ('main_message', jdatetime.datetime(1404, 4, 29, 11, 45, 46)): ""از: 'دکتری - sm-105-10101-6-3951@iau.ir '\n\nبه: 'دانشکده - 336774@iau.ir '\n\nموضوع: 'اصلاح پژوهشیار'\n\nبا سلام . احتراما درخواست دانشجو ارسال می گردد"", ('main_message', jdatetime.datetime(1404, 4, 30, 8, 4, 49)): ""از: '336774 - 336774@iau.ir '\n\nبه: 'دکتری - sm-105-10101-6-3951@iau.ir '\n\nموضوع: 'پاسخ: اصلاح پژوهشیار'\n\nسلام اقدام شد تا 30 مرداد"", ('request_details', jdatetime.datetime(1404, 4, 30, 9, 31, 5)): 'سلام اقدام شد تا 30 مرداد'}",0 days 01:52:42,0 days 23:38:07,False
file_7_59.txt,تعیین داور دفاع پایان نامه,4420117621829216,rouhollah hosseini moghaddam,4420117621.0,10539402770.0,دکتری عمومی_پزشکی_یزد_3951,"{('request_details', jdatetime.datetime(1404, 4, 25, 7, 37, 24)): 'با سلام و احترام خدمت معاونت محترم پژوهشی دانشکده پزشکی\nدکتر سید محمدرضا مرتضوی زاده\nاحترما اینجانب درخواست تعیین داور جهت دفاع پایان نامه با عنوان بررسی ارزش اخباری مثبت FNA بر اساس TIRADS در بیماران پاپیلاری تیروئید کارسینوما PTC درشهرستان یزد ازسال 1399 تا 1402 را دارم.\nبا تشکر فراوان\nروح الله حسینی مقدم', ('request_details', jdatetime.datetime(1404, 4, 25, 10, 43, 31)): 'با سلام .احتراما درخواست دانشجو ارسال می گردد', ('main_message', jdatetime.datetime(1404, 4, 25, 10, 43, 38)): ""از: 'دکتری - sm-105-10101-6-3951@iau.ir '\n\nبه: 'دانشکده - 336774@iau.ir '\n\nموضوع: 'تعیین داور دفاع پایان نامه'\n\nبا سلام .احتراما درخواست دانشجو ارسال می گردد"", ('main_message', jdatetime.datetime(1404, 4, 26, 7, 56, 14)): ""از: '336774 - 336774@iau.ir '\n\nبه: 'دکتری - sm-105-10101-6-3951@iau.ir '\n\nموضوع: 'پاسخ: تعیین داور دفاع پایان نامه'\n\nبا سلام به مرحله دفاع ارسال شدید پس لز امضای فرم اسکن و در پژوهشیار بارگزاری کنید"", ('request_details', jdatetime.datetime(1404, 4, 26, 11, 41, 43)): 'با سلام به مرحله دفاع ارسال شدید پس لز امضا فرم اسکن و در پژوهشیار بارگزاری کنید ,\n\n\n\n--'}",0 days 03:06:07,1 days 04:04:19,False
