﻿file_name,subject,refrence_code,student_name,national_id,student_id,major,message,latency,duration,is_null
file_16_157.txt,درخواست امتحان مجدد,1960708511739465,Mohammad Mokhtari,1960708511.0,40110510810003.0,کارشناسی پیوسته_هوشبری_یزد_4011,"{('request_details', jdatetime.datetime(1404, 4, 4, 8, 43, 29)): 'با عرض سلام و احترام.\n\n\n\nاینجانب پس از دریافت اطلاعیه از سمت دانشکده پزشکی، مبنی بر عدم اجازه\u200cی شرکت در امتحانات عمومی در امتحان آیین زندگی خود که با استاد شیبانی در تاریخ ۱۴۰۴/۰۳/۳۱ داشته\u200cام شرکت نکردم. با توجه به پر کردن فرم مربوط به امتحان مجدد در تابستان به کد پیگیری (1776762821150202 ) درخواست بررسی و ثبت این مورد را دارم. \n\nهمچنین خواستارم در صورت امکان هرچه سریع\u200cتر تاریخ و ساعت جدید امتحان اطلاع رسانی گردد.\n\nباتشکر از توجه و بررسی شما.', ('request_details', jdatetime.datetime(1404, 4, 19, 10, 34, 50)): 'دانشجوی محترم\n\nبا سلام \n\nدرخواست شما جهت امتحان مجدد دروس پیوست به آقای دست افشان ارسال گردیدضمنا درخواست آزمون مجدد امضاشده خود یا فرم تکمیل شده مربوطه را پیوست نموده و مجددا ایمیل نمایید\n\nضمنا درخصوص زمان برگزاری ازمون متعاقبا از طریق کانال های رسمی دانشگاه ازاد اسلامی استان یزد در پلتفرم های ایتا و تلگرام اعلام می گردد.\n\nبا تشکر\n\n\n\nبا تشکر'}",15 days 01:51:21,15 days 01:51:21,False
file_16_158.txt,درخواست امتحان مجدد,196070851136057,Mohammad Mokhtari,1960708511.0,40110510810003.0,کارشناسی پیوسته_هوشبری_یزد_4011,"{('request_details', jdatetime.datetime(1404, 4, 4, 8, 46, 11)): 'با عرض سلام و احترام.\n\n\n\nاینجانب پس از دریافت اطلاعیه از سمت دانشکده پزشکی، مبنی بر عدم اجازه\u200cی شرکت در امتحانات عمومی در امتحان تاریخ فرهنگ و تمدن اسلام و ایران خود که با استاد قاسم یزدی در تاریخ ۱۴۰۴/۰۳/۳۱ داشته\u200cام شرکت نکردم. با توجه به پر کردن فرم مربوط به امتحان مجدد در تابستان به کد پیگیری (1776751738249222 ) درخواست بررسی و ثبت این مورد را دارم. \n\n\n\nهمچنین خواستارم در صورت امکان هرچه سریع\u200cتر تاریخ و ساعت جدید امتحان اطلاع رسانی گردد.\n\n\n\nباتشکر از توجه و بررسی شما.', ('request_details', jdatetime.datetime(1404, 4, 19, 10, 32, 22)): 'دانشجوی محترم\n\n\n\nبا سلام \n\n\n\nدرخواست شما جهت امتحان مجدد دروس پیوست به آقای دست افشان ارسال گردید .ضمنا فرم مربوطه را پیوست و مجدد ایمیل نمایید\n\n\n\nضمنا درخصوص زمان برگزاری ازمون متعاقبا از طریق کانال های رسمی دانشگاه ازاد اسلامی استان یزد در پلتفرم های ایتا و تلگرام اعلام می گردد.\n\n\n\nبا تشکر'}",15 days 01:46:11,15 days 01:46:11,False
file_16_165.txt,درخواست امتحان مجدد,196070851130811,Mohammad Mokhtari,1960708511.0,40110510810003.0,کارشناسی پیوسته_هوشبری_یزد_4011,"{('request_details', jdatetime.datetime(1404, 4, 6, 11, 17, 8)): 'با عرض سلام و احترام.\nاینجانب پس از دریافت اطلاعیه از سمت دانشکده پزشکی، مبنی بر عدم اجازه\u200cی شرکت در امتحانات عمومی در امتحان های آیین زندگی (استاد شیبانی) و انس با قرآن کریم (استاد فرجی فیروزآبادی) و تاریخ فرهنگ و تمدن اسلام و ایران (استاد یزدی) که در تاریخ ۱۴۰۴/۰۳/۳۱ داشته\u200cام شرکت نکردم. با توجه به پر کردن فرم مربوط به امتحان مجدد در تابستان به کدهای پیگیری (1776762821150202 درس آیین زندگی ) (1776751738249222 تاریخ فرهنگ و تمدن اسلام و ایران)(1776743388034884 انس با قرآن کریم) درخواست بررسی و ثبت این موارد را دارم. \nهمچنین خواستارم در صورت امکان هرچه سریع\u200cتر تاریخ و ساعت جدید امتحانات اطلاع رسانی گردد.\nباتشکر از توجه و بررسی شما.', ('request_details', jdatetime.datetime(1404, 4, 19, 10, 27, 32)): 'دانشجوی محترم\n\n\n\nبا سلام \n\n\n\nدرخواست شما جهت امتحان مجدد دروس پیوست به آقای دست افشان ارسال گردید \n\n\n\nضمنا درخصوص زمان برگزاری ازمون متعاقبا از طریق کانال های رسمی دانشگاه ازاد اسلامی استان یزد در پلتفرم های ایتا و تلگرام اعلام می گردد.\n\n\n\nبا تشکر'}",12 days 23:10:24,12 days 23:10:24,False
file_16_750.txt,درخواست امتحان مجدد,196070851187272,Mohammad Mokhtari,1960708511.0,40110510810003.0,کارشناسی پیوسته_هوشبری_یزد_4011,"{('request_details', jdatetime.datetime(1404, 4, 4, 8, 48, 34)): 'با عرض سلام و احترام.\n\n\n\nاینجانب پس از دریافت اطلاعیه از سمت دانشکده پزشکی، مبنی بر عدم اجازه\u200cی شرکت در امتحانات عمومی در امتحان انس با قرآن کریم خود که با استاد فرجی فیروزآبادی در تاریخ ۱۴۰۴/۰۳/۳۱ داشته\u200cام شرکت نکردم. با توجه به پر کردن فرم مربوط به امتحان مجدد در تابستان به کد پیگیری (1776743388034884 ) درخواست بررسی و ثبت این مورد را دارم. \n\n\n\nهمچنین خواستارم در صورت امکان هرچه سریع\u200cتر تاریخ و ساعت جدید امتحان اطلاع رسانی گردد.\n\n\n\nباتشکر از توجه و بررسی شما.', ('request_details', jdatetime.datetime(1404, 4, 4, 9, 27, 34)): 'دانشجوی محترم\n\nبا سلام\n\nلطفا درخواست خود را با امضا و یا اینکه فرم مربوطه را کامل کرده و پیوست نمایید \n\nمجدد درخواست خود را به طور کامل(همراه با پیوست) ارسال نمایید\n\nبا تشکر'}",0 days 00:39:00,0 days 00:39:00,False
