﻿file_name,subject,refrence_code,student_name,national_id,student_id,major,message,latency,duration,is_null
file_11_92.txt,مجوز انتخاب واحد بیش از سقف مجاز درس معارف(ترم اخری),2283509556684240,Mohadese Eskandari,2283509556.0,40110520735005.0,کارشناسی پیوسته_روان شناسی_یزد_4011,"{('request_details', jdatetime.datetime(1404, 5, 25, 10, 11, 44)): 'مجوز انتخاب واحد بیش از سقف مجاز درس معارف(ترم اخری)', ('request_details', jdatetime.datetime(1404, 5, 26, 10, 29, 55)): 'عرض سلام وادب \n\nارسال درخواست دانشجو  مجوز انتخاب واحد بیش از سقف مجاز درس معارف(ترم اخری)جهت اقدام لازم\n\nباتشكر'}",1 days 00:18:11,1 days 00:18:11,False
file_11_180.txt,زمان برگزاری مجدد امتحانات پایان ترم بهمن برای غیر بومی ها,2283509556144649,Mohadese Eskandari,2283509556.0,40110520735005.0,کارشناسی پیوسته_روان شناسی_یزد_4011,"{('request_details', jdatetime.datetime(1404, 4, 17, 4, 33, 41)): '------------------------------------------------------------------------------ برگزاری مجدد امتحانات باقی مانده پایان ترم بهمن برای دانشجویان خوابگاهی چه زمانی است؟؟', ('request_details', jdatetime.datetime(1404, 4, 18, 9, 27, 31)): 'سلام و وقت بخیر .\n\n🔹قابل توجه دانشجويان غير بومي استان يزد كه باتوجه به شرايط اخير امكان شركت در امتحانات پايان ترم را ندارند\n\n🔹جهت ثبت درخواست خود وارد لينك زير شده و اطلاعات مربوطه را ثبت نمایید (البته اگر سامانه هنوز فعال باشه)\n\nhttps://yazd.iau.ir/fa/form/177\n\n🔹 سپس از طريق ايميل دانشگاهي  با ذکر اینکه اطلاعات را در لینک مربوطه تکمیل نموده اید نیز درخواست خود را ارائه دهید. \n\n🔹براي هر امتحان فرم مربوطه در لينك تكميل شود.\n\n🔹زمان برگزاری امتحان از طريق معاونت آموزشی متعاقبا اطلاع رسانی می شود.\n\n اطلاع رساني هاي بعدي متعاقبا از طريق كانال هاي رسمي دانشگاه ازاد اسلامي استان يزد در پلتفرم هاي ايتا وتلگرام اعلام مي گردد.\n\nباتشكر'}",1 days 04:53:50,1 days 04:53:50,False
file_11_200.txt,درخواست صدور مجوز انتخاب واحد ترم تابستان,2283509556132173,Mohadese Eskandari,2283509556.0,40110520735005.0,کارشناسی پیوسته_روان شناسی_یزد_4011,"{('request_details', jdatetime.datetime(1404, 4, 6, 11, 16, 34)): 'درخواست صدور مجوز انتخاب واحد ترم تابستان', ('request_details', jdatetime.datetime(1404, 4, 8, 9, 18, 9)): 'باسلام واحترام\n\nارسال درخواست دانشجو جهت اقدام لازم\n\nباتشكر', ('request_details', jdatetime.datetime(1404, 4, 8, 11, 34, 30)): 'با سلام \n\nخود دانشجو وارد سيستم شده قسمت در خواست ها سرترم انتخاب واحد را تاييد كرده پس از پر داخت شهريه در تاريخ 9 تيرماه  انتخاب واحد نمايد.\n\nباتشكر'}",1 days 22:01:35,2 days 00:17:56,False
file_11_211.txt,دروس معارف,2283509556990281,Mohadese Eskandari,2283509556.0,40110520735005.0,کارشناسی پیوسته_روان شناسی_یزد_4011,"{('request_details', jdatetime.datetime(1404, 4, 6, 12, 42, 51)): '------------------------------------------------------------------------------سلام و وقت بخیر .آیا دروس  معارف برای ترم تابستان به صورت مجازی ارائه میشود یا حضوری؟', ('request_details', jdatetime.datetime(1404, 4, 8, 9, 32, 40)): 'باسلام واحترام\n\nارسال درخواست دانشجو جهت اقدام لازم\n\nباتشكر', ('request_details', jdatetime.datetime(1404, 4, 8, 10, 33, 4)): 'باسلام واحترام\n\nكليه دروس عمومي به صورت تركيبي سه جلسه حضوري وبقيه مجازي مي باشد.\n\nباتشكر'}",1 days 20:49:49,1 days 21:50:13,False
file_11_228.txt, درخواست برگزاری امتحان مجدد ویژه دانشجویان غیر پزشکی و پزشکی غیر بومی ,2283509556785319,Mohadese Eskandari,2283509556.0,40110520735005.0,کارشناسی پیوسته_روان شناسی_یزد_4011,"{('request_details', jdatetime.datetime(1404, 3, 29, 2, 20, 50)): 'درخواست برگزاری امتحان مجدد ویژه دانشجویان غیر پزشکی و پزشکی غیر بومی \nاطلاعات را در لینک مربوطه برای تمامی امتحانات باقی مانده تکمیل نموده ام .', ('request_details', jdatetime.datetime(1404, 3, 31, 12, 30, 22)): 'سلام و وقت بخیر .\n\n🔹قابل توجه دانشجويان غير بومي استان يزد كه باتوجه به شرايط اخير امكان شركت در امتحانات پايان ترم را ندارند\n\n🔹جهت ثبت درخواست خود وارد لينك زير شده و اطلاعات مربوطه را ثبت نمایید \n\nhttps://yazd.iau.ir/fa/form/177\n\n🔹 سپس از طريق ايميل دانشگاهي  با ذکر اینکه اطلاعات را در لینک مربوطه تکمیل نموده اید نیز درخواست خود را ارائه دهید. \n\n🔹براي هر امتحان فرم مربوطه در لينك تكميل شود.\n\n🔹زمان برگزاری امتحان از طريق معاونت آموزشی متعاقبا اطلاع رسانی می شود'}",2 days 10:09:32,2 days 10:09:32,False
file_11_231.txt, درخواست برگزاری امتحان مجدد ویژه دانشجویان غیر پزشکی و پزشکی غیر بومی ,2283509556126564,Mohadese Eskandari,2283509556.0,40110520735005.0,کارشناسی پیوسته_روان شناسی_یزد_4011,"{('request_details', jdatetime.datetime(1404, 3, 27, 10, 16, 26)): '------------------------------------------------------------------------------ درخواست برگزاری امتحان مجدد ویژه دانشجویان غیر پزشکی و پزشکی غیر بومی', ('request_details', jdatetime.datetime(1404, 3, 27, 12, 39, 51)): 'باسلام واحترام\n\nارسال درخواست دانشجو جهت اقدام لازم \n\nباتشكر', ('request_details', jdatetime.datetime(1404, 3, 28, 3, 10, 44)): 'سلام و وقت بخیر .\n\n🔹قابل توجه دانشجويان غير بومي استان يزد كه باتوجه به شرايط اخير امكان شركت در امتحانات پايان ترم را ندارند\n\n🔹جهت ثبت درخواست خود وارد لينك زير شده و اطلاعات مربوطه را ثبت نمایید \n\nhttps://yazd.iau.ir/fa/form/177\n\n🔹 سپس از طريق ايميل دانشگاهي  با ذکر اینکه اطلاعات را در لینک مربوطه تکمیل نموده اید نیز درخواست خود را ارائه دهید. \n\n🔹براي هر امتحان فرم مربوطه در لينك تكميل شود.\n\n🔹زمان برگزاری امتحان از طريق معاونت آموزشی متعاقبا اطلاع رسانی می شود.', ('request_details', jdatetime.datetime(1404, 3, 28, 3, 11, 53)): 'باسلام واحترام\n\nدرخواست شما دريافت گرديد اطلاع رساني هاي بعدي متعاقبا از طريق كانال هاي رسمي دانشگاه ازاد اسلامي استان يزد در پلتفرم هاي ايتا وتلگرام اعلام مي گردد.\n\nباتشكر', ('request_details', jdatetime.datetime(1404, 3, 28, 3, 14, 27)): 'اسلام واحترام\n\nپاسخ دانشجو داده طبق متن ذيل داده شد جهت پيگيري هاي بعدي واطلاع شما ارسال گرديد .\n\nباتشكر'}",0 days 02:23:25,0 days 16:58:01,False
file_11_301.txt,,228350955652022,Mohadese Eskandari,2283509556.0,,کارشناسی پیوسته_روان شناسی_یزد_4011,"{('request_details', jdatetime.datetime(1404, 2, 18, 11, 43, 53)): 'با سلام و احترام امتحانات ترم از چه تاریخی شروع میشوند', ('request_details', jdatetime.datetime(1404, 2, 18, 12, 55, 42)): 'باسلام وادب\n\nارسال درخواست دانشجو جهت پيگيري', ('request_details', jdatetime.datetime(1404, 2, 21, 8, 25, 9)): 'سلام از تاریخ 17 خرداد تا 2 تیرماه 1404'}",0 days 01:11:49,2 days 20:41:16,False
