player_id,arrived_time,departed_time,wait_time,travel_time
57,22,120,0,98
84,36,135,0,99
96,39,135,0,96
67,27,140,3,113
90,38,140,1,102
48,19,140,5,121
37,15,140,5,125
107,48,145,0,97
111,50,150,0,100
2,0,150,0,150
5,1,150,0,149
15,8,155,0,147
120,55,155,0,100
131,61,160,0,99
21,10,160,0,150
46,18,165,0,147
43,17,165,0,148
158,74,170,0,96
58,22,170,0,148
72,28,175,0,147
176,82,180,0,98
75,30,180,0,150
76,31,180,0,149
178,83,180,0,97
10,3,185,7,182
18,9,185,6,176
49,20,185,3,165
16,8,185,16,177
73,28,185,2,157
60,23,185,3,162
19,9,185,6,176
61,23,185,3,162
88,38,185,0,147
117,54,185,7,131
140,67,185,4,118
156,74,185,3,111
159,75,185,2,110
162,76,185,2,109
182,85,185,0,100
30,13,185,15,172
108,49,185,8,136
123,57,185,6,128
154,74,185,3,111
188,89,185,0,96
210,97,195,0,98
202,95,195,0,100
115,51,200,0,149
116,52,200,0,148
9,3,200,0,197
126,58,205,0,147
132,61,210,0,149
28,11,210,0,199
22,10,210,0,200
139,67,215,0,148
40,16,215,0,199
151,73,220,0,147
256,122,220,0,98
257,123,220,0,97
70,27,225,0,198
269,129,225,0,96
64,25,225,0,200
14,7,230,5,223
56,22,230,2,208
4,0,230,6,230
44,18,230,3,212
51,20,230,2,210
29,12,230,4,218
39,16,230,3,214
170,78,230,11,152
95,39,230,9,191
146,70,230,2,160
163,76,230,1,154
89,38,230,9,192
138,66,230,3,164
113,50,230,16,180
114,51,230,16,179
205,95,230,7,135
250,118,230,3,112
169,78,230,1,152
17,9,230,25,221
81,36,230,19,194
135,63,230,14,167
149,71,230,12,159
150,73,230,12,157
171,79,230,11,151
186,87,230,9,143
42,17,230,3,213
8,2,230,16,228
102,44,230,8,186
181,84,230,0,146
66,27,230,21,203
153,74,230,12,156
175,82,230,10,148
221,103,230,6,127
277,134,230,0,96
82,36,235,0,199
279,136,235,0,99
99,43,240,0,197
294,141,240,0,99
191,91,240,0,149
296,141,240,0,99
303,144,240,0,96
129,59,255,0,196
231,107,255,0,148
229,106,255,0,149
341,165,265,0,100
340,165,265,0,100
359,173,270,0,97
260,124,270,0,146
50,20,270,0,250
98,42,275,7,233
112,50,275,5,225
63,25,275,10,250
65,26,275,10,249
152,73,275,1,202
168,78,275,0,197
255,122,275,11,153
1,0,275,15,275
6,1,275,15,274
110,49,275,6,226
338,164,275,3,111
31,13,275,23,262
105,47,275,16,228
174,81,275,9,194
23,10,275,3,265
291,140,275,7,135
311,151,275,5,124
313,152,275,5,123
346,167,275,2,108
13,6,275,4,269
47,19,275,2,256
55,21,275,1,254
209,96,275,16,179
267,127,275,10,148
271,129,275,10,146
3,0,275,15,275
38,16,275,12,259
119,55,275,4,220
137,65,275,12,210
195,92,275,7,183
302,143,275,7,132
306,148,275,6,127
361,173,275,1,102
74,29,275,10,246
127,58,275,4,217
179,84,280,0,196
180,84,280,0,196
94,39,285,0,246
97,40,290,0,250
199,94,290,0,196
194,92,290,0,198
197,93,290,0,197
106,48,295,0,247
305,148,295,0,147
208,96,295,0,199
213,100,300,0,200
20,9,305,0,296
427,205,305,0,100
239,111,310,0,199
243,114,310,0,196
438,211,310,0,99
242,113,310,0,197
330,160,310,0,150
332,161,310,0,149
142,68,315,0,247
246,117,315,0,198
342,165,315,0,150
26,11,320,2,309
34,14,320,2,306
52,20,320,0,300
287,139,320,17,181
388,185,320,7,135
78,32,320,18,288
143,68,320,11,252
173,80,320,8,240
211,99,320,5,221
249,118,320,1,202
347,167,320,1,153
33,14,320,2,306
36,14,320,2,306
53,21,320,0,299
54,21,320,0,299
134,63,320,2,257
337,163,320,12,157
276,133,320,8,187
325,157,320,3,163
35,14,320,12,306
45,18,320,11,302
41,16,320,21,304
214,100,320,4,220
192,91,320,6,229
198,94,320,6,226
201,95,320,5,225
217,101,320,4,219
27,11,320,2,309
164,76,320,19,244
207,96,320,15,224
233,107,320,13,213
339,164,320,2,156
184,86,320,17,234
218,101,320,14,219
251,120,320,10,200
324,157,320,3,163
334,162,320,2,158
298,142,320,16,178
315,153,320,14,167
447,218,320,1,102
83,36,320,17,284
91,38,320,17,282
177,82,320,8,238
187,88,320,7,232
295,141,320,16,179
319,154,320,14,166
358,173,320,10,147
384,184,320,8,136
272,130,320,18,190
437,211,320,2,109
130,60,320,12,260
166,77,320,9,243
189,89,320,7,231
369,178,325,0,147
373,179,325,0,146
370,178,325,0,147
262,125,325,0,200
471,230,330,0,100
481,233,330,0,97
273,131,330,0,199
93,39,335,0,296
85,37,335,0,298
399,192,340,0,148
512,245,345,0,100
410,196,345,0,149
517,248,345,0,97
521,250,350,0,100
215,100,350,0,250
527,252,350,0,98
528,252,350,0,98
124,58,355,0,297
547,259,355,0,96
326,158,355,0,197
544,258,355,0,97
333,162,360,0,198
554,264,360,0,96
136,63,360,0,297
297,142,365,5,223
281,136,365,6,229
234,108,365,12,257
237,109,365,12,256
261,125,365,8,240
286,138,365,6,227
335,162,365,1,203
336,163,365,1,202
206,95,365,14,270
222,103,365,13,262
228,106,365,12,259
285,138,365,6,227
415,199,365,14,166
441,214,365,11,151
485,234,365,7,131
539,256,365,2,109
100,43,365,15,322
122,57,365,12,308
219,101,365,13,264
288,139,365,6,226
314,152,365,3,213
240,111,365,21,254
353,169,365,10,196
364,174,365,9,191
372,178,365,8,187
374,179,365,8,186
428,205,365,12,160
499,239,365,6,126
24,11,365,21,354
62,25,365,18,340
145,70,365,9,295
172,79,365,8,286
79,35,365,26,330
118,54,365,23,311
309,150,365,3,215
292,140,365,15,225
402,193,365,5,172
12,4,365,23,361
32,14,365,21,351
59,22,365,19,343
69,27,365,18,338
87,37,365,16,328
148,70,365,9,295
183,86,365,16,279
225,105,365,12,260
165,77,365,18,288
226,105,365,12,260
247,117,365,10,248
289,140,365,5,225
299,142,365,5,223
125,58,365,22,307
133,63,365,21,302
196,93,365,15,272
203,95,365,14,270
232,107,365,12,258
253,121,365,9,244
328,160,365,1,205
71,28,365,8,337
80,35,365,16,330
365,174,370,0,196
157,74,370,0,296
380,183,380,0,197
597,284,380,0,96
282,136,385,0,249
400,193,390,0,197
300,143,390,0,247
401,193,390,0,197
405,195,395,0,200
413,199,395,0,196
318,154,400,0,246
421,201,400,0,199
425,203,400,0,197
316,153,400,0,247
533,253,400,0,147
416,200,400,0,200
423,203,400,0,197
223,104,400,0,296
432,209,405,0,196
323,156,405,0,249
238,109,410,1,301
345,166,410,9,244
391,187,410,5,223
411,196,410,3,214
263,126,410,17,284
265,126,410,17,284
356,171,410,8,239
7,2,410,22,408
11,4,410,22,406
25,11,410,20,399
104,45,410,13,365
520,249,410,13,161
596,284,410,6,126
121,56,410,11,354
244,114,410,0,296
212,100,410,32,310
310,150,410,22,260
448,218,410,9,192
451,220,410,8,190
511,245,410,3,165
68,27,410,17,383
473,231,410,16,179
513,246,410,13,164
245,115,410,9,295
304,146,410,3,264
433,210,410,20,200
493,238,410,15,172
648,309,410,1,101
463,226,410,17,184
656,310,410,0,100
320,154,410,22,256
376,180,410,16,230
510,244,410,4,166
550,261,410,0,149
469,228,410,17,182
496,239,410,15,171
519,249,410,13,161
613,295,410,3,115
378,183,410,6,227
103,45,410,13,365
160,75,410,7,335
200,94,410,4,316
235,108,410,1,302
522,250,410,12,160
545,259,410,11,151
551,262,410,10,148
563,268,410,9,142
639,306,410,1,104
422,202,410,12,208
429,206,410,11,204
434,210,410,10,200
460,224,410,8,186
445,218,415,0,197
560,267,415,0,148
663,317,415,0,98
559,266,415,0,149
254,122,420,0,298
686,324,420,0,96
679,321,420,0,99
464,226,425,0,199
274,132,430,0,298
712,332,430,0,98
605,289,435,0,146
726,337,435,0,98
487,235,435,0,200
606,289,435,0,146
504,242,440,0,198
610,291,440,0,149
739,343,440,0,97
612,295,445,0,150
754,348,445,0,97
634,304,450,0,146
766,352,450,0,98
633,303,450,0,147
457,222,455,7,233
475,232,455,5,223
509,244,455,3,211
549,259,455,0,196
167,77,455,16,378
258,123,455,7,332
301,143,455,3,312
321,155,455,0,300
322,156,455,0,299
185,86,455,24,369
266,126,455,16,329
283,137,455,14,318
290,140,455,13,315
383,184,455,5,271
278,135,455,14,320
348,168,455,8,287
354,170,455,7,285
760,350,455,1,105
546,259,455,10,196
632,303,455,1,152
645,308,455,0,147
216,100,455,21,355
275,132,455,15,323
312,151,455,11,304
426,205,455,0,250
537,255,455,10,200
574,273,455,7,182
268,129,455,26,326
480,233,455,15,222
555,264,455,9,191
599,285,455,4,170
524,251,455,1,204
577,274,455,7,181
598,285,455,14,170
715,334,455,5,121
357,172,455,17,283
379,183,455,15,272
508,244,455,3,211
259,124,455,27,331
293,140,455,23,315
307,148,455,22,307
344,166,455,18,289
406,195,455,12,260
472,230,455,5,225
498,239,455,4,216
578,274,455,17,181
609,290,455,13,165
636,305,455,10,150
665,317,455,8,138
680,322,455,7,133
764,351,455,1,104
589,279,455,16,176
601,286,455,14,169
614,295,455,12,160
617,296,455,12,159
637,306,455,10,149
375,180,455,25,275
417,200,455,21,255
488,235,455,14,220
530,253,455,11,202
593,281,455,5,174
638,306,455,0,149
224,104,455,21,351
317,153,455,11,302
367,176,455,6,279
382,184,455,5,271
394,189,455,4,266
389,185,455,14,270
398,192,455,13,263
455,221,455,7,234
349,168,455,18,287
352,169,455,18,286
362,174,455,17,281
397,190,455,13,265
436,211,455,9,244
343,165,465,0,300
446,218,465,0,247
674,319,465,0,146
355,170,470,0,300
571,271,470,0,199
573,273,470,0,197
685,323,470,0,147
591,279,475,0,196
586,277,475,0,198
584,277,475,0,198
588,279,475,0,196
381,184,480,0,296
484,234,480,0,246
713,332,480,0,148
829,380,480,0,100
842,389,485,0,96
720,336,485,0,149
492,237,485,0,248
404,194,490,0,296
621,298,495,0,197
620,297,495,0,198
414,199,495,0,296
861,397,495,0,98
863,398,495,0,97
746,346,495,0,149
518,248,495,0,247
616,295,495,0,200
623,299,495,0,196
386,185,500,3,315
449,219,500,17,281
467,227,500,15,273
479,233,500,14,267
395,190,500,12,310
454,221,500,6,279
476,232,500,4,268
490,237,500,3,263
465,227,500,15,273
486,234,500,14,266
541,258,500,9,242
611,292,500,2,208
477,232,500,14,268
501,240,500,12,260
525,252,500,10,248
619,297,500,21,203
627,300,500,20,200
732,340,500,12,160
776,355,500,9,145
662,316,500,17,184
719,336,500,13,164
762,350,500,10,150
147,70,500,26,430
284,138,500,13,362
682,322,500,6,178
774,354,500,0,146
385,185,500,13,315
532,253,500,0,247
458,223,500,16,277
523,250,500,10,250
592,280,500,4,220
652,309,500,9,191
308,149,500,21,351
366,176,500,15,324
412,198,500,11,302
482,233,500,4,267
363,174,500,26,326
371,178,500,25,322
155,74,500,26,426
220,102,500,20,398
236,108,500,19,392
264,126,500,15,374
270,129,500,15,371
396,190,500,2,310
109,49,500,31,451
241,113,500,18,387
252,121,500,16,379
403,193,500,2,307
408,195,500,1,305
624,299,500,11,201
729,339,500,3,161
543,258,500,19,242
660,313,500,8,187
666,317,500,7,183
683,323,500,6,177
742,344,500,2,156
757,349,500,1,151
444,217,500,17,283
442,215,500,17,285
474,231,500,14,269
502,242,500,12,258
503,242,500,12,258
327,159,500,9,341
420,201,500,0,299
536,255,505,0,250
430,206,505,0,299
785,358,505,0,147
440,213,510,0,297
894,413,510,0,97
800,364,510,0,146
801,364,510,0,146
676,320,520,0,200
461,225,525,0,300
695,326,525,0,199
824,378,525,0,147
928,429,525,0,96
696,327,525,0,198
821,378,525,0,147
940,434,530,0,96
602,286,535,0,249
494,239,535,0,296
495,239,535,0,296
837,386,535,0,149
506,244,540,0,296
734,341,540,0,199
964,444,540,0,96
848,391,540,0,149
849,392,540,0,148
844,390,540,0,150
500,240,540,0,300
643,308,545,8,237
653,310,545,7,235
681,322,545,5,223
600,286,545,2,259
618,297,545,0,248
604,288,545,12,257
651,309,545,8,236
655,310,545,7,235
658,312,545,7,233
565,269,545,16,276
567,270,545,15,275
587,278,545,14,267
641,307,545,8,238
649,309,545,8,236
650,309,545,8,236
751,347,545,0,198
802,364,545,17,181
806,368,545,16,177
938,433,545,3,112
965,445,545,0,100
646,309,545,8,236
101,43,545,1,502
572,272,545,25,273
595,283,545,23,262
635,305,545,18,240
789,359,545,8,186
804,366,545,6,179
351,169,545,36,376
387,185,545,32,360
419,201,545,29,344
431,207,545,28,338
86,37,545,42,508
141,67,545,36,478
190,89,545,32,456
193,91,545,31,454
230,106,545,28,439
538,256,545,18,289
631,302,545,9,243
744,345,545,0,200
747,346,545,0,199
748,346,545,0,199
92,38,545,42,507
144,69,545,36,476
204,95,545,30,450
248,117,545,26,428
280,136,545,22,409
331,161,545,17,384
360,173,545,15,372
393,188,545,12,357
840,387,545,12,158
885,408,545,8,137
657,311,545,17,234
796,362,545,7,183
831,380,545,3,165
329,160,545,27,385
466,227,545,14,318
507,244,545,11,301
515,247,545,10,298
526,252,545,9,293
558,265,545,6,280
575,274,545,5,271
576,274,545,5,271
580,275,545,4,270
622,298,545,0,247
435,210,545,27,335
470,229,545,24,316
505,243,545,21,302
737,342,545,1,203
459,224,545,15,321
822,378,545,14,167
887,409,545,8,136
925,428,545,4,117
934,432,545,3,113
377,181,545,23,364
418,201,545,19,344
452,220,545,15,325
582,276,545,4,269
615,295,545,0,250
694,326,545,4,219
722,337,545,2,208
724,337,545,2,208
540,257,545,18,288
561,267,545,16,278
581,276,545,14,269
594,283,545,13,262
706,330,545,3,215
867,399,545,10,146
918,426,545,4,119
350,168,545,26,377
424,203,545,19,342
443,217,545,16,328
691,325,545,14,220
703,329,545,14,216
753,348,545,10,197
799,363,545,7,182
813,373,545,5,172
834,386,545,2,159
769,353,550,0,197
986,452,550,0,98
771,353,550,0,197
991,454,550,0,96
768,353,550,0,197
767,352,550,0,198
770,353,550,0,197
128,59,555,0,496
787,358,555,0,197
640,307,555,0,248
997,458,555,0,97
552,263,560,0,297
795,361,560,0,199
671,319,565,0,246
805,366,565,0,199
664,317,565,0,248
815,373,570,0,197
811,372,570,0,198
810,370,570,0,200
161,75,575,0,500
688,325,575,0,250
830,380,580,0,200
1044,482,580,0,98
705,330,580,0,250
714,334,580,0,246
716,334,580,0,246
833,381,580,0,199
941,434,580,0,146
727,338,585,0,247
943,435,585,0,150
952,438,585,0,147
542,258,590,7,332
514,246,590,9,344
718,336,590,11,254
820,377,590,3,213
468,228,590,13,362
450,219,590,15,371
462,226,590,13,364
491,237,590,11,353
557,265,590,5,325
556,264,590,16,326
730,339,590,1,251
736,342,590,0,248
738,343,590,0,247
77,32,590,12,558
892,410,590,16,180
961,443,590,10,147
989,453,590,8,137
859,397,590,9,193
778,356,590,17,234
838,386,590,11,204
792,360,590,26,230
873,401,590,18,189
933,431,590,12,159
828,380,590,12,210
860,397,590,9,193
891,409,590,7,181
779,356,590,17,234
825,379,590,13,211
669,318,590,15,272
678,321,590,14,269
687,324,590,14,266
717,335,590,11,255
947,436,590,11,154
673,319,590,25,271
951,438,590,1,152
895,413,590,16,177
979,449,590,9,141
697,328,590,13,262
701,329,590,13,261
710,331,590,12,259
777,355,590,7,235
782,356,590,7,234
368,177,590,23,413
390,186,590,21,404
564,268,590,5,322
607,289,590,1,301
788,358,590,27,232
854,395,590,19,195
1057,490,590,0,100
969,446,595,0,149
977,449,595,0,146
630,302,600,0,298
761,350,600,0,250
1088,504,600,0,96
227,105,605,0,500
1098,509,605,0,96
1002,460,610,0,150
1007,463,610,0,147
899,415,615,0,200
1119,518,615,0,97
1017,468,615,0,147
1019,468,615,0,147
1118,517,615,0,98
1111,515,615,0,100
915,423,620,0,197
689,325,625,0,300
699,328,625,0,297
702,329,625,0,296
1032,475,625,0,150
922,428,625,0,197
1043,482,630,0,148
1041,480,630,0,150
711,332,630,0,298
897,414,635,5,221
900,416,635,4,219
912,421,635,3,214
661,314,635,15,321
709,331,635,11,304
740,344,635,9,291
780,356,635,6,279
937,433,635,1,202
955,439,635,0,196
835,386,635,10,249
876,402,635,7,233
913,422,635,3,213
752,347,635,18,288
786,358,635,16,277
909,420,635,3,215
772,353,635,7,282
818,375,635,2,260
1008,463,635,15,172
1107,513,635,5,122
708,331,635,11,304
723,337,635,10,298
745,345,635,18,290
857,397,635,8,238
904,417,635,4,218
953,438,635,0,197
675,320,635,33,315
855,396,635,18,239
893,411,635,15,224
999,459,635,6,176
1001,460,635,5,175
1037,478,635,2,157
1014,466,635,14,169
1078,499,635,8,136
1083,502,635,7,133
1139,525,635,2,110
1065,493,635,9,142
1094,507,635,6,128
775,354,635,27,281
853,394,635,19,241
996,456,635,6,179
1013,465,635,4,170
535,255,635,26,380
562,268,635,24,367
570,271,635,23,364
629,300,635,17,335
654,310,635,15,325
672,319,635,14,316
707,331,635,11,304
721,336,635,10,299
944,435,635,10,200
971,447,635,8,188
1028,474,635,3,161
1031,475,635,2,160
700,329,635,22,306
819,377,635,12,258
932,431,635,1,204
816,374,635,13,261
823,378,635,12,257
907,418,635,4,217
743,345,635,18,290
902,416,635,4,219
954,438,635,0,197
628,300,635,27,335
677,321,635,23,314
841,388,635,10,247
920,427,635,2,208
930,430,635,1,205
759,350,635,27,285
807,368,635,24,267
843,389,635,20,246
846,391,635,19,244
852,393,635,19,242
927,429,635,12,206
1033,476,635,2,159
553,263,635,25,372
603,288,635,20,347
667,318,635,14,317
698,328,635,12,307
731,340,635,9,295
781,356,635,6,279
531,253,635,17,382
566,270,635,13,365
957,440,640,0,200
960,443,640,0,197
1070,494,640,0,146
865,398,645,0,247
866,398,645,0,247
1174,547,645,0,98
988,453,650,0,197
1084,502,650,0,148
871,400,650,0,250
998,458,655,0,197
888,409,655,0,246
784,358,655,0,297
1101,510,660,0,150
1011,464,660,0,196
910,420,670,0,250
1025,472,670,0,198
1029,474,670,0,196
916,425,675,0,250
917,426,675,0,249
919,426,675,0,249
1035,477,675,0,198
750,347,680,7,333
812,373,680,2,307
827,379,680,1,301
803,364,680,4,316
878,404,680,16,276
879,404,680,16,276
903,416,680,13,264
949,437,680,9,243
970,447,680,7,233
1034,476,680,1,204
1022,469,680,23,211
1210,563,680,4,117
956,439,680,9,241
608,290,680,18,390
756,349,680,7,331
763,350,680,6,330
773,354,680,6,326
817,375,680,1,305
1114,516,680,3,164
1093,507,680,15,173
851,392,680,18,288
870,400,680,16,280
874,401,680,16,279
911,420,680,12,260
945,436,680,9,244
962,443,680,8,237
973,448,680,7,232
583,277,680,31,403
647,309,680,25,371
668,318,680,23,362
704,329,680,21,351
832,380,680,10,300
793,360,680,4,320
797,362,680,4,318
798,363,680,4,317
1077,498,680,7,182
1115,517,680,3,163
733,340,680,18,340
839,387,680,9,293
880,406,680,5,274
896,414,680,4,266
755,348,680,27,332
758,349,680,27,331
794,361,680,24,319
808,369,680,23,311
809,369,680,23,311
881,406,680,15,274
905,417,680,13,263
908,418,680,13,262
1015,467,680,3,213
1137,525,680,11,155
453,220,680,32,460
534,254,680,26,426
569,271,680,22,409
625,299,680,17,381
644,308,680,15,372
684,323,680,12,357
693,326,680,11,354
1021,468,680,13,212
1046,484,680,10,196
1049,485,680,9,195
548,259,680,25,421
626,300,680,16,380
741,344,680,8,336
749,346,680,7,334
814,373,680,2,307
783,357,680,15,323
883,407,680,5,273
926,429,680,1,251
862,397,680,27,283
1012,464,680,14,216
1052,488,680,9,192
1138,525,680,1,155
1064,492,680,18,188
1223,566,680,3,114
1086,503,680,16,177
1091,506,680,15,174
1109,514,680,14,166
1131,523,680,12,157
877,402,680,16,278
886,408,680,15,272
921,427,680,11,253
1003,460,680,4,220
1134,524,680,2,156
1050,486,685,0,199
836,386,685,0,299
942,435,685,0,250
946,436,685,0,249
1156,539,685,0,146
1062,492,690,0,198
1068,494,690,0,196
958,441,690,0,249
1265,593,690,0,97
409,196,695,0,499
1175,548,695,0,147
1176,548,695,0,147
856,397,695,0,298
1271,600,700,0,100
875,401,700,0,299
1188,554,700,0,146
1283,604,700,0,96
872,400,700,0,300
990,454,700,0,246
1082,502,700,0,198
882,407,705,0,298
1195,556,705,0,149
1201,558,705,0,147
1287,606,705,0,99
1189,555,705,0,150
1208,561,710,0,149
439,211,710,0,499
1214,564,710,0,146
1316,617,715,0,98
901,416,715,0,299
1113,516,715,0,199
1121,518,715,0,197
1133,524,720,0,196
1230,571,720,0,149
1026,473,720,0,247
1324,620,720,0,100
1054,488,725,8,237
1092,507,725,4,218
1100,509,725,4,216
972,447,725,16,278
1045,482,725,9,243
725,337,725,18,388
790,359,725,14,366
847,391,725,7,334
850,392,725,7,333
858,397,725,16,328
1005,462,725,3,263
1089,504,725,15,221
1173,546,725,6,179
1181,551,725,5,174
1072,496,725,16,229
884,408,725,14,317
889,409,725,14,316
1020,468,725,2,257
890,409,725,24,316
936,432,725,19,293
987,452,725,15,273
994,456,725,14,269
1036,477,725,10,248
1124,521,725,1,204
1135,524,725,1,201
659,312,725,23,413
898,415,725,2,310
864,398,725,16,327
869,399,725,16,326
980,449,725,6,276
1123,521,725,1,204
1058,490,725,17,235
1069,494,725,17,231
1117,517,725,12,208
1198,558,725,14,167
1227,570,725,11,155
1231,571,725,11,154
1311,616,725,2,109
1346,629,725,0,96
985,452,725,15,273
1081,501,725,5,224
1165,544,725,17,181
1168,544,725,17,181
1169,545,725,16,180
1233,572,725,11,153
1242,578,725,10,147
1249,581,725,9,144
1279,604,725,5,121
914,423,725,21,302
939,434,725,19,291
1004,461,725,13,264
1024,471,725,11,254
1048,485,725,8,240
974,448,725,16,277
976,449,725,16,276
984,451,725,15,274
735,341,725,27,384
959,442,725,7,283
968,446,725,6,279
1006,462,725,3,263
1254,583,730,0,147
1148,531,730,0,199
1361,634,730,0,96
1348,630,730,0,100
1154,536,735,0,199
1157,539,735,0,196
966,445,745,0,300
1382,645,745,0,100
1400,654,750,0,96
1185,551,750,0,199
981,450,750,0,300
1187,553,750,0,197
1397,652,750,0,98
1202,558,755,0,197
1293,607,755,0,148
1204,559,755,0,196
1010,464,760,0,296
1307,613,760,0,147
1308,614,760,0,146
1421,662,760,0,98
1112,515,765,0,250
1427,665,765,0,100
1433,668,765,0,97
1319,618,765,0,147
1434,669,765,0,96
1023,469,770,1,301
1151,532,770,8,238
1190,555,770,3,215
924,428,770,9,342
929,429,770,9,341
1039,480,770,18,290
1141,526,770,9,244
1149,531,770,8,239
1199,558,770,3,212
1211,563,770,2,207
1217,565,770,1,205
1235,574,770,0,196
1060,491,770,16,279
1110,514,770,12,256
1191,555,770,3,215
1200,558,770,3,212
1216,564,770,2,206
1234,573,770,0,197
1303,612,770,12,158
1312,616,770,11,154
1367,637,770,7,133
1374,641,770,6,129
791,360,770,22,410
992,454,770,4,316
1281,604,770,4,166
975,448,770,15,322
1095,508,770,3,262
1120,518,770,11,252
1171,546,770,5,224
392,187,770,17,583
497,239,770,7,531
1246,579,770,9,191
1260,587,770,7,183
1347,630,770,8,140
1358,633,770,8,137
1404,656,770,3,114
1410,658,770,3,112
407,195,770,55,575
456,221,770,50,549
478,233,770,48,537
516,247,770,45,523
642,307,770,33,463
690,325,770,29,445
1087,503,770,14,267
1130,523,770,10,247
1146,530,770,18,240
1170,546,770,25,224
1186,553,770,24,217
1272,600,770,14,170
1298,609,770,13,161
1074,497,770,15,273
1102,510,770,12,260
1129,523,770,10,247
1196,557,770,3,213
1042,481,770,18,289
1053,488,770,17,282
1220,565,770,1,205
1096,509,770,23,261
1128,523,770,20,247
845,391,770,16,379
868,399,770,15,371
993,455,770,3,315
1027,474,770,0,296
765,351,770,24,419
826,379,770,19,391
906,417,770,11,353
1162,542,770,26,228
1248,580,770,18,190
1251,583,770,18,187
1038,479,775,0,296
585,277,775,0,498
590,279,775,0,496
1442,675,775,0,100
1247,579,775,0,196
1332,625,775,0,150
1030,475,775,0,300
1457,681,780,0,99
1350,631,780,0,149
1040,480,780,0,300
1458,681,780,0,99
1468,686,785,0,99
1258,585,785,0,200
1055,489,785,0,296
1266,594,790,0,196
1379,643,790,0,147
983,451,790,8,339
995,456,790,7,334
1066,493,790,0,297
1061,491,790,0,299
1179,549,795,0,246
1392,650,800,0,150
1277,602,800,0,198
1080,500,800,0,300
1514,706,805,0,99
1521,709,805,0,96
1090,505,805,0,300
1099,509,805,0,296
1105,512,810,0,298
1108,513,810,0,297
1212,563,810,0,247
1215,564,810,0,246
1529,712,810,0,98
1302,612,810,0,198
1306,613,810,0,197
1274,601,815,3,214
1155,539,815,6,276
1206,560,815,1,255
1178,549,815,14,266
1438,673,815,9,142
1483,691,815,5,124
1224,567,815,10,248
935,432,815,17,383
963,443,815,15,372
483,233,815,17,582
489,236,815,16,579
529,252,815,13,563
568,271,815,9,544
579,275,815,8,540
670,318,815,0,497
1454,679,815,8,136
1160,541,815,25,274
1183,551,815,23,264
1252,583,815,17,232
1328,623,815,9,192
1376,642,815,5,173
967,445,815,24,370
1016,467,815,20,348
1125,522,815,9,293
1161,542,815,5,273
1222,566,815,0,249
1380,643,815,5,172
1158,540,815,5,275
1531,713,815,1,102
1067,494,815,25,321
1209,562,815,11,253
1284,605,815,2,210
1310,615,815,0,200
1288,606,815,2,209
1300,610,815,1,205
1304,612,815,1,203
1097,509,815,22,306
1184,551,815,13,264
1197,558,815,22,257
1326,622,815,9,193
1417,661,815,1,154
931,431,815,27,384
982,450,815,23,365
1126,522,815,9,293
1142,527,815,8,288
1163,543,815,5,272
1213,563,815,1,252
1402,655,815,12,160
1453,678,815,8,137
1526,711,815,1,104
1152,535,815,16,280
1164,543,815,15,272
1244,579,815,8,236
1294,607,815,2,208
1360,634,815,7,181
1322,620,820,0,200
1547,721,820,0,99
1342,627,825,0,198
692,326,825,0,499
1240,578,825,0,247
950,437,825,18,388
978,449,825,16,376
1056,489,825,8,336
1059,490,825,7,335
1333,625,825,0,200
1334,625,825,0,200
1239,577,825,0,248
1570,732,830,0,98
1253,583,830,0,247
728,338,835,0,497
1474,687,835,0,148
1363,635,835,0,200
1479,689,835,0,146
1381,644,840,0,196
1486,692,840,0,148
1489,694,840,0,146
1264,593,840,0,247
1498,697,845,0,148
1396,652,850,0,198
1275,601,850,0,249
1613,755,855,0,100
1203,559,855,0,296
1286,606,855,0,249
1159,540,860,4,320
1182,551,860,2,309
1177,548,860,3,312
1432,668,860,19,192
1446,675,860,17,185
1512,705,860,11,155
1572,733,860,6,127
1018,468,860,19,392
1103,511,860,10,349
1106,512,860,10,348
1238,575,860,17,285
1282,604,860,12,256
1364,635,860,5,225
1395,651,860,2,209
1459,681,860,6,179
1488,694,860,4,166
1502,699,860,3,161
1503,699,860,3,161
1144,529,860,17,331
1309,614,860,0,246
1172,546,860,33,314
1357,632,860,16,228
1384,645,860,13,215
1472,687,860,5,173
1463,684,860,16,176
1466,685,860,15,175
1478,689,860,15,171
1630,762,860,0,98
1490,694,860,4,166
1493,695,860,3,165
1518,708,860,1,152
1063,492,860,24,368
1150,532,860,16,328
1205,560,860,10,300
1299,610,860,0,250
1180,551,860,22,309
1261,588,860,15,272
1305,613,860,10,247
1354,632,860,6,228
1401,655,860,1,205
1377,642,860,14,218
1501,699,860,3,161
1523,710,860,0,150
1000,459,860,21,401
1073,497,860,13,363
1076,498,860,13,362
1132,524,860,8,336
1140,525,860,7,335
1166,544,860,4,316
1207,560,860,0,300
1289,606,860,21,254
1301,612,860,20,248
1329,623,860,18,237
1399,653,860,12,207
1455,679,860,7,181
1371,639,860,15,221
1375,641,860,14,219
1522,710,860,0,150
1508,702,860,2,158
1477,688,860,15,172
1291,606,860,11,254
1315,617,860,9,243
1403,656,860,1,204
1411,659,860,1,201
1563,730,860,6,130
1565,730,860,6,130
1280,604,860,12,256
1325,622,860,8,238
1373,639,860,5,221
1378,643,860,4,217
1295,608,860,11,252
1296,608,860,11,252
1386,647,860,3,213
1226,569,865,0,296
1537,716,865,0,149
1540,717,865,0,148
1644,767,865,0,98
1330,623,870,0,247
1439,673,870,0,197
1229,571,870,0,299
1237,575,875,0,300
1243,578,875,0,297
1663,779,875,0,96
1559,729,875,0,146
1443,675,875,0,200
1250,581,880,0,299
1678,784,880,0,96
1256,584,880,0,296
1562,730,880,0,150
1569,732,880,0,148
1464,684,880,0,196
1465,684,880,0,196
1257,585,885,0,300
1471,687,885,0,198
1475,687,885,0,198
1484,691,890,0,199
1482,691,890,0,199
1588,741,890,0,149
1591,743,890,0,147
1590,742,890,0,148
1703,796,895,0,99
1270,599,895,0,296
1383,645,895,0,250
1388,648,895,0,247
1499,698,895,0,197
1598,746,895,0,149
1597,745,895,0,150
1276,602,900,0,298
1278,603,900,0,297
1605,750,900,0,150
1611,754,900,0,146
1714,800,900,0,100
1407,657,905,10,248
1228,570,905,17,335
1292,606,905,10,299
1416,660,905,9,245
1449,677,905,6,228
1452,678,905,6,227
1393,650,905,11,255
1418,662,905,9,243
1331,624,905,17,281
1413,659,905,10,246
1494,696,905,2,209
1564,730,905,15,175
1599,747,905,12,158
1650,772,905,7,133
1225,568,905,18,337
1344,628,905,6,277
1359,633,905,5,272
1365,635,905,4,270
1071,495,905,32,410
1147,530,905,25,375
1219,565,905,18,340
1236,575,905,16,330
1313,617,905,8,288
1430,667,905,8,238
1487,693,905,3,212
1327,622,905,27,283
1389,649,905,22,256
1431,667,905,18,238
1441,675,905,16,230
1451,678,905,16,227
1511,705,905,10,200
1548,721,905,17,184
1571,732,905,15,173
1733,808,905,0,97
1735,809,905,0,96
1669,782,905,5,123
1676,783,905,5,122
1699,794,905,3,111
1153,535,905,24,370
1167,544,905,23,361
1194,556,905,20,349
1285,605,905,10,300
1314,617,905,8,288
1387,648,905,2,257
1232,571,905,27,334
1385,647,905,12,258
1406,657,905,10,248
1419,662,905,9,243
1448,677,905,6,228
1587,741,905,3,164
1343,627,905,6,278
1353,632,905,5,273
1320,619,905,18,286
1398,652,905,11,253
1339,627,905,16,278
1372,639,905,14,266
1136,524,905,17,381
1259,586,905,4,319
1268,598,905,2,307
1297,609,905,0,296
1337,627,905,6,278
1415,659,905,0,246
1424,663,910,0,247
1425,663,910,0,247
1525,711,910,0,199
1428,666,915,0,249
1759,819,915,0,96
1550,723,920,0,197
1649,772,920,0,148
1551,723,920,0,197
1558,728,925,0,197
1556,728,925,0,197
1444,675,925,0,250
1553,727,925,0,198
1670,782,930,0,148
1567,731,930,0,199
1578,735,935,0,200
1580,737,935,0,198
1467,685,935,0,250
1801,837,935,0,98
1586,740,940,0,200
1602,748,945,0,197
1500,699,945,0,246
1496,696,945,0,249
1504,699,945,0,246
1827,849,945,0,96
1822,847,945,0,98
1495,696,945,0,249
1368,637,950,3,313
1481,690,950,12,260
1532,715,950,7,235
1585,740,950,2,210
1589,742,950,2,208
1596,745,950,1,205
1610,753,950,0,197
1122,520,950,26,430
1143,528,950,25,422
1356,632,950,4,318
1657,776,950,5,174
1674,783,950,4,167
1675,783,950,4,167
1818,845,950,1,105
1422,662,950,18,288
1456,681,950,14,269
1516,707,950,9,243
1582,738,950,3,212
1583,740,950,2,210
1355,632,950,4,318
1370,639,950,3,311
923,428,950,5,522
948,436,950,3,514
1697,793,950,2,157
1677,784,950,14,166
1691,791,950,12,159
1782,828,950,5,122
1568,732,950,14,218
1607,751,950,10,199
1648,771,950,6,179
1051,486,950,33,464
1075,497,950,31,453
1145,530,950,24,420
1221,566,950,17,384
1245,579,950,15,371
1262,589,950,13,361
1263,590,950,12,360
1273,600,950,10,350
1345,628,950,5,322
1394,651,950,0,299
1476,687,950,3,263
1576,735,950,23,215
1654,775,950,15,175
1741,812,950,8,138
1757,819,950,7,131
1665,780,950,14,170
1690,791,950,12,159
1794,834,950,4,116
1552,727,950,15,223
1581,737,950,13,213
1614,756,950,9,194
1646,771,950,6,179
1687,789,950,3,161
1628,762,950,18,188
1469,686,950,13,264
1290,606,950,9,344
1534,715,950,27,235
1541,717,950,27,233
1620,758,950,9,192
1643,767,950,7,183
1717,802,950,0,148
1009,463,960,0,497
1738,810,960,0,150
1622,760,960,0,200
1429,666,965,0,299
1639,766,965,0,199
1645,768,965,0,197
1863,868,965,0,97
1749,815,965,0,150
1437,672,970,0,298
1435,671,970,0,299
1882,874,970,0,96
1872,870,970,0,100
1653,774,970,0,196
1768,823,970,0,147
1445,675,975,0,300
1886,876,975,0,99
1884,875,975,0,100
1440,675,975,0,300
1774,826,975,0,149
1772,825,975,0,150
1789,830,980,0,150
1047,485,985,0,500
1806,839,985,0,146
1491,694,990,0,296
1925,894,990,0,96
1924,894,990,0,96
1672,782,995,3,213
1542,718,995,6,277
1349,631,995,13,364
1412,659,995,8,336
1485,692,995,1,303
1426,665,995,16,330
1546,720,995,5,275
1579,736,995,2,259
1593,744,995,1,251
1745,813,995,17,182
1800,837,995,12,158
1840,854,995,9,141
1900,887,995,2,108
1904,887,995,2,108
1338,627,995,24,368
1362,634,995,23,361
1423,663,995,17,332
1527,711,995,7,284
1528,712,995,7,283
1116,517,995,36,478
1321,619,995,36,376
1127,522,995,35,473
1323,620,995,35,375
1405,656,995,28,339
1408,657,995,28,338
1420,662,995,27,333
1533,715,995,16,280
1539,716,995,16,279
1623,760,995,7,235
1627,761,995,7,234
1255,584,995,23,411
1267,596,995,20,399
1318,618,995,16,377
1340,627,995,14,368
1341,627,995,14,368
1696,793,995,1,202
1621,759,995,18,236
1761,820,995,5,175
1820,846,995,0,149
1447,676,995,24,319
1706,797,995,0,198
1685,788,995,12,207
1739,811,995,7,184
1710,798,995,0,197
1631,762,995,17,233
1720,803,995,9,192
1737,809,995,8,186
1746,813,995,7,182
1728,807,995,18,188
1841,855,995,8,140
1850,863,995,7,132
1916,893,995,1,102
1536,716,995,16,279
1566,730,995,13,265
1608,752,995,9,243
1629,762,995,7,233
1640,766,995,6,229
1686,788,995,2,207
1651,772,995,5,223
1762,821,995,15,174
1769,824,995,15,171
1879,872,995,5,123
1625,760,995,17,235
1661,778,995,14,217
1680,785,995,12,210
1708,797,995,10,198
1709,798,995,10,197
1758,819,995,6,176
1760,819,995,6,176
1594,745,995,0,250
1544,720,995,15,275
1633,765,995,6,230
1647,771,995,5,224
1549,722,995,15,273
1635,766,995,6,229
1718,802,1000,0,198
1509,704,1000,0,296
1829,850,1000,0,150
1832,851,1000,0,149
1719,803,1000,0,197
1828,850,1000,0,150
1953,904,1000,0,96
1938,900,1000,0,100
1723,804,1000,0,196
1954,905,1005,0,100
1734,808,1005,0,197
1730,807,1005,0,198
1843,858,1005,0,147
1731,807,1005,0,198
1732,807,1005,0,198
1736,809,1005,0,196
1975,914,1010,0,96
1748,814,1010,0,196
1980,917,1015,0,98
1997,924,1020,0,96
1767,822,1020,0,198
1560,729,1025,0,296
2003,926,1025,0,99
1786,829,1025,0,196
1775,826,1025,0,199
1891,881,1030,0,149
2011,930,1030,0,100
1793,833,1030,0,197
1684,788,1035,0,247
2029,936,1035,0,99
1682,786,1035,0,249
1797,836,1035,0,199
1492,695,1040,9,345
1543,718,1040,5,322
1554,727,1040,3,313
1573,733,1040,2,307
1584,740,1040,0,300
1722,803,1040,8,237
1724,804,1040,8,236
1752,816,1040,5,224
1779,827,1040,3,213
1790,831,1040,2,209
1515,706,1040,7,334
1577,735,1040,1,305
1561,730,1040,12,310
1641,766,1040,5,274
1660,777,1040,13,263
1804,838,1040,1,202
1609,752,1040,18,288
1679,784,1040,12,256
1692,792,1040,10,248
1721,803,1040,8,237
1755,819,1040,5,221
1781,828,1040,3,212
1756,819,1040,25,221
1787,830,1040,22,210
1792,832,1040,22,208
1816,844,1040,20,196
1859,866,1040,15,174
1912,891,1040,10,149
1952,904,1040,8,136
1972,913,1040,6,127
2039,939,1040,1,101
1836,852,1040,18,188
1865,868,1040,15,172
1942,902,1040,8,138
1976,914,1040,6,126
1985,921,1040,4,119
1352,632,1040,22,408
1390,649,1040,19,391
1497,696,1040,9,344
1857,865,1040,5,175
1914,892,1040,0,148
1545,720,1040,14,320
1618,757,1040,7,283
1659,777,1040,3,263
1632,764,1040,16,276
1700,795,1040,9,245
1796,835,1040,1,205
1889,880,1040,2,160
1436,672,1040,24,368
1480,690,1040,20,350
1505,700,1040,18,340
1506,700,1040,18,340
1626,761,1040,6,279
1671,782,1040,2,258
1928,895,1040,9,145
1939,900,1040,8,140
1970,912,1040,6,128
1604,750,1040,18,290
1707,797,1040,9,243
1815,843,1040,0,197
1335,625,1040,23,415
1409,658,1040,17,382
1414,659,1040,17,381
1470,686,1040,11,354
1507,701,1040,8,339
1784,829,1040,13,211
1823,848,1040,9,192
1862,867,1040,5,173
1895,883,1040,2,157
1634,765,1040,25,275
1742,812,1040,16,228
1766,822,1040,14,218
1615,756,1040,17,284
1693,792,1040,10,248
1695,792,1040,10,248
1726,806,1040,7,234
1520,709,1040,7,331
1819,845,1045,0,200
1933,897,1045,0,148
2081,959,1055,0,96
2075,957,1055,0,98
1844,859,1055,0,196
1616,756,1055,0,299
1966,909,1055,0,146
1851,863,1060,0,197
2089,963,1060,0,97
1624,760,1060,0,300
1852,864,1060,0,196
1747,813,1060,0,247
1846,860,1060,0,200
1969,911,1060,0,149
1868,869,1065,0,196
1861,867,1065,0,198
1880,872,1070,0,198
1652,773,1070,0,297
1770,824,1070,0,246
1878,872,1070,0,198
1869,870,1070,0,200
1888,879,1075,0,196
1887,879,1075,0,196
2125,978,1075,0,97
1998,925,1075,0,150
2122,977,1075,0,98
1892,882,1080,0,198
1839,854,1085,7,231
1694,792,1085,9,293
1753,816,1085,4,269
1795,834,1085,1,251
1785,829,1085,12,256
1826,849,1085,8,236
1830,850,1085,7,235
1896,884,1085,1,201
1725,806,1085,16,279
1817,844,1085,9,241
1903,887,1085,0,198
2019,933,1085,11,152
2058,947,1085,8,138
2065,951,1085,7,134
1765,822,1085,13,263
1603,749,1085,8,336
1606,751,1085,7,334
1664,780,1085,31,305
1771,825,1085,22,260
1890,881,1085,11,204
1909,890,1085,9,195
1920,893,1085,9,192
1929,896,1085,8,189
1085,502,1085,17,583
1192,555,1085,6,530
1218,565,1085,4,520
1241,578,1085,2,507
1763,821,1085,23,264
1849,862,1085,15,223
1923,894,1085,9,191
1960,906,1085,6,179
2042,940,1085,9,145
1269,598,1085,38,487
1460,681,1085,21,404
1461,683,1085,21,402
1473,687,1085,20,398
1991,923,1085,13,162
1847,861,1085,15,224
1894,882,1085,11,203
1936,899,1085,8,186
1950,904,1085,7,181
1951,904,1085,7,181
2008,929,1085,2,156
1574,734,1085,21,351
1612,754,1085,17,331
1617,757,1085,16,328
1712,800,1085,17,285
1743,812,1085,15,273
1780,828,1085,12,257
1636,766,1085,14,319
1702,796,1085,8,289
1705,797,1085,8,288
1930,896,1085,18,189
2053,942,1085,9,143
2087,961,1085,5,124
2128,980,1085,1,105
1595,745,1085,18,340
1881,874,1085,3,211
1812,841,1085,9,244
1941,901,1085,17,184
1945,902,1085,17,183
2133,982,1085,1,103
1701,796,1085,18,289
1517,707,1085,26,378
1538,716,1085,24,369
1555,727,1085,22,358
1575,735,1085,20,350
1711,799,1085,8,286
1791,832,1085,1,253
1860,867,1085,14,218
2034,938,1085,0,147
2164,994,1090,0,96
1915,892,1090,0,198
2170,997,1095,0,98
2171,997,1095,0,98
1948,904,1100,0,196
2061,950,1100,0,150
2178,1001,1100,0,99
1944,902,1100,0,198
1937,900,1100,0,200
2073,957,1105,0,148
2079,958,1105,0,147
2186,1005,1105,0,100
1848,862,1110,0,248
1974,913,1110,0,197
1968,910,1110,0,200
1864,868,1115,0,247
1317,617,1115,0,498
1979,916,1115,0,199
1982,919,1115,0,196
1873,871,1120,0,249
1996,924,1120,0,196
1871,870,1120,0,250
2243,1028,1125,0,97
1783,828,1125,0,297
1336,626,1125,0,499
2120,976,1125,0,149
2007,928,1125,0,197
2238,1026,1125,0,99
2118,975,1125,0,150
1681,785,1130,9,345
1704,796,1130,7,334
1740,811,1130,4,319
1764,822,1130,2,308
1773,825,1130,1,305
1837,852,1130,16,278
1898,884,1130,10,246
1902,887,1130,9,243
1981,917,1130,3,213
1557,728,1130,21,402
1688,789,1130,9,341
1751,816,1130,3,314
1658,776,1130,11,354
1668,782,1130,10,348
1513,705,1130,35,425
1519,709,1130,35,421
1535,716,1130,33,414
1683,787,1130,19,343
1698,793,1130,18,337
1713,800,1130,16,330
1727,806,1130,15,324
1799,836,1130,9,294
1876,871,1130,2,259
1079,499,1130,27,631
1104,511,1130,24,619
1193,555,1130,15,575
2051,941,1130,18,189
2154,990,1130,8,140
2155,990,1130,8,140
2162,994,1130,8,136
2168,997,1130,7,133
2179,1001,1130,6,129
2103,969,1130,3,161
1971,913,1130,14,217
1973,913,1130,14,217
1986,921,1130,12,209
2020,933,1130,10,197
2074,957,1130,5,173
1934,897,1130,17,233
1940,900,1130,16,230
1949,904,1130,16,226
2010,930,1130,10,200
2036,938,1130,9,192
1965,909,1130,15,221
2025,935,1130,9,195
2055,944,1130,8,186
2071,956,1130,5,174
2072,957,1130,5,173
2052,941,1130,18,189
2231,1021,1130,2,109
2147,989,1130,9,141
2185,1004,1130,6,126
2203,1012,1130,4,118
1855,865,1130,23,265
1932,897,1130,17,233
2095,966,1130,3,164
2111,971,1130,2,159
2080,958,1130,15,172
2146,986,1130,9,144
1853,864,1130,14,266
1601,748,1130,17,382
1619,758,1130,15,372
1744,812,1130,4,318
2013,931,1130,20,199
2096,966,1130,13,164
2131,981,1130,10,149
2202,1011,1130,4,119
2026,935,1135,0,200
1802,837,1135,0,298
1798,836,1135,0,299
1809,840,1140,0,300
2274,1047,1145,0,98
1834,851,1150,0,299
2184,1003,1150,0,147
2286,1052,1150,0,98
2198,1009,1155,0,146
2292,1056,1155,0,99
2196,1009,1155,0,146
1845,859,1155,0,296
1977,914,1160,0,246
2204,1012,1160,0,148
2205,1013,1160,0,147
1866,869,1165,0,296
2223,1018,1165,0,147
2209,1015,1165,0,150
2098,968,1165,0,197
1875,871,1170,0,299
2331,1074,1170,0,96
2321,1071,1170,0,99
1946,902,1175,15,273
1988,922,1175,11,253
1811,840,1175,17,335
1831,851,1175,15,324
2006,928,1175,0,247
1959,906,1175,14,269
1901,887,1175,18,288
1935,899,1175,16,276
1967,910,1175,13,265
1984,921,1175,11,254
2028,936,1175,8,239
2076,958,1175,4,217
2084,960,1175,3,215
2271,1044,1175,7,131
1838,853,1175,15,322
2090,963,1175,3,212
2199,1009,1175,14,166
2225,1018,1175,12,157
2233,1022,1175,11,153
2249,1031,1175,9,144
2323,1072,1175,1,103
2257,1034,1175,9,141
2002,926,1175,20,249
2012,931,1175,19,244
2174,998,1175,6,177
2176,999,1175,6,176
1754,817,1175,22,358
1807,839,1175,18,336
1854,864,1175,13,311
1874,871,1175,11,304
1961,906,1175,4,269
1964,908,1175,4,267
1999,926,1175,0,249
2005,927,1175,0,248
1662,778,1175,20,397
2099,968,1175,12,207
2100,969,1175,12,206
2119,975,1175,10,200
2183,1002,1175,5,173
2226,1018,1175,2,157
1856,865,1175,22,310
1899,887,1175,18,288
2001,926,1175,10,249
2023,935,1175,8,240
1987,921,1175,11,254
2017,932,1175,9,243
2047,941,1175,7,234
2059,948,1175,6,227
2082,959,1175,4,216
1955,905,1175,14,270
2112,971,1175,1,204
2038,939,1175,8,236
2057,946,1175,6,229
1814,843,1175,27,332
1877,872,1175,21,303
1918,893,1175,17,282
1989,922,1175,11,253
2083,959,1175,4,216
1995,923,1175,21,252
2078,958,1175,14,217
2101,969,1175,12,206
2113,972,1175,11,203
2180,1001,1175,5,174
2187,1006,1175,4,169
2207,1014,1175,3,161
1689,790,1175,27,385
1750,815,1175,22,360
1858,865,1175,12,310
1983,919,1175,2,256
1716,801,1175,15,374
1776,826,1175,10,349
2132,981,1180,0,199
2141,983,1180,0,197
2142,984,1180,0,196
2149,989,1185,0,196
2360,1085,1185,0,100
2032,937,1185,0,248
2031,936,1185,0,249
2264,1037,1185,0,148
1908,889,1185,0,296
2379,1094,1190,0,96
2369,1090,1190,0,100
2374,1093,1190,0,97
2375,1093,1190,0,97
2377,1093,1190,0,97
2054,942,1190,0,248
2269,1040,1190,0,150
2163,994,1190,0,196
2169,997,1195,0,198
2056,946,1195,0,249
2066,952,1200,0,248
2391,1100,1200,0,100
2182,1002,1200,0,198
2188,1006,1205,0,199
2410,1108,1205,0,97
2289,1055,1205,0,150
2077,958,1205,0,247
2190,1006,1205,0,199
2192,1007,1205,0,198
2208,1014,1210,0,196
2085,961,1210,0,249
2097,967,1215,0,248
2224,1018,1215,0,197
2228,1019,1215,0,196
2434,1118,1215,0,97
2316,1069,1215,0,146
2221,1018,1215,0,197
2092,965,1220,11,255
2109,971,1220,10,249
2236,1024,1220,0,196
2252,1032,1220,18,188
2296,1057,1220,13,163
2312,1067,1220,11,153
2353,1082,1220,8,138
2368,1090,1220,6,130
2030,936,1220,17,284
2064,951,1220,14,269
1729,807,1220,23,413
1777,827,1220,19,393
1893,882,1220,8,338
1911,890,1220,6,330
1958,905,1220,3,315
2262,1036,1220,7,184
2314,1069,1220,1,151
2272,1045,1220,15,175
2381,1094,1220,6,126
2435,1119,1220,1,101
2016,932,1220,18,288
1803,838,1220,17,382
1833,851,1220,14,369
1870,870,1220,10,350
1917,893,1220,6,327
2282,1049,1220,5,171
2320,1071,1220,0,149
1351,632,1220,18,588
1366,635,1220,17,585
1369,637,1220,17,583
1391,650,1220,14,570
1450,677,1220,9,543
1810,840,1220,26,380
1824,849,1220,25,371
1835,852,1220,24,368
1842,858,1220,23,362
1931,896,1220,15,324
2015,932,1220,8,288
2043,940,1220,16,280
2060,948,1220,15,272
2158,992,1220,6,228
1825,849,1220,35,371
1885,875,1220,29,345
1919,893,1220,26,327
1978,915,1220,21,305
2033,937,1220,17,283
1638,766,1220,31,454
1655,776,1220,29,444
1805,839,1220,17,381
1821,847,1220,15,373
2067,953,1220,14,267
2140,983,1220,8,237
1913,892,1220,6,328
1922,894,1220,6,326
2159,992,1220,6,228
1673,782,1220,28,438
1867,869,1220,11,351
1897,884,1220,8,336
1907,889,1220,7,331
2380,1094,1220,6,126
2242,1028,1220,9,192
2280,1049,1220,5,171
2317,1070,1220,0,150
1778,827,1220,19,393
1813,842,1220,16,378
1943,902,1220,14,318
2009,930,1220,8,290
2014,932,1220,8,288
2062,950,1220,4,270
2295,1057,1220,13,163
2349,1081,1220,8,139
2307,1064,1220,12,156
2311,1067,1220,11,153
2347,1081,1220,8,139
2044,940,1220,16,280
2049,941,1220,16,279
2105,970,1220,10,250
2177,999,1220,5,221
2215,1017,1220,11,203
2220,1017,1220,11,203
2244,1029,1220,9,191
2261,1036,1220,7,184
2004,927,1225,0,298
2345,1079,1225,0,146
2338,1077,1225,0,148
2339,1078,1225,0,147
2124,978,1225,0,247
2021,934,1230,0,296
2022,934,1230,0,296
2137,983,1230,0,247
2469,1134,1230,0,96
2254,1033,1230,0,197
2471,1135,1235,0,100
2024,935,1235,0,300
2263,1037,1235,0,198
2367,1088,1235,0,147
2050,941,1240,0,299
1592,744,1240,0,496
2490,1140,1240,0,100
2505,1145,1245,0,100
2520,1152,1250,0,98
2400,1103,1250,0,147
2528,1155,1255,0,100
2069,955,1255,0,300
2529,1155,1255,0,100
2293,1056,1255,0,199
2415,1109,1255,0,146
2250,1031,1265,7,234
2291,1055,1265,2,210
2165,996,1265,4,269
1906,889,1265,16,376
1947,903,1265,13,362
1962,907,1265,12,358
2000,926,1265,18,339
2107,970,1265,9,295
2130,981,1265,7,284
2357,1083,1265,17,182
2416,1110,1265,11,155
2417,1110,1265,11,155
2420,1111,1265,11,154
2428,1114,1265,11,151
2493,1142,1265,5,123
2500,1144,1265,5,121
2136,982,1265,27,283
2172,997,1265,24,268
2210,1015,1265,20,250
2281,1049,1265,14,216
2361,1086,1265,6,179
2518,1151,1265,3,114
2275,1047,1265,14,218
2335,1076,1265,8,189
1927,895,1265,24,370
2027,936,1265,16,329
2110,971,1265,9,294
2123,978,1265,8,287
2197,1009,1265,2,256
2018,933,1265,27,332
2116,973,1265,19,292
2134,982,1265,17,283
2150,989,1265,16,276
2173,997,1265,14,268
2175,998,1265,14,267
2222,1018,1265,10,247
2227,1018,1265,10,247
1957,905,1265,22,360
1990,922,1265,19,343
1993,923,1265,19,342
1994,923,1265,19,342
2167,997,1265,4,268
2304,1063,1265,11,202
2358,1084,1265,7,181
2411,1109,1265,2,156
2294,1056,1265,2,209
2260,1035,1265,16,230
2284,1051,1265,13,214
2334,1076,1265,8,189
2398,1102,1265,3,163
2354,1082,1265,17,183
2382,1095,1265,14,170
2442,1122,1265,9,143
2482,1138,1265,6,127
2144,985,1265,16,280
2145,986,1265,16,279
2235,1023,1265,9,242
2258,1034,1265,7,231
2445,1124,1265,9,141
2455,1128,1265,8,137
2127,979,1265,18,286
2143,984,1265,17,281
2302,1062,1265,1,203
2156,991,1265,15,274
2191,1006,1265,12,259
2193,1007,1265,12,258
1910,890,1265,25,375
1956,905,1265,22,360
2160,993,1265,5,272
2326,1072,1270,0,198
2438,1120,1270,0,150
2319,1071,1270,0,199
2589,1179,1275,0,96
2135,982,1280,0,298
2138,983,1280,0,297
2595,1181,1280,0,99
2459,1130,1280,0,150
2599,1182,1280,0,98
2467,1133,1280,0,147
2602,1182,1280,0,98
2348,1081,1280,0,199
2265,1037,1285,0,248
2616,1190,1290,0,100
2492,1141,1290,0,149
2615,1190,1290,0,100
2373,1092,1290,0,198
2376,1093,1290,0,197
2276,1048,1295,0,247
2388,1098,1295,0,197
2383,1095,1295,0,200
2637,1198,1295,0,97
2659,1208,1305,0,97
2403,1105,1305,0,200
2093,966,1310,9,344
2106,970,1310,8,340
2129,980,1310,6,330
2356,1083,1310,6,227
2102,969,1310,9,341
2181,1002,1310,2,308
2114,973,1310,18,337
2139,983,1310,16,327
2232,1021,1310,8,289
2322,1072,1310,8,238
2266,1038,1310,15,272
2387,1098,1310,3,212
2406,1106,1310,1,204
2414,1109,1310,1,201
2440,1121,1310,18,189
2444,1124,1310,18,186
2456,1129,1310,17,181
2501,1144,1310,14,166
2564,1171,1310,8,139
2587,1179,1310,7,131
2596,1181,1310,6,129
2603,1184,1310,6,126
2629,1194,1310,4,116
2040,939,1310,15,371
2068,953,1310,12,357
2540,1159,1310,1,151
2194,1007,1310,11,303
2337,1077,1310,7,233
2364,1087,1310,5,223
1462,684,1310,26,626
1510,705,1310,21,605
1524,710,1310,20,600
1530,713,1310,20,597
1600,748,1310,13,562
1637,766,1310,9,544
1656,776,1310,7,534
1666,781,1310,6,529
2251,1032,1310,26,278
2287,1053,1310,22,257
2397,1102,1310,12,208
2509,1148,1310,3,162
2521,1152,1310,2,158
2488,1140,1310,4,170
2538,1158,1310,1,152
2549,1164,1310,0,146
2458,1130,1310,16,180
2466,1133,1310,16,177
2496,1143,1310,14,167
2638,1199,1310,3,111
2429,1114,1310,10,196
2447,1125,1310,7,185
2346,1080,1310,26,230
2352,1082,1310,26,228
2393,1101,1310,22,209
2609,1188,1310,5,122
2611,1189,1310,5,121
2301,1062,1310,10,248
2253,1033,1310,16,277
2305,1064,1310,20,246
2308,1064,1310,20,246
2070,955,1310,11,355
1921,893,1310,24,417
1992,923,1310,18,387
2499,1144,1310,14,166
2566,1172,1310,8,138
2647,1203,1310,2,107
2216,1017,1315,0,298
2432,1117,1315,0,198
2437,1119,1315,0,196
2557,1167,1315,0,148
2699,1224,1320,0,96
2569,1173,1320,0,147
2686,1222,1320,0,98
2239,1026,1325,0,299
2448,1126,1325,0,199
2343,1079,1325,0,246
2711,1229,1325,0,96
2240,1027,1325,0,298
2465,1133,1330,0,197
1788,830,1330,0,500
2476,1136,1335,0,199
1808,839,1335,0,496
2268,1039,1335,0,296
2267,1039,1335,0,296
2495,1143,1340,0,197
2736,1244,1340,0,96
2739,1244,1340,0,96
2619,1191,1340,0,149
2620,1191,1340,0,149
2270,1044,1340,0,296
2752,1249,1345,0,96
2746,1248,1345,0,97
2512,1149,1345,0,196
2511,1149,1345,0,196
2517,1150,1350,0,200
2285,1052,1350,0,298
2472,1135,1355,4,220
2341,1078,1355,6,277
2370,1090,1355,13,265
2479,1137,1355,4,218
2504,1144,1355,3,211
2507,1146,1355,2,209
2508,1147,1355,2,208
2523,1153,1355,1,202
2579,1175,1355,16,180
2660,1209,1355,10,146
2738,1244,1355,3,111
2340,1078,1355,16,277
2378,1093,1355,13,262
2516,1150,1355,1,205
2041,939,1355,34,416
2048,941,1355,33,414
2088,962,1355,29,393
2091,964,1355,29,391
2230,1020,1355,17,335
2248,1031,1355,15,324
2283,1051,1355,11,304
2290,1055,1355,10,300
2298,1059,1355,10,296
2325,1072,1355,7,283
2366,1087,1355,4,268
2104,970,1355,17,385
2213,1016,1355,8,339
2245,1029,1355,6,326
2247,1031,1355,5,324
2297,1058,1355,0,297
1642,767,1355,18,588
1667,781,1355,15,574
1715,801,1355,11,554
2720,1236,1355,4,119
2330,1073,1355,27,282
2363,1086,1355,24,269
2478,1137,1355,14,218
2503,1144,1355,13,211
2531,1157,1355,10,198
2613,1189,1355,4,166
2645,1203,1355,1,152
2206,1013,1355,19,342
2246,1030,1355,15,325
2288,1054,1355,11,301
2333,1074,1355,7,281
2554,1165,1355,18,190
2682,1220,1355,7,135
2689,1223,1355,7,132
2722,1236,1355,4,119
2731,1241,1355,3,114
2470,1135,1355,14,220
2535,1158,1355,10,197
2581,1176,1355,6,179
2299,1061,1355,9,294
2329,1073,1355,7,282
2386,1097,1355,2,258
2401,1103,1355,1,252
2730,1240,1355,3,115
2234,1023,1355,27,332
2278,1049,1355,22,306
2362,1086,1355,14,269
2481,1138,1355,4,217
2519,1151,1355,1,204
2418,1111,1355,9,244
2433,1118,1355,8,237
2255,1033,1355,25,322
2365,1087,1355,14,268
2412,1109,1355,10,246
2533,1157,1355,0,198
2443,1123,1355,17,232
2450,1126,1355,16,229
2460,1131,1355,15,224
2539,1159,1355,10,196
2573,1173,1355,7,182
2211,1015,1355,18,340
2214,1016,1355,18,339
2309,1065,1355,8,290
2310,1066,1355,8,289
2605,1186,1355,14,169
2719,1235,1355,4,120
2732,1241,1355,3,114
2318,1071,1355,17,284
2332,1074,1355,17,281
2491,1140,1355,13,215
2525,1154,1355,11,201
2592,1180,1355,5,175
2421,1111,1360,0,249
2426,1113,1360,0,247
2552,1165,1365,0,200
2037,938,1365,26,427
2063,950,1365,23,415
2126,979,1365,18,386
2327,1073,1370,0,297
2439,1120,1370,0,250
2791,1273,1370,0,97
2574,1173,1370,0,197
2685,1221,1370,0,149
2585,1178,1375,0,197
2583,1178,1375,0,197
2800,1277,1375,0,98
2462,1132,1380,0,248
2811,1282,1380,0,98
2715,1232,1380,0,148
2816,1285,1385,0,100
2606,1186,1385,0,199
2497,1143,1390,0,247
2502,1144,1390,0,246
2840,1292,1390,0,98
2371,1091,1390,0,299
2841,1293,1390,0,97
2622,1192,1390,0,198
2734,1241,1390,0,149
2750,1249,1395,0,146
2743,1246,1395,0,149
2359,1085,1400,3,315
2744,1246,1400,11,154
2748,1249,1400,11,151
2770,1262,1400,8,138
2850,1297,1400,1,103
2108,970,1400,26,430
2200,1011,1400,18,389
2201,1011,1400,18,389
2256,1034,1400,14,366
2336,1077,1400,5,323
2372,1092,1400,2,308
2477,1137,1400,13,263
2510,1148,1400,11,252
2541,1159,1400,9,241
2241,1027,1400,15,373
2300,1062,1400,8,338
2344,1079,1400,15,321
2384,1096,1400,11,304
2385,1097,1400,11,303
2395,1101,1400,10,299
2457,1129,1400,5,271
2727,1237,1400,13,163
2810,1282,1400,4,118
2661,1209,1400,9,191
2673,1213,1400,8,187
2707,1228,1400,5,172
2710,1229,1400,5,171
2212,1016,1400,27,384
2217,1017,1400,27,383
2229,1019,1400,27,381
2277,1049,1400,21,351
2306,1064,1400,18,336
2431,1116,1400,7,284
2446,1124,1400,6,276
2407,1106,1400,19,294
2419,1111,1400,18,289
2487,1139,1400,13,261
2565,1172,1400,6,228
2639,1200,1400,0,200
2548,1163,1400,18,237
2575,1174,1400,16,226
2582,1178,1400,15,222
2644,1202,1400,10,198
2279,1049,1400,11,351
2390,1099,1400,1,301
2117,974,1400,26,426
2152,990,1400,22,410
2273,1046,1400,11,354
2324,1072,1400,6,328
2452,1127,1400,25,273
2567,1172,1400,16,228
2598,1182,1400,14,218
2677,1217,1400,7,183
2705,1227,1400,5,173
2714,1231,1400,4,169
2648,1204,1400,10,196
2665,1210,1400,18,190
2723,1236,1400,13,164
2780,1266,1400,7,134
2463,1132,1400,14,268
2640,1200,1400,0,200
2813,1283,1400,4,117
2815,1284,1400,4,116
2701,1225,1400,15,175
2728,1239,1400,13,161
2591,1180,1400,4,220
2601,1182,1400,4,218
2464,1133,1400,14,267
2550,1164,1400,8,236
2556,1166,1400,7,234
2584,1178,1400,5,222
2408,1106,1405,0,299
2866,1307,1405,0,98
2658,1208,1405,0,197
2423,1113,1410,0,297
2427,1114,1410,0,296
2894,1319,1415,0,96
2788,1270,1420,0,150
2687,1222,1420,0,198
2793,1274,1420,0,146
2691,1223,1420,0,197
2805,1279,1425,0,146
2449,1126,1425,0,299
2804,1278,1425,0,147
2801,1277,1425,0,148
2468,1134,1430,0,296
2812,1283,1430,0,147
2484,1139,1435,0,296
2820,1287,1435,0,148
2831,1289,1435,0,146
2612,1189,1435,0,246
2817,1285,1435,0,150
2826,1289,1435,0,146
2724,1237,1435,0,198
2489,1140,1440,0,300
2553,1165,1445,16,280
2560,1169,1445,16,276
2571,1173,1445,15,272
2666,1211,1445,7,234
2409,1107,1445,18,338
2473,1136,1445,12,309
2537,1158,1445,8,287
2621,1192,1445,1,253
2655,1208,1445,8,237
2740,1244,1445,1,201
2577,1174,1445,15,271
2600,1182,1445,13,263
2751,1249,1445,0,196
2561,1170,1445,15,275
2633,1196,1445,10,249
2555,1166,1445,6,279
2626,1193,1445,1,252
2784,1269,1445,16,176
2799,1277,1445,14,168
2872,1309,1445,8,136
2874,1309,1445,8,136
2608,1188,1445,2,257
2631,1195,1445,0,250
2586,1178,1445,14,267
2617,1190,1445,11,255
2625,1192,1445,11,253
2634,1196,1445,20,249
2667,1211,1445,17,234
2683,1221,1445,15,224
2712,1230,1445,13,215
2819,1286,1445,12,159
2893,1319,1445,6,126
2915,1331,1445,3,114
2928,1339,1445,2,106
2943,1345,1445,0,100
2315,1069,1445,36,376
2342,1079,1445,34,366
2389,1099,1445,30,346
2396,1102,1445,29,343
2454,1128,1445,24,317
1926,895,1445,50,550
2045,940,1445,41,505
2046,940,1445,41,505
2094,966,1445,36,479
2148,989,1445,32,456
2151,990,1445,31,455
2153,990,1445,31,455
2166,996,1445,30,449
2189,1006,1445,28,439
2219,1017,1445,26,428
2237,1026,1445,24,419
2486,1139,1445,22,306
2718,1234,1445,3,211
2453,1128,1445,14,317
2534,1158,1445,8,287
2627,1193,1445,1,252
2480,1137,1445,22,308
2544,1161,1445,17,284
2604,1185,1445,12,260
2624,1192,1445,11,253
2680,1219,1445,16,226
2688,1222,1445,15,223
2781,1267,1445,6,178
2828,1289,1445,2,156
2838,1291,1445,1,154
2303,1062,1445,27,383
2474,1136,1445,12,309
2593,1180,1445,3,265
2597,1182,1445,3,263
2681,1220,1445,5,225
2684,1221,1445,5,224
2721,1236,1445,2,209
2747,1248,1445,0,197
2651,1205,1445,8,240
2656,1208,1445,8,237
2654,1207,1445,8,238
2698,1224,1445,5,221
2594,1181,1445,13,264
2351,1081,1445,13,364
2451,1127,1445,4,318
2483,1138,1445,2,307
2404,1105,1445,18,340
2425,1113,1445,17,332
2526,1155,1445,8,290
2576,1174,1445,5,271
2643,1202,1450,0,248
2759,1251,1450,0,199
2642,1202,1450,0,248
2767,1258,1455,0,197
2865,1306,1455,0,149
2870,1308,1455,0,147
2974,1358,1455,0,97
2979,1359,1455,0,96
2972,1356,1455,0,99
2867,1307,1455,0,148
2988,1361,1460,0,99
2670,1212,1460,0,248
2775,1264,1460,0,196
2668,1211,1460,0,249
2779,1266,1465,0,199
2789,1271,1470,0,199
2694,1223,1470,0,247
2787,1270,1470,0,200
2786,1270,1470,0,200
2708,1228,1475,0,247
2702,1225,1475,0,250
2794,1275,1475,0,200
2590,1179,1475,0,296
2713,1231,1480,0,249
2917,1332,1480,0,148
2716,1233,1480,0,247
2830,1289,1485,0,196
2827,1289,1485,0,196
2614,1190,1490,0,300
2536,1158,1490,7,332
2547,1162,1490,6,328
2607,1187,1490,1,303
2641,1201,1490,18,289
2669,1212,1490,16,278
2737,1244,1490,10,246
2679,1218,1490,15,272
2729,1239,1490,11,251
2742,1246,1490,9,244
2796,1275,1490,3,215
2797,1277,1490,3,213
2806,1279,1490,3,211
2328,1073,1490,24,417
2413,1109,1490,17,381
2461,1131,1490,12,359
2844,1296,1490,9,194
2987,1361,1490,6,129
2991,1362,1490,6,128
3045,1391,1490,0,99
2646,1203,1490,18,287
2696,1224,1490,14,266
2792,1274,1490,4,216
2405,1106,1490,17,384
2441,1121,1490,14,369
2618,1190,1490,0,300
1883,874,1490,24,616
1905,888,1490,21,602
2035,938,1490,11,552
2115,973,1490,4,517
2121,976,1490,3,514
2157,992,1490,0,498
2161,993,1490,0,497
2869,1308,1490,7,182
1963,908,1490,17,582
2086,961,1490,6,529
2392,1100,1490,18,390
2782,1269,1490,15,221
2876,1310,1490,6,180
2884,1314,1490,6,176
2929,1339,1490,1,151
2524,1154,1490,18,336
2527,1155,1490,17,335
2558,1169,1490,15,321
2562,1170,1490,14,320
2692,1223,1490,4,267
2814,1283,1490,22,207
2871,1308,1490,17,182
2997,1364,1490,6,126
2976,1358,1490,7,132
2977,1358,1490,7,132
3012,1370,1490,4,120
2690,1223,1490,24,267
2753,1249,1490,19,241
2776,1265,1490,15,225
2969,1356,1490,7,134
3046,1391,1490,0,99
2650,1205,1490,17,285
2749,1249,1490,9,241
2769,1262,1490,6,228
2430,1115,1490,15,375
2485,1139,1490,11,351
2563,1171,1490,4,319
2578,1175,1490,3,315
2628,1194,1490,0,296
2772,1263,1490,26,227
2986,1361,1490,6,129
2760,1252,1490,18,238
2882,1313,1490,6,177
2896,1322,1490,4,168
2630,1195,1495,0,300
2636,1197,1495,0,298
3062,1396,1495,0,99
3075,1402,1500,0,98
2653,1206,1505,0,299
2195,1008,1505,0,497
2980,1359,1505,0,146
2662,1209,1505,0,296
2663,1210,1510,0,300
2672,1213,1510,0,297
2982,1360,1510,0,150
2218,1017,1515,0,498
2697,1224,1520,0,296
3015,1372,1520,0,148
3124,1421,1520,0,99
2905,1325,1525,0,200
2700,1225,1525,0,300
3018,1375,1525,0,150
2906,1325,1525,0,200
2709,1228,1525,0,297
2717,1234,1530,0,296
2916,1332,1530,0,198
3149,1432,1530,0,98
3156,1433,1530,0,97
2848,1296,1535,8,239
2886,1315,1535,4,220
2632,1196,1535,8,339
2671,1213,1535,15,322
2704,1226,1535,32,309
2761,1252,1535,27,283
2803,1278,1535,22,257
2837,1291,1535,19,244
2839,1291,1535,19,244
2990,1362,1535,5,173
3021,1377,1535,2,158
2983,1360,1535,15,175
2989,1361,1535,15,174
3057,1395,1535,8,140
3096,1410,1535,5,125
3072,1400,1535,7,135
3121,1421,1535,3,114
2758,1251,1535,27,284
2821,1288,1535,20,247
2858,1305,1535,16,230
2883,1313,1535,15,222
2924,1337,1535,10,198
2930,1339,1535,10,196
2967,1356,1535,6,179
2522,1153,1535,27,382
2568,1173,1535,23,362
2580,1175,1535,22,360
2875,1309,1535,16,226
2901,1324,1535,13,211
3005,1367,1535,4,168
3017,1375,1535,2,160
2741,1245,1535,18,290
2898,1323,1535,3,212
2973,1357,1535,6,178
2892,1318,1535,4,217
2899,1323,1535,3,212
2920,1335,1535,10,200
2996,1364,1535,15,171
3027,1380,1535,11,155
3033,1382,1535,11,153
3064,1396,1535,8,139
3131,1424,1535,3,111
2855,1303,1535,7,232
2862,1306,1535,6,229
2922,1336,1535,0,199
2674,1215,1535,24,320
2693,1223,1535,23,312
2873,1309,1535,6,226
2919,1332,1535,1,203
3036,1384,1535,11,151
3089,1408,1535,6,127
2785,1269,1535,24,266
2918,1332,1535,11,203
2942,1345,1535,8,190
2958,1353,1535,7,182
3013,1371,1535,3,164
3032,1382,1535,1,153
2588,1179,1535,22,356
2777,1265,1535,14,270
2795,1275,1535,12,260
2877,1310,1535,5,225
2879,1312,1535,5,223
2809,1281,1535,11,254
2829,1289,1535,10,246
2849,1297,1535,8,238
2931,1339,1535,0,196
3178,1443,1540,0,97
3175,1442,1540,0,98
2938,1342,1540,0,198
3174,1442,1540,0,98
2833,1290,1540,0,250
3071,1398,1545,0,147
2851,1297,1545,0,248
2946,1346,1545,0,199
3070,1398,1545,0,147
2957,1352,1550,0,198
3200,1453,1550,0,97
2960,1354,1550,0,196
2981,1359,1555,0,196
3208,1456,1555,0,99
3091,1409,1555,0,146
2998,1364,1560,0,196
3002,1366,1565,0,199
2999,1365,1565,0,200
3006,1367,1565,0,198
3116,1416,1565,0,149
3117,1417,1565,0,148
2891,1315,1565,0,250
3010,1369,1565,0,196
3011,1369,1565,0,196
3127,1423,1570,0,147
3026,1379,1575,0,196
2904,1325,1575,0,250
3024,1378,1575,0,197
3022,1378,1575,0,197
2763,1254,1580,6,326
2939,1342,1580,8,238
2978,1359,1580,5,221
2755,1251,1580,16,329
2774,1264,1580,14,316
2857,1304,1580,6,276
2880,1312,1580,4,268
2887,1315,1580,3,265
2914,1330,1580,10,250
2923,1336,1580,9,244
2933,1340,1580,8,240
2908,1326,1580,11,254
2910,1328,1580,11,252
2932,1340,1580,8,240
2949,1348,1580,27,232
3094,1409,1580,15,171
3143,1428,1580,11,152
3191,1449,1580,7,131
3232,1472,1580,2,108
3092,1409,1580,15,171
3095,1410,1580,14,170
3119,1420,1580,12,160
3126,1423,1580,12,157
2678,1217,1580,13,363
2703,1226,1580,11,354
2706,1228,1580,11,352
2771,1262,1580,4,318
2773,1264,1580,4,316
2778,1265,1580,3,315
3128,1423,1580,2,157
2733,1241,1580,18,339
2842,1295,1580,7,285
2847,1296,1580,7,284
2890,1315,1580,3,265
2542,1159,1580,35,421
2878,1310,1580,4,270
2909,1327,1580,1,253
2944,1345,1580,7,235
2992,1362,1580,4,218
3000,1365,1580,3,215
3100,1412,1580,4,168
2652,1206,1580,25,374
2757,1251,1580,16,329
2836,1291,1580,8,289
2843,1295,1580,7,285
2863,1306,1580,5,274
2868,1308,1580,5,272
3052,1394,1580,18,186
3067,1397,1580,17,183
3115,1416,1580,13,164
3167,1438,1580,9,142
3187,1448,1580,7,132
2754,1250,1580,26,330
2756,1251,1580,26,329
2824,1288,1580,19,292
2860,1306,1580,15,274
2623,1192,1580,18,388
2695,1223,1580,12,357
3076,1402,1580,6,178
3102,1412,1580,4,168
2903,1325,1580,21,255
2945,1346,1580,17,234
2913,1330,1580,10,250
2948,1347,1580,7,233
2964,1355,1580,5,225
2657,1208,1580,15,372
2675,1217,1580,13,363
2676,1217,1580,13,363
2745,1247,1580,7,333
2818,1286,1585,0,299
2926,1338,1585,0,247
2921,1336,1585,0,249
2934,1340,1590,0,250
3043,1390,1590,0,200
2835,1291,1590,0,299
3173,1441,1590,0,149
3056,1395,1595,0,200
3293,1499,1595,0,96
2951,1348,1595,0,247
3069,1398,1595,0,197
3077,1403,1600,0,197
2962,1354,1600,0,246
3080,1404,1600,0,196
2954,1351,1600,0,249
2959,1353,1600,0,247
3073,1400,1600,0,200
2854,1301,1600,0,299
2966,1355,1605,0,250
2971,1356,1605,0,249
2970,1356,1605,0,249
3306,1507,1605,0,98
2859,1306,1605,0,299
2864,1306,1605,0,299
3083,1405,1605,0,200
3090,1408,1605,0,197
2881,1312,1610,0,298
3318,1510,1610,0,100
2885,1314,1610,0,296
2985,1361,1610,0,249
3339,1518,1615,0,97
3003,1366,1615,0,249
2900,1324,1620,0,296
3014,1372,1625,1,253
3016,1373,1625,1,252
3035,1384,1625,9,241
3137,1426,1625,0,199
3182,1444,1625,17,181
3188,1448,1625,16,177
3205,1455,1625,14,170
3233,1472,1625,11,153
3255,1482,1625,9,143
3273,1491,1625,7,134
3292,1498,1625,6,127
3353,1523,1625,1,102
2925,1338,1625,18,287
2950,1348,1625,16,277
2953,1350,1625,15,275
2968,1356,1625,14,269
3037,1385,1625,8,240
3054,1394,1625,7,231
3141,1428,1625,0,197
2783,1269,1625,12,356
2832,1290,1625,7,335
2853,1301,1625,5,324
2313,1069,1625,12,556
2350,1081,1625,9,544
2355,1083,1625,9,542
2402,1103,1625,5,522
2936,1340,1625,27,285
3034,1383,1625,19,242
3301,1505,1625,4,120
3340,1518,1625,2,107
3343,1519,1625,2,106
3363,1527,1625,0,98
3367,1528,1625,0,97
2424,1113,1625,43,512
2475,1136,1625,38,489
2494,1143,1625,37,482
2515,1150,1625,35,475
2530,1157,1625,34,468
2570,1173,1625,31,452
3214,1461,1625,13,164
3263,1486,1625,8,139
3324,1512,1625,3,113
3129,1423,1625,11,202
3212,1460,1625,3,165
3247,1479,1625,0,146
2766,1256,1625,24,369
2808,1281,1625,19,344
2822,1288,1625,18,337
2825,1288,1625,18,337
2897,1322,1625,11,303
2963,1354,1625,5,271
2889,1315,1625,22,310
2902,1324,1625,21,301
2940,1344,1625,17,281
2975,1358,1625,14,267
3053,1394,1625,7,231
3142,1428,1625,0,197
2506,1145,1625,36,480
2543,1161,1625,33,464
2546,1162,1625,33,463
2559,1169,1625,32,456
2649,1204,1625,25,421
2764,1255,1625,14,370
2907,1326,1625,0,299
2861,1306,1625,14,319
3183,1446,1625,16,179
3226,1470,1625,11,155
3307,1507,1625,4,118
3338,1518,1625,2,107
2798,1277,1625,20,348
2807,1280,1625,19,345
3004,1366,1625,2,259
3060,1396,1625,6,229
3101,1412,1625,3,213
2956,1352,1625,15,273
3030,1381,1625,9,244
3221,1468,1625,12,157
3251,1481,1625,9,144
2952,1349,1625,16,276
3105,1412,1625,3,213
3120,1420,1625,1,205
2765,1255,1625,24,370
2912,1330,1625,9,295
3001,1366,1625,2,259
3007,1367,1625,2,258
3051,1394,1625,17,231
3061,1396,1625,16,229
3151,1432,1625,9,193
3225,1470,1625,1,155
3260,1484,1630,0,146
3029,1381,1630,0,249
3380,1532,1630,0,98
3397,1537,1635,0,98
3160,1435,1635,0,200
2498,1143,1640,0,497
3408,1544,1640,0,96
3289,1497,1645,0,148
3202,1454,1650,0,196
2514,1150,1650,0,500
2955,1352,1650,0,298
2961,1354,1650,0,296
3074,1402,1650,0,248
3204,1455,1655,0,200
3087,1407,1655,0,248
2965,1355,1655,0,300
3086,1406,1655,0,249
3309,1508,1655,0,147
2551,1164,1660,0,496
3448,1560,1660,0,100
3108,1414,1660,0,246
3216,1465,1665,0,200
3335,1517,1665,0,148
3118,1419,1665,0,246
3220,1468,1665,0,197
2984,1361,1670,2,309
3047,1391,1670,16,279
3050,1392,1670,16,278
3136,1425,1670,9,245
3180,1444,1670,6,226
3236,1473,1670,0,197
2846,1296,1670,15,374
2856,1303,1670,14,367
2994,1363,1670,2,307
3258,1483,1670,8,187
3312,1509,1670,3,161
2947,1346,1670,15,324
2995,1363,1670,12,307
3098,1410,1670,2,260
3110,1415,1670,1,255
2259,1035,1670,27,635
2399,1103,1670,14,567
2422,1112,1670,12,558
2436,1119,1670,11,551
2532,1157,1670,3,513
3345,1520,1670,10,150
3410,1544,1670,6,126
3414,1546,1670,5,124
3328,1514,1670,2,156
2394,1101,1670,54,569
2513,1149,1670,45,521
2545,1161,1670,42,509
2895,1321,1670,30,349
2725,1237,1670,27,433
2735,1243,1670,26,427
3181,1444,1670,6,226
3210,1457,1670,3,213
3215,1462,1670,2,208
3164,1437,1670,17,233
3168,1439,1670,17,231
3237,1474,1670,10,196
3246,1478,1670,9,192
3300,1504,1670,4,166
3264,1487,1670,17,183
3403,1542,1670,6,128
3437,1556,1670,3,114
3235,1472,1670,10,198
3317,1509,1670,3,161
3265,1487,1670,7,183
3285,1495,1670,5,175
3327,1513,1670,2,157
3432,1554,1670,4,116
3463,1565,1670,1,105
3207,1456,1670,3,214
3302,1505,1670,13,165
3333,1516,1670,11,154
3406,1543,1670,6,127
3438,1557,1670,3,113
3223,1469,1670,11,201
3392,1536,1670,7,134
3451,1560,1670,2,110
3104,1412,1670,12,258
3217,1466,1670,1,204
3058,1396,1670,15,274
3222,1469,1670,1,201
3231,1471,1670,0,199
2768,1259,1670,23,411
2790,1271,1670,20,399
2888,1315,1670,11,355
3274,1491,1670,16,179
3425,1551,1670,4,119
3020,1376,1675,0,299
3019,1375,1675,0,300
3482,1576,1675,0,99
3357,1525,1675,0,150
3480,1576,1675,0,99
3496,1579,1675,0,96
3023,1378,1675,0,297
3028,1381,1680,0,299
3499,1581,1680,0,99
3505,1584,1680,0,96
3498,1580,1680,0,100
3372,1530,1680,0,150
3386,1534,1680,0,146
3038,1385,1685,0,300
3165,1437,1685,0,248
3388,1535,1685,0,150
3511,1589,1685,0,96
2802,1278,1690,23,412
2911,1329,1690,13,361
3059,1396,1695,0,299
3416,1547,1695,0,148
3081,1404,1700,0,296
3544,1603,1700,0,97
3546,1603,1700,0,97
3303,1506,1705,0,199
3433,1555,1705,0,150
3439,1557,1705,0,148
3315,1509,1705,0,196
3311,1508,1705,0,197
3093,1409,1705,0,296
3099,1412,1710,0,298
3109,1414,1710,0,296
3570,1614,1710,0,96
3107,1414,1710,0,296
3460,1564,1710,0,146
3453,1560,1710,0,150
3320,1510,1710,0,200
3455,1561,1710,0,149
3563,1611,1710,0,99
3567,1613,1710,0,97
3199,1453,1715,13,262
3229,1471,1715,9,244
3244,1477,1715,8,238
3305,1507,1715,2,208
3157,1433,1715,7,282
3213,1460,1715,1,255
3296,1502,1715,3,213
3297,1503,1715,3,212
3316,1509,1715,2,206
3331,1516,1715,0,199
3158,1434,1715,17,281
3249,1479,1715,8,236
3267,1488,1715,6,227
3153,1432,1715,17,283
3240,1475,1715,8,240
3243,1477,1715,8,238
3257,1483,1715,7,232
3332,1516,1715,0,199
3132,1424,1715,9,291
3140,1428,1715,8,287
3163,1436,1715,6,279
3528,1595,1715,4,120
3574,1616,1715,0,99
3039,1387,1715,16,328
3148,1431,1715,7,284
3184,1446,1715,4,269
3145,1430,1715,17,285
3203,1454,1715,13,261
3219,1468,1715,10,247
3272,1490,1715,5,225
3282,1494,1715,5,221
3370,1529,1715,18,186
3383,1533,1715,17,182
3456,1562,1715,11,153
3494,1579,1715,8,136
3568,1614,1715,1,101
3535,1599,1715,4,116
3559,1611,1715,1,104
3561,1611,1715,1,104
3259,1483,1715,17,232
3288,1496,1715,14,219
3359,1526,1715,8,189
3464,1566,1715,0,149
3009,1368,1715,20,347
3113,1415,1715,10,300
3138,1427,1715,8,288
3238,1475,1715,18,240
3314,1509,1715,12,206
3068,1397,1715,24,318
3084,1406,1715,22,309
3152,1432,1715,17,283
3283,1495,1715,4,220
3144,1429,1715,18,286
3185,1447,1715,14,268
3266,1488,1715,6,227
3294,1499,1715,4,216
3189,1449,1715,14,266
3218,1466,1715,10,249
3287,1496,1715,4,219
3227,1471,1715,9,244
3078,1403,1715,23,312
3139,1427,1715,18,288
3201,1453,1715,23,262
3224,1470,1715,19,245
3250,1480,1715,17,235
3253,1481,1715,17,234
3356,1524,1715,9,191
3440,1557,1715,2,158
3469,1568,1715,0,147
2941,1344,1715,25,371
3111,1415,1715,10,300
3114,1416,1715,10,299
3170,1440,1715,5,275
3186,1447,1715,4,268
2935,1340,1715,15,375
3008,1368,1715,10,347
3025,1378,1715,8,337
3042,1390,1715,5,325
3065,1396,1715,4,319
3097,1410,1715,1,305
3348,1521,1720,0,199
3230,1471,1720,0,249
3355,1523,1720,0,197
3123,1421,1720,0,299
3130,1424,1720,0,296
3371,1529,1725,0,196
3594,1625,1725,0,100
3486,1578,1725,0,147
3369,1528,1725,0,197
3364,1527,1725,0,198
3381,1532,1730,0,198
3373,1530,1730,0,200
3497,1580,1730,0,150
3147,1430,1730,0,300
3398,1540,1740,0,200
3405,1542,1740,0,198
3407,1544,1740,0,196
3400,1541,1740,0,199
3279,1493,1740,0,247
3421,1549,1745,0,196
3422,1549,1745,0,196
3655,1647,1745,0,98
3291,1498,1745,0,247
3659,1650,1750,0,100
3541,1603,1750,0,147
3197,1452,1750,0,298
3135,1425,1760,7,335
3146,1430,1760,6,330
3262,1485,1760,15,275
3391,1535,1760,5,225
3419,1548,1760,3,212
3458,1563,1760,0,197
3366,1528,1760,27,232
3411,1545,1760,23,215
3520,1594,1760,14,166
3284,1495,1760,13,265
3286,1495,1760,13,265
3299,1504,1760,12,256
3379,1531,1760,6,229
3048,1391,1760,14,369
3206,1456,1760,1,304
3474,1571,1760,8,189
3487,1578,1760,7,182
3517,1592,1760,4,168
3632,1638,1760,5,122
3657,1649,1760,3,111
3277,1492,1760,14,268
3385,1533,1760,6,227
3404,1542,1760,4,218
3434,1555,1760,1,205
3044,1391,1760,14,369
3049,1392,1760,14,368
3171,1441,1760,34,319
3337,1518,1760,19,242
2572,1173,1760,18,587
2610,1188,1760,15,572
2635,1197,1760,13,563
2664,1210,1760,10,550
2762,1253,1760,2,507
3125,1423,1760,18,337
3179,1443,1760,14,317
3196,1451,1760,12,309
3304,1507,1760,1,253
3176,1442,1760,24,318
3177,1443,1760,24,317
3198,1452,1760,22,308
3321,1510,1760,10,250
3417,1547,1760,3,213
3471,1570,1760,18,190
3558,1610,1760,10,150
3560,1611,1760,10,149
2852,1299,1760,33,461
3031,1382,1760,16,378
3040,1388,1760,15,372
3063,1396,1760,13,364
3066,1396,1760,13,364
3082,1405,1760,11,355
3085,1406,1760,11,354
3103,1412,1760,10,348
3676,1658,1760,1,102
3393,1536,1760,15,224
3483,1577,1760,7,183
2927,1338,1760,25,422
3088,1408,1760,11,352
3106,1412,1760,10,348
3172,1441,1760,4,319
3195,1450,1760,12,310
3310,1508,1760,1,252
3361,1527,1760,17,233
3446,1559,1760,11,201
3473,1571,1760,8,189
3512,1590,1760,4,170
3518,1592,1760,4,168
3539,1602,1760,2,158
3489,1578,1760,17,182
3557,1608,1760,11,152
3565,1613,1760,10,147
3590,1623,1760,8,137
3617,1634,1760,6,126
3663,1651,1760,2,109
3313,1509,1760,11,251
3413,1546,1760,3,214
3377,1531,1760,16,229
3478,1574,1760,8,186
3465,1566,1765,0,199
3336,1517,1765,0,248
3468,1567,1765,0,198
3708,1672,1770,0,98
3589,1623,1770,0,147
3228,1471,1770,0,299
3234,1472,1770,0,298
3248,1479,1775,0,296
3485,1577,1775,0,198
3484,1577,1775,0,198
3492,1578,1775,0,197
3241,1476,1775,0,299
3252,1481,1780,0,299
3614,1634,1780,0,146
3732,1682,1780,0,98
3615,1634,1780,0,146
3742,1686,1785,0,99
3633,1639,1785,0,146
2823,1288,1785,0,497
3622,1636,1785,0,149
3631,1638,1785,0,147
3740,1686,1785,0,99
3276,1492,1790,0,298
3641,1642,1790,0,148
2834,1291,1790,0,499
3647,1644,1790,0,146
2845,1296,1795,0,499
3545,1603,1800,0,197
3777,1700,1800,0,100
3791,1703,1800,0,97
3784,1702,1800,0,98
3476,1572,1805,7,233
3428,1551,1805,1,254
3395,1537,1805,14,268
3472,1571,1805,7,234
3161,1435,1805,14,370
3041,1389,1805,34,416
3079,1403,1805,31,402
3169,1440,1805,23,365
3281,1493,1805,13,312
3351,1522,1805,7,283
3360,1527,1805,6,278
3347,1520,1805,7,285
3429,1552,1805,1,253
3612,1633,1805,15,172
3634,1640,1805,13,165
3691,1665,1805,8,140
3553,1606,1805,10,199
3770,1698,1805,2,107
3792,1704,1805,1,101
3503,1583,1805,15,222
3556,1607,1805,10,198
3566,1613,1805,9,192
3640,1642,1805,3,163
3211,1458,1805,20,347
3268,1489,1805,14,316
3239,1475,1805,26,330
3270,1489,1805,24,316
3319,1510,1805,19,295
3334,1517,1805,18,288
3481,1576,1805,6,229
3493,1579,1805,6,226
3500,1581,1805,5,224
3501,1581,1805,5,224
3537,1600,1805,1,205
3133,1424,1805,27,381
3154,1433,1805,25,372
3192,1449,1805,22,356
3242,1476,1805,16,329
3354,1523,1805,7,282
3396,1537,1805,4,268
3399,1541,1805,3,264
3441,1557,1805,0,248
3490,1578,1805,16,227
3521,1594,1805,13,211
3454,1560,1805,9,245
3562,1611,1805,9,194
3593,1625,1805,6,180
3621,1636,1805,14,169
3739,1685,1805,4,120
3797,1705,1805,0,100
3376,1531,1805,15,274
3409,1544,1805,13,261
3540,1603,1805,1,202
3719,1678,1805,6,127
3720,1678,1805,6,127
3745,1687,1805,4,118
3787,1702,1805,1,103
3477,1573,1805,7,232
3530,1596,1805,2,209
3444,1558,1805,10,247
3515,1590,1805,3,215
3394,1536,1805,14,269
3506,1585,1805,4,220
3159,1434,1805,25,371
3245,1477,1805,16,328
3256,1483,1805,15,322
3352,1523,1805,7,282
3358,1525,1805,6,280
3807,1710,1810,0,100
3564,1612,1810,0,198
3679,1660,1810,0,150
3812,1713,1810,0,97
3569,1614,1810,0,196
3466,1567,1815,0,248
3696,1667,1815,0,148
3818,1715,1815,0,100
3573,1615,1815,0,200
3580,1619,1815,0,196
3467,1567,1815,0,248
3586,1622,1820,0,198
3712,1674,1820,0,146
3832,1724,1820,0,96
3475,1572,1820,0,248
3488,1578,1825,0,247
3716,1675,1825,0,150
3595,1627,1825,0,198
3608,1631,1830,0,199
3616,1634,1830,0,196
3610,1632,1830,0,198
3619,1635,1835,0,200
3627,1637,1835,0,198
3876,1738,1835,0,97
3507,1585,1835,0,250
3522,1594,1840,0,246
3418,1548,1845,0,297
3525,1595,1845,0,250
3894,1746,1845,0,99
3531,1596,1845,0,249
3342,1518,1850,7,332
3382,1532,1850,4,318
3607,1631,1850,4,219
3642,1642,1850,2,208
3415,1546,1850,11,304
3526,1595,1850,11,255
3575,1616,1850,7,234
3650,1646,1850,1,204
3459,1564,1850,18,286
3462,1565,1850,17,285
3519,1592,1850,12,258
3601,1628,1850,5,222
3609,1631,1850,4,219
3702,1668,1850,17,182
3741,1686,1850,13,164
3768,1697,1850,11,153
3778,1700,1850,10,150
3861,1730,1850,4,120
3112,1415,1850,27,435
3162,1436,1850,23,414
3431,1554,1850,0,296
3326,1513,1850,18,337
3532,1597,1850,1,253
3452,1560,1850,18,290
3628,1638,1850,3,212
3652,1647,1850,1,203
2726,1237,1850,23,613
2937,1342,1850,2,508
3710,1673,1850,6,177
3888,1744,1850,2,106
3905,1754,1850,0,96
3166,1438,1850,23,412
3261,1484,1850,14,366
3298,1503,1850,10,347
3322,1511,1850,8,339
3346,1520,1850,6,330
3423,1550,1850,0,300
3648,1645,1850,11,205
3697,1667,1850,7,183
3658,1649,1850,21,201
3705,1670,1850,16,180
3810,1712,1850,8,138
3827,1722,1850,6,128
3847,1726,1850,5,124
3449,1560,1850,18,290
3457,1563,1850,18,287
3547,1604,1850,10,246
3588,1622,1850,6,228
3599,1628,1850,5,222
3638,1642,1850,2,208
3510,1587,1850,13,263
3549,1605,1850,9,245
3606,1631,1850,4,219
3656,1648,1850,1,202
3514,1590,1850,22,260
3611,1633,1850,14,217
3701,1668,1850,7,182
3323,1512,1850,8,338
3325,1513,1850,8,337
3378,1531,1850,4,319
3424,1550,1850,0,300
3134,1425,1850,25,425
3194,1449,1850,21,401
3290,1497,1850,11,353
3613,1634,1850,24,216
3881,1741,1850,2,109
3674,1657,1855,0,198
3443,1558,1855,0,297
3688,1664,1860,0,196
3461,1564,1860,0,296
3682,1661,1860,0,199
3680,1660,1860,0,200
3828,1722,1870,0,148
3703,1670,1870,0,200
3835,1724,1870,0,146
3495,1579,1875,0,296
3714,1675,1875,0,200
3958,1777,1875,0,98
3491,1578,1875,0,297
3727,1680,1880,0,200
3964,1783,1880,0,97
3966,1783,1880,0,97
3731,1681,1880,0,199
3735,1683,1880,0,197
3977,1789,1885,0,96
3751,1689,1895,2,206
3572,1615,1895,6,280
3598,1628,1895,4,267
3639,1642,1895,1,253
3577,1617,1895,16,278
3581,1619,1895,16,276
3730,1681,1895,3,214
3637,1641,1895,11,254
3934,1767,1895,6,128
3750,1688,1895,2,207
3341,1518,1895,16,377
3362,1527,1895,14,368
3365,1527,1895,14,368
3445,1558,1895,8,337
3524,1594,1895,1,301
2993,1362,1895,7,533
3055,1395,1895,0,500
3947,1772,1895,5,123
3805,1708,1895,8,187
3819,1716,1895,6,179
3436,1555,1895,18,340
3350,1521,1895,35,374
3155,1433,1895,33,462
3430,1553,1895,29,342
3435,1555,1895,28,340
3592,1624,1895,15,271
3254,1481,1895,23,414
3390,1535,1895,12,360
3426,1551,1895,9,344
3470,1569,1895,6,326
3508,1586,1895,2,309
3771,1698,1895,0,197
3802,1707,1895,18,188
3833,1724,1895,15,171
3851,1728,1895,14,167
3852,1728,1895,14,167
3879,1739,1895,12,156
3926,1762,1895,7,133
3779,1701,1895,9,194
3798,1706,1895,8,189
3848,1726,1895,4,169
3858,1729,1895,4,166
3875,1736,1895,2,159
3880,1739,1895,2,156
3529,1596,1895,10,299
3538,1601,1895,9,294
3571,1614,1895,7,281
3903,1751,1895,9,144
3932,1766,1895,6,129
3957,1776,1895,4,119
3550,1605,1895,18,290
3618,1635,1895,12,260
3672,1657,1895,8,238
3660,1650,1895,9,245
3516,1591,1895,21,304
3686,1664,1895,7,231
3700,1668,1895,6,227
3596,1628,1895,24,267
3620,1635,1895,22,260
3629,1638,1895,22,257
3646,1644,1895,21,251
3649,1645,1895,20,250
3693,1666,1895,16,229
3728,1680,1895,13,215
3789,1702,1895,9,193
3813,1714,1895,7,181
3839,1725,1895,4,170
3330,1515,1895,26,380
3374,1530,1895,23,365
3375,1531,1895,23,364
3420,1548,1895,20,347
3447,1559,1895,18,336
3479,1575,1895,14,320
3554,1606,1895,8,289
3891,1745,1895,10,150
3980,1790,1895,1,105
3982,1791,1895,1,104
3587,1622,1895,15,273
3695,1667,1895,6,228
3718,1678,1895,4,217
3763,1696,1895,0,199
3767,1696,1895,0,199
3734,1682,1895,13,213
3661,1650,1900,0,250
3783,1701,1900,0,199
3801,1707,1905,0,198
3669,1655,1905,0,250
3269,1489,1905,24,416
3278,1493,1905,23,412
3280,1493,1905,23,412
3295,1500,1905,21,405
3344,1520,1905,17,385
3427,1551,1905,11,354
3536,1600,1905,1,305
3677,1658,1905,0,247
3795,1705,1905,0,200
3685,1663,1910,0,247
3935,1767,1915,0,148
3122,1421,1920,0,499
3836,1724,1920,0,196
3842,1725,1925,0,200
3717,1677,1925,0,248
3856,1729,1925,0,196
3721,1679,1925,0,246
3857,1729,1925,0,196
3865,1732,1930,0,198
3859,1730,1930,0,200
3874,1735,1935,0,200
3552,1605,1940,7,335
3623,1637,1940,1,303
3600,1628,1940,3,312
3931,1766,1940,15,174
3956,1775,1940,13,165
3968,1786,1940,11,154
3981,1791,1940,10,149
3308,1508,1940,27,432
3384,1533,1940,22,407
3401,1541,1940,20,399
3450,1560,1940,16,380
3527,1595,1940,9,345
3534,1598,1940,9,342
3583,1620,1940,4,320
3643,1642,1940,0,298
3675,1658,1940,17,282
3687,1664,1940,16,276
3722,1680,1940,12,260
3738,1685,1940,11,255
3817,1715,1940,5,225
3837,1724,1940,4,216
3855,1729,1940,3,211
3906,1754,1940,8,186
3502,1582,1940,12,358
3513,1590,1940,10,350
3625,1637,1940,1,303
3670,1656,1940,7,284
3678,1659,1940,7,281
3723,1680,1940,2,260
3753,1689,1940,1,251
3504,1584,1940,22,356
3509,1587,1940,21,353
3578,1619,1940,15,321
3689,1664,1940,6,276
3715,1675,1940,3,265
3585,1621,1940,24,319
3624,1637,1940,21,303
3699,1668,1940,15,272
3788,1702,1940,8,238
3820,1716,1940,5,224
3825,1720,1940,4,220
3862,1730,1940,2,210
3882,1741,1940,10,199
3912,1756,1940,7,184
3412,1546,1940,19,394
3442,1558,1940,17,382
3523,1594,1940,10,346
3543,1603,1940,8,337
3548,1605,1940,7,335
3576,1616,1940,5,324
3584,1621,1940,4,319
3764,1696,1940,19,244
3928,1764,1940,6,176
3840,1725,1940,13,215
3846,1726,1940,13,214
3908,1755,1940,7,185
3781,1701,1940,18,239
3898,1750,1940,8,190
3954,1775,1940,3,165
3984,1793,1940,10,147
3866,1732,1940,2,208
3983,1792,1940,10,148
3757,1693,1940,10,247
3800,1707,1940,7,233
3803,1708,1940,7,232
3746,1687,1940,11,253
3752,1689,1940,11,251
3794,1704,1940,8,236
3809,1710,1940,6,230
3878,1739,1940,1,201
3996,1798,1945,0,147
3995,1797,1945,0,148
3900,1751,1950,0,199
3782,1701,1950,0,249
3901,1751,1950,0,199
3665,1652,1950,0,298
3910,1755,1955,0,200
3683,1661,1960,0,299
3698,1667,1965,0,298
3940,1769,1965,0,196
3711,1673,1970,0,297
3834,1724,1970,0,246
3706,1670,1970,0,300
3729,1681,1980,0,299
3725,1680,1980,0,300
3726,1680,1980,0,300
3961,1780,1980,0,200
3765,1696,1985,18,289
3867,1732,1985,11,253
3694,1666,1985,14,319
3808,1710,1985,5,275
3829,1722,1985,3,263
3868,1733,1985,1,252
3762,1695,1985,18,290
3904,1752,1985,7,233
3939,1769,1985,4,216
3944,1771,1985,3,214
3953,1774,1985,3,211
3943,1770,1985,3,215
3853,1728,1985,2,257
3872,1735,1985,0,250
4000,1800,1985,17,185
3654,1647,1985,18,338
3864,1731,1985,1,254
3938,1768,1985,4,217
3941,1769,1985,4,216
3967,1784,1985,1,201
3671,1657,1985,36,328
3814,1714,1985,25,271
3824,1720,1985,23,265
3942,1770,1985,13,215
3985,1793,1985,9,192
3551,1605,1985,26,380
3662,1651,1985,17,334
3667,1655,1985,16,330
3681,1660,1985,15,325
3692,1666,1985,14,319
3761,1694,1985,9,291
3850,1727,1985,2,258
3668,1655,1985,26,330
3684,1663,1985,25,322
3743,1687,1985,20,298
3758,1694,1985,19,291
3916,1757,1985,6,228
3920,1760,1985,5,225
3921,1760,1985,15,225
3973,1788,1985,10,197
3591,1623,1985,23,362
3626,1637,1985,20,348
3707,1670,1985,13,315
3748,1688,1985,10,297
3776,1700,1985,7,285
3786,1702,1985,7,283
3845,1726,1985,2,259
3811,1712,1985,15,273
3927,1763,1985,5,222
3804,1708,1985,16,277
3949,1773,1985,3,212
3962,1782,1985,1,203
3969,1786,1985,0,199
3690,1665,1985,24,320
3704,1670,1985,23,315
3775,1700,1985,17,285
3815,1714,1985,15,271
3919,1759,1985,6,226
3972,1788,1985,0,197
3604,1630,1985,21,355
3645,1643,1985,19,342
3664,1652,1985,17,333
3736,1684,1985,11,301
3887,1743,1990,0,247
3987,1794,1990,0,196
3892,1746,1995,0,249
3890,1745,1995,0,250
3774,1698,1995,0,297
3896,1747,1995,0,248
3913,1756,2005,0,249
3929,1764,2010,0,246
3937,1768,2015,0,247
3790,1703,2030,6,327
3747,1688,2030,9,342
3821,1717,2030,3,313
3830,1723,2030,2,307
3841,1725,2030,1,305
3597,1628,2030,21,402
3602,1628,2030,21,402
3823,1719,2030,3,311
3911,1756,2030,15,274
3924,1761,2030,14,269
3991,1795,2030,7,235
3603,1629,2030,31,401
3630,1638,2030,29,392
3651,1647,2030,27,383
3653,1647,2030,27,383
3737,1685,2030,19,345
3744,1687,2030,19,343
3760,1694,2030,18,336
3844,1725,2030,11,305
3884,1742,2030,8,288
3902,1751,2030,6,279
3923,1760,2030,4,270
3930,1765,2030,3,265
3766,1696,2030,7,334
3799,1707,2030,5,323
3831,1724,2030,2,306
3150,1432,2030,20,598
3190,1449,2030,17,581
3193,1449,2030,17,581
3271,1490,2030,8,540
3275,1491,2030,8,539
3329,1514,2030,4,516
3349,1521,2030,2,509
3209,1457,2030,15,573
3368,1528,2030,1,502
3915,1757,2030,5,273
3960,1779,2030,1,251
3965,1783,2030,0,247
3907,1754,2030,26,276
3933,1767,2030,23,263
3959,1777,2030,11,253
3975,1788,2030,9,242
3542,1603,2030,26,427
3555,1606,2030,25,424
3666,1653,2030,16,377
3733,1682,2030,10,348
3756,1693,2030,8,337
3993,1797,2030,17,233
3976,1788,2035,0,247
3387,1535,2035,0,500
3389,1535,2035,0,500
3971,1787,2035,0,248
3886,1742,2040,0,298
3402,1542,2040,0,498
3895,1747,2045,0,298
3909,1755,2055,0,300
3948,1772,2070,0,298
3999,1799,2075,6,276
3796,1705,2075,14,370
3806,1709,2075,14,366
3989,1794,2075,27,281
3773,1698,2075,26,377
3822,1718,2075,22,357
3871,1734,2075,19,341
3877,1739,2075,18,336
3925,1762,2075,13,313
3951,1773,2075,11,302
3955,1775,2075,10,300
3533,1597,2075,36,478
3843,1725,2075,10,350
3885,1742,2075,7,333
3893,1746,2075,6,329
3889,1744,2075,27,331
3917,1758,2075,24,317
3974,1788,2075,18,287
3990,1794,2075,17,281
3899,1750,2075,25,325
3936,1767,2075,22,308
3994,1797,2075,26,278
3998,1798,2075,26,277
3755,1692,2075,27,383
3826,1721,2075,21,354
3860,1730,2075,19,345
3970,1787,2085,0,298
3978,1789,2085,0,296
3769,1698,2120,25,422
3854,1728,2120,19,392
3873,1735,2120,17,385
3918,1758,2120,13,362
3950,1773,2120,10,347
3952,1774,2120,10,346
3997,1798,2120,15,322
3988,1794,2120,26,326
3897,1750,2120,34,370
3673,1657,2120,33,463
3749,1688,2120,27,432
3838,1724,2120,20,396
3863,1731,2120,18,389
3772,1698,2120,25,422
3869,1733,2120,18,387
3870,1733,2120,18,387
3883,1742,2120,16,378
3946,1772,2120,10,348
3579,1619,2165,10,546
3605,1630,2165,7,535
3635,1641,2165,5,524
3636,1641,2165,5,524
3644,1643,2165,5,522
3709,1672,2165,39,493
3754,1691,2165,35,474
3793,1704,2165,33,461
3914,1757,2165,22,408
3986,1793,2165,25,372
3979,1790,2165,25,375
3724,1680,2180,0,500
3582,1619,2210,19,591
3713,1674,2210,8,536
3759,1694,2210,4,516
3780,1701,2210,2,509
3785,1702,2210,2,508
3816,1715,2215,0,500
3849,1727,2300,15,573
3922,1760,2300,8,540
3963,1783,2300,4,517
3945,1771,2390,24,619
3992,1796,2390,19,594
