refrence_code,0
4421392693311182,2
4421392693382819,2
4421180378475868,2
4433647632286268,2
4421392693881130,2
3381543180154900,2
151102899687804,2
151102899182473,2
4421170992887198,2
4421431125310713,2
442133253447863,2
442135715457236,2
442140111079356,2
890761434471674,2
4421411027423140,2
4421411027768782,2
4420621036153575,2
2400302278379746,2
4421145491490087,2
690960514262678,2
4421300977273326,2
4450124030730861,2
4421199710426712,2
5430073687381336,2
3060761728497761,2
4421212598600747,2
313195862910487,2
4421322024985301,2
4421322024291937,2
4421214991711867,2
4421225851103528,2
3170207679388692,2
3170207679590886,2
4440160182977557,2
442118037827088,2
4421313939533397,2
3040697307865059,2
3040697307399121,2
3040697307261352,2
3243183359556769,2
3243183359665275,2
4421320358675085,2
4421401110939698,2
630427445249992,2
4421451649788146,2
4670363433731598,2
4421473472761023,2
6710059855383193,2
4421105155168856,2
4421315958616837,1
4421315958736227,1
4421316611431853,1
4421316768248424,1
4421274887862062,1
4421316768385293,1
4421274887792358,1
4421274887570756,1
4421315291712245,1
4421316954865980,1
4421316954974000,1
4421317411893978,1
4421318681487655,1
4421319449258851,1
4421319449657555,1
4421320064862585,1
4421274712274133,1
4421316768946404,1
4421306916679800,1
4421306916864752,1
4421308791742032,1
4421311197283777,1
4421311197746924,1
4421311448819414,1
4421277371439042,1
4421312789538146,1
4421313270199279,1
4421313270811889,1
4421314218572633,1
4421276472248396,1
4421275980938721,1
4421275980508964,1
4421313270822064,1
4421313270854264,1
4421275018527857,1
4421313939682711,1
4421313939731703,1
4421275018315270,1
4421320821251508,1
4421314218837543,1
4421276537159890,1
4421331031314995,1
4421273740133266,1
4421331031393803,1
4421331333810985,1
4421331368393820,1
4421331457107078,1
4421331503528470,1
4421331503828371,1
4421332534434874,1
4421332534460362,1
4421321850843619,1
4421273716274621,1
4421332798103462,1
4421332811719712,1
4421333999626941,1
4421273090733189,1
4421334499832937,1
4421334499870209,1
4421335339874733,1
4421335401647899,1
4421273090460056,1
4421332755396385,1
4421321850148734,1
4421305901807125,1
4421321850971408,1
4421322024839845,1
4421274119455716,1
4421273740753137,1
4421323160638923,1
4421323195764473,1
4421323365704841,1
4421273740459148,1
4421330981745986,1
4421323756497188,1
4421323756834650,1
4421323756907403,1
4421324205873674,1
4421324566350356,1
4421324698927816,1
4421327786183267,1
4421328766420627,1
4421330027833673,1
4421330809538187,1
4421323756322192,1
4421292699143616,1
4421292699352181,1
4421292699696818,1
4421292699725982,1
4421293768261000,1
4421285129715224,1
4421295231701851,1
4421295991663159,1
4421296422198566,1
4421296422867088,1
4421304794986928,1
4421296899822640,1
4421297089175065,1
4421297089431040,1
4421297674279246,1
4421297674420939,1
4421285129604806,1
4421298182597814,1
4421298492474559,1
4421298492508557,1
4421284084761231,1
4421296899296886,1
4421285757727791,1
4421285757446273,1
4421285757937537,1
4421286575907221,1
4421288241561937,1
4421288403322280,1
4421288640205114,1
4421285684308284,1
4421288640509876,1
4421288640641242,1
4421285129942543,1
4421288640957278,1
4421288985445296,1
4421289795505108,1
4421289949795192,1
4421290051111988,1
4421290068138047,1
4421290068961291,1
4421291234635144,1
4421291234920656,1
4421291706831016,1
4421288640725957,1
4421335835595244,1
4421302473496577,1
4421302473739410,1
4421302473884923,1
4421303054865054,1
4421303054912550,1
4421282960720159,1
4421280186655548,1
4421303501133105,1
4421303501666954,1
4421298573266269,1
4421304506755344,1
4421304794664829,1
4421279129594814,1
4421278645530451,1
4421278610337067,1
4421278300658344,1
4421278157617121,1
4421277371859343,1
4421304794837544,1
4421305871105697,1
4421304166572710,1
4421299464151897,1
4421283622595601,1
4421299464532068,1
4421299464539532,1
4421299464877875,1
4421299911850063,1
4421283223516863,1
4421299911855384,1
4421299911882970,1
4421300136652557,1
4421302473491486,1
4421300391478768,1
4421283169989639,1
4421300802838783,1
4421300853147841,1
4421283096546808,1
4421301841247889,1
4421301841868447,1
4421302473228871,1
4421302473257379,1
4421302473287011,1
4421300391192962,1
4421412171187064,1
4421412171865060,1
4421412171894249,1
4421413496459119,1
4421413496799219,1
4421415308942407,1
4421415626104286,1
4421415626181637,1
4421415626789509,1
4421415626948236,1
4421417361688802,1
4421342866464296,1
4421421790304319,1
4421421790333851,1
4421421790347951,1
4421421790442611,1
4421421790778993,1
4421421960182294,1
4421422215993906,1
4421425915205505,1
4421425915227711,1
4421425915388491,1
4421425915751059,1
4421417378211825,1
4421402801479455,1
4421402801739057,1
4421403121341169,1
4421403121553890,1
4421403547617833,1
4421404985397443,1
4421404985895045,1
4421405523252200,1
4421405523967583,1
4421406503960975,1
4421407356741785,1
4421411396291695,1
4421407615565642,1
4421407771444344,1
4421407771577153,1
4421407895452898,1
4421407895764106,1
4421408026294428,1
4421408603105736,1
4421409553326206,1
4421409553726060,1
4421409553806942,1
4421409715735462,1
4421411124445079,1
4421407615523869,1
4421439241150619,1
4421441211527292,1
4421442909465695,1
4421442909929777,1
4421443166332794,1
4421443166839088,1
4421443417617083,1
4421446181193278,1
4421447129605749,1
4421449237624088,1
4421449652193374,1
4421426563939857,1
4421450189357663,1
4421450261181801,1
4421450261253393,1
4421451649831701,1
4421451711270646,1
4421452343104690,1
4421452343418377,1
4421452343576469,1
4421452343621027,1
4421452343932183,1
4421452343966492,1
4421449652971404,1
4421426938913222,1
4421427268360230,1
4421428124293645,1
4421428124327268,1
4421428299665196,1
4421429287410664,1
4421429392707079,1
4421429392972065,1
4421429783803584,1
4421431125909586,1
4421431508474865,1
4421437931520586,1
4421432105500972,1
4421432938241370,1
4421432938513470,1
4421432938616223,1
4421432938937977,1
4421433411537071,1
4421434337171361,1
4421435503423745,1
4421435554796853,1
4421435708569331,1
4421436951691490,1
4421436951800676,1
4421431508657564,1
4421350893480991,1
4421350923643158,1
4421350923889008,1
4421352233248519,1
4421352233523333,1
4421352233981249,1
4421352330581423,1
4421353760109069,1
4421353760711527,1
4421353841356387,1
4421353841537666,1
4421402443880699,1
4421356956865433,1
4421357261437237,1
4421357952619990,1
4421357952631236,1
4421358045250741,1
4421360015377121,1
4421360015715875,1
4421362115166773,1
4421362220602220,1
4421363219303886,1
4421363219651106,1
4421355097636945,1
4421337145156130,1
4421337420313442,1
4421338982265102,1
4421339342485709,1
4421339830166789,1
4421339830781577,1
4421340162464546,1
4421342041412797,1
4421342041674454,1
4421342041896421,1
4421272841257065,1
4421350893198344,1
4421344982809652,1
4421345504159597,1
4421345504220963,1
4421345504459818,1
4421346144458715,1
4421346144765462,1
4421346144946025,1
4421346616180875,1
4421346616977272,1
4421347851408790,1
4421348732286375,1
4421350443927899,1
4421343749449162,1
4421383074867313,1
4421383767854504,1
4421384941127048,1
4421386006274137,1
4421387037285688,1
4421389218297620,1
4421390720643602,1
4421390720777064,1
4421392022768116,1
4421392375167790,1
4421394173113268,1
4421363340806966,1
4421395773434604,1
4421396338730723,1
4421396672686204,1
4421397156813622,1
4421397921578654,1
4421399388130058,1
4421400505985038,1
4421400769787856,1
4421400912286457,1
4421401528224407,1
4421401528897559,1
4421402443763433,1
4421394483538704,1
4421363898819328,1
4421363928630539,1
4421366889433075,1
4421367532180673,1
4421368334525000,1
4421369241731903,1
4421369519187483,1
4421369519477240,1
4421370290289347,1
4421372706434120,1
4421372994912976,1
4421383074218151,1
4421373311377352,1
4421373311438776,1
4421373753779310,1
4421374970921381,1
4421377473905391,1
4421379379524292,1
4421379549463864,1
4421379549517996,1
4421380369910469,1
4421380407221844,1
4421380881256115,1
4421382681918331,1
4421373311308759,1
4421183342231686,1
4421183873234113,1
4421183873442640,1
4421185868220081,1
4421185957368572,1
4421185957381296,1
4421185957486384,1
4421187860395328,1
4421187933448270,1
4421187976801757,1
4421187976953772,1
4421268275495162,1
4421188980122660,1
4421188980154524,1
4421188980181643,1
4421188980189680,1
4421188980205548,1
4421188980244454,1
4421188980251031,1
4421188980263653,1
4421188980267541,1
4421188980293545,1
4421188980317672,1
4421188980363749,1
4421188379703916,1
4421164445502884,1
4421164453253200,1
4421165281184819,1
4421165451255882,1
4421166413156079,1
4421166413545902,1
4421166502440882,1
4421166502833243,1
4421166774691563,1
4421167215853322,1
4421168068951107,1
4421182850305761,1
4421170941444284,1
4421171085422571,1
4421171964128191,1
4421172715704438,1
4421175056852606,1
4421176117138334,1
4421176494675018,1
4421179140260285,1
4421179981813991,1
4421180874793737,1
4421181552101570,1
4421181552206306,1
4421170917359839,1
4421188980805563,1
4421188980817546,1
4421188980835453,1
4421188980918294,1
4421188980927078,1
4421188980927477,1
4421188980947997,1
4421188980952423,1
4421188980967818,1
4421189561913024,1
4421190764858846,1
4421188980406942,1
4421192521347036,1
4421192521642668,1
4421192597347357,1
4421192600983546,1
4421193161432406,1
4421193534295270,1
4421193720805539,1
4421194247477233,1
4421194727425494,1
4421194727484192,1
4421194727645093,1
4421194727690545,1
4421191418276135,1
4421188980414459,1
4421188980426077,1
4421188980431728,1
4421188980463322,1
4421188980467378,1
4421188980482360,1
4421188980499024,1
4421188980540172,1
4421188980541354,1
4421188980550061,1
4421188980618406,1
4421188980805163,1
4421188980627942,1
4421188980638082,1
4421188980651488,1
4421188980652199,1
4421188980656576,1
4421188980658835,1
4421188980660453,1
4421188980676783,1
4421188980701220,1
4421188980708960,1
4421188980751985,1
4421188980762868,1
4421188980625866,1
4421127485469798,1
4421127485615591,1
4421127485859365,1
4421130060452888,1
4421130745634026,1
4421130982181787,1
4421131210914902,1
4421131520366385,1
4421131652203323,1
4421131725535120,1
4421132871425942,1
4421164348335496,1
4421136085657921,1
4421136085758725,1
4421136591356066,1
4421136956530155,1
4421137006113277,1
4421137006933136,1
4421137472648195,1
4421139191283043,1
4421139191452463,1
4421139394621057,1
4421139394889738,1
4421139769951598,1
4421133175336344,1
4421122505995510,1
4421123536647901,1
4421124052103644,1
4421124052293594,1
4421124052314009,1
4421124052494427,1
4421124052694151,1
4421124052699076,1
4421124052867294,1
4421124680778761,1
4421124753417964,1
4421127485367766,1
4421124869147341,1
4421124869436686,1
4421124869938685,1
4421125466433407,1
4421125962569474,1
4421125962735043,1
4421126901240376,1
4421126901867813,1
4421126926447502,1
4421127485160942,1
4421127485250558,1
4421127485305298,1
4421124753924887,1
4421153125209205,1
4421153125413997,1
4421153125753844,1
4421154210525548,1
4421154921689749,1
4421156124873048,1
4421156167426337,1
4421157376651831,1
4421157600236604,1
4421157600323683,1
4421157651240244,1
4421140171765217,1
4421158216486338,1
4421159115763404,1
4421159115954742,1
4421159591379931,1
4421159611801401,1
4421159611806543,1
4421159786178568,1
4421163325531934,1
4421163325560235,1
4421163325572488,1
4421163813318271,1
4421164089374838,1
4421158216369263,1
4421140414910069,1
4421141021401807,1
4421141021645549,1
4421142069686842,1
4421143529178822,1
4421143529465716,1
4421143529874461,1
4421143634762910,1
4421144134669585,1
4421144134823624,1
4421144436766659,1
4421152323923008,1
4421145742287886,1
4421145742333237,1
4421145742859442,1
4421145742870162,1
4421145777718901,1
4421147168333718,1
4421147737171710,1
4421148581978250,1
4421149871908796,1
4421150071649469,1
4421150071988893,1
4421151475144556,1
4421145491710552,1
4421237671376869,1
4421238252388954,1
4421238252677004,1
4421238619346705,1
4421239356119845,1
4421239356660464,1
4421239763204214,1
4421239951163663,1
4421240508273112,1
4421241059818512,1
4421241431863985,1
4421194727849831,1
4421242497420900,1
4421242497834619,1
4421242977602791,1
4421242977841125,1
4421243183473152,1
4421243671278280,1
4421243671993702,1
4421244041107878,1
4421244041535333,1
4421244181227027,1
4421244181815940,1
4421246034885583,1
4421241598851365,1
4421233811319542,1
4421233811709814,1
4421234273962145,1
4421235083625268,1
4421235792531569,1
4421235792897353,1
4421236128105141,1
4421236128106266,1
4421236128819094,1
4421236217339694,1
4421236314832080,1
4421237639732022,1
4421236535271925,1
4421236535452972,1
4421236535953088,1
4421236551214021,1
4421236721986935,1
4421237191568130,1
4421237272378956,1
4421237477326003,1
4421237477896650,1
4421237639314318,1
4421237639442095,1
4421237639492629,1
4421236470582693,1
4421257591262527,1
4421258032102158,1
4421258636186050,1
4421259276864175,1
4421259667947732,1
4421261289153871,1
4421261531566877,1
4421261531952134,1
4421261572633914,1
4421261572662699,1
4421266329893300,1
4421246603194331,1
4421266531259422,1
4421266531680303,1
4421266531757777,1
4421267732642657,1
4421454044900519,1
4421268275873940,1
4421269573559380,1
4421271306933987,1
4421271594535790,1
4421271594645293,1
4421271748808673,1
4421272035767873,1
4421266337901399,1
4421246956219944,1
4421247030175794,1
4421247030829393,1
4421247936941608,1
4421249432125666,1
4421249432818685,1
4421249432972681,1
4421249505360242,1
4421249505753442,1
4421250449601023,1
4421251410289277,1
4421256811530024,1
4421252522873345,1
4421252840468777,1
4421253820326436,1
4421254029455088,1
4421254029585225,1
4421254029668829,1
4421254101761240,1
4421254101770490,1
4421255149239515,1
4421255149964676,1
4421256102253962,1
4421256323196694,1
4421251410312082,1
4421209317543021,1
4421209759267829,1
4421209759457502,1
4421209759857630,1
4421209791737051,1
4421209945171465,1
4421209945560784,1
4421211087336317,1
4421211419133005,1
4421211419447963,1
4421211524616971,1
4421233617243942,1
4421211710490586,1
4421211710530333,1
4421211710646941,1
4421211710991508,1
4421211826627237,1
4421211826803010,1
4421212598723995,1
4421212954138566,1
4421213470346649,1
4421213748728701,1
4421214671266581,1
4421214671673640,1
4421211680994462,1
4421194921538534,1
4421195219201009,1
4421195219451250,1
4421199338677927,1
4421199338848298,1
4421199338856321,1
4421199710944387,1
4421200891792636,1
4421201855686162,1
4421201944614144,1
4421202096506348,1
4421208256402392,1
4421203270851843,1
4421204056517745,1
4421204056856359,1
4421204056956005,1
4421204341930189,1
4421204498576358,1
4421204498717841,1
4421205435295749,1
4421206016868785,1
4421206768978499,1
4421207071638861,1
4421207071691371,1
4421202169142524,1
4421221953422658,1
4421221953660366,1
4421222224344284,1
4421222811638961,1
4421222984368165,1
4421223530907248,1
4421225703540814,1
4421226122372466,1
4421226467307100,1
4421227005123986,1
4421227005599824,1
4421214906714473,1
4421228370225131,1
4421228370598158,1
4421228370644057,1
4421230057841059,1
4421230103448414,1
4421231241991567,1
4421231460891114,1
4421231487582738,1
4421231843389423,1
4421231843466768,1
4421231843562165,1
4421232191430837,1
4421227374241093,1
4421215406568051,1
4421215732601183,1
4421216283526772,1
4421216607504962,1
4421216607567923,1
4421217565208758,1
4421217972134182,1
4421217972439550,1
4421218197289360,1
4421218197361028,1
4421218197823093,1
4421221953336780,1
4421219096912099,1
4421219266148430,1
4421219460391540,1
4421219460607458,1
4421220159237921,1
4421220159916948,1
4421220426425284,1
4421220485317377,1
4421221511190117,1
4421221546848098,1
4421221627313642,1
4421221953233301,1
4421218235872298,1
5420069962664466,1
5420070529879536,1
5420072033289429,1
5420072033392332,1
5420072033528055,1
5420072033711963,1
5420072033887844,1
5420073048198914,1
5420073374813828,1
5420073900142500,1
5420073900868095,1
4421458198521116,1
5420077698741228,1
5420077698968994,1
5420080168557688,1
5420081911277353,1
5420081911649568,1
5420083752120567,1
5430034894101595,1
5430035246289385,1
5430035246634726,1
5430050881102599,1
5430050881834790,1
5430056391279280,1
5420077558489485,1
5270119544806443,1
5350006568407928,1
5350047892293654,1
5350047892556529,1
5350050346362804,1
5400042457427824,1
5400042457749634,1
5409737539482331,1
5409737539591432,1
5410236122372137,1
5410236122602989,1
5420069199219257,1
5410284801935589,1
5420022133131413,1
5420054396141121,1
5420061902172133,1
5420066742141362,1
5420066742221262,1
5420066742508404,1
5420068044425049,1
5420068044933805,1
5420068125405338,1
5420068125502620,1
5420068974433386,1
5410236122634762,1
5430071315597540,1
5430071684480310,1
5430072141258433,1
5430072141831318,1
5430073601146948,1
5430073601167581,1
5430073601187321,1
5430073601193185,1
5430073601195527,1
5430073601278341,1
5430073601302024,1
5430056391538590,1
5430073601439451,1
5430073601541160,1
5430073601861767,1
5430073601902572,1
5430073601965861,1
5430073687387300,1
5430073687642545,1
5430074251660118,1
5430075574441615,1
5430075574928321,1
5430076279207563,1
5430076546746755,1
5430073601311599,1
5430056391539073,1
5430059234595387,1
5430059234761046,1
5430059846298734,1
5430060704145399,1
5430061761568579,1
5430061761995651,1
5430062413342795,1
5430062421243617,1
5430063381502673,1
5430064981109241,1
5430070157172867,1
5430065935222927,1
5430065935642986,1
5430066941551892,1
5430067997481779,1
5430068624133873,1
5430068624553513,1
5430068624568808,1
5430068624836821,1
5430069124126859,1
5430069124800604,1
5430069280553948,1
5430070157106631,1
5430064981776017,1
4890559701741173,1
4898144691823845,1
4901078951285339,1
4901078951354319,1
4901078951469102,1
4901078951698438,1
4901078951780195,1
4901078951959532,1
4901484834319382,1
5000203488323073,1
5000203488859274,1
5140077477680291,1
5030032002598221,1
5030032002934227,1
5030076565179418,1
5030076565593859,1
5030078411388937,1
5030080996151518,1
5030080996423202,1
5030080996536141,1
5030092390533243,1
5030097821326388,1
5030098011772327,1
5030098372913785,1
5030005986409132,1
4670365088727683,1
4670365088825271,1
4670372165739405,1
4670372165761412,1
4670407937437409,1
4680339985301742,1
4690468346435233,1
4690468346504329,1
4690468346648188,1
4690468346828378,1
4711190384264982,1
4870266083550442,1
4711190384847816,1
4820051441309897,1
4820051441449362,1
4820051441452310,1
4820051441628897,1
4820051441678168,1
4830198621298524,1
4840246688198610,1
4840246688892704,1
4850242359591280,1
4860361687704587,1
4870266083387490,1
4711190384465234,1
5039744201372709,1
5039768672359273,1
5039938136239825,1
5039938136413091,1
5039949936469141,1
5039949936597349,1
5039949936703420,1
5039949936967500,1
5039985312844037,1
5129665090441617,1
5129665090651803,1
5030100121383141,1
5130076621652224,1
5130087569179079,1
5130087569463210,1
5130087569769757,1
5130098862321288,1
5130104544899374,1
5130127390494787,1
5130133463186956,1
5130134605704536,1
5139970058966505,1
5140071800640369,1
5140077477277140,1
5130067241560808,1
5030100490344400,1
5030100490714585,1
5030102027842710,1
5030102094473495,1
5030103813138827,1
5030104526144271,1
5030105883893539,1
5030109102355764,1
5030109137568917,1
5030109137840040,1
5030109315116086,1
5039478291450239,1
5030109609420728,1
5030112464161641,1
5030112596105680,1
5030113551684450,1
5030116631180243,1
5030118209628101,1
5030118276837594,1
5030122672298448,1
5030122672787063,1
5030123210698270,1
5039476851808715,1
5039476851838496,1
5030109315419967,1
6080129078475894,1
6090081698959755,1
6090081698994224,1
6190146457183291,1
6190146457495404,1
6200058490615134,1
6200058490663727,1
6200078645415194,1
6200078645598197,1
6200078645655092,1
6200078645663535,1
5430076546908148,1
6220035275699985,1
6240195081233246,1
6350142071486119,1
6350142071720493,1
6350142071793478,1
6350142071979168,1
6480092015213961,1
6480092015230402,1
6480092015429541,1
6480092015543172,1
6480092015950885,1
6480092015954026,1
6200078645674119,1
5529981402288765,1
5529987125431430,1
5550240701832628,1
5550240701870044,1
5560763233246590,1
5610027608566455,1
5610027837128711,1
5610029325940503,1
5610029414856577,1
5610029678474778,1
5610030269324013,1
6060248403955222,1
5610032350972664,1
5610032504292839,1
5650092362717656,1
5650108919571608,1
5650108919919473,1
5749873341161423,1
5830075091638408,1
5939157475312146,1
6020100952289794,1
6020100952415227,1
6020100952420411,1
6060161421973988,1
5610032350312633,1
6890031350278453,1
6890031350375111,1
6970027333346280,1
6970035964387942,1
6970035964418726,1
6970035964719641,1
6970035964751359,1
7050007331243206,1
9194614386930327,1
2465406134035,1
2526109662292,1
6480095014242237,1
3020748631726,1
5520041199846,1
7915960579682,1
9264082759612,1
10492615139246,1
15007817154588,1
15040123173114,1
17524210794719,1
18486312857168,1
18486312994456,1
21412367476991,1
21412367478857,1
2538019277491,1
6480095014888951,1
6480095073144877,1
6480095073313559,1
6480095073825481,1
6550044391176514,1
6570109448160749,1
6570109448256071,1
6570109448309975,1
6570109448418398,1
6570109448990190,1
6600121297345288,1
6880049079303685,1
6640127830367378,1
6640127830381390,1
6640127830529354,1
6640127830576150,1
6640127830755673,1
6640127830833619,1
6720078161335943,1
6810033866156769,1
6810051635181818,1
6810062580442718,1
6820037252902249,1
6880008941174204,1
6640127830312845,1
5439966439185651,1
5439966439693122,1
5439986820899998,1
5480122010196313,1
5480122010811558,1
5490167963289015,1
5510003405949311,1
5510007400270828,1
5510048115611893,1
5510049200467238,1
5510049588299813,1
5529973541987414,1
5510049588780821,1
5510056770858251,1
5510057386918735,1
5510062711633078,1
5510062983680459,1
5510063009566932,1
5510066652182608,1
5510066652237173,1
5510066652443938,1
5510066652468060,1
5510066652505272,1
5510068302672179,1
5510049588301880,1
5430077275284728,1
5430078050281234,1
5430078050914233,1
5430078344444286,1
5430078719534288,1
5430079448812131,1
5430080519400377,1
5430080731191951,1
5430080731473941,1
5430081000884035,1
5430081000914916,1
5439959378760332,1
5430083951231963,1
5430084611347753,1
5430084611403758,1
5430085618515311,1
5430085723419439,1
5430089737391759,1
5439748172281285,1
5439748172369132,1
5439748172445879,1
5439748172601190,1
5439821465230731,1
5439821465966976,1
5430081000980625,1
5520037876823004,1
5520038120423802,1
5520038953293359,1
5520039550181279,1
5520039550354586,1
5520039550945173,1
5520039984304010,1
5520039984830628,1
5520040109264397,1
5520040540932509,1
5520042012187379,1
5510068906224138,1
5520043531361249,1
5520043531672339,1
5529550932120915,1
5529550932219722,1
5529550932416563,1
5529914731179857,1
5529918761478759,1
5529944612831844,1
5529954790242650,1
5529954790572675,1
5529960448775364,1
5529973541498159,1
5520042111176429,1
5510068906358954,1
5510068906456322,1
5510068906504118,1
5510068906631117,1
5510068906831574,1
5510069228219614,1
5510069228339819,1
5510070293388397,1
5510070293732418,1
5510070293811009,1
5510070293831163,1
5520035911549649,1
5510075759704948,1
5519816034547911,1
5519821471116250,1
5519943230673824,1
5519943230818565,1
5519972575483090,1
5520013977364549,1
5520013977392968,1
5520021287495723,1
5520021287566119,1
5520024286953336,1
5520033307882455,1
5510075740964780,1
4433696501707820,1
4440025730875442,1
4440055184393854,1
4440055346319917,1
4440084079721564,1
4440102786653006,1
4440135250615751,1
4440136087191289,1
4440136087359296,1
4440136087437091,1
4440136087824636,1
4670365088327326,1
4440136087961701,1
4440137008605574,1
4440148247160765,1
4440148247464652,1
4440148247519202,1
4440148247550461,1
4440148247672812,1
4440148247776374,1
4440149472855166,1
4440151442709224,1
4440151442981816,1
4440152211463994,1
4440136087831632,1
4433394424321278,1
4433409332226599,1
4433409332406224,1
4433468983118595,1
4433468983210691,1
4433468983544824,1
4433468983858512,1
4433489522681414,1
4433533343167326,1
4433533343863051,1
4433536504336443,1
4433683711982795,1
4433627437715569,1
4433631795291914,1
4433642746252538,1
4433642746578303,1
4433642746923548,1
4433642746924631,1
4433669415528208,1
4433669415671463,1
4433671479214866,1
4433671479319676,1
4433671479798140,1
4433671479854761,1
4433563080329705,1
4449976606170341,1
4450022319356425,1
4450035550245916,1
4450035550972341,1
4450036662278281,1
4450036662316459,1
4450052277559708,1
4450065311561508,1
4450075153449196,1
4450082176503524,1
4450085272513364,1
4440152211527808,1
4450085434845639,1
4450085884246812,1
4450090705186303,1
4450094077507851,1
4450094077696080,1
4450106148455667,1
4450107063788481,1
4450109333645026,1
4450110137576172,1
4450110935311662,1
4450111168334603,1
4450111168830158,1
4450085272815196,1
4440156721460226,1
4440156721599637,1
4440161669911950,1
4440162479295230,1
4440162479579465,1
4440162479819151,1
4440164129438918,1
4440164129487805,1
4440169619883005,1
4440172997507450,1
4440173462604196,1
4449975502563718,1
4440173993346785,1
4440173993591625,1
4440176461374316,1
4440178944455190,1
4440178944729228,1
4440178944859561,1
4440178944995987,1
4440185258291400,1
4449658159190094,1
4449686667835747,1
4449697510233384,1
4449873874234497,1
4440173578306715,1
4421463302483723,1
4421463973282959,1
4421463973660394,1
4421464686513511,1
4421464686538205,1
4421466980736066,1
4421467650424376,1
4421467650847977,1
4421467650975081,1
4421473472800330,1
4421474339504067,1
4433394424225107,1
4421567256190487,1
4421567256447065,1
4421567256710548,1
4421567256769252,1
4421567256987964,1
4421605441108265,1
4421919391816425,1
4422710184309219,1
4422710184743165,1
4422710184942574,1
4430698724660424,1
4430723311847896,1
4421529958149772,1
4421454214241001,1
4421455131914324,1
4421455199359566,1
4421455288608301,1
4421456284213759,1
4421456284714725,1
4421456284889637,1
4421458198464707,1
4421122505621848,1
4421458368217738,1
4421458368537718,1
4421463043382770,1
4421459135261735,1
4421459135459796,1
4421459135966935,1
4421459968563854,1
4421461776740707,1
4421461776982284,1
4421462292374759,1
4421462861503508,1
4421462861544387,1
4421462861691307,1
4421462888710925,1
4421463043174770,1
4421458430891801,1
4432757477377807,1
4432757477741481,1
4432791561870616,1
4432791837963565,1
4432803312651118,1
4432838728227702,1
4432838728372648,1
4432838728552692,1
4432857293207198,1
4432857293783848,1
4432857293951982,1
4430730555327677,1
4432857617187927,1
4432870176114458,1
4432870176155318,1
4433256986257193,1
4433256986742030,1
4433256986761104,1
4433269743963696,1
4433299200788243,1
4433299200911589,1
4433336300119225,1
4433336300526404,1
4433373346601032,1
4432857617128683,1
4430730555518604,1
4431689869451459,1
4431720480807424,1
4431794281972858,1
4431795502592637,1
4431804341882591,1
4431811151477634,1
4431824987680479,1
4431829644814437,1
4431829644936372,1
4431863966354391,1
4432742471437424,1
4432090693890054,1
4432325275540910,1
4432325275794173,1
4432359528639439,1
4432378085729741,1
4432384301764285,1
4432461241765878,1
4432477032198432,1
4432477032331677,1
4432504031478689,1
4432508825118921,1
4432515228445445,1
4431869271870184,1
4480148884449357,1
4480166955355082,1
4480169644176173,1
4480169644455091,1
4480172122556547,1
4480178783172319,1
4480178783393501,1
4480178783596171,1
4480178783917744,1
4480179658564163,1
4480182888677989,1
4450111834204825,1
4480183892208966,1
4480183892392550,1
4480183892733149,1
4480186786130645,1
4480186786186361,1
4480186786282123,1
4480186786496530,1
4480186786559466,1
4480186786596225,1
4480187960367567,1
4480187960980444,1
4480192085210375,1
4480182888896087,1
4470081868179692,1
4470088374813661,1
4470094366127311,1
4470101788235876,1
4470104442226718,1
4470105813388458,1
4470107344451544,1
4470107891800286,1
4470116602314845,1
4470116602775198,1
4470118907355468,1
4480143866422973,1
4470123870369104,1
4470125113759842,1
4479955860406838,1
4479955860820323,1
4480100636559212,1
4480116591922179,1
4480136673547688,1
4480137866759570,1
4480141383301146,1
4480141383900457,1
4480143866119105,1
4480143866198925,1
4470118907448034,1
4610903733654370,1
4610946025167456,1
4610946025601065,1
4610946025913817,1
4611015866750225,1
4611024393364311,1
4623624021425450,1
4640204833272169,1
4640255926874934,1
4640260431869386,1
4640276443359818,1
4480195009645892,1
4660383210360434,1
4660383210692462,1
4660503437405175,1
4660503437571988,1
4660550729703598,1
4660550729722105,1
4660552772590677,1
4670340530484715,1
4670340530595835,1
4670351273947155,1
4670363433532935,1
4670365088296696,1
4640276443579860,1
4480195009975583,1
4480198822209883,1
4480199705532451,1
4480200126426198,1
4480200126616442,1
4480201718530817,1
4480204474166098,1
4480204474619948,1
4480204474875976,1
4480205411725094,1
4480206574812421,1
4610874520965591,1
4480210695901290,1
4489511736103159,1
4489737203391455,1
4490515073762800,1
4510192592465008,1
4540159852298341,1
4610687641116335,1
4610808803314838,1
4610808803745430,1
4610866625804621,1
4610874229876720,1
4610874520812700,1
4480210695857994,1
4459985381273478,1
4460004194298672,1
4460005735507129,1
4460005735763821,1
4460005735975606,1
4460013460556800,1
4460029448375910,1
4460056976197700,1
4460068680492907,1
4460081768131300,1
4460081768134661,1
4470036617705674,1
4460081768955998,1
4460112965702531,1
4460112965948848,1
4460116642846970,1
4460118661182558,1
4460118661326889,1
4460118661429814,1
4460130580117752,1
4460130580354813,1
4460130580584566,1
4460131463144061,1
4460131463389788,1
4460081768617132,1
4450114094266786,1
4450115775590777,1
4450115775686221,1
4450116712922049,1
4450117557468751,1
4450119878610018,1
4450120507591259,1
4450120531520839,1
4450120531748158,1
4459340828592963,1
4459344084965782,1
4459967413820759,1
4459670003820787,1
4459670003967983,1
4459684799166255,1
4459690896955492,1
4459716607265953,1
4459716607529619,1
4459716607621808,1
4459716607899094,1
4459718936522960,1
4459723107623728,1
4459933391196636,1
4459933391386489,1
4459670003641240,1
4460147521545721,1
4460148056113633,1
4460148056721015,1
4460148056968442,1
4460148307772509,1
4460148307780524,1
4460148307823830,1
4460149214371246,1
4460149214931781,1
4460149631116830,1
4460151413577970,1
4460131811224823,1
4460153378203831,1
4460154609467811,1
4460155818747863,1
4460155818891862,1
4460156271914340,1
4460157055886372,1
4460160463419207,1
4460161321198903,1
4469707465301644,1
4469729655474623,1
4469733652460906,1
4470016144905449,1
4460152517880044,1
4460135353359450,1
4460135353492327,1
4460136600211977,1
4460136600269688,1
4460136600440963,1
4460136600633957,1
4460136600775911,1
4460136600894778,1
4460137781888668,1
4460139294851376,1
4460141329241026,1
4460142643131248,1
4460147521307298,1
4460142643709840,1
4460142643736825,1
4460144166372377,1
4460145261332254,1
4460145261612709,1
4460145766446038,1
4460145766934847,1
4460146401335377,1
4460146924377031,1
4460146924637419,1
4460146924787267,1
4460146924967212,1
4460142643698820,1
1150269006394417,1
1150275510738775,1
1150287993594690,1
1150287993736538,1
1160216606395022,1
1160216606456333,1
1160342652285643,1
1160342652314255,1
1160342652625216,1
1160342652780158,1
1160342652913459,1
4421116254483575,1
1160491542583606,1
1180099796290441,1
1180099796559292,1
1180099796752401,1
1190253429486400,1
1190253429808260,1
1190346478210263,1
1190363623810507,1
1200199189407523,1
1200199189769091,1
1200265701133719,1
1160418314353246,1
933662068329043,1
942522907236652,1
946534942137923,1
946534942441727,1
946534942539819,1
946534942644143,1
946534942845028,1
1050298705648753,1
1050298705740257,1
1062678249504665,1
1080619399156730,1
1130693643521212,1
1080647228274841,1
1080679227448809,1
1100355936290213,1
1100355936436000,1
1100541616820410,1
1100645918677722,1
1120187494471011,1
1130548155602482,1
1130548155991672,1
1130594882412796,1
1130631222319786,1
1130631222437465,1
1080647228232243,1
1273879236354017,1
1273932390349792,1
1274020530280105,1
1274020530323061,1
1274020530977372,1
1274115981245785,1
1274115981756496,1
1274119626394641,1
1274119626847294,1
1274119626869095,1
1274119626887530,1
1200265701357112,1
1274119626960489,1
1274120111994176,1
1274186013120134,1
1274186013137102,1
1274186013281223,1
1274186013887227,1
1274316960340995,1
1274389666226542,1
1274414318696011,1
1274414318951223,1
1274431832939381,1
1274491975985126,1
1274119626937310,1
1200265701391731,1
1200265701768707,1
1200267656151404,1
1209823705525725,1
1209823705653863,1
1209823705717871,1
1249925479712224,1
1250560209718626,1
1250560209895231,1
1250586976907359,1
1250762316428440,1
1273879236120575,1
1250834414187080,1
1250849780149219,1
1272738655259984,1
1272773647439999,1
1273322878489805,1
1273530047579607,1
1273530047714337,1
1273624971100773,1
1273664639835568,1
1273681525322666,1
1273681525977597,1
1273821904947943,1
1250791294418107,1
535005034640666,1
540003938392574,1
541029123955224,1
542005439619267,1
542007203337222,1
542007203376269,1
543005639183043,1
543005923455224,1
543006862465951,1
548011817144259,1
551005677034855,1
927831961545614,1
555024070110263,1
556076323346897,1
606016142179702,1
606024211169911,1
629006562918381,1
630364291367750,1
630364291396633,1
630427445945518,1
648009201521828,1
657010944836774,1
657010944886726,1
673004111045062,1
552003016264300,1
503003200263003,1
503007656573892,1
503008099658162,1
503010644897744,1
503010913756962,1
503010960946749,1
503010975757859,1
503011692366375,1
503947685164066,1
503947685189884,1
513011065173748,1
532179463927967,1
521090601770884,1
521129591586574,1
521679605582046,1
521679605663657,1
532179463137944,1
532179463221636,1
532179463529059,1
532179463531829,1
532179463588032,1
532179463653247,1
532179463901013,1
532179463904951,1
513012206287978,1
850278554344424,1
880406437360672,1
880406437905611,1
890360626549519,1
890360626610210,1
890610525156195,1
890610525524694,1
890611092271589,1
890631948368562,1
924532726577154,1
924532726822668,1
690919451147839,1
924725885141402,1
924732962304523,1
924732962619209,1
925526290132360,1
925526290224684,1
925526290913889,1
926408275145065,1
926439049695341,1
926598473499434,1
926598473656692,1
927604299643383,1
927604299645969,1
924532726901948,1
690919451855071,1
690919451865741,1
690960514149524,1
690960514850377,1
769464221341346,1
769464221708201,1
829354786463013,1
829739033723373,1
830042784187122,1
830152318609246,1
830152318631016,1
830214720343667,1
830155414236451,1
830155414835703,1
830155414892750,1
830171967783491,1
830187782727245,1
830187782912568,1
830203494616401,1
830203494828192,1
830204083139443,1
830204083276094,1
830204083741755,1
830214720192429,1
830154736243607,1
2301140636314059,1
2301140636749569,1
2360717537640075,1
2380504504151425,1
2380504504189618,1
2380511934569224,1
2392056102158474,1
2400261911199946,1
2400261911214616,1
2400261911696872,1
2400262561536206,1
1274532809332715,1
2400296022668736,1
2400296022789886,1
2400296944974465,1
2400302278280700,1
2400302278653304,1
2400311102945779,1
2400311285566246,1
2400311285963838,1
2400314853703760,1
2400320731774882,1
2400324492683025,1
2400328201378840,1
2400275998572404,1
2283868221383964,1
2283868221645896,1
2283871514689323,1
2283871514777270,1
2283875706168748,1
2283882265109663,1
2283882265209509,1
2283882265433454,1
2283882265866153,1
2283882265906381,1
2283897483168878,1
2295484855349372,1
2283897483908338,1
2283942209264215,1
2283972175253361,1
2283977551563869,1
2283977551726497,1
2284007023495045,1
2284007023502173,1
2284148311485746,1
2284148311840473,1
2284148311904548,1
2284244548700743,1
2284304761395897,1
2283897483242820,1
2421068371149232,1
2440615005195464,1
2440615005792411,1
2440620378259095,1
2460428881102661,1
2460493002130816,1
2460514433242403,1
2460514433304061,1
2460514433433129,1
2480601188383005,1
2480601188702861,1
2400335605268785,1
2480636224217741,1
2480647511281479,1
2480647511831675,1
2480647511861988,1
2480654133518123,1
2480654133618044,1
2500477460222394,1
2500477460456506,1
2500477460858441,1
2500477479893454,1
2500477479956467,1
2500527018902473,1
2480625801300560,1
2400351554400124,1
2410959441502708,1
2411005067549732,1
2420084357153535,1
2420084357278671,1
2420084357412088,1
2420084357482644,1
2420084357642173,1
2420084357707106,1
2420549341128811,1
2420549341571234,1
2421050170830453,1
2420884752349976,1
2420884752598740,1
2420884752723149,1
2420884752899266,1
2420905288802814,1
2420930241569245,1
2420930241950826,1
2420932005998219,1
2420974565421551,1
2421004314937977,1
2421020638937233,1
2421050170591499,1
2420759222418539,1
1743969872863286,1
1744405794965728,1
1744885893896207,1
1757107509168949,1
1757107509182509,1
1810711339581478,1
1810778069221810,1
1810778069717388,1
1810840015493092,1
1810840015684259,1
1811053327340885,1
2283856442933697,1
1820446077456732,1
1820446077901457,1
1820525627146442,1
1829579711596781,1
1829640933175018,1
1830527304375435,1
1830780980189213,1
1830780980942995,1
1830805975994690,1
1830815784260211,1
1830815784575658,1
1830815784714597,1
1811053327713717,1
1274532809670931,1
1274555809514421,1
1274555809757686,1
1274555809977476,1
1274579333454163,1
1274599776111571,1
1274599776759749,1
1274654416289003,1
1274654416678796,1
1274654416952463,1
1275025781546949,1
1743969872753716,1
1288093357607214,1
1362693367931822,1
1376070448624062,1
1570504687625974,1
1570504687902024,1
1630383880815132,1
1742903355102296,1
1742903355869843,1
1743624107278797,1
1743957971567037,1
1743969872509279,1
1743969872574362,1
1275025781839425,1
2283421772439583,1
2283443377661815,1
2283470021908939,1
2283509556126564,1
2283509556132173,1
2283509556144649,1
2283509556684240,1
2283509556785319,1
2283509556990281,1
2283512141452301,1
2283597171854760,1
1830815784729076,1
2283597481132556,1
2283597481192067,1
2283665086617328,1
2283677777466571,1
2283698286202316,1
2283699835105028,1
2283730724401145,1
2283739853404961,1
2283751187265495,1
2283751187421315,1
2283762642633897,1
2283811805174260,1
2283597481115944,1
1830815784907651,1
1890700851156017,1
1920318380228066,1
1920318380839000,1
1960708511739465,1
1990860461461778,1
1990860461607558,1
1990860461794513,1
1990860461864270,1
1990935109446601,1
2021004287802578,1
2283364213826948,1
2130518583189022,1
2130518583915214,1
2130832598886399,1
2210443431369322,1
2210443431626660,1
2260289517178259,1
2260289517613759,1
2280835797658807,1
2282761480169252,1
2283290929829979,1
2283313430102744,1
2283330475464523,1
2051295603325532,1
196070851130811,1
196070851136057,1
196070851187272,1
200071661149271,1
200473360967509,1
200821067150752,1
200915959114206,1
200915959473982,1
213083259826607,1
228329455154380,1
228333047567571,1
503003200242342,1
228357162617906,1
228381180599152,1
228394220910919,1
230114063654389,1
236071753744644,1
238054784136672,1
242008435734420,1
248045200136813,1
250107554908480,1
250178923168669,1
250226324544545,1
250431777756309,1
228350955652022,1
150242433274936,1
150472447626520,1
150482299201391,1
150513216283768,1
150513216585080,1
150545071646715,1
150631235708642,1
150718454446123,1
150718454538103,1
150718454691129,1
150718454814210,1
194087691572120,1
150718454968151,1
150735839754977,1
150747675662738,1
150747675985515,1
151184828671802,1
151538808211064,1
151538808334569,1
174290335537727,1
174453645755569,1
181105332780414,1
183080597535423,1
183081578489733,1
150718454858702,1
312968043171357,1
312968043613765,1
313195862248897,1
313195862468721,1
313195862734817,1
314022905424438,1
314023585280418,1
320022423111691,1
351005816168515,1
371320763208218,1
371320763281561,1
252013324434513,1
372548342132433,1
372548342861090,1
372559506669536,1
372559506705428,1
372559506798262,1
372559506947042,1
372661653838679,1
372867103119878,1
372867103207063,1
403701350263212,1
420052952170899,1
421050566833276,1
371531195972925,1
255025324833649,1
255026435523460,1
255026783485811,1
255972653190141,1
256050466910539,1
256055839476195,1
257169139270516,1
257270240153313,1
298002836311487,1
298002836329417,1
298002836380401,1
312868782934836,1
304041386419790,1
304043298256873,1
304054785229312,1
306050271464476,1
306069636574711,1
306069702728461,1
308035480159022,1
308037797430221,1
309156697834893,1
310055422142490,1
312868782200011,1
312868782830765,1
302057960049229,1
23723904524853,1
24003356052281,1
24210043142425,1
24723495306022,1
24723495420019,1
24738948788636,1
24894941146397,1
25145371324314,1
25145371479893,1
25261096301200,1
25261096660384,1
150203225461487,1
25720546386350,1
30605914072672,1
30607061669796,1
31002474183499,1
32100194791634,1
42406108018292,1
44110097151843,1
44132418552098,1
44132418583651,1
44201363596363,1
44201565383475,1
44205121994719,1
25514857197898,1
6640127830904888,1
21412367517223,1
586095637260,1
6649879134595269,1
6650150347131989,1
6650150347197071,1
6650150347218361,1
6650150347573719,1
6650150347918576,1
6690103341849933,1
6700026792689729,1
22852271527673,1
6700026792760530,1
6700026792867680,1
6700046130279787,1
6700049849119762,1
6700049849172653,1
21412367524095,1
21412367545248,1
21412367634660,1
21412367773414,1
21412367906577,1
22831370126483,1
22832909298504,1
6700026792758152,1
83011928043225,1
83018778274210,1
108068444120379,1
110035593618328,1
110077660904894,1
110086147975284,1
110148551195205,1
110148551270963,1
110148551354302,1
110392817896037,1
110721543159982,1
44210670833551,1
121017092247170,1
125065557996505,1
125079129433741,1
127277364758293,1
127402053069472,1
127411962647576,1
127421420353745,1
127449197534666,1
127455580960379,1
127462872589478,1
150078171216544,1
150160984144359,1
110721543894483,1
44210839514190,1
44210903799916,1
44210995972606,1
44211196871509,1
44211444361108,1
44212318437775,1
44212356367855,1
44213021204922,1
44213047943493,1
44213327984819,1
44213466161054,1
80990258871539,1
44213692415529,1
44214343376924,1
44501164611820,1
44801669558623,1
46110243931126,1
48097592243492,1
49014399282699,1
53217946360561,1
54300649811858,1
57136904686469,1
63012596447151,1
80990258110651,1
44213600159297,1
442134614421372,1
442137401676868,1
442137954984663,1
442138238870014,1
442139346024097,1
442140802659201,1
442140839581044,1
442140955313588,1
442141562657241,1
442142179011206,1
442142591570174,1
422070673928561,1
442143210567188,1
442143990848876,1
442144450243937,1
442144712927109,1
442144908315259,1
442145018967977,1
442145234319401,1
442145298136141,1
442145519973779,1
442146288874032,1
442146352398168,1
442146384184839,1
442142904178712,1
442123710821993,1
442123976332527,1
442124772382693,1
442125141023432,1
442126746561346,1
442127374096435,1
442127864562434,1
442128864029382,1
442128872115328,1
442129523169308,1
442129634197525,1
442134550498571,1
442129857389234,1
442130097730144,1
442130184155815,1
442130590158204,1
442131096485102,1
442131192861600,1
442131203710842,1
442131421819688,1
442131583440366,1
442133898286370,1
442133983040815,1
442134369246367,1
442129787968812,1
446002475696902,1
446013660036831,1
446015155357311,1
446015581849142,1
446015635042469,1
446016482510400,1
446970746548474,1
448020734121657,1
464024654422832,1
466055277296994,1
468033998513737,1
442146468610195,1
480975922741957,1
480975922848920,1
480975922991972,1
481039604548488,1
481091130103335,1
481091130220418,1
481091130445464,1
481091130586960,1
483019862179641,1
486014608513308,1
489814469135900,1
490111490559528,1
469046834619332,1
442151227390971,1
443181115193617,1
443232527538615,1
443246502669962,1
443248210957121,1
443248210964613,1
443250403111770,1
443251522838802,1
443281380639117,1
443329920093740,1
443337334641247,1
445011577585315,1
443346443067606,1
443356548220756,1
443366324776346,1
443367867865860,1
444007181352823,1
444017399366544,1
444017894442327,1
445008375112150,1
445008375160221,1
445008375186415,1
445008434947431,1
445010933366614,1
443341587117403,1
442063348454564,1
442066525464411,1
442070502727092,1
442073665817284,1
442076281027747,1
442079664237924,1
442080521835192,1
442080793845157,1
442082666532499,1
442082666570797,1
442084250475498,1
442123381177746,1
442086481858840,1
442088573431236,1
442090286868490,1
442092105667215,1
442092404736917,1
442092841715412,1
442093484092703,1
442094088349323,1
442097167320256,1
442097987952264,1
442098625545162,1
442099613769058,1
442085275570561,1
422071799429982,1
422071935859291,1
422072618717640,1
424052543817631,1
424058751461151,1
431164123053484,1
440465281527677,1
441324185543863,1
441324185651893,1
441324185974672,1
441332250556307,1
442062103652203,1
441361323364014,1
441361323634352,1
441409970521899,1
442011762114631,1
442013635951188,1
442018735227795,1
442025910879487,1
442039540068692,1
442047775139956,1
442047853546643,1
442051219992605,1
442059050511622,1
441332250650341,1
442116077672386,1
442116163240668,1
442116434888309,1
442116444564137,1
442118013074298,1
442118898021809,1
442118898054004,1
442118898068805,1
442118898068911,1
442118898070211,1
442118898073168,1
442100424359789,1
442118898094882,1
442119524369150,1
442120503677261,1
442120525777025,1
442121171028382,1
442121171087170,1
442121182640884,1
442121313652956,1
442121467140377,1
442121946044720,1
442122115581698,1
442122700538506,1
442118898092539,1
442101793091205,1
442103216628041,1
442103470330795,1
442103600510572,1
442105438066655,1
442108485935252,1
442109426913861,1
442110770072244,1
442110876694860,1
442111625468479,1
442111993839168,1
442115765194316,1
442112596264840,1
442112748521580,1
442112748574330,1
442112748591981,1
442112882160924,1
442113098262563,1
442113395780892,1
442113425230359,1
442114792337064,1
442114947031667,1
442114987149148,1
442115129774180,1
442112250567261,1
4420842504624049,1
4420842504811263,1
4420842903696843,1
4420842903778104,1
4420846951128815,1
4420848219219292,1
4420848219839175,1
4420848286180953,1
4420848286431928,1
4420848286964824,1
4420851325732002,1
2500562311517968,1
4420851880993532,1
4420852755343320,1
4420852755985628,1
4420855959671642,1
4420856297127658,1
4420856981270646,1
4420858761579987,1
4420859008591323,1
4420864818111213,1
4420864818112159,1
4420864818251262,1
4420851325972794,1
4420775408286139,1
4420784008632223,1
4420786043363482,1
4420789166214437,1
4420789166328224,1
4420789166472148,1
4420796642503030,1
4420796642660487,1
4420796642895695,1
4420796642985454,1
4420797282124163,1
4420818158835325,1
4420800658506812,1
4420805218225246,1
4420810017447863,1
4420810017467203,1
4420810017713912,1
4420810017747376,1
4420810297730037,1
4420810297953200,1
4420810361845493,1
4420815000902210,1
4420816821722130,1
4420818158204241,1
4420799072536276,1
4420920211921290,1
4420923891239158,1
4420923891549444,1
4420923891689992,1
4420926201700031,1
4420926201979557,1
4420927951886630,1
4420929472254630,1
4420929715339395,1
4420932368720035,1
4420934840402647,1
4420865581462688,1
4420936312521916,1
4420936312895447,1
4420940239732442,1
4420940883273242,1
4420940883555739,1
4420942304149022,1
4420942304634672,1
4420942843873495,1
4420944226307907,1
4420944226554626,1
4420944528414369,1
4420944528648548,1
4420936002654527,1
4420865581894160,1
4420866543675642,1
4420874953148077,1
4420874953565161,1
4420878681581648,1
4420880449498393,1
4420886889752361,1
4420886889924716,1
4420886889950599,1
4420890223748759,1
4420894776410413,1
4420920211898566,1
4420900075847113,1
4420906677794211,1
4420908424946791,1
4420913312526784,1
4420914726660099,1
4420919779504121,1
4420919779508914,1
4420919779864664,1
4420919884130975,1
4420919884264226,1
4420919884410242,1
4420920211380789,1
4420896566353143,1
4420395400644524,1
4420398159648583,1
4420407980214934,1
4420416556185629,1
4420425245665410,1
4420449081308147,1
4420449081438692,1
4420449081538161,1
4420449081968166,1
4420451068949564,1
4420457325885848,1
4420775191591645,1
4420475374188340,1
4420478535692097,1
4420492953489041,1
4420494484659690,1
4420501261512549,1
4420504587878911,1
4420511249363800,1
4420518014579041,1
4420529784361446,1
4420538945338049,1
4420545801374337,1
4420545801550649,1
4420475374161688,1
4420153059311524,1
4420153059531488,1
4420153059547731,1
4420154713298066,1
4420156538157061,1
4420179430192892,1
4420182695374481,1
4420206446204086,1
4420210036326832,1
4420210036342484,1
4420210036881506,1
4420358688263774,1
4420225610511267,1
4420225610793944,1
4420225610898606,1
4420225610967818,1
4420226684520584,1
4420226684667662,1
4420229179260409,1
4420239913299038,1
4420255609574552,1
4420259108691982,1
4420259108973665,1
4420329300104089,1
4420225610146420,1
4420707739132723,1
4420707739205599,1
4420717068876387,1
4420718854572760,1
4420718854776173,1
4420736658171701,1
4420736658405484,1
4420736658462539,1
4420736658689913,1
4420742798158581,1
4420742798180661,1
4420545801761836,1
4420759380990334,1
4420759471339476,1
4420763086208814,1
4420770198778059,1
4420770521360181,1
4420770600350381,1
4420773618431936,1
4420775114188858,1
4420775114328737,1
4420775114409068,1
4420775114950570,1
4420775191130594,1
4420759380310218,1
4420550546402949,1
4420560592188037,1
4420588640215734,1
4420621036550556,1
4420622563157356,1
4420623829754927,1
4420636726138024,1
4420636726375119,1
4420651229472835,1
4420651229718414,1
4420651229984529,1
4420705027791032,1
4420674601708050,1
4420690641201936,1
4420690641764238,1
4420692431227460,1
4420695692116218,1
4420695692124164,1
4420695692202486,1
4420695692389685,1
4420695692793698,1
4420695692934305,1
4420700149835651,1
4420702559416849,1
4420665254149999,1
4421081418385930,1
4421081469913314,1
4421084719970838,1
4421084859664491,1
4421084859900337,1
4421086134339176,1
4421088218257864,1
4421088412920406,1
4421089311742844,1
4421089605899677,1
4421089826477427,1
4420944528891938,1
4421089826696498,1
4421089826741666,1
4421090379492061,1
4421090379572552,1
4421090451466334,1
4421090514339451,1
4421094269247334,1
4421094269452060,1
4421094269519048,1
4421094420270345,1
4421094668782111,1
4421095516214312,1
4421089826603301,1
4421061530674094,1
4421061921255861,1
4421061921868019,1
4421061921945202,1
4421063071238876,1
4421063339609173,1
4421064599570969,1
4421064874327585,1
4421064874458895,1
4421064904124026,1
4421064904205146,1
4421081140666978,1
4421064904407650,1
4421064904436386,1
4421064904554189,1
4421064904594555,1
4421069965384400,1
4421072923691334,1
4421078018825454,1
4421078352667141,1
4421079812909475,1
4421079812982388,1
4421080543165380,1
4421080543382026,1
4421064904280981,1
4421107700752249,1
4421108121534265,1
4421108421194149,1
4421111090258012,1
4421111996345744,1
4421111996533962,1
4421112445504392,1
4421112739646336,1
4421114308440691,1
4421114308808603,1
4421114871732334,1
4421095516916584,1
1274119626882,1
4421117897264655,1
4421117897347653,1
4421117897600516,1
4421117943951403,1
4421118941638606,1
4421118941778719,1
4421119202433638,1
4421119776760095,1
4421119938170043,1
4421121258955705,1
4421122432330725,1
4421115037279763,1
4421095516972301,1
4421095516988132,1
4421095672123234,1
4421095672381308,1
4421096245295206,1
4421096490204901,1
4421096490535704,1
4421096490939391,1
4421097381313430,1
4421098302122283,1
4421099597423095,1
4421107336469436,1
4421099597518907,1
4421099597965682,1
4421099759168967,1
4421099759806860,1
4421100730611339,1
4421101291597326,1
4421102441866069,1
4421103535446475,1
4421103829334258,1
4421104817290504,1
4421105287537975,1
4421107336266713,1
4421099597461571,1
4420971991267789,1
4420972432224636,1
4420972432668518,1
4420973234260171,1
4420973455151152,1
4420973455591510,1
4420976322716950,1
4420977078160026,1
4420978880419230,1
4420979615618440,1
4420981571601901,1
4421061107518771,1
4420987251438043,1
4420987715969955,1
4420988428445510,1
4420988428917744,1
4420990007497840,1
4420991879345560,1
4420996137819116,1
4421000000630164,1
4421000574675745,1
4421000574734863,1
4421000711847996,1
4421004049442201,1
4420986255369493,1
4420944811200430,1
4420944811367779,1
4420944811414263,1
4420944811900483,1
4420944811999904,1
4420945060364123,1
4420948825678158,1
4420951281288698,1
4420951281405494,1
4420954221340245,1
4420955988930332,1
4420971673996371,1
4420957069503068,1
4420957069766360,1
4420958391176553,1
4420958391209599,1
4420959101895295,1
4420962860867662,1
4420963077669047,1
4420963123700814,1
4420965568583665,1
4420965568731392,1
4420968478303406,1
4420971673241094,1
4420957069398537,1
4421038849901418,1
4421039802639577,1
4421039802821540,1
4421041378200296,1
4421041483779822,1
4421042201534366,1
4421042201872535,1
4421044040510176,1
4421044040973505,1
4421044822709768,1
4421048534117436,1
4421004243560735,1
4421050946802814,1
4421052213217707,1
4421052973831807,1
4421053481826720,1
4421054380205279,1
4421054380538004,1
4421054380724018,1
4421054380982579,1
4421055875534001,1
4421055875894895,1
4421058238149849,1
4421058645984540,1
4421049311853858,1
4421006017488078,1
4421008796638234,1
4421009717704127,1
4421011045497347,1
4421013498330499,1
4421013498543657,1
4421013498955501,1
4421014559746923,1
4421014737861235,1
4421016101589178,1
4421023663226380,1
4421038849447894,1
4421025003835037,1
4421026018672838,1
4421026158457412,1
4421028568561213,1
4421029191754853,1
4421032727143857,1
4421033431870413,1
4421033766525484,1
4421035459911094,1
4421036005208553,1
4421038369460405,1
4421038369492277,1
4421024066830229,1
3040547852132092,1
3040547852163160,1
3040547852220798,1
3040547852313039,1
3040551469207410,1
3040571702222916,1
3040583271725389,1
3040583271891623,1
3040587587381193,1
3040623109916714,1
3040628178100086,1
4420151463588945,1
3040630083414954,1
3040641719935990,1
3040668579199507,1
3040680803179123,1
3040680803854398,1
3040688014884182,1
3040690973583068,1
3040704036921651,1
3040707736223809,1
3040710028742329,1
3040711245537522,1
3040718460153977,1
3040630083237176,1
3020524334412057,1
3020579600540622,1
3020579600577332,1
3020579600878079,1
3020620600263296,1
3020620600291340,1
3020632080706385,1
3020681601251478,1
3020681601591586,1
3020681601813748,1
3020690994310813,1
3040518224683813,1
3031951085608787,1
3040213008285398,1
3040326465953238,1
3040368400434627,1
3040413864367623,1
3040432982319399,1
3040432982320288,1
3040432982375836,1
3040432982756940,1
3040502107434754,1
3040504177140101,1
3040504177165325,1
3031951085419991,1
3060531641295822,1
3060591407265647,1
3060591407426732,1
3060591407894046,1
3060608571306574,1
3060608571820149,1
3060608571915550,1
3060649091609413,1
3060677761477852,1
3060684308242359,1
3060697027231633,1
3040718460233264,1
3060697027559931,1
3060697027931877,1
3060703493512596,1
3060703493976038,1
3060706166112545,1
3060751791671669,1
3060757089150368,1
3060761728692819,1
3060761728711104,1
3080137108291029,1
3080137108314999,1
3080137108334214,1
3060697027524727,1
3040718460389086,1
3040718460570315,1
3040718460688151,1
3040718460954661,1
3040718460990229,1
3040728040215305,1
3040744372623361,1
3040756095968423,1
3040758144413484,1
3040758144569506,1
3040758144640783,1
3060502714997854,1
3040761218497073,1
3040761218656229,1
3040763326706396,1
3040831429454793,1
3040831429860458,1
3051613460761685,1
3052129708796564,1
3060481148180851,1
3060481148434705,1
3060481148859202,1
3060502714339454,1
3060502714839021,1
3040758144995133,1
2530266913164585,1
2530273723857746,1
2530282668126756,1
2530282668137597,1
2530282668880008,1
2530303223258675,1
2530303223596551,1
2530313237681902,1
2530313237831620,1
2530313237929332,1
2530323641115689,1
3020524334403426,1
2530323641605778,1
2530323641920210,1
2530338396701475,1
2550112865163613,1
2550112865274558,1
2550112865932465,1
2550112865967608,1
2550168917117774,1
2550168917312935,1
2550168917467101,1
2550168917625451,1
2550209222526753,1
2530323641252778,1
2500634787224901,1
2500634787830869,1
2500634787835651,1
2500634787851264,1
2500634787957048,1
2500634787981369,1
2520128641191050,1
2520128641973240,1
2520133244182773,1
2520133244264292,1
2520133244302459,1
2530254419903540,1
2520133244509347,1
2520133244572374,1
2520185449392617,1
2520198966200476,1
2520198966322165,1
2529420051240295,1
2530231346386749,1
2530231346686709,1
2530242380610094,1
2530253595873927,1
2530254419408041,1
2530254419842204,1
2520133244371777,1
2722199769907254,1
2940149402957409,1
2960476484323736,1
2960476484899465,1
2980028363753538,1
2980028363758543,1
2980671886516921,1
2980671886551550,1
2980671886997255,1
2980851957344583,1
2981307959317073,1
2550251441428144,1
2981307959630279,1
2981307959981396,1
2981497219290282,1
2981497219527662,1
2981533916111897,1
2981533916164740,1
2981533916991894,1
2981776304360444,1
2981776304589011,1
2981776304905236,1
2981776304919257,1
3020325293777877,1
2981307959516845,1
2550251441861228,1
2550267834118091,1
2550267834564846,1
2550267834675340,1
2550267834747881,1
2550284836877448,1
2550290615527873,1
2550290615660567,1
2559726531316443,1
2559726531482697,1
2560558394662587,1
2722199769839050,1
2581351470478667,1
2581351470801181,1
2660312389476639,1
2690473585750702,1
2722199769210731,1
2722199769241850,1
2722199769423902,1
2722199769598971,1
2722199769621195,1
2722199769671196,1
2722199769765066,1
2722199769819979,1
2571691392326462,1
4120889084618625,1
4132475344794623,1
4190727369468437,1
4190727369522260,1
4200529521450538,1
4200581175771065,1
4200581175880132,1
4200644592461002,1
4210505668717413,1
4210553751913766,1
4220355431232109,1
3080137108796124,1
4220706739230914,1
4220706739249619,1
4220706739370684,1
4220706739460871,1
4220706739480664,1
4220706739724850,1
4220706739728584,1
4220706739730656,1
4220706739759084,1
4220706739805081,1
4220709576204999,1
4220717994110103,1
4220592581835292,1
3490408853354624,1
3490408853408102,1
3510058161429638,1
3510058161519276,1
3510058161650308,1
3530255831178981,1
3611384356942947,1
3611676446663224,1
3611724025483265,1
3611724025597720,1
3612042890743071,1
4120709991767814,1
3612080687975760,1
3661027964481007,1
3661047655563680,1
3790453188108774,1
3790453188793997,1
3790453188794720,1
3875534247835325,1
3934431720399147,1
3950015302356892,1
4040406850141900,1
4040406850417555,1
4040406850425855,1
3612080687241630,1
4311641230118780,1
4311641230709784,1
4420001186401855,1
4420001186454839,1
4420021489597640,1
4420021489656877,1
4420033452291350,1
4420033452678598,1
4420047321488951,1
4420047321731615,1
4420051876964453,1
4220717994514935,1
4420068558727194,1
4420068558858478,1
4420091061699793,1
4420091061882766,1
4420091061941063,1
4420112549331889,1
4420117621652453,1
4420117621780962,1
4420117621829216,1
4420135867419319,1
4420136359125531,1
4420136359395083,1
4420068558653510,1
4220717994556914,1
4220726187579952,1
4220744517350014,1
4220744517569824,1
4220749365989431,1
4220758925743311,1
4220823166413344,1
4220964916207078,1
4220964916523978,1
4240525438151592,1
4240525438451219,1
4271742732609829,1
4240525438644435,1
4240525438655787,1
4240553695350001,1
4240553695804048,1
4240566703346555,1
4240566703823080,1
4240589398482428,1
4240610801270919,1
4240610801439477,1
4240610801742822,1
4240610801817937,1
4271742732490223,1
4240525438546179,1
3140115199841767,1
3140126808201387,1
3140126808504389,1
3140193432553972,1
3140193432848963,1
3140196768242324,1
3140205661130603,1
3140205661342902,1
3140205661416824,1
3140214634878643,1
3140214634939214,1
3479750109589308,1
3140216580965327,1
3140221096582824,1
3140222777618728,1
3140223234243329,1
3140229054524943,1
3140229054600163,1
3140232462543871,1
3140235852307328,1
3140235852849952,1
3140235852911758,1
3140238533807901,1
3140240791441263,1
3140215274858034,1
3080137108859218,1
3080300580519178,1
3080343611857595,1
3080408799649136,1
3080410416295616,1
3080410416822050,1
3080414896224579,1
3080414896739831,1
3100146700487566,1
3100247418391346,1
3100505751230306,1
3140089899932254,1
3100505751826167,1
3100505751873627,1
3100505751882726,1
3100505751886560,1
3100577965608423,1
3120330388950479,1
3120333131101447,1
3120386898656361,1
3130478353219838,1
3131499699143461,1
3131514876115455,1
3131514876197913,1
3100505751714836,1
3381143492144252,1
3381256467206118,1
3381256467553830,1
3381311824377402,1
3381311824920824,1
3381317891922887,1
3381323172856509,1
3381357379481289,1
3381389416960249,1
3381506196323907,1
3381506196589148,1
3140240791442452,1
3391748524662562,1
3410048065117420,1
3410048065783463,1
3410406727370058,1
3410919538372561,1
3410919538392691,1
3410919538751303,1
3411051566130843,1
3430276421283077,1
3470222894360710,1
3470222894695196,1
3470222894770478,1
3381506196642458,1
3140240791671616,1
3140240791848311,1
3140240791951706,1
3149066069489393,1
3149066069593444,1
3150252547203459,1
3150691737421801,1
3150691737893251,1
3150691737975267,1
3150739551358869,1
3170190921476902,1
3300310970605899,1
3190052638301316,1
3200224231412259,1
3200224231457047,1
3200224231954863,1
3210068941521416,1
3210075816871136,1
3242727797118197,1
3242727797724434,1
3242727797796050,1
3242727797812284,1
3242727797914244,1
3242727797997178,1
3190052638118489,1
