player_id,arrived_time,departed_time,wait_time
57,22,120,0
84,36,135,0
96,39,135,0
67,27,140,3
90,38,140,1
48,19,140,5
37,15,140,5
107,48,145,0
111,50,150,0
2,0,150,0
5,1,150,0
15,8,155,0
120,55,155,0
131,61,160,0
21,10,160,0
46,18,165,0
43,17,165,0
158,74,170,0
58,22,170,0
72,28,175,0
176,82,180,0
75,30,180,0
76,31,180,0
178,83,180,0
10,3,185,7
18,9,185,6
49,20,185,3
16,8,185,16
73,28,185,2
60,23,185,3
19,9,185,6
61,23,185,3
88,38,185,0
117,54,185,7
140,67,185,4
156,74,185,3
159,75,185,2
162,76,185,2
182,85,185,0
30,13,185,15
108,49,185,8
123,57,185,6
154,74,185,3
188,89,185,0
210,97,195,0
202,95,195,0
115,51,200,0
116,52,200,0
9,3,200,0
126,58,205,0
132,61,210,0
28,11,210,0
22,10,210,0
139,67,215,0
40,16,215,0
151,73,220,0
256,122,220,0
257,123,220,0
70,27,225,0
269,129,225,0
64,25,225,0
14,7,230,5
56,22,230,2
4,0,230,6
44,18,230,3
51,20,230,2
29,12,230,4
39,16,230,3
170,78,230,11
95,39,230,9
146,70,230,2
163,76,230,1
89,38,230,9
138,66,230,3
113,50,230,16
114,51,230,16
205,95,230,7
250,118,230,3
169,78,230,1
17,9,230,25
81,36,230,19
135,63,230,14
149,71,230,12
150,73,230,12
171,79,230,11
186,87,230,9
42,17,230,3
8,2,230,16
102,44,230,8
181,84,230,0
66,27,230,21
153,74,230,12
175,82,230,10
221,103,230,6
277,134,230,0
82,36,235,0
279,136,235,0
99,43,240,0
294,141,240,0
191,91,240,0
296,141,240,0
303,144,240,0
129,59,255,0
231,107,255,0
229,106,255,0
341,165,265,0
340,165,265,0
359,173,270,0
260,124,270,0
50,20,270,0
98,42,275,7
112,50,275,5
63,25,275,10
65,26,275,10
152,73,275,1
168,78,275,0
255,122,275,11
1,0,275,15
6,1,275,15
110,49,275,6
338,164,275,3
31,13,275,23
105,47,275,16
174,81,275,9
23,10,275,3
291,140,275,7
311,151,275,5
313,152,275,5
346,167,275,2
13,6,275,4
47,19,275,2
55,21,275,1
209,96,275,16
267,127,275,10
271,129,275,10
3,0,275,15
38,16,275,12
119,55,275,4
137,65,275,12
195,92,275,7
302,143,275,7
306,148,275,6
361,173,275,1
74,29,275,10
127,58,275,4
179,84,280,0
180,84,280,0
94,39,285,0
97,40,290,0
199,94,290,0
194,92,290,0
197,93,290,0
106,48,295,0
305,148,295,0
208,96,295,0
213,100,300,0
20,9,305,0
427,205,305,0
239,111,310,0
243,114,310,0
438,211,310,0
242,113,310,0
330,160,310,0
332,161,310,0
142,68,315,0
246,117,315,0
342,165,315,0
26,11,320,2
34,14,320,2
52,20,320,0
287,139,320,17
388,185,320,7
78,32,320,18
143,68,320,11
173,80,320,8
211,99,320,5
249,118,320,1
347,167,320,1
33,14,320,2
36,14,320,2
53,21,320,0
54,21,320,0
134,63,320,2
337,163,320,12
276,133,320,8
325,157,320,3
35,14,320,12
45,18,320,11
41,16,320,21
214,100,320,4
192,91,320,6
198,94,320,6
201,95,320,5
217,101,320,4
27,11,320,2
164,76,320,19
207,96,320,15
233,107,320,13
339,164,320,2
184,86,320,17
218,101,320,14
251,120,320,10
324,157,320,3
334,162,320,2
298,142,320,16
315,153,320,14
447,218,320,1
83,36,320,17
91,38,320,17
177,82,320,8
187,88,320,7
295,141,320,16
319,154,320,14
358,173,320,10
384,184,320,8
272,130,320,18
437,211,320,2
130,60,320,12
166,77,320,9
189,89,320,7
369,178,325,0
373,179,325,0
370,178,325,0
262,125,325,0
471,230,330,0
481,233,330,0
273,131,330,0
93,39,335,0
85,37,335,0
399,192,340,0
512,245,345,0
410,196,345,0
517,248,345,0
521,250,350,0
215,100,350,0
527,252,350,0
528,252,350,0
124,58,355,0
547,259,355,0
326,158,355,0
544,258,355,0
333,162,360,0
554,264,360,0
136,63,360,0
297,142,365,5
281,136,365,6
234,108,365,12
237,109,365,12
261,125,365,8
286,138,365,6
335,162,365,1
336,163,365,1
206,95,365,14
222,103,365,13
228,106,365,12
285,138,365,6
415,199,365,14
441,214,365,11
485,234,365,7
539,256,365,2
100,43,365,15
122,57,365,12
219,101,365,13
288,139,365,6
314,152,365,3
240,111,365,21
353,169,365,10
364,174,365,9
372,178,365,8
374,179,365,8
428,205,365,12
499,239,365,6
24,11,365,21
62,25,365,18
145,70,365,9
172,79,365,8
79,35,365,26
118,54,365,23
309,150,365,3
292,140,365,15
402,193,365,5
12,4,365,23
32,14,365,21
59,22,365,19
69,27,365,18
87,37,365,16
148,70,365,9
183,86,365,16
225,105,365,12
165,77,365,18
226,105,365,12
247,117,365,10
289,140,365,5
299,142,365,5
125,58,365,22
133,63,365,21
196,93,365,15
203,95,365,14
232,107,365,12
253,121,365,9
328,160,365,1
71,28,365,8
80,35,365,16
365,174,370,0
157,74,370,0
380,183,380,0
597,284,380,0
282,136,385,0
400,193,390,0
300,143,390,0
401,193,390,0
405,195,395,0
413,199,395,0
318,154,400,0
421,201,400,0
425,203,400,0
316,153,400,0
533,253,400,0
416,200,400,0
423,203,400,0
223,104,400,0
432,209,405,0
323,156,405,0
238,109,410,1
345,166,410,9
391,187,410,5
411,196,410,3
263,126,410,17
265,126,410,17
356,171,410,8
7,2,410,22
11,4,410,22
25,11,410,20
104,45,410,13
520,249,410,13
596,284,410,6
121,56,410,11
244,114,410,0
212,100,410,32
310,150,410,22
448,218,410,9
451,220,410,8
511,245,410,3
68,27,410,17
473,231,410,16
513,246,410,13
245,115,410,9
304,146,410,3
433,210,410,20
493,238,410,15
648,309,410,1
463,226,410,17
656,310,410,0
320,154,410,22
376,180,410,16
510,244,410,4
550,261,410,0
469,228,410,17
496,239,410,15
519,249,410,13
613,295,410,3
378,183,410,6
103,45,410,13
160,75,410,7
200,94,410,4
235,108,410,1
522,250,410,12
545,259,410,11
551,262,410,10
563,268,410,9
639,306,410,1
422,202,410,12
429,206,410,11
434,210,410,10
460,224,410,8
445,218,415,0
560,267,415,0
663,317,415,0
559,266,415,0
254,122,420,0
686,324,420,0
679,321,420,0
464,226,425,0
274,132,430,0
712,332,430,0
605,289,435,0
726,337,435,0
487,235,435,0
606,289,435,0
504,242,440,0
610,291,440,0
739,343,440,0
612,295,445,0
754,348,445,0
634,304,450,0
766,352,450,0
633,303,450,0
457,222,455,7
475,232,455,5
509,244,455,3
549,259,455,0
167,77,455,16
258,123,455,7
301,143,455,3
321,155,455,0
322,156,455,0
185,86,455,24
266,126,455,16
283,137,455,14
290,140,455,13
383,184,455,5
278,135,455,14
348,168,455,8
354,170,455,7
760,350,455,1
546,259,455,10
632,303,455,1
645,308,455,0
216,100,455,21
275,132,455,15
312,151,455,11
426,205,455,0
537,255,455,10
574,273,455,7
268,129,455,26
480,233,455,15
555,264,455,9
599,285,455,4
524,251,455,1
577,274,455,7
598,285,455,14
715,334,455,5
357,172,455,17
379,183,455,15
508,244,455,3
259,124,455,27
293,140,455,23
307,148,455,22
344,166,455,18
406,195,455,12
472,230,455,5
498,239,455,4
578,274,455,17
609,290,455,13
636,305,455,10
665,317,455,8
680,322,455,7
764,351,455,1
589,279,455,16
601,286,455,14
614,295,455,12
617,296,455,12
637,306,455,10
375,180,455,25
417,200,455,21
488,235,455,14
530,253,455,11
593,281,455,5
638,306,455,0
224,104,455,21
317,153,455,11
367,176,455,6
382,184,455,5
394,189,455,4
389,185,455,14
398,192,455,13
455,221,455,7
349,168,455,18
352,169,455,18
362,174,455,17
397,190,455,13
436,211,455,9
343,165,465,0
446,218,465,0
674,319,465,0
355,170,470,0
571,271,470,0
573,273,470,0
685,323,470,0
591,279,475,0
586,277,475,0
584,277,475,0
588,279,475,0
381,184,480,0
484,234,480,0
713,332,480,0
829,380,480,0
842,389,485,0
720,336,485,0
492,237,485,0
404,194,490,0
621,298,495,0
620,297,495,0
414,199,495,0
861,397,495,0
863,398,495,0
746,346,495,0
518,248,495,0
616,295,495,0
623,299,495,0
386,185,500,3
449,219,500,17
467,227,500,15
479,233,500,14
395,190,500,12
454,221,500,6
476,232,500,4
490,237,500,3
465,227,500,15
486,234,500,14
541,258,500,9
611,292,500,2
477,232,500,14
501,240,500,12
525,252,500,10
619,297,500,21
627,300,500,20
732,340,500,12
776,355,500,9
662,316,500,17
719,336,500,13
762,350,500,10
147,70,500,26
284,138,500,13
682,322,500,6
774,354,500,0
385,185,500,13
532,253,500,0
458,223,500,16
523,250,500,10
592,280,500,4
652,309,500,9
308,149,500,21
366,176,500,15
412,198,500,11
482,233,500,4
363,174,500,26
371,178,500,25
155,74,500,26
220,102,500,20
236,108,500,19
264,126,500,15
270,129,500,15
396,190,500,2
109,49,500,31
241,113,500,18
252,121,500,16
403,193,500,2
408,195,500,1
624,299,500,11
729,339,500,3
543,258,500,19
660,313,500,8
666,317,500,7
683,323,500,6
742,344,500,2
757,349,500,1
444,217,500,17
442,215,500,17
474,231,500,14
502,242,500,12
503,242,500,12
327,159,500,9
420,201,500,0
536,255,505,0
430,206,505,0
785,358,505,0
440,213,510,0
894,413,510,0
800,364,510,0
801,364,510,0
676,320,520,0
461,225,525,0
695,326,525,0
824,378,525,0
928,429,525,0
696,327,525,0
821,378,525,0
940,434,530,0
602,286,535,0
494,239,535,0
495,239,535,0
837,386,535,0
506,244,540,0
734,341,540,0
964,444,540,0
848,391,540,0
849,392,540,0
844,390,540,0
500,240,540,0
643,308,545,8
653,310,545,7
681,322,545,5
600,286,545,2
618,297,545,0
604,288,545,12
651,309,545,8
655,310,545,7
658,312,545,7
565,269,545,16
567,270,545,15
587,278,545,14
641,307,545,8
649,309,545,8
650,309,545,8
751,347,545,0
802,364,545,17
806,368,545,16
938,433,545,3
965,445,545,0
646,309,545,8
101,43,545,1
572,272,545,25
595,283,545,23
635,305,545,18
789,359,545,8
804,366,545,6
351,169,545,36
387,185,545,32
419,201,545,29
431,207,545,28
86,37,545,42
141,67,545,36
190,89,545,32
193,91,545,31
230,106,545,28
538,256,545,18
631,302,545,9
744,345,545,0
747,346,545,0
748,346,545,0
92,38,545,42
144,69,545,36
204,95,545,30
248,117,545,26
280,136,545,22
331,161,545,17
360,173,545,15
393,188,545,12
840,387,545,12
885,408,545,8
657,311,545,17
796,362,545,7
831,380,545,3
329,160,545,27
466,227,545,14
507,244,545,11
515,247,545,10
526,252,545,9
558,265,545,6
575,274,545,5
576,274,545,5
580,275,545,4
622,298,545,0
435,210,545,27
470,229,545,24
505,243,545,21
737,342,545,1
459,224,545,15
822,378,545,14
887,409,545,8
925,428,545,4
934,432,545,3
377,181,545,23
418,201,545,19
452,220,545,15
582,276,545,4
615,295,545,0
694,326,545,4
722,337,545,2
724,337,545,2
540,257,545,18
561,267,545,16
581,276,545,14
594,283,545,13
706,330,545,3
867,399,545,10
918,426,545,4
350,168,545,26
424,203,545,19
443,217,545,16
691,325,545,14
703,329,545,14
753,348,545,10
799,363,545,7
813,373,545,5
834,386,545,2
769,353,550,0
986,452,550,0
771,353,550,0
991,454,550,0
768,353,550,0
767,352,550,0
770,353,550,0
128,59,555,0
787,358,555,0
640,307,555,0
997,458,555,0
552,263,560,0
795,361,560,0
671,319,565,0
805,366,565,0
664,317,565,0
815,373,570,0
811,372,570,0
810,370,570,0
161,75,575,0
688,325,575,0
830,380,580,0
1044,482,580,0
705,330,580,0
714,334,580,0
716,334,580,0
833,381,580,0
941,434,580,0
727,338,585,0
943,435,585,0
952,438,585,0
542,258,590,7
514,246,590,9
718,336,590,11
820,377,590,3
468,228,590,13
450,219,590,15
462,226,590,13
491,237,590,11
557,265,590,5
556,264,590,16
730,339,590,1
736,342,590,0
738,343,590,0
77,32,590,12
892,410,590,16
961,443,590,10
989,453,590,8
859,397,590,9
778,356,590,17
838,386,590,11
792,360,590,26
873,401,590,18
933,431,590,12
828,380,590,12
860,397,590,9
891,409,590,7
779,356,590,17
825,379,590,13
669,318,590,15
678,321,590,14
687,324,590,14
717,335,590,11
947,436,590,11
673,319,590,25
951,438,590,1
895,413,590,16
979,449,590,9
697,328,590,13
701,329,590,13
710,331,590,12
777,355,590,7
782,356,590,7
368,177,590,23
390,186,590,21
564,268,590,5
607,289,590,1
788,358,590,27
854,395,590,19
1057,490,590,0
969,446,595,0
977,449,595,0
630,302,600,0
761,350,600,0
1088,504,600,0
227,105,605,0
1098,509,605,0
1002,460,610,0
1007,463,610,0
899,415,615,0
1119,518,615,0
1017,468,615,0
1019,468,615,0
1118,517,615,0
1111,515,615,0
915,423,620,0
689,325,625,0
699,328,625,0
702,329,625,0
1032,475,625,0
922,428,625,0
1043,482,630,0
1041,480,630,0
711,332,630,0
897,414,635,5
900,416,635,4
912,421,635,3
661,314,635,15
709,331,635,11
740,344,635,9
780,356,635,6
937,433,635,1
955,439,635,0
835,386,635,10
876,402,635,7
913,422,635,3
752,347,635,18
786,358,635,16
909,420,635,3
772,353,635,7
818,375,635,2
1008,463,635,15
1107,513,635,5
708,331,635,11
723,337,635,10
745,345,635,18
857,397,635,8
904,417,635,4
953,438,635,0
675,320,635,33
855,396,635,18
893,411,635,15
999,459,635,6
1001,460,635,5
1037,478,635,2
1014,466,635,14
1078,499,635,8
1083,502,635,7
1139,525,635,2
1065,493,635,9
1094,507,635,6
775,354,635,27
853,394,635,19
996,456,635,6
1013,465,635,4
535,255,635,26
562,268,635,24
570,271,635,23
629,300,635,17
654,310,635,15
672,319,635,14
707,331,635,11
721,336,635,10
944,435,635,10
971,447,635,8
1028,474,635,3
1031,475,635,2
700,329,635,22
819,377,635,12
932,431,635,1
816,374,635,13
823,378,635,12
907,418,635,4
743,345,635,18
902,416,635,4
954,438,635,0
628,300,635,27
677,321,635,23
841,388,635,10
920,427,635,2
930,430,635,1
759,350,635,27
807,368,635,24
843,389,635,20
846,391,635,19
852,393,635,19
927,429,635,12
1033,476,635,2
553,263,635,25
603,288,635,20
667,318,635,14
698,328,635,12
731,340,635,9
781,356,635,6
531,253,635,17
566,270,635,13
957,440,640,0
960,443,640,0
1070,494,640,0
865,398,645,0
866,398,645,0
1174,547,645,0
988,453,650,0
1084,502,650,0
871,400,650,0
998,458,655,0
888,409,655,0
784,358,655,0
1101,510,660,0
1011,464,660,0
910,420,670,0
1025,472,670,0
1029,474,670,0
916,425,675,0
917,426,675,0
919,426,675,0
1035,477,675,0
750,347,680,7
812,373,680,2
827,379,680,1
803,364,680,4
878,404,680,16
879,404,680,16
903,416,680,13
949,437,680,9
970,447,680,7
1034,476,680,1
1022,469,680,23
1210,563,680,4
956,439,680,9
608,290,680,18
756,349,680,7
763,350,680,6
773,354,680,6
817,375,680,1
1114,516,680,3
1093,507,680,15
851,392,680,18
870,400,680,16
874,401,680,16
911,420,680,12
945,436,680,9
962,443,680,8
973,448,680,7
583,277,680,31
647,309,680,25
668,318,680,23
704,329,680,21
832,380,680,10
793,360,680,4
797,362,680,4
798,363,680,4
1077,498,680,7
1115,517,680,3
733,340,680,18
839,387,680,9
880,406,680,5
896,414,680,4
755,348,680,27
758,349,680,27
794,361,680,24
808,369,680,23
809,369,680,23
881,406,680,15
905,417,680,13
908,418,680,13
1015,467,680,3
1137,525,680,11
453,220,680,32
534,254,680,26
569,271,680,22
625,299,680,17
644,308,680,15
684,323,680,12
693,326,680,11
1021,468,680,13
1046,484,680,10
1049,485,680,9
548,259,680,25
626,300,680,16
741,344,680,8
749,346,680,7
814,373,680,2
783,357,680,15
883,407,680,5
926,429,680,1
862,397,680,27
1012,464,680,14
1052,488,680,9
1138,525,680,1
1064,492,680,18
1223,566,680,3
1086,503,680,16
1091,506,680,15
1109,514,680,14
1131,523,680,12
877,402,680,16
886,408,680,15
921,427,680,11
1003,460,680,4
1134,524,680,2
1050,486,685,0
836,386,685,0
942,435,685,0
946,436,685,0
1156,539,685,0
1062,492,690,0
1068,494,690,0
958,441,690,0
1265,593,690,0
409,196,695,0
1175,548,695,0
1176,548,695,0
856,397,695,0
1271,600,700,0
875,401,700,0
1188,554,700,0
1283,604,700,0
872,400,700,0
990,454,700,0
1082,502,700,0
882,407,705,0
1195,556,705,0
1201,558,705,0
1287,606,705,0
1189,555,705,0
1208,561,710,0
439,211,710,0
1214,564,710,0
1316,617,715,0
901,416,715,0
1113,516,715,0
1121,518,715,0
1133,524,720,0
1230,571,720,0
1026,473,720,0
1324,620,720,0
1054,488,725,8
1092,507,725,4
1100,509,725,4
972,447,725,16
1045,482,725,9
725,337,725,18
790,359,725,14
847,391,725,7
850,392,725,7
858,397,725,16
1005,462,725,3
1089,504,725,15
1173,546,725,6
1181,551,725,5
1072,496,725,16
884,408,725,14
889,409,725,14
1020,468,725,2
890,409,725,24
936,432,725,19
987,452,725,15
994,456,725,14
1036,477,725,10
1124,521,725,1
1135,524,725,1
659,312,725,23
898,415,725,2
864,398,725,16
869,399,725,16
980,449,725,6
1123,521,725,1
1058,490,725,17
1069,494,725,17
1117,517,725,12
1198,558,725,14
1227,570,725,11
1231,571,725,11
1311,616,725,2
1346,629,725,0
985,452,725,15
1081,501,725,5
1165,544,725,17
1168,544,725,17
1169,545,725,16
1233,572,725,11
1242,578,725,10
1249,581,725,9
1279,604,725,5
914,423,725,21
939,434,725,19
1004,461,725,13
1024,471,725,11
1048,485,725,8
974,448,725,16
976,449,725,16
984,451,725,15
735,341,725,27
959,442,725,7
968,446,725,6
1006,462,725,3
1254,583,730,0
1148,531,730,0
1361,634,730,0
1348,630,730,0
1154,536,735,0
1157,539,735,0
966,445,745,0
1382,645,745,0
1400,654,750,0
1185,551,750,0
981,450,750,0
1187,553,750,0
1397,652,750,0
1202,558,755,0
1293,607,755,0
1204,559,755,0
1010,464,760,0
1307,613,760,0
1308,614,760,0
1421,662,760,0
1112,515,765,0
1427,665,765,0
1433,668,765,0
1319,618,765,0
1434,669,765,0
1023,469,770,1
1151,532,770,8
1190,555,770,3
924,428,770,9
929,429,770,9
1039,480,770,18
1141,526,770,9
1149,531,770,8
1199,558,770,3
1211,563,770,2
1217,565,770,1
1235,574,770,0
1060,491,770,16
1110,514,770,12
1191,555,770,3
1200,558,770,3
1216,564,770,2
1234,573,770,0
1303,612,770,12
1312,616,770,11
1367,637,770,7
1374,641,770,6
791,360,770,22
992,454,770,4
1281,604,770,4
975,448,770,15
1095,508,770,3
1120,518,770,11
1171,546,770,5
392,187,770,17
497,239,770,7
1246,579,770,9
1260,587,770,7
1347,630,770,8
1358,633,770,8
1404,656,770,3
1410,658,770,3
407,195,770,55
456,221,770,50
478,233,770,48
516,247,770,45
642,307,770,33
690,325,770,29
1087,503,770,14
1130,523,770,10
1146,530,770,18
1170,546,770,25
1186,553,770,24
1272,600,770,14
1298,609,770,13
1074,497,770,15
1102,510,770,12
1129,523,770,10
1196,557,770,3
1042,481,770,18
1053,488,770,17
1220,565,770,1
1096,509,770,23
1128,523,770,20
845,391,770,16
868,399,770,15
993,455,770,3
1027,474,770,0
765,351,770,24
826,379,770,19
906,417,770,11
1162,542,770,26
1248,580,770,18
1251,583,770,18
1038,479,775,0
585,277,775,0
590,279,775,0
1442,675,775,0
1247,579,775,0
1332,625,775,0
1030,475,775,0
1457,681,780,0
1350,631,780,0
1040,480,780,0
1458,681,780,0
1468,686,785,0
1258,585,785,0
1055,489,785,0
1266,594,790,0
1379,643,790,0
983,451,790,8
995,456,790,7
1066,493,790,0
1061,491,790,0
1179,549,795,0
1392,650,800,0
1277,602,800,0
1080,500,800,0
1514,706,805,0
1521,709,805,0
1090,505,805,0
1099,509,805,0
1105,512,810,0
1108,513,810,0
1212,563,810,0
1215,564,810,0
1529,712,810,0
1302,612,810,0
1306,613,810,0
1274,601,815,3
1155,539,815,6
1206,560,815,1
1178,549,815,14
1438,673,815,9
1483,691,815,5
1224,567,815,10
935,432,815,17
963,443,815,15
483,233,815,17
489,236,815,16
529,252,815,13
568,271,815,9
579,275,815,8
670,318,815,0
1454,679,815,8
1160,541,815,25
1183,551,815,23
1252,583,815,17
1328,623,815,9
1376,642,815,5
967,445,815,24
1016,467,815,20
1125,522,815,9
1161,542,815,5
1222,566,815,0
1380,643,815,5
1158,540,815,5
1531,713,815,1
1067,494,815,25
1209,562,815,11
1284,605,815,2
1310,615,815,0
1288,606,815,2
1300,610,815,1
1304,612,815,1
1097,509,815,22
1184,551,815,13
1197,558,815,22
1326,622,815,9
1417,661,815,1
931,431,815,27
982,450,815,23
1126,522,815,9
1142,527,815,8
1163,543,815,5
1213,563,815,1
1402,655,815,12
1453,678,815,8
1526,711,815,1
1152,535,815,16
1164,543,815,15
1244,579,815,8
1294,607,815,2
1360,634,815,7
1322,620,820,0
1547,721,820,0
1342,627,825,0
692,326,825,0
1240,578,825,0
950,437,825,18
978,449,825,16
1056,489,825,8
1059,490,825,7
1333,625,825,0
1334,625,825,0
1239,577,825,0
1570,732,830,0
1253,583,830,0
728,338,835,0
1474,687,835,0
1363,635,835,0
1479,689,835,0
1381,644,840,0
1486,692,840,0
1489,694,840,0
1264,593,840,0
1498,697,845,0
1396,652,850,0
1275,601,850,0
1613,755,855,0
1203,559,855,0
1286,606,855,0
1159,540,860,4
1182,551,860,2
1177,548,860,3
1432,668,860,19
1446,675,860,17
1512,705,860,11
1572,733,860,6
1018,468,860,19
1103,511,860,10
1106,512,860,10
1238,575,860,17
1282,604,860,12
1364,635,860,5
1395,651,860,2
1459,681,860,6
1488,694,860,4
1502,699,860,3
1503,699,860,3
1144,529,860,17
1309,614,860,0
1172,546,860,33
1357,632,860,16
1384,645,860,13
1472,687,860,5
1463,684,860,16
1466,685,860,15
1478,689,860,15
1630,762,860,0
1490,694,860,4
1493,695,860,3
1518,708,860,1
1063,492,860,24
1150,532,860,16
1205,560,860,10
1299,610,860,0
1180,551,860,22
1261,588,860,15
1305,613,860,10
1354,632,860,6
1401,655,860,1
1377,642,860,14
1501,699,860,3
1523,710,860,0
1000,459,860,21
1073,497,860,13
1076,498,860,13
1132,524,860,8
1140,525,860,7
1166,544,860,4
1207,560,860,0
1289,606,860,21
1301,612,860,20
1329,623,860,18
1399,653,860,12
1455,679,860,7
1371,639,860,15
1375,641,860,14
1522,710,860,0
1508,702,860,2
1477,688,860,15
1291,606,860,11
1315,617,860,9
1403,656,860,1
1411,659,860,1
1563,730,860,6
1565,730,860,6
1280,604,860,12
1325,622,860,8
1373,639,860,5
1378,643,860,4
1295,608,860,11
1296,608,860,11
1386,647,860,3
1226,569,865,0
1537,716,865,0
1540,717,865,0
1644,767,865,0
1330,623,870,0
1439,673,870,0
1229,571,870,0
1237,575,875,0
1243,578,875,0
1663,779,875,0
1559,729,875,0
1443,675,875,0
1250,581,880,0
1678,784,880,0
1256,584,880,0
1562,730,880,0
1569,732,880,0
1464,684,880,0
1465,684,880,0
1257,585,885,0
1471,687,885,0
1475,687,885,0
1484,691,890,0
1482,691,890,0
1588,741,890,0
1591,743,890,0
1590,742,890,0
1703,796,895,0
1270,599,895,0
1383,645,895,0
1388,648,895,0
1499,698,895,0
1598,746,895,0
1597,745,895,0
1276,602,900,0
1278,603,900,0
1605,750,900,0
1611,754,900,0
1714,800,900,0
1407,657,905,10
1228,570,905,17
1292,606,905,10
1416,660,905,9
1449,677,905,6
1452,678,905,6
1393,650,905,11
1418,662,905,9
1331,624,905,17
1413,659,905,10
1494,696,905,2
1564,730,905,15
1599,747,905,12
1650,772,905,7
1225,568,905,18
1344,628,905,6
1359,633,905,5
1365,635,905,4
1071,495,905,32
1147,530,905,25
1219,565,905,18
1236,575,905,16
1313,617,905,8
1430,667,905,8
1487,693,905,3
1327,622,905,27
1389,649,905,22
1431,667,905,18
1441,675,905,16
1451,678,905,16
1511,705,905,10
1548,721,905,17
1571,732,905,15
1733,808,905,0
1735,809,905,0
1669,782,905,5
1676,783,905,5
1699,794,905,3
1153,535,905,24
1167,544,905,23
1194,556,905,20
1285,605,905,10
1314,617,905,8
1387,648,905,2
1232,571,905,27
1385,647,905,12
1406,657,905,10
1419,662,905,9
1448,677,905,6
1587,741,905,3
1343,627,905,6
1353,632,905,5
1320,619,905,18
1398,652,905,11
1339,627,905,16
1372,639,905,14
1136,524,905,17
1259,586,905,4
1268,598,905,2
1297,609,905,0
1337,627,905,6
1415,659,905,0
1424,663,910,0
1425,663,910,0
1525,711,910,0
1428,666,915,0
1759,819,915,0
1550,723,920,0
1649,772,920,0
1551,723,920,0
1558,728,925,0
1556,728,925,0
1444,675,925,0
1553,727,925,0
1670,782,930,0
1567,731,930,0
1578,735,935,0
1580,737,935,0
1467,685,935,0
1801,837,935,0
1586,740,940,0
1602,748,945,0
1500,699,945,0
1496,696,945,0
1504,699,945,0
1827,849,945,0
1822,847,945,0
1495,696,945,0
1368,637,950,3
1481,690,950,12
1532,715,950,7
1585,740,950,2
1589,742,950,2
1596,745,950,1
1610,753,950,0
1122,520,950,26
1143,528,950,25
1356,632,950,4
1657,776,950,5
1674,783,950,4
1675,783,950,4
1818,845,950,1
1422,662,950,18
1456,681,950,14
1516,707,950,9
1582,738,950,3
1583,740,950,2
1355,632,950,4
1370,639,950,3
923,428,950,5
948,436,950,3
1697,793,950,2
1677,784,950,14
1691,791,950,12
1782,828,950,5
1568,732,950,14
1607,751,950,10
1648,771,950,6
1051,486,950,33
1075,497,950,31
1145,530,950,24
1221,566,950,17
1245,579,950,15
1262,589,950,13
1263,590,950,12
1273,600,950,10
1345,628,950,5
1394,651,950,0
1476,687,950,3
1576,735,950,23
1654,775,950,15
1741,812,950,8
1757,819,950,7
1665,780,950,14
1690,791,950,12
1794,834,950,4
1552,727,950,15
1581,737,950,13
1614,756,950,9
1646,771,950,6
1687,789,950,3
1628,762,950,18
1469,686,950,13
1290,606,950,9
1534,715,950,27
1541,717,950,27
1620,758,950,9
1643,767,950,7
1717,802,950,0
1009,463,960,0
1738,810,960,0
1622,760,960,0
1429,666,965,0
1639,766,965,0
1645,768,965,0
1863,868,965,0
1749,815,965,0
1437,672,970,0
1435,671,970,0
1882,874,970,0
1872,870,970,0
1653,774,970,0
1768,823,970,0
1445,675,975,0
1886,876,975,0
1884,875,975,0
1440,675,975,0
1774,826,975,0
1772,825,975,0
1789,830,980,0
1047,485,985,0
1806,839,985,0
1491,694,990,0
1925,894,990,0
1924,894,990,0
1672,782,995,3
1542,718,995,6
1349,631,995,13
1412,659,995,8
1485,692,995,1
1426,665,995,16
1546,720,995,5
1579,736,995,2
1593,744,995,1
1745,813,995,17
1800,837,995,12
1840,854,995,9
1900,887,995,2
1904,887,995,2
1338,627,995,24
1362,634,995,23
1423,663,995,17
1527,711,995,7
1528,712,995,7
1116,517,995,36
1321,619,995,36
1127,522,995,35
1323,620,995,35
1405,656,995,28
1408,657,995,28
1420,662,995,27
1533,715,995,16
1539,716,995,16
1623,760,995,7
1627,761,995,7
1255,584,995,23
1267,596,995,20
1318,618,995,16
1340,627,995,14
1341,627,995,14
1696,793,995,1
1621,759,995,18
1761,820,995,5
1820,846,995,0
1447,676,995,24
1706,797,995,0
1685,788,995,12
1739,811,995,7
1710,798,995,0
1631,762,995,17
1720,803,995,9
1737,809,995,8
1746,813,995,7
1728,807,995,18
1841,855,995,8
1850,863,995,7
1916,893,995,1
1536,716,995,16
1566,730,995,13
1608,752,995,9
1629,762,995,7
1640,766,995,6
1686,788,995,2
1651,772,995,5
1762,821,995,15
1769,824,995,15
1879,872,995,5
1625,760,995,17
1661,778,995,14
1680,785,995,12
1708,797,995,10
1709,798,995,10
1758,819,995,6
1760,819,995,6
1594,745,995,0
1544,720,995,15
1633,765,995,6
1647,771,995,5
1549,722,995,15
1635,766,995,6
1718,802,1000,0
1509,704,1000,0
1829,850,1000,0
1832,851,1000,0
1719,803,1000,0
1828,850,1000,0
1953,904,1000,0
1938,900,1000,0
1723,804,1000,0
1954,905,1005,0
1734,808,1005,0
1730,807,1005,0
1843,858,1005,0
1731,807,1005,0
1732,807,1005,0
1736,809,1005,0
1975,914,1010,0
1748,814,1010,0
1980,917,1015,0
1997,924,1020,0
1767,822,1020,0
1560,729,1025,0
2003,926,1025,0
1786,829,1025,0
1775,826,1025,0
1891,881,1030,0
2011,930,1030,0
1793,833,1030,0
1684,788,1035,0
2029,936,1035,0
1682,786,1035,0
1797,836,1035,0
1492,695,1040,9
1543,718,1040,5
1554,727,1040,3
1573,733,1040,2
1584,740,1040,0
1722,803,1040,8
1724,804,1040,8
1752,816,1040,5
1779,827,1040,3
1790,831,1040,2
1515,706,1040,7
1577,735,1040,1
1561,730,1040,12
1641,766,1040,5
1660,777,1040,13
1804,838,1040,1
1609,752,1040,18
1679,784,1040,12
1692,792,1040,10
1721,803,1040,8
1755,819,1040,5
1781,828,1040,3
1756,819,1040,25
1787,830,1040,22
1792,832,1040,22
1816,844,1040,20
1859,866,1040,15
1912,891,1040,10
1952,904,1040,8
1972,913,1040,6
2039,939,1040,1
1836,852,1040,18
1865,868,1040,15
1942,902,1040,8
1976,914,1040,6
1985,921,1040,4
1352,632,1040,22
1390,649,1040,19
1497,696,1040,9
1857,865,1040,5
1914,892,1040,0
1545,720,1040,14
1618,757,1040,7
1659,777,1040,3
1632,764,1040,16
1700,795,1040,9
1796,835,1040,1
1889,880,1040,2
1436,672,1040,24
1480,690,1040,20
1505,700,1040,18
1506,700,1040,18
1626,761,1040,6
1671,782,1040,2
1928,895,1040,9
1939,900,1040,8
1970,912,1040,6
1604,750,1040,18
1707,797,1040,9
1815,843,1040,0
1335,625,1040,23
1409,658,1040,17
1414,659,1040,17
1470,686,1040,11
1507,701,1040,8
1784,829,1040,13
1823,848,1040,9
1862,867,1040,5
1895,883,1040,2
1634,765,1040,25
1742,812,1040,16
1766,822,1040,14
1615,756,1040,17
1693,792,1040,10
1695,792,1040,10
1726,806,1040,7
1520,709,1040,7
1819,845,1045,0
1933,897,1045,0
2081,959,1055,0
2075,957,1055,0
1844,859,1055,0
1616,756,1055,0
1966,909,1055,0
1851,863,1060,0
2089,963,1060,0
1624,760,1060,0
1852,864,1060,0
1747,813,1060,0
1846,860,1060,0
1969,911,1060,0
1868,869,1065,0
1861,867,1065,0
1880,872,1070,0
1652,773,1070,0
1770,824,1070,0
1878,872,1070,0
1869,870,1070,0
1888,879,1075,0
1887,879,1075,0
2125,978,1075,0
1998,925,1075,0
2122,977,1075,0
1892,882,1080,0
1839,854,1085,7
1694,792,1085,9
1753,816,1085,4
1795,834,1085,1
1785,829,1085,12
1826,849,1085,8
1830,850,1085,7
1896,884,1085,1
1725,806,1085,16
1817,844,1085,9
1903,887,1085,0
2019,933,1085,11
2058,947,1085,8
2065,951,1085,7
1765,822,1085,13
1603,749,1085,8
1606,751,1085,7
1664,780,1085,31
1771,825,1085,22
1890,881,1085,11
1909,890,1085,9
1920,893,1085,9
1929,896,1085,8
1085,502,1085,17
1192,555,1085,6
1218,565,1085,4
1241,578,1085,2
1763,821,1085,23
1849,862,1085,15
1923,894,1085,9
1960,906,1085,6
2042,940,1085,9
1269,598,1085,38
1460,681,1085,21
1461,683,1085,21
1473,687,1085,20
1991,923,1085,13
1847,861,1085,15
1894,882,1085,11
1936,899,1085,8
1950,904,1085,7
1951,904,1085,7
2008,929,1085,2
1574,734,1085,21
1612,754,1085,17
1617,757,1085,16
1712,800,1085,17
1743,812,1085,15
1780,828,1085,12
1636,766,1085,14
1702,796,1085,8
1705,797,1085,8
1930,896,1085,18
2053,942,1085,9
2087,961,1085,5
2128,980,1085,1
1595,745,1085,18
1881,874,1085,3
1812,841,1085,9
1941,901,1085,17
1945,902,1085,17
2133,982,1085,1
1701,796,1085,18
1517,707,1085,26
1538,716,1085,24
1555,727,1085,22
1575,735,1085,20
1711,799,1085,8
1791,832,1085,1
1860,867,1085,14
2034,938,1085,0
2164,994,1090,0
1915,892,1090,0
2170,997,1095,0
2171,997,1095,0
1948,904,1100,0
2061,950,1100,0
2178,1001,1100,0
1944,902,1100,0
1937,900,1100,0
2073,957,1105,0
2079,958,1105,0
2186,1005,1105,0
1848,862,1110,0
1974,913,1110,0
1968,910,1110,0
1864,868,1115,0
1317,617,1115,0
1979,916,1115,0
1982,919,1115,0
1873,871,1120,0
1996,924,1120,0
1871,870,1120,0
2243,1028,1125,0
1783,828,1125,0
1336,626,1125,0
2120,976,1125,0
2007,928,1125,0
2238,1026,1125,0
2118,975,1125,0
1681,785,1130,9
1704,796,1130,7
1740,811,1130,4
1764,822,1130,2
1773,825,1130,1
1837,852,1130,16
1898,884,1130,10
1902,887,1130,9
1981,917,1130,3
1557,728,1130,21
1688,789,1130,9
1751,816,1130,3
1658,776,1130,11
1668,782,1130,10
1513,705,1130,35
1519,709,1130,35
1535,716,1130,33
1683,787,1130,19
1698,793,1130,18
1713,800,1130,16
1727,806,1130,15
1799,836,1130,9
1876,871,1130,2
1079,499,1130,27
1104,511,1130,24
1193,555,1130,15
2051,941,1130,18
2154,990,1130,8
2155,990,1130,8
2162,994,1130,8
2168,997,1130,7
2179,1001,1130,6
2103,969,1130,3
1971,913,1130,14
1973,913,1130,14
1986,921,1130,12
2020,933,1130,10
2074,957,1130,5
1934,897,1130,17
1940,900,1130,16
1949,904,1130,16
2010,930,1130,10
2036,938,1130,9
1965,909,1130,15
2025,935,1130,9
2055,944,1130,8
2071,956,1130,5
2072,957,1130,5
2052,941,1130,18
2231,1021,1130,2
2147,989,1130,9
2185,1004,1130,6
2203,1012,1130,4
1855,865,1130,23
1932,897,1130,17
2095,966,1130,3
2111,971,1130,2
2080,958,1130,15
2146,986,1130,9
1853,864,1130,14
1601,748,1130,17
1619,758,1130,15
1744,812,1130,4
2013,931,1130,20
2096,966,1130,13
2131,981,1130,10
2202,1011,1130,4
2026,935,1135,0
1802,837,1135,0
1798,836,1135,0
1809,840,1140,0
2274,1047,1145,0
1834,851,1150,0
2184,1003,1150,0
2286,1052,1150,0
2198,1009,1155,0
2292,1056,1155,0
2196,1009,1155,0
1845,859,1155,0
1977,914,1160,0
2204,1012,1160,0
2205,1013,1160,0
1866,869,1165,0
2223,1018,1165,0
2209,1015,1165,0
2098,968,1165,0
1875,871,1170,0
2331,1074,1170,0
2321,1071,1170,0
1946,902,1175,15
1988,922,1175,11
1811,840,1175,17
1831,851,1175,15
2006,928,1175,0
1959,906,1175,14
1901,887,1175,18
1935,899,1175,16
1967,910,1175,13
1984,921,1175,11
2028,936,1175,8
2076,958,1175,4
2084,960,1175,3
2271,1044,1175,7
1838,853,1175,15
2090,963,1175,3
2199,1009,1175,14
2225,1018,1175,12
2233,1022,1175,11
2249,1031,1175,9
2323,1072,1175,1
2257,1034,1175,9
2002,926,1175,20
2012,931,1175,19
2174,998,1175,6
2176,999,1175,6
1754,817,1175,22
1807,839,1175,18
1854,864,1175,13
1874,871,1175,11
1961,906,1175,4
1964,908,1175,4
1999,926,1175,0
2005,927,1175,0
1662,778,1175,20
2099,968,1175,12
2100,969,1175,12
2119,975,1175,10
2183,1002,1175,5
2226,1018,1175,2
1856,865,1175,22
1899,887,1175,18
2001,926,1175,10
2023,935,1175,8
1987,921,1175,11
2017,932,1175,9
2047,941,1175,7
2059,948,1175,6
2082,959,1175,4
1955,905,1175,14
2112,971,1175,1
2038,939,1175,8
2057,946,1175,6
1814,843,1175,27
1877,872,1175,21
1918,893,1175,17
1989,922,1175,11
2083,959,1175,4
1995,923,1175,21
2078,958,1175,14
2101,969,1175,12
2113,972,1175,11
2180,1001,1175,5
2187,1006,1175,4
2207,1014,1175,3
1689,790,1175,27
1750,815,1175,22
1858,865,1175,12
1983,919,1175,2
1716,801,1175,15
1776,826,1175,10
2132,981,1180,0
2141,983,1180,0
2142,984,1180,0
2149,989,1185,0
2360,1085,1185,0
2032,937,1185,0
2031,936,1185,0
2264,1037,1185,0
1908,889,1185,0
2379,1094,1190,0
2369,1090,1190,0
2374,1093,1190,0
2375,1093,1190,0
2377,1093,1190,0
2054,942,1190,0
2269,1040,1190,0
2163,994,1190,0
2169,997,1195,0
2056,946,1195,0
2066,952,1200,0
2391,1100,1200,0
2182,1002,1200,0
2188,1006,1205,0
2410,1108,1205,0
2289,1055,1205,0
2077,958,1205,0
2190,1006,1205,0
2192,1007,1205,0
2208,1014,1210,0
2085,961,1210,0
2097,967,1215,0
2224,1018,1215,0
2228,1019,1215,0
2434,1118,1215,0
2316,1069,1215,0
2221,1018,1215,0
2092,965,1220,11
2109,971,1220,10
2236,1024,1220,0
2252,1032,1220,18
2296,1057,1220,13
2312,1067,1220,11
2353,1082,1220,8
2368,1090,1220,6
2030,936,1220,17
2064,951,1220,14
1729,807,1220,23
1777,827,1220,19
1893,882,1220,8
1911,890,1220,6
1958,905,1220,3
2262,1036,1220,7
2314,1069,1220,1
2272,1045,1220,15
2381,1094,1220,6
2435,1119,1220,1
2016,932,1220,18
1803,838,1220,17
1833,851,1220,14
1870,870,1220,10
1917,893,1220,6
2282,1049,1220,5
2320,1071,1220,0
1351,632,1220,18
1366,635,1220,17
1369,637,1220,17
1391,650,1220,14
1450,677,1220,9
1810,840,1220,26
1824,849,1220,25
1835,852,1220,24
1842,858,1220,23
1931,896,1220,15
2015,932,1220,8
2043,940,1220,16
2060,948,1220,15
2158,992,1220,6
1825,849,1220,35
1885,875,1220,29
1919,893,1220,26
1978,915,1220,21
2033,937,1220,17
1638,766,1220,31
1655,776,1220,29
1805,839,1220,17
1821,847,1220,15
2067,953,1220,14
2140,983,1220,8
1913,892,1220,6
1922,894,1220,6
2159,992,1220,6
1673,782,1220,28
1867,869,1220,11
1897,884,1220,8
1907,889,1220,7
2380,1094,1220,6
2242,1028,1220,9
2280,1049,1220,5
2317,1070,1220,0
1778,827,1220,19
1813,842,1220,16
1943,902,1220,14
2009,930,1220,8
2014,932,1220,8
2062,950,1220,4
2295,1057,1220,13
2349,1081,1220,8
2307,1064,1220,12
2311,1067,1220,11
2347,1081,1220,8
2044,940,1220,16
2049,941,1220,16
2105,970,1220,10
2177,999,1220,5
2215,1017,1220,11
2220,1017,1220,11
2244,1029,1220,9
2261,1036,1220,7
2004,927,1225,0
2345,1079,1225,0
2338,1077,1225,0
2339,1078,1225,0
2124,978,1225,0
2021,934,1230,0
2022,934,1230,0
2137,983,1230,0
2469,1134,1230,0
2254,1033,1230,0
2471,1135,1235,0
2024,935,1235,0
2263,1037,1235,0
2367,1088,1235,0
2050,941,1240,0
1592,744,1240,0
2490,1140,1240,0
2505,1145,1245,0
2520,1152,1250,0
2400,1103,1250,0
2528,1155,1255,0
2069,955,1255,0
2529,1155,1255,0
2293,1056,1255,0
2415,1109,1255,0
2250,1031,1265,7
2291,1055,1265,2
2165,996,1265,4
1906,889,1265,16
1947,903,1265,13
1962,907,1265,12
2000,926,1265,18
2107,970,1265,9
2130,981,1265,7
2357,1083,1265,17
2416,1110,1265,11
2417,1110,1265,11
2420,1111,1265,11
2428,1114,1265,11
2493,1142,1265,5
2500,1144,1265,5
2136,982,1265,27
2172,997,1265,24
2210,1015,1265,20
2281,1049,1265,14
2361,1086,1265,6
2518,1151,1265,3
2275,1047,1265,14
2335,1076,1265,8
1927,895,1265,24
2027,936,1265,16
2110,971,1265,9
2123,978,1265,8
2197,1009,1265,2
2018,933,1265,27
2116,973,1265,19
2134,982,1265,17
2150,989,1265,16
2173,997,1265,14
2175,998,1265,14
2222,1018,1265,10
2227,1018,1265,10
1957,905,1265,22
1990,922,1265,19
1993,923,1265,19
1994,923,1265,19
2167,997,1265,4
2304,1063,1265,11
2358,1084,1265,7
2411,1109,1265,2
2294,1056,1265,2
2260,1035,1265,16
2284,1051,1265,13
2334,1076,1265,8
2398,1102,1265,3
2354,1082,1265,17
2382,1095,1265,14
2442,1122,1265,9
2482,1138,1265,6
2144,985,1265,16
2145,986,1265,16
2235,1023,1265,9
2258,1034,1265,7
2445,1124,1265,9
2455,1128,1265,8
2127,979,1265,18
2143,984,1265,17
2302,1062,1265,1
2156,991,1265,15
2191,1006,1265,12
2193,1007,1265,12
1910,890,1265,25
1956,905,1265,22
2160,993,1265,5
2326,1072,1270,0
2438,1120,1270,0
2319,1071,1270,0
2589,1179,1275,0
2135,982,1280,0
2138,983,1280,0
2595,1181,1280,0
2459,1130,1280,0
2599,1182,1280,0
2467,1133,1280,0
2602,1182,1280,0
2348,1081,1280,0
2265,1037,1285,0
2616,1190,1290,0
2492,1141,1290,0
2615,1190,1290,0
2373,1092,1290,0
2376,1093,1290,0
2276,1048,1295,0
2388,1098,1295,0
2383,1095,1295,0
2637,1198,1295,0
2659,1208,1305,0
2403,1105,1305,0
2093,966,1310,9
2106,970,1310,8
2129,980,1310,6
2356,1083,1310,6
2102,969,1310,9
2181,1002,1310,2
2114,973,1310,18
2139,983,1310,16
2232,1021,1310,8
2322,1072,1310,8
2266,1038,1310,15
2387,1098,1310,3
2406,1106,1310,1
2414,1109,1310,1
2440,1121,1310,18
2444,1124,1310,18
2456,1129,1310,17
2501,1144,1310,14
2564,1171,1310,8
2587,1179,1310,7
2596,1181,1310,6
2603,1184,1310,6
2629,1194,1310,4
2040,939,1310,15
2068,953,1310,12
2540,1159,1310,1
2194,1007,1310,11
2337,1077,1310,7
2364,1087,1310,5
1462,684,1310,26
1510,705,1310,21
1524,710,1310,20
1530,713,1310,20
1600,748,1310,13
1637,766,1310,9
1656,776,1310,7
1666,781,1310,6
2251,1032,1310,26
2287,1053,1310,22
2397,1102,1310,12
2509,1148,1310,3
2521,1152,1310,2
2488,1140,1310,4
2538,1158,1310,1
2549,1164,1310,0
2458,1130,1310,16
2466,1133,1310,16
2496,1143,1310,14
2638,1199,1310,3
2429,1114,1310,10
2447,1125,1310,7
2346,1080,1310,26
2352,1082,1310,26
2393,1101,1310,22
2609,1188,1310,5
2611,1189,1310,5
2301,1062,1310,10
2253,1033,1310,16
2305,1064,1310,20
2308,1064,1310,20
2070,955,1310,11
1921,893,1310,24
1992,923,1310,18
2499,1144,1310,14
2566,1172,1310,8
2647,1203,1310,2
2216,1017,1315,0
2432,1117,1315,0
2437,1119,1315,0
2557,1167,1315,0
2699,1224,1320,0
2569,1173,1320,0
2686,1222,1320,0
2239,1026,1325,0
2448,1126,1325,0
2343,1079,1325,0
2711,1229,1325,0
2240,1027,1325,0
2465,1133,1330,0
1788,830,1330,0
2476,1136,1335,0
1808,839,1335,0
2268,1039,1335,0
2267,1039,1335,0
2495,1143,1340,0
2736,1244,1340,0
2739,1244,1340,0
2619,1191,1340,0
2620,1191,1340,0
2270,1044,1340,0
2752,1249,1345,0
2746,1248,1345,0
2512,1149,1345,0
2511,1149,1345,0
2517,1150,1350,0
2285,1052,1350,0
2472,1135,1355,4
2341,1078,1355,6
2370,1090,1355,13
2479,1137,1355,4
2504,1144,1355,3
2507,1146,1355,2
2508,1147,1355,2
2523,1153,1355,1
2579,1175,1355,16
2660,1209,1355,10
2738,1244,1355,3
2340,1078,1355,16
2378,1093,1355,13
2516,1150,1355,1
2041,939,1355,34
2048,941,1355,33
2088,962,1355,29
2091,964,1355,29
2230,1020,1355,17
2248,1031,1355,15
2283,1051,1355,11
2290,1055,1355,10
2298,1059,1355,10
2325,1072,1355,7
2366,1087,1355,4
2104,970,1355,17
2213,1016,1355,8
2245,1029,1355,6
2247,1031,1355,5
2297,1058,1355,0
1642,767,1355,18
1667,781,1355,15
1715,801,1355,11
2720,1236,1355,4
2330,1073,1355,27
2363,1086,1355,24
2478,1137,1355,14
2503,1144,1355,13
2531,1157,1355,10
2613,1189,1355,4
2645,1203,1355,1
2206,1013,1355,19
2246,1030,1355,15
2288,1054,1355,11
2333,1074,1355,7
2554,1165,1355,18
2682,1220,1355,7
2689,1223,1355,7
2722,1236,1355,4
2731,1241,1355,3
2470,1135,1355,14
2535,1158,1355,10
2581,1176,1355,6
2299,1061,1355,9
2329,1073,1355,7
2386,1097,1355,2
2401,1103,1355,1
2730,1240,1355,3
2234,1023,1355,27
2278,1049,1355,22
2362,1086,1355,14
2481,1138,1355,4
2519,1151,1355,1
2418,1111,1355,9
2433,1118,1355,8
2255,1033,1355,25
2365,1087,1355,14
2412,1109,1355,10
2533,1157,1355,0
2443,1123,1355,17
2450,1126,1355,16
2460,1131,1355,15
2539,1159,1355,10
2573,1173,1355,7
2211,1015,1355,18
2214,1016,1355,18
2309,1065,1355,8
2310,1066,1355,8
2605,1186,1355,14
2719,1235,1355,4
2732,1241,1355,3
2318,1071,1355,17
2332,1074,1355,17
2491,1140,1355,13
2525,1154,1355,11
2592,1180,1355,5
2421,1111,1360,0
2426,1113,1360,0
2552,1165,1365,0
2037,938,1365,26
2063,950,1365,23
2126,979,1365,18
2327,1073,1370,0
2439,1120,1370,0
2791,1273,1370,0
2574,1173,1370,0
2685,1221,1370,0
2585,1178,1375,0
2583,1178,1375,0
2800,1277,1375,0
2462,1132,1380,0
2811,1282,1380,0
2715,1232,1380,0
2816,1285,1385,0
2606,1186,1385,0
2497,1143,1390,0
2502,1144,1390,0
2840,1292,1390,0
2371,1091,1390,0
2841,1293,1390,0
2622,1192,1390,0
2734,1241,1390,0
2750,1249,1395,0
2743,1246,1395,0
2359,1085,1400,3
2744,1246,1400,11
2748,1249,1400,11
2770,1262,1400,8
2850,1297,1400,1
2108,970,1400,26
2200,1011,1400,18
2201,1011,1400,18
2256,1034,1400,14
2336,1077,1400,5
2372,1092,1400,2
2477,1137,1400,13
2510,1148,1400,11
2541,1159,1400,9
2241,1027,1400,15
2300,1062,1400,8
2344,1079,1400,15
2384,1096,1400,11
2385,1097,1400,11
2395,1101,1400,10
2457,1129,1400,5
2727,1237,1400,13
2810,1282,1400,4
2661,1209,1400,9
2673,1213,1400,8
2707,1228,1400,5
2710,1229,1400,5
2212,1016,1400,27
2217,1017,1400,27
2229,1019,1400,27
2277,1049,1400,21
2306,1064,1400,18
2431,1116,1400,7
2446,1124,1400,6
2407,1106,1400,19
2419,1111,1400,18
2487,1139,1400,13
2565,1172,1400,6
2639,1200,1400,0
2548,1163,1400,18
2575,1174,1400,16
2582,1178,1400,15
2644,1202,1400,10
2279,1049,1400,11
2390,1099,1400,1
2117,974,1400,26
2152,990,1400,22
2273,1046,1400,11
2324,1072,1400,6
2452,1127,1400,25
2567,1172,1400,16
2598,1182,1400,14
2677,1217,1400,7
2705,1227,1400,5
2714,1231,1400,4
2648,1204,1400,10
2665,1210,1400,18
2723,1236,1400,13
2780,1266,1400,7
2463,1132,1400,14
2640,1200,1400,0
2813,1283,1400,4
2815,1284,1400,4
2701,1225,1400,15
2728,1239,1400,13
2591,1180,1400,4
2601,1182,1400,4
2464,1133,1400,14
2550,1164,1400,8
2556,1166,1400,7
2584,1178,1400,5
2408,1106,1405,0
2866,1307,1405,0
2658,1208,1405,0
2423,1113,1410,0
2427,1114,1410,0
2894,1319,1415,0
2788,1270,1420,0
2687,1222,1420,0
2793,1274,1420,0
2691,1223,1420,0
2805,1279,1425,0
2449,1126,1425,0
2804,1278,1425,0
2801,1277,1425,0
2468,1134,1430,0
2812,1283,1430,0
2484,1139,1435,0
2820,1287,1435,0
2831,1289,1435,0
2612,1189,1435,0
2817,1285,1435,0
2826,1289,1435,0
2724,1237,1435,0
2489,1140,1440,0
2553,1165,1445,16
2560,1169,1445,16
2571,1173,1445,15
2666,1211,1445,7
2409,1107,1445,18
2473,1136,1445,12
2537,1158,1445,8
2621,1192,1445,1
2655,1208,1445,8
2740,1244,1445,1
2577,1174,1445,15
2600,1182,1445,13
2751,1249,1445,0
2561,1170,1445,15
2633,1196,1445,10
2555,1166,1445,6
2626,1193,1445,1
2784,1269,1445,16
2799,1277,1445,14
2872,1309,1445,8
2874,1309,1445,8
2608,1188,1445,2
2631,1195,1445,0
2586,1178,1445,14
2617,1190,1445,11
2625,1192,1445,11
2634,1196,1445,20
2667,1211,1445,17
2683,1221,1445,15
2712,1230,1445,13
2819,1286,1445,12
2893,1319,1445,6
2915,1331,1445,3
2928,1339,1445,2
2943,1345,1445,0
2315,1069,1445,36
2342,1079,1445,34
2389,1099,1445,30
2396,1102,1445,29
2454,1128,1445,24
1926,895,1445,50
2045,940,1445,41
2046,940,1445,41
2094,966,1445,36
2148,989,1445,32
2151,990,1445,31
2153,990,1445,31
2166,996,1445,30
2189,1006,1445,28
2219,1017,1445,26
2237,1026,1445,24
2486,1139,1445,22
2718,1234,1445,3
2453,1128,1445,14
2534,1158,1445,8
2627,1193,1445,1
2480,1137,1445,22
2544,1161,1445,17
2604,1185,1445,12
2624,1192,1445,11
2680,1219,1445,16
2688,1222,1445,15
2781,1267,1445,6
2828,1289,1445,2
2838,1291,1445,1
2303,1062,1445,27
2474,1136,1445,12
2593,1180,1445,3
2597,1182,1445,3
2681,1220,1445,5
2684,1221,1445,5
2721,1236,1445,2
2747,1248,1445,0
2651,1205,1445,8
2656,1208,1445,8
2654,1207,1445,8
2698,1224,1445,5
2594,1181,1445,13
2351,1081,1445,13
2451,1127,1445,4
2483,1138,1445,2
2404,1105,1445,18
2425,1113,1445,17
2526,1155,1445,8
2576,1174,1445,5
2643,1202,1450,0
2759,1251,1450,0
2642,1202,1450,0
2767,1258,1455,0
2865,1306,1455,0
2870,1308,1455,0
2974,1358,1455,0
2979,1359,1455,0
2972,1356,1455,0
2867,1307,1455,0
2988,1361,1460,0
2670,1212,1460,0
2775,1264,1460,0
2668,1211,1460,0
2779,1266,1465,0
2789,1271,1470,0
2694,1223,1470,0
2787,1270,1470,0
2786,1270,1470,0
2708,1228,1475,0
2702,1225,1475,0
2794,1275,1475,0
2590,1179,1475,0
2713,1231,1480,0
2917,1332,1480,0
2716,1233,1480,0
2830,1289,1485,0
2827,1289,1485,0
2614,1190,1490,0
2536,1158,1490,7
2547,1162,1490,6
2607,1187,1490,1
2641,1201,1490,18
2669,1212,1490,16
2737,1244,1490,10
2679,1218,1490,15
2729,1239,1490,11
2742,1246,1490,9
2796,1275,1490,3
2797,1277,1490,3
2806,1279,1490,3
2328,1073,1490,24
2413,1109,1490,17
2461,1131,1490,12
2844,1296,1490,9
2987,1361,1490,6
2991,1362,1490,6
3045,1391,1490,0
2646,1203,1490,18
2696,1224,1490,14
2792,1274,1490,4
2405,1106,1490,17
2441,1121,1490,14
2618,1190,1490,0
1883,874,1490,24
1905,888,1490,21
2035,938,1490,11
2115,973,1490,4
2121,976,1490,3
2157,992,1490,0
2161,993,1490,0
2869,1308,1490,7
1963,908,1490,17
2086,961,1490,6
2392,1100,1490,18
2782,1269,1490,15
2876,1310,1490,6
2884,1314,1490,6
2929,1339,1490,1
2524,1154,1490,18
2527,1155,1490,17
2558,1169,1490,15
2562,1170,1490,14
2692,1223,1490,4
2814,1283,1490,22
2871,1308,1490,17
2997,1364,1490,6
2976,1358,1490,7
2977,1358,1490,7
3012,1370,1490,4
2690,1223,1490,24
2753,1249,1490,19
2776,1265,1490,15
2969,1356,1490,7
3046,1391,1490,0
2650,1205,1490,17
2749,1249,1490,9
2769,1262,1490,6
2430,1115,1490,15
2485,1139,1490,11
2563,1171,1490,4
2578,1175,1490,3
2628,1194,1490,0
2772,1263,1490,26
2986,1361,1490,6
2760,1252,1490,18
2882,1313,1490,6
2896,1322,1490,4
2630,1195,1495,0
2636,1197,1495,0
3062,1396,1495,0
3075,1402,1500,0
2653,1206,1505,0
2195,1008,1505,0
2980,1359,1505,0
2662,1209,1505,0
2663,1210,1510,0
2672,1213,1510,0
2982,1360,1510,0
2218,1017,1515,0
2697,1224,1520,0
3015,1372,1520,0
3124,1421,1520,0
2905,1325,1525,0
2700,1225,1525,0
3018,1375,1525,0
2906,1325,1525,0
2709,1228,1525,0
2717,1234,1530,0
2916,1332,1530,0
3149,1432,1530,0
3156,1433,1530,0
2848,1296,1535,8
2886,1315,1535,4
2632,1196,1535,8
2671,1213,1535,15
2704,1226,1535,32
2761,1252,1535,27
2803,1278,1535,22
2837,1291,1535,19
2839,1291,1535,19
2990,1362,1535,5
3021,1377,1535,2
2983,1360,1535,15
2989,1361,1535,15
3057,1395,1535,8
3096,1410,1535,5
3072,1400,1535,7
3121,1421,1535,3
2758,1251,1535,27
2821,1288,1535,20
2858,1305,1535,16
2883,1313,1535,15
2924,1337,1535,10
2930,1339,1535,10
2967,1356,1535,6
2522,1153,1535,27
2568,1173,1535,23
2580,1175,1535,22
2875,1309,1535,16
2901,1324,1535,13
3005,1367,1535,4
3017,1375,1535,2
2741,1245,1535,18
2898,1323,1535,3
2973,1357,1535,6
2892,1318,1535,4
2899,1323,1535,3
2920,1335,1535,10
2996,1364,1535,15
3027,1380,1535,11
3033,1382,1535,11
3064,1396,1535,8
3131,1424,1535,3
2855,1303,1535,7
2862,1306,1535,6
2922,1336,1535,0
2674,1215,1535,24
2693,1223,1535,23
2873,1309,1535,6
2919,1332,1535,1
3036,1384,1535,11
3089,1408,1535,6
2785,1269,1535,24
2918,1332,1535,11
2942,1345,1535,8
2958,1353,1535,7
3013,1371,1535,3
3032,1382,1535,1
2588,1179,1535,22
2777,1265,1535,14
2795,1275,1535,12
2877,1310,1535,5
2879,1312,1535,5
2809,1281,1535,11
2829,1289,1535,10
2849,1297,1535,8
2931,1339,1535,0
3178,1443,1540,0
3175,1442,1540,0
2938,1342,1540,0
3174,1442,1540,0
2833,1290,1540,0
3071,1398,1545,0
2851,1297,1545,0
2946,1346,1545,0
3070,1398,1545,0
2957,1352,1550,0
3200,1453,1550,0
2960,1354,1550,0
2981,1359,1555,0
3208,1456,1555,0
3091,1409,1555,0
2998,1364,1560,0
3002,1366,1565,0
2999,1365,1565,0
3006,1367,1565,0
3116,1416,1565,0
3117,1417,1565,0
2891,1315,1565,0
3010,1369,1565,0
3011,1369,1565,0
3127,1423,1570,0
3026,1379,1575,0
2904,1325,1575,0
3024,1378,1575,0
3022,1378,1575,0
2763,1254,1580,6
2939,1342,1580,8
2978,1359,1580,5
2755,1251,1580,16
2774,1264,1580,14
2857,1304,1580,6
2880,1312,1580,4
2887,1315,1580,3
2914,1330,1580,10
2923,1336,1580,9
2933,1340,1580,8
2908,1326,1580,11
2910,1328,1580,11
2932,1340,1580,8
2949,1348,1580,27
3094,1409,1580,15
3143,1428,1580,11
3191,1449,1580,7
3232,1472,1580,2
3092,1409,1580,15
3095,1410,1580,14
3119,1420,1580,12
3126,1423,1580,12
2678,1217,1580,13
2703,1226,1580,11
2706,1228,1580,11
2771,1262,1580,4
2773,1264,1580,4
2778,1265,1580,3
3128,1423,1580,2
2733,1241,1580,18
2842,1295,1580,7
2847,1296,1580,7
2890,1315,1580,3
2542,1159,1580,35
2878,1310,1580,4
2909,1327,1580,1
2944,1345,1580,7
2992,1362,1580,4
3000,1365,1580,3
3100,1412,1580,4
2652,1206,1580,25
2757,1251,1580,16
2836,1291,1580,8
2843,1295,1580,7
2863,1306,1580,5
2868,1308,1580,5
3052,1394,1580,18
3067,1397,1580,17
3115,1416,1580,13
3167,1438,1580,9
3187,1448,1580,7
2754,1250,1580,26
2756,1251,1580,26
2824,1288,1580,19
2860,1306,1580,15
2623,1192,1580,18
2695,1223,1580,12
3076,1402,1580,6
3102,1412,1580,4
2903,1325,1580,21
2945,1346,1580,17
2913,1330,1580,10
2948,1347,1580,7
2964,1355,1580,5
2657,1208,1580,15
2675,1217,1580,13
2676,1217,1580,13
2745,1247,1580,7
2818,1286,1585,0
2926,1338,1585,0
2921,1336,1585,0
2934,1340,1590,0
3043,1390,1590,0
2835,1291,1590,0
3173,1441,1590,0
3056,1395,1595,0
3293,1499,1595,0
2951,1348,1595,0
3069,1398,1595,0
3077,1403,1600,0
2962,1354,1600,0
3080,1404,1600,0
2954,1351,1600,0
2959,1353,1600,0
3073,1400,1600,0
2854,1301,1600,0
2966,1355,1605,0
2971,1356,1605,0
2970,1356,1605,0
3306,1507,1605,0
2859,1306,1605,0
2864,1306,1605,0
3083,1405,1605,0
3090,1408,1605,0
2881,1312,1610,0
3318,1510,1610,0
2885,1314,1610,0
2985,1361,1610,0
3339,1518,1615,0
3003,1366,1615,0
2900,1324,1620,0
3014,1372,1625,1
3016,1373,1625,1
3035,1384,1625,9
3137,1426,1625,0
3182,1444,1625,17
3188,1448,1625,16
3205,1455,1625,14
3233,1472,1625,11
3255,1482,1625,9
3273,1491,1625,7
3292,1498,1625,6
3353,1523,1625,1
2925,1338,1625,18
2950,1348,1625,16
2953,1350,1625,15
2968,1356,1625,14
3037,1385,1625,8
3054,1394,1625,7
3141,1428,1625,0
2783,1269,1625,12
2832,1290,1625,7
2853,1301,1625,5
2313,1069,1625,12
2350,1081,1625,9
2355,1083,1625,9
2402,1103,1625,5
2936,1340,1625,27
3034,1383,1625,19
3301,1505,1625,4
3340,1518,1625,2
3343,1519,1625,2
3363,1527,1625,0
3367,1528,1625,0
2424,1113,1625,43
2475,1136,1625,38
2494,1143,1625,37
2515,1150,1625,35
2530,1157,1625,34
2570,1173,1625,31
3214,1461,1625,13
3263,1486,1625,8
3324,1512,1625,3
3129,1423,1625,11
3212,1460,1625,3
3247,1479,1625,0
2766,1256,1625,24
2808,1281,1625,19
2822,1288,1625,18
2825,1288,1625,18
2897,1322,1625,11
2963,1354,1625,5
2889,1315,1625,22
2902,1324,1625,21
2940,1344,1625,17
2975,1358,1625,14
3053,1394,1625,7
3142,1428,1625,0
2506,1145,1625,36
2543,1161,1625,33
2546,1162,1625,33
2559,1169,1625,32
2649,1204,1625,25
2764,1255,1625,14
2907,1326,1625,0
2861,1306,1625,14
3183,1446,1625,16
3226,1470,1625,11
3307,1507,1625,4
3338,1518,1625,2
2798,1277,1625,20
2807,1280,1625,19
3004,1366,1625,2
3060,1396,1625,6
3101,1412,1625,3
2956,1352,1625,15
3030,1381,1625,9
3221,1468,1625,12
3251,1481,1625,9
2952,1349,1625,16
3105,1412,1625,3
3120,1420,1625,1
2765,1255,1625,24
2912,1330,1625,9
3001,1366,1625,2
3007,1367,1625,2
3051,1394,1625,17
3061,1396,1625,16
3151,1432,1625,9
3225,1470,1625,1
3260,1484,1630,0
3029,1381,1630,0
3380,1532,1630,0
3397,1537,1635,0
3160,1435,1635,0
2498,1143,1640,0
3408,1544,1640,0
3289,1497,1645,0
3202,1454,1650,0
2514,1150,1650,0
2955,1352,1650,0
2961,1354,1650,0
3074,1402,1650,0
3204,1455,1655,0
3087,1407,1655,0
2965,1355,1655,0
3086,1406,1655,0
3309,1508,1655,0
2551,1164,1660,0
3448,1560,1660,0
3108,1414,1660,0
3216,1465,1665,0
3335,1517,1665,0
3118,1419,1665,0
3220,1468,1665,0
2984,1361,1670,2
3047,1391,1670,16
3050,1392,1670,16
3136,1425,1670,9
3180,1444,1670,6
3236,1473,1670,0
2846,1296,1670,15
2856,1303,1670,14
2994,1363,1670,2
3258,1483,1670,8
3312,1509,1670,3
2947,1346,1670,15
2995,1363,1670,12
3098,1410,1670,2
3110,1415,1670,1
2259,1035,1670,27
2399,1103,1670,14
2422,1112,1670,12
2436,1119,1670,11
2532,1157,1670,3
3345,1520,1670,10
3410,1544,1670,6
3414,1546,1670,5
3328,1514,1670,2
2394,1101,1670,54
2513,1149,1670,45
2545,1161,1670,42
2895,1321,1670,30
2725,1237,1670,27
2735,1243,1670,26
3181,1444,1670,6
3210,1457,1670,3
3215,1462,1670,2
3164,1437,1670,17
3168,1439,1670,17
3237,1474,1670,10
3246,1478,1670,9
3300,1504,1670,4
3264,1487,1670,17
3403,1542,1670,6
3437,1556,1670,3
3235,1472,1670,10
3317,1509,1670,3
3265,1487,1670,7
3285,1495,1670,5
3327,1513,1670,2
3432,1554,1670,4
3463,1565,1670,1
3207,1456,1670,3
3302,1505,1670,13
3333,1516,1670,11
3406,1543,1670,6
3438,1557,1670,3
3223,1469,1670,11
3392,1536,1670,7
3451,1560,1670,2
3104,1412,1670,12
3217,1466,1670,1
3058,1396,1670,15
3222,1469,1670,1
3231,1471,1670,0
2768,1259,1670,23
2790,1271,1670,20
2888,1315,1670,11
3274,1491,1670,16
3425,1551,1670,4
3020,1376,1675,0
3019,1375,1675,0
3482,1576,1675,0
3357,1525,1675,0
3480,1576,1675,0
3496,1579,1675,0
3023,1378,1675,0
3028,1381,1680,0
3499,1581,1680,0
3505,1584,1680,0
3498,1580,1680,0
3372,1530,1680,0
3386,1534,1680,0
3038,1385,1685,0
3165,1437,1685,0
3388,1535,1685,0
3511,1589,1685,0
2802,1278,1690,23
2911,1329,1690,13
3059,1396,1695,0
3416,1547,1695,0
3081,1404,1700,0
3544,1603,1700,0
3546,1603,1700,0
3303,1506,1705,0
3433,1555,1705,0
3439,1557,1705,0
3315,1509,1705,0
3311,1508,1705,0
3093,1409,1705,0
3099,1412,1710,0
3109,1414,1710,0
3570,1614,1710,0
3107,1414,1710,0
3460,1564,1710,0
3453,1560,1710,0
3320,1510,1710,0
3455,1561,1710,0
3563,1611,1710,0
3567,1613,1710,0
3199,1453,1715,13
3229,1471,1715,9
3244,1477,1715,8
3305,1507,1715,2
3157,1433,1715,7
3213,1460,1715,1
3296,1502,1715,3
3297,1503,1715,3
3316,1509,1715,2
3331,1516,1715,0
3158,1434,1715,17
3249,1479,1715,8
3267,1488,1715,6
3153,1432,1715,17
3240,1475,1715,8
3243,1477,1715,8
3257,1483,1715,7
3332,1516,1715,0
3132,1424,1715,9
3140,1428,1715,8
3163,1436,1715,6
3528,1595,1715,4
3574,1616,1715,0
3039,1387,1715,16
3148,1431,1715,7
3184,1446,1715,4
3145,1430,1715,17
3203,1454,1715,13
3219,1468,1715,10
3272,1490,1715,5
3282,1494,1715,5
3370,1529,1715,18
3383,1533,1715,17
3456,1562,1715,11
3494,1579,1715,8
3568,1614,1715,1
3535,1599,1715,4
3559,1611,1715,1
3561,1611,1715,1
3259,1483,1715,17
3288,1496,1715,14
3359,1526,1715,8
3464,1566,1715,0
3009,1368,1715,20
3113,1415,1715,10
3138,1427,1715,8
3238,1475,1715,18
3314,1509,1715,12
3068,1397,1715,24
3084,1406,1715,22
3152,1432,1715,17
3283,1495,1715,4
3144,1429,1715,18
3185,1447,1715,14
3266,1488,1715,6
3294,1499,1715,4
3189,1449,1715,14
3218,1466,1715,10
3287,1496,1715,4
3227,1471,1715,9
3078,1403,1715,23
3139,1427,1715,18
3201,1453,1715,23
3224,1470,1715,19
3250,1480,1715,17
3253,1481,1715,17
3356,1524,1715,9
3440,1557,1715,2
3469,1568,1715,0
2941,1344,1715,25
3111,1415,1715,10
3114,1416,1715,10
3170,1440,1715,5
3186,1447,1715,4
2935,1340,1715,15
3008,1368,1715,10
3025,1378,1715,8
3042,1390,1715,5
3065,1396,1715,4
3097,1410,1715,1
3348,1521,1720,0
3230,1471,1720,0
3355,1523,1720,0
3123,1421,1720,0
3130,1424,1720,0
3371,1529,1725,0
3594,1625,1725,0
3486,1578,1725,0
3369,1528,1725,0
3364,1527,1725,0
3381,1532,1730,0
3373,1530,1730,0
3497,1580,1730,0
3147,1430,1730,0
3398,1540,1740,0
3405,1542,1740,0
3407,1544,1740,0
3400,1541,1740,0
3279,1493,1740,0
3421,1549,1745,0
3422,1549,1745,0
3655,1647,1745,0
3291,1498,1745,0
3659,1650,1750,0
3541,1603,1750,0
3197,1452,1750,0
3135,1425,1760,7
3146,1430,1760,6
3262,1485,1760,15
3391,1535,1760,5
3419,1548,1760,3
3458,1563,1760,0
3366,1528,1760,27
3411,1545,1760,23
3520,1594,1760,14
3284,1495,1760,13
3286,1495,1760,13
3299,1504,1760,12
3379,1531,1760,6
3048,1391,1760,14
3206,1456,1760,1
3474,1571,1760,8
3487,1578,1760,7
3517,1592,1760,4
3632,1638,1760,5
3657,1649,1760,3
3277,1492,1760,14
3385,1533,1760,6
3404,1542,1760,4
3434,1555,1760,1
3044,1391,1760,14
3049,1392,1760,14
3171,1441,1760,34
3337,1518,1760,19
2572,1173,1760,18
2610,1188,1760,15
2635,1197,1760,13
2664,1210,1760,10
2762,1253,1760,2
3125,1423,1760,18
3179,1443,1760,14
3196,1451,1760,12
3304,1507,1760,1
3176,1442,1760,24
3177,1443,1760,24
3198,1452,1760,22
3321,1510,1760,10
3417,1547,1760,3
3471,1570,1760,18
3558,1610,1760,10
3560,1611,1760,10
2852,1299,1760,33
3031,1382,1760,16
3040,1388,1760,15
3063,1396,1760,13
3066,1396,1760,13
3082,1405,1760,11
3085,1406,1760,11
3103,1412,1760,10
3676,1658,1760,1
3393,1536,1760,15
3483,1577,1760,7
2927,1338,1760,25
3088,1408,1760,11
3106,1412,1760,10
3172,1441,1760,4
3195,1450,1760,12
3310,1508,1760,1
3361,1527,1760,17
3446,1559,1760,11
3473,1571,1760,8
3512,1590,1760,4
3518,1592,1760,4
3539,1602,1760,2
3489,1578,1760,17
3557,1608,1760,11
3565,1613,1760,10
3590,1623,1760,8
3617,1634,1760,6
3663,1651,1760,2
3313,1509,1760,11
3413,1546,1760,3
3377,1531,1760,16
3478,1574,1760,8
3465,1566,1765,0
3336,1517,1765,0
3468,1567,1765,0
3708,1672,1770,0
3589,1623,1770,0
3228,1471,1770,0
3234,1472,1770,0
3248,1479,1775,0
3485,1577,1775,0
3484,1577,1775,0
3492,1578,1775,0
3241,1476,1775,0
3252,1481,1780,0
3614,1634,1780,0
3732,1682,1780,0
3615,1634,1780,0
3742,1686,1785,0
3633,1639,1785,0
2823,1288,1785,0
3622,1636,1785,0
3631,1638,1785,0
3740,1686,1785,0
3276,1492,1790,0
3641,1642,1790,0
2834,1291,1790,0
3647,1644,1790,0
2845,1296,1795,0
3545,1603,1800,0
3777,1700,1800,0
3791,1703,1800,0
3784,1702,1800,0
3476,1572,1805,7
3428,1551,1805,1
3395,1537,1805,14
3472,1571,1805,7
3161,1435,1805,14
3041,1389,1805,34
3079,1403,1805,31
3169,1440,1805,23
3281,1493,1805,13
3351,1522,1805,7
3360,1527,1805,6
3347,1520,1805,7
3429,1552,1805,1
3612,1633,1805,15
3634,1640,1805,13
3691,1665,1805,8
3553,1606,1805,10
3770,1698,1805,2
3792,1704,1805,1
3503,1583,1805,15
3556,1607,1805,10
3566,1613,1805,9
3640,1642,1805,3
3211,1458,1805,20
3268,1489,1805,14
3239,1475,1805,26
3270,1489,1805,24
3319,1510,1805,19
3334,1517,1805,18
3481,1576,1805,6
3493,1579,1805,6
3500,1581,1805,5
3501,1581,1805,5
3537,1600,1805,1
3133,1424,1805,27
3154,1433,1805,25
3192,1449,1805,22
3242,1476,1805,16
3354,1523,1805,7
3396,1537,1805,4
3399,1541,1805,3
3441,1557,1805,0
3490,1578,1805,16
3521,1594,1805,13
3454,1560,1805,9
3562,1611,1805,9
3593,1625,1805,6
3621,1636,1805,14
3739,1685,1805,4
3797,1705,1805,0
3376,1531,1805,15
3409,1544,1805,13
3540,1603,1805,1
3719,1678,1805,6
3720,1678,1805,6
3745,1687,1805,4
3787,1702,1805,1
3477,1573,1805,7
3530,1596,1805,2
3444,1558,1805,10
3515,1590,1805,3
3394,1536,1805,14
3506,1585,1805,4
3159,1434,1805,25
3245,1477,1805,16
3256,1483,1805,15
3352,1523,1805,7
3358,1525,1805,6
3807,1710,1810,0
3564,1612,1810,0
3679,1660,1810,0
3812,1713,1810,0
3569,1614,1810,0
3466,1567,1815,0
3696,1667,1815,0
3818,1715,1815,0
3573,1615,1815,0
3580,1619,1815,0
3467,1567,1815,0
3586,1622,1820,0
3712,1674,1820,0
3832,1724,1820,0
3475,1572,1820,0
3488,1578,1825,0
3716,1675,1825,0
3595,1627,1825,0
3608,1631,1830,0
3616,1634,1830,0
3610,1632,1830,0
3619,1635,1835,0
3627,1637,1835,0
3876,1738,1835,0
3507,1585,1835,0
3522,1594,1840,0
3418,1548,1845,0
3525,1595,1845,0
3894,1746,1845,0
3531,1596,1845,0
3342,1518,1850,7
3382,1532,1850,4
3607,1631,1850,4
3642,1642,1850,2
3415,1546,1850,11
3526,1595,1850,11
3575,1616,1850,7
3650,1646,1850,1
3459,1564,1850,18
3462,1565,1850,17
3519,1592,1850,12
3601,1628,1850,5
3609,1631,1850,4
3702,1668,1850,17
3741,1686,1850,13
3768,1697,1850,11
3778,1700,1850,10
3861,1730,1850,4
3112,1415,1850,27
3162,1436,1850,23
3431,1554,1850,0
3326,1513,1850,18
3532,1597,1850,1
3452,1560,1850,18
3628,1638,1850,3
3652,1647,1850,1
2726,1237,1850,23
2937,1342,1850,2
3710,1673,1850,6
3888,1744,1850,2
3905,1754,1850,0
3166,1438,1850,23
3261,1484,1850,14
3298,1503,1850,10
3322,1511,1850,8
3346,1520,1850,6
3423,1550,1850,0
3648,1645,1850,11
3697,1667,1850,7
3658,1649,1850,21
3705,1670,1850,16
3810,1712,1850,8
3827,1722,1850,6
3847,1726,1850,5
3449,1560,1850,18
3457,1563,1850,18
3547,1604,1850,10
3588,1622,1850,6
3599,1628,1850,5
3638,1642,1850,2
3510,1587,1850,13
3549,1605,1850,9
3606,1631,1850,4
3656,1648,1850,1
3514,1590,1850,22
3611,1633,1850,14
3701,1668,1850,7
3323,1512,1850,8
3325,1513,1850,8
3378,1531,1850,4
3424,1550,1850,0
3134,1425,1850,25
3194,1449,1850,21
3290,1497,1850,11
3613,1634,1850,24
3881,1741,1850,2
3674,1657,1855,0
3443,1558,1855,0
3688,1664,1860,0
3461,1564,1860,0
3682,1661,1860,0
3680,1660,1860,0
3828,1722,1870,0
3703,1670,1870,0
3835,1724,1870,0
3495,1579,1875,0
3714,1675,1875,0
3958,1777,1875,0
3491,1578,1875,0
3727,1680,1880,0
3964,1783,1880,0
3966,1783,1880,0
3731,1681,1880,0
3735,1683,1880,0
3977,1789,1885,0
3751,1689,1895,2
3572,1615,1895,6
3598,1628,1895,4
3639,1642,1895,1
3577,1617,1895,16
3581,1619,1895,16
3730,1681,1895,3
3637,1641,1895,11
3934,1767,1895,6
3750,1688,1895,2
3341,1518,1895,16
3362,1527,1895,14
3365,1527,1895,14
3445,1558,1895,8
3524,1594,1895,1
2993,1362,1895,7
3055,1395,1895,0
3947,1772,1895,5
3805,1708,1895,8
3819,1716,1895,6
3436,1555,1895,18
3350,1521,1895,35
3155,1433,1895,33
3430,1553,1895,29
3435,1555,1895,28
3592,1624,1895,15
3254,1481,1895,23
3390,1535,1895,12
3426,1551,1895,9
3470,1569,1895,6
3508,1586,1895,2
3771,1698,1895,0
3802,1707,1895,18
3833,1724,1895,15
3851,1728,1895,14
3852,1728,1895,14
3879,1739,1895,12
3926,1762,1895,7
3779,1701,1895,9
3798,1706,1895,8
3848,1726,1895,4
3858,1729,1895,4
3875,1736,1895,2
3880,1739,1895,2
3529,1596,1895,10
3538,1601,1895,9
3571,1614,1895,7
3903,1751,1895,9
3932,1766,1895,6
3957,1776,1895,4
3550,1605,1895,18
3618,1635,1895,12
3672,1657,1895,8
3660,1650,1895,9
3516,1591,1895,21
3686,1664,1895,7
3700,1668,1895,6
3596,1628,1895,24
3620,1635,1895,22
3629,1638,1895,22
3646,1644,1895,21
3649,1645,1895,20
3693,1666,1895,16
3728,1680,1895,13
3789,1702,1895,9
3813,1714,1895,7
3839,1725,1895,4
3330,1515,1895,26
3374,1530,1895,23
3375,1531,1895,23
3420,1548,1895,20
3447,1559,1895,18
3479,1575,1895,14
3554,1606,1895,8
3891,1745,1895,10
3980,1790,1895,1
3982,1791,1895,1
3587,1622,1895,15
3695,1667,1895,6
3718,1678,1895,4
3763,1696,1895,0
3767,1696,1895,0
3734,1682,1895,13
3661,1650,1900,0
3783,1701,1900,0
3801,1707,1905,0
3669,1655,1905,0
3269,1489,1905,24
3278,1493,1905,23
3280,1493,1905,23
3295,1500,1905,21
3344,1520,1905,17
3427,1551,1905,11
3536,1600,1905,1
3677,1658,1905,0
3795,1705,1905,0
3685,1663,1910,0
3935,1767,1915,0
3122,1421,1920,0
3836,1724,1920,0
3842,1725,1925,0
3717,1677,1925,0
3856,1729,1925,0
3721,1679,1925,0
3857,1729,1925,0
3865,1732,1930,0
3859,1730,1930,0
3874,1735,1935,0
3552,1605,1940,7
3623,1637,1940,1
3600,1628,1940,3
3931,1766,1940,15
3956,1775,1940,13
3968,1786,1940,11
3981,1791,1940,10
3308,1508,1940,27
3384,1533,1940,22
3401,1541,1940,20
3450,1560,1940,16
3527,1595,1940,9
3534,1598,1940,9
3583,1620,1940,4
3643,1642,1940,0
3675,1658,1940,17
3687,1664,1940,16
3722,1680,1940,12
3738,1685,1940,11
3817,1715,1940,5
3837,1724,1940,4
3855,1729,1940,3
3906,1754,1940,8
3502,1582,1940,12
3513,1590,1940,10
3625,1637,1940,1
3670,1656,1940,7
3678,1659,1940,7
3723,1680,1940,2
3753,1689,1940,1
3504,1584,1940,22
3509,1587,1940,21
3578,1619,1940,15
3689,1664,1940,6
3715,1675,1940,3
3585,1621,1940,24
3624,1637,1940,21
3699,1668,1940,15
3788,1702,1940,8
3820,1716,1940,5
3825,1720,1940,4
3862,1730,1940,2
3882,1741,1940,10
3912,1756,1940,7
3412,1546,1940,19
3442,1558,1940,17
3523,1594,1940,10
3543,1603,1940,8
3548,1605,1940,7
3576,1616,1940,5
3584,1621,1940,4
3764,1696,1940,19
3928,1764,1940,6
3840,1725,1940,13
3846,1726,1940,13
3908,1755,1940,7
3781,1701,1940,18
3898,1750,1940,8
3954,1775,1940,3
3984,1793,1940,10
3866,1732,1940,2
3983,1792,1940,10
3757,1693,1940,10
3800,1707,1940,7
3803,1708,1940,7
3746,1687,1940,11
3752,1689,1940,11
3794,1704,1940,8
3809,1710,1940,6
3878,1739,1940,1
3996,1798,1945,0
3995,1797,1945,0
3900,1751,1950,0
3782,1701,1950,0
3901,1751,1950,0
3665,1652,1950,0
3910,1755,1955,0
3683,1661,1960,0
3698,1667,1965,0
3940,1769,1965,0
3711,1673,1970,0
3834,1724,1970,0
3706,1670,1970,0
3729,1681,1980,0
3725,1680,1980,0
3726,1680,1980,0
3961,1780,1980,0
3765,1696,1985,18
3867,1732,1985,11
3694,1666,1985,14
3808,1710,1985,5
3829,1722,1985,3
3868,1733,1985,1
3762,1695,1985,18
3904,1752,1985,7
3939,1769,1985,4
3944,1771,1985,3
3953,1774,1985,3
3943,1770,1985,3
3853,1728,1985,2
3872,1735,1985,0
4000,1800,1985,17
3654,1647,1985,18
3864,1731,1985,1
3938,1768,1985,4
3941,1769,1985,4
3967,1784,1985,1
3671,1657,1985,36
3814,1714,1985,25
3824,1720,1985,23
3942,1770,1985,13
3985,1793,1985,9
3551,1605,1985,26
3662,1651,1985,17
3667,1655,1985,16
3681,1660,1985,15
3692,1666,1985,14
3761,1694,1985,9
3850,1727,1985,2
3668,1655,1985,26
3684,1663,1985,25
3743,1687,1985,20
3758,1694,1985,19
3916,1757,1985,6
3920,1760,1985,5
3921,1760,1985,15
3973,1788,1985,10
3591,1623,1985,23
3626,1637,1985,20
3707,1670,1985,13
3748,1688,1985,10
3776,1700,1985,7
3786,1702,1985,7
3845,1726,1985,2
3811,1712,1985,15
3927,1763,1985,5
3804,1708,1985,16
3949,1773,1985,3
3962,1782,1985,1
3969,1786,1985,0
3690,1665,1985,24
3704,1670,1985,23
3775,1700,1985,17
3815,1714,1985,15
3919,1759,1985,6
3972,1788,1985,0
3604,1630,1985,21
3645,1643,1985,19
3664,1652,1985,17
3736,1684,1985,11
3887,1743,1990,0
3987,1794,1990,0
3892,1746,1995,0
3890,1745,1995,0
3774,1698,1995,0
3896,1747,1995,0
3913,1756,2005,0
3929,1764,2010,0
3937,1768,2015,0
3790,1703,2030,6
3747,1688,2030,9
3821,1717,2030,3
3830,1723,2030,2
3841,1725,2030,1
3597,1628,2030,21
3602,1628,2030,21
3823,1719,2030,3
3911,1756,2030,15
3924,1761,2030,14
3991,1795,2030,7
3603,1629,2030,31
3630,1638,2030,29
3651,1647,2030,27
3653,1647,2030,27
3737,1685,2030,19
3744,1687,2030,19
3760,1694,2030,18
3844,1725,2030,11
3884,1742,2030,8
3902,1751,2030,6
3923,1760,2030,4
3930,1765,2030,3
3766,1696,2030,7
3799,1707,2030,5
3831,1724,2030,2
3150,1432,2030,20
3190,1449,2030,17
3193,1449,2030,17
3271,1490,2030,8
3275,1491,2030,8
3329,1514,2030,4
3349,1521,2030,2
3209,1457,2030,15
3368,1528,2030,1
3915,1757,2030,5
3960,1779,2030,1
3965,1783,2030,0
3907,1754,2030,26
3933,1767,2030,23
3959,1777,2030,11
3975,1788,2030,9
3542,1603,2030,26
3555,1606,2030,25
3666,1653,2030,16
3733,1682,2030,10
3756,1693,2030,8
3993,1797,2030,17
3976,1788,2035,0
3387,1535,2035,0
3389,1535,2035,0
3971,1787,2035,0
3886,1742,2040,0
3402,1542,2040,0
3895,1747,2045,0
3909,1755,2055,0
3948,1772,2070,0
3999,1799,2075,6
3796,1705,2075,14
3806,1709,2075,14
3989,1794,2075,27
3773,1698,2075,26
3822,1718,2075,22
3871,1734,2075,19
3877,1739,2075,18
3925,1762,2075,13
3951,1773,2075,11
3955,1775,2075,10
3533,1597,2075,36
3843,1725,2075,10
3885,1742,2075,7
3893,1746,2075,6
3889,1744,2075,27
3917,1758,2075,24
3974,1788,2075,18
3990,1794,2075,17
3899,1750,2075,25
3936,1767,2075,22
3994,1797,2075,26
3998,1798,2075,26
3755,1692,2075,27
3826,1721,2075,21
3860,1730,2075,19
3970,1787,2085,0
3978,1789,2085,0
3769,1698,2120,25
3854,1728,2120,19
3873,1735,2120,17
3918,1758,2120,13
3950,1773,2120,10
3952,1774,2120,10
3997,1798,2120,15
3988,1794,2120,26
3897,1750,2120,34
3673,1657,2120,33
3749,1688,2120,27
3838,1724,2120,20
3863,1731,2120,18
3772,1698,2120,25
3869,1733,2120,18
3870,1733,2120,18
3883,1742,2120,16
3946,1772,2120,10
3579,1619,2165,10
3605,1630,2165,7
3635,1641,2165,5
3636,1641,2165,5
3644,1643,2165,5
3709,1672,2165,39
3754,1691,2165,35
3793,1704,2165,33
3914,1757,2165,22
3986,1793,2165,25
3979,1790,2165,25
3724,1680,2180,0
3582,1619,2210,19
3713,1674,2210,8
3759,1694,2210,4
3780,1701,2210,2
3785,1702,2210,2
3816,1715,2215,0
3849,1727,2300,15
3922,1760,2300,8
3963,1783,2300,4
3945,1771,2390,24
3992,1796,2390,19
