,date,SO2,iter
0,1397/10/11,4.866666666666666,15.0
1,1397/10/12,9.0,15.0
2,1397/10/13,5.133333333333334,15.0
3,1397/10/14,4.133333333333334,15.0
4,1397/10/15,8.133333333333333,15.0
5,1397/10/16,7.933333333333334,15.0
6,1397/10/17,6.466666666666667,15.0
7,1397/10/18,5.333333333333333,15.0
8,1397/10/19,6.0,15.0
9,1397/10/20,4.133333333333334,15.0
10,1397/10/21,7.466666666666667,15.0
11,1397/10/22,7.133333333333334,15.0
12,1397/10/23,9.6,15.0
13,1397/10/24,7.8,15.0
14,1397/10/25,5.70886179038353,15.0
15,1397/10/26,5.70886179038353,15.0
16,1397/10/27,5.70886179038353,15.0
17,1397/10/28,5.70886179038353,15.0
18,1397/10/29,5.70886179038353,15.0
19,1397/10/30,8.266666666666667,15.0
20,1397/11/01,8.928571428571429,14.0
21,1397/11/02,5.70886179038353,15.0
22,1397/11/03,9.666666666666666,15.0
23,1397/11/04,8.4,15.0
24,1397/11/05,6.2,15.0
25,1397/11/06,5.466666666666667,15.0
26,1397/11/07,8.266666666666667,15.0
27,1397/11/08,4.533333333333333,15.0
28,1397/11/09,3.0,15.0
29,1397/11/10,5.466666666666667,15.0
30,1397/11/11,5.866666666666666,15.0
31,1397/11/12,3.933333333333333,15.0
32,1397/11/13,5.133333333333334,15.0
33,1397/11/14,3.8666666666666667,15.0
34,1397/11/15,5.0,15.0
35,1397/11/16,6.4,15.0
36,1397/11/17,6.933333333333334,15.0
37,1397/11/18,9.6,15.0
38,1397/11/19,10.4,15.0
39,1397/11/20,8.4,15.0
40,1397/11/21,4.533333333333333,15.0
41,1397/11/22,3.533333333333333,15.0
42,1397/11/23,4.333333333333333,15.0
43,1397/11/24,7.866666666666666,15.0
44,1397/11/25,10.733333333333333,15.0
45,1397/11/26,7.6,15.0
46,1397/11/27,3.6666666666666665,15.0
47,1397/11/28,5.70886179038353,15.0
48,1397/11/29,5.133333333333334,15.0
49,1397/11/30,5.2,15.0
50,1397/12/01,6.0,15.0
51,1397/12/02,5.70886179038353,15.0
52,1397/12/03,5.70886179038353,15.0
53,1397/12/04,4.733333333333333,15.0
54,1397/12/05,6.066666666666666,15.0
55,1397/12/06,4.933333333333334,15.0
56,1397/12/07,9.2,15.0
57,1397/12/08,5.70886179038353,15.0
58,1397/12/09,5.70886179038353,15.0
59,1397/12/10,5.70886179038353,15.0
60,1397/12/11,5.70886179038353,15.0
61,1397/12/12,5.70886179038353,15.0
62,1397/12/13,7.285714285714286,14.0
63,1397/12/14,5.357142857142857,14.0
64,1397/12/15,7.714285714285714,14.0
65,1397/12/16,5.285714285714286,14.0
66,1397/12/17,3.9285714285714284,14.0
67,1397/12/18,4.285714285714286,14.0
68,1397/12/19,10.357142857142858,14.0
69,1397/12/20,5.70886179038353,14.0
70,1397/12/21,8.357142857142858,14.0
71,1397/12/22,7.928571428571429,14.0
72,1397/12/23,8.071428571428571,14.0
73,1397/12/24,3.1538461538461537,13.0
74,1397/12/25,4.785714285714286,14.0
75,1397/12/26,5.70886179038353,14.0
76,1397/12/27,5.70886179038353,14.0
77,1397/12/28,5.357142857142857,14.0
78,1397/12/29,4.214285714285714,14.0
79,1398/01/01,3.5714285714285716,14.0
80,1398/01/02,3.7142857142857144,14.0
81,1398/01/03,5.70886179038353,14.0
82,1398/01/04,3.2142857142857144,14.0
83,1398/01/05,2.2857142857142856,14.0
84,1398/01/06,3.0714285714285716,14.0
85,1398/01/07,5.70886179038353,14.0
86,1398/01/08,5.70886179038353,14.0
87,1398/01/09,5.70886179038353,14.0
88,1398/01/10,2.7857142857142856,14.0
89,1398/01/11,3.0,14.0
90,1398/01/12,2.4285714285714284,14.0
91,1398/01/13,2.2857142857142856,14.0
92,1398/01/14,2.7857142857142856,14.0
93,1398/01/15,5.70886179038353,14.0
94,1398/01/16,5.70886179038353,14.0
95,1398/01/17,5.70886179038353,13.0
96,1398/01/18,5.70886179038353,14.0
97,1398/01/19,5.70886179038353,14.0
98,1398/01/20,5.70886179038353,14.0
99,1398/01/21,5.70886179038353,14.0
100,1398/01/22,5.70886179038353,14.0
101,1398/01/23,5.70886179038353,14.0
102,1398/01/24,5.70886179038353,14.0
103,1398/01/25,5.70886179038353,15.0
104,1398/01/26,5.70886179038353,15.0
105,1398/01/27,5.70886179038353,15.0
106,1398/01/28,5.70886179038353,15.0
107,1398/01/29,5.70886179038353,15.0
108,1398/01/30,5.70886179038353,15.0
109,1398/01/31,5.70886179038353,15.0
110,1398/02/01,5.70886179038353,15.0
111,1398/02/02,5.70886179038353,15.0
112,1398/02/03,5.70886179038353,15.0
113,1398/02/04,5.70886179038353,15.0
114,1398/02/05,5.70886179038353,15.0
115,1398/02/06,5.70886179038353,15.0
116,1398/02/07,5.70886179038353,15.0
117,1398/02/08,5.70886179038353,15.0
118,1398/02/09,5.70886179038353,15.0
119,1398/02/10,5.70886179038353,15.0
120,1398/02/11,5.70886179038353,15.0
121,1398/02/12,5.70886179038353,15.0
122,1398/02/13,5.70886179038353,15.0
123,1398/02/14,5.70886179038353,15.0
124,1398/02/15,5.70886179038353,15.0
125,1398/02/16,5.70886179038353,15.0
126,1398/02/17,5.70886179038353,15.0
127,1398/02/18,5.70886179038353,15.0
128,1398/02/19,5.70886179038353,15.0
129,1398/02/20,5.70886179038353,15.0
130,1398/02/21,5.70886179038353,15.0
131,1398/02/22,5.70886179038353,15.0
132,1398/02/23,5.70886179038353,15.0
133,1398/02/24,5.70886179038353,15.0
134,1398/02/25,5.70886179038353,15.0
135,1398/02/26,5.70886179038353,15.0
136,1398/02/27,5.70886179038353,15.0
137,1398/02/28,5.70886179038353,15.0
138,1398/02/29,5.70886179038353,15.0
139,1398/02/30,5.70886179038353,15.0
140,1398/02/31,5.70886179038353,15.0
141,1398/03/01,5.70886179038353,15.0
142,1398/03/02,5.70886179038353,15.0
143,1398/03/03,5.70886179038353,15.0
144,1398/03/04,5.70886179038353,15.0
145,1398/03/05,5.70886179038353,15.0
146,1398/03/06,5.70886179038353,15.0
147,1398/03/07,5.70886179038353,15.0
148,1398/03/08,5.70886179038353,15.0
149,1398/03/09,5.70886179038353,15.0
150,1398/03/10,5.70886179038353,15.0
151,1398/03/11,5.70886179038353,15.0
152,1398/03/12,5.70886179038353,15.0
153,1398/03/13,5.70886179038353,15.0
154,1398/03/14,5.70886179038353,15.0
155,1398/03/15,5.70886179038353,15.0
156,1398/03/16,5.70886179038353,15.0
157,1398/03/17,5.70886179038353,14.0
158,1398/03/18,5.70886179038353,15.0
159,1398/03/19,5.70886179038353,15.0
160,1398/03/20,5.70886179038353,15.0
161,1398/03/21,5.70886179038353,15.0
162,1398/03/22,5.70886179038353,15.0
163,1398/03/23,5.70886179038353,15.0
164,1398/03/24,5.70886179038353,15.0
165,1398/03/25,5.70886179038353,15.0
166,1398/03/26,5.70886179038353,15.0
167,1398/03/27,5.70886179038353,15.0
168,1398/03/28,5.70886179038353,15.0
169,1398/03/29,5.70886179038353,15.0
170,1398/03/30,5.70886179038353,15.0
171,1398/03/31,5.70886179038353,15.0
172,1398/04/01,5.70886179038353,15.0
173,1398/04/02,5.70886179038353,15.0
174,1398/04/03,5.70886179038353,15.0
175,1398/04/04,5.70886179038353,15.0
176,1398/04/05,5.70886179038353,15.0
177,1398/04/06,5.70886179038353,15.0
178,1398/04/07,5.70886179038353,14.0
179,1398/04/08,5.70886179038353,14.0
180,1398/04/09,5.70886179038353,13.0
181,1398/04/10,5.70886179038353,13.0
182,1398/04/11,5.70886179038353,13.0
183,1398/04/12,5.70886179038353,13.0
184,1398/04/13,5.70886179038353,14.0
185,1398/04/14,5.70886179038353,13.0
186,1398/04/15,5.70886179038353,14.0
187,1398/04/16,5.70886179038353,14.0
188,1398/04/17,5.70886179038353,14.0
189,1398/04/18,5.70886179038353,14.0
190,1398/04/19,5.70886179038353,14.0
191,1398/04/20,5.70886179038353,14.0
192,1398/04/21,5.70886179038353,13.0
193,1398/04/22,5.70886179038353,13.0
194,1398/04/23,5.70886179038353,14.0
195,1398/04/24,5.70886179038353,14.0
196,1398/04/25,5.70886179038353,13.0
197,1398/04/26,3.3333333333333335,12.0
198,1398/04/27,4.416666666666667,12.0
199,1398/04/28,5.583333333333333,12.0
200,1398/04/29,5.583333333333333,12.0
201,1398/04/30,4.666666666666667,12.0
202,1398/04/31,3.3333333333333335,12.0
203,1398/05/01,4.75,12.0
204,1398/05/02,5.5,12.0
205,1398/05/03,5.70886179038353,12.0
206,1398/05/04,6.7272727272727275,11.0
207,1398/05/05,6.25,12.0
208,1398/05/06,4.416666666666667,12.0
209,1398/05/07,5.70886179038353,13.0
210,1398/05/08,5.153846153846154,13.0
211,1398/05/09,5.70886179038353,13.0
212,1398/05/10,5.70886179038353,13.0
213,1398/05/11,5.70886179038353,13.0
214,1398/05/12,4.076923076923077,13.0
215,1398/05/13,4.538461538461538,13.0
216,1398/05/14,5.615384615384615,13.0
217,1398/05/15,5.230769230769231,13.0
218,1398/05/16,5.538461538461538,13.0
219,1398/05/17,5.142857142857143,14.0
220,1398/05/18,5.785714285714286,14.0
221,1398/05/19,4.5,14.0
222,1398/05/20,4.923076923076923,13.0
223,1398/05/21,3.4615384615384617,13.0
224,1398/05/22,5.6923076923076925,13.0
225,1398/05/23,5.6923076923076925,13.0
226,1398/05/24,4.461538461538462,13.0
227,1398/05/25,5.230769230769231,13.0
228,1398/05/26,6.076923076923077,13.0
229,1398/05/27,5.846153846153846,13.0
230,1398/05/28,6.538461538461538,13.0
231,1398/05/29,5.384615384615385,13.0
232,1398/05/30,5.538461538461538,13.0
233,1398/05/31,5.3076923076923075,13.0
234,1398/06/01,4.384615384615385,13.0
235,1398/06/02,4.928571428571429,14.0
236,1398/06/03,5.5,14.0
237,1398/06/04,5.70886179038353,15.0
238,1398/06/05,5.70886179038353,15.0
239,1398/06/06,5.70886179038353,15.0
240,1398/06/07,5.70886179038353,15.0
241,1398/06/08,5.70886179038353,15.0
242,1398/06/09,5.70886179038353,15.0
243,1398/06/10,5.70886179038353,15.0
244,1398/06/11,5.70886179038353,15.0
245,1398/06/12,5.70886179038353,15.0
246,1398/06/13,5.70886179038353,14.0
247,1398/06/14,5.70886179038353,14.0
248,1398/06/15,5.70886179038353,14.0
249,1398/06/16,5.70886179038353,14.0
250,1398/06/17,5.70886179038353,14.0
251,1398/06/18,5.70886179038353,14.0
252,1398/06/19,5.70886179038353,14.0
253,1398/06/20,5.70886179038353,14.0
254,1398/06/21,5.70886179038353,14.0
255,1398/06/22,5.70886179038353,14.0
256,1398/06/23,5.70886179038353,14.0
257,1398/06/24,5.70886179038353,15.0
258,1398/06/25,5.70886179038353,14.0
259,1398/06/26,5.70886179038353,14.0
260,1398/06/27,5.70886179038353,14.0
261,1398/06/28,5.70886179038353,14.0
262,1398/06/29,5.70886179038353,13.0
263,1398/06/30,5.70886179038353,14.0
264,1398/06/31,5.70886179038353,14.0
265,1398/07/01,5.70886179038353,14.0
266,1398/07/02,5.70886179038353,14.0
267,1398/07/03,5.70886179038353,14.0
268,1398/07/04,5.70886179038353,14.0
269,1398/07/05,5.70886179038353,14.0
270,1398/07/06,5.70886179038353,14.0
271,1398/07/07,5.70886179038353,14.0
272,1398/07/08,5.70886179038353,14.0
273,1398/07/09,5.70886179038353,14.0
274,1398/07/10,5.70886179038353,14.0
275,1398/07/11,5.70886179038353,14.0
276,1398/07/12,5.70886179038353,14.0
277,1398/07/13,5.70886179038353,14.0
278,1398/07/14,5.70886179038353,15.0
279,1398/07/15,5.70886179038353,15.0
280,1398/07/16,5.70886179038353,15.0
281,1398/07/17,5.70886179038353,15.0
282,1398/07/18,5.70886179038353,15.0
283,1398/07/19,5.70886179038353,15.0
284,1398/07/20,5.70886179038353,15.0
285,1398/07/21,5.70886179038353,15.0
286,1398/07/22,5.70886179038353,15.0
287,1398/07/23,5.70886179038353,15.0
288,1398/07/24,5.70886179038353,15.0
289,1398/07/25,5.70886179038353,15.0
290,1398/07/26,5.70886179038353,15.0
291,1398/07/27,5.70886179038353,15.0
292,1398/07/28,5.70886179038353,15.0
293,1398/07/29,5.70886179038353,15.0
294,1398/07/30,5.70886179038353,15.0
295,1398/08/01,5.70886179038353,15.0
296,1398/08/02,5.70886179038353,15.0
297,1398/08/03,5.70886179038353,15.0
298,1398/08/04,5.70886179038353,15.0
299,1398/08/05,5.70886179038353,15.0
300,1398/08/06,5.70886179038353,15.0
301,1398/08/07,5.70886179038353,15.0
302,1398/08/08,5.70886179038353,15.0
303,1398/08/09,5.70886179038353,15.0
304,1398/08/10,5.70886179038353,15.0
305,1398/08/11,5.70886179038353,15.0
306,1398/08/12,5.70886179038353,15.0
307,1398/08/13,5.70886179038353,15.0
308,1398/08/14,5.70886179038353,15.0
309,1398/08/15,5.70886179038353,15.0
310,1398/08/16,5.70886179038353,15.0
311,1398/08/17,5.70886179038353,15.0
312,1398/08/18,5.70886179038353,15.0
313,1398/08/19,5.70886179038353,15.0
314,1398/08/20,5.70886179038353,15.0
315,1398/08/21,5.70886179038353,15.0
316,1398/08/22,5.70886179038353,15.0
317,1398/08/23,5.70886179038353,15.0
318,1398/08/24,5.70886179038353,15.0
319,1398/08/25,5.70886179038353,15.0
320,1398/08/26,5.70886179038353,14.0
321,1398/08/27,5.70886179038353,14.0
322,1398/08/28,5.70886179038353,14.0
323,1398/08/29,5.70886179038353,14.0
324,1398/08/30,5.70886179038353,14.0
325,1398/09/01,5.70886179038353,14.0
326,1398/09/02,5.70886179038353,14.0
327,1398/09/03,5.70886179038353,14.0
328,1398/09/04,5.70886179038353,15.0
329,1398/09/05,5.70886179038353,15.0
330,1398/09/06,5.70886179038353,15.0
331,1398/09/07,5.70886179038353,15.0
332,1398/09/08,5.70886179038353,15.0
333,1398/09/09,5.70886179038353,15.0
334,1398/09/10,5.70886179038353,15.0
335,1398/09/11,5.70886179038353,15.0
336,1398/09/12,5.70886179038353,15.0
337,1398/09/13,5.70886179038353,15.0
338,1398/09/14,5.70886179038353,15.0
339,1398/09/15,5.70886179038353,15.0
340,1398/09/16,5.70886179038353,15.0
341,1398/09/17,5.70886179038353,15.0
342,1398/09/18,5.70886179038353,15.0
343,1398/09/19,5.70886179038353,15.0
344,1398/09/20,5.70886179038353,15.0
345,1398/09/21,5.70886179038353,15.0
346,1398/09/22,5.70886179038353,15.0
347,1398/09/23,5.70886179038353,15.0
348,1398/09/24,5.70886179038353,15.0
349,1398/09/25,5.70886179038353,15.0
350,1398/09/26,5.70886179038353,15.0
351,1398/09/27,5.70886179038353,15.0
352,1398/09/28,5.70886179038353,15.0
353,1398/09/29,5.70886179038353,15.0
354,1398/09/30,5.70886179038353,15.0
355,1398/10/01,5.70886179038353,15.0
356,1398/10/02,5.70886179038353,15.0
357,1398/10/03,5.70886179038353,15.0
358,1398/10/04,5.70886179038353,15.0
359,1398/10/05,5.70886179038353,15.0
360,1398/10/06,5.70886179038353,15.0
361,1398/10/07,5.70886179038353,15.0
362,1398/10/08,5.70886179038353,15.0
363,1398/10/09,5.70886179038353,15.0
364,1398/10/10,5.70886179038353,15.0
365,1398/10/11,5.70886179038353,15.0
366,1398/10/12,5.70886179038353,15.0
367,1398/10/13,5.70886179038353,15.0
368,1398/10/14,5.70886179038353,15.0
369,1398/10/15,5.70886179038353,15.0
370,1398/10/16,5.70886179038353,14.0
371,1398/10/17,5.70886179038353,15.0
372,1398/10/18,5.70886179038353,15.0
373,1398/10/19,5.70886179038353,15.0
374,1398/10/20,5.70886179038353,15.0
375,1398/10/21,5.70886179038353,15.0
376,1398/10/22,5.70886179038353,15.0
377,1398/10/23,5.70886179038353,15.0
378,1398/10/24,5.70886179038353,15.0
379,1398/10/25,5.70886179038353,15.0
380,1398/10/26,5.70886179038353,15.0
381,1398/10/27,5.70886179038353,15.0
382,1398/10/28,5.70886179038353,15.0
383,1398/10/29,5.70886179038353,15.0
384,1398/10/30,5.70886179038353,15.0
385,1398/11/01,5.70886179038353,15.0
386,1398/11/02,5.70886179038353,15.0
387,1398/11/03,5.70886179038353,15.0
388,1398/11/04,5.70886179038353,15.0
389,1398/11/05,5.70886179038353,15.0
390,1398/11/06,5.70886179038353,15.0
391,1398/11/07,5.70886179038353,15.0
392,1398/11/08,5.70886179038353,15.0
393,1398/11/09,5.70886179038353,15.0
394,1398/11/10,5.70886179038353,15.0
395,1398/11/11,5.70886179038353,15.0
396,1398/11/12,5.70886179038353,15.0
397,1398/11/13,5.70886179038353,15.0
398,1398/11/14,5.70886179038353,15.0
399,1398/11/15,5.70886179038353,15.0
400,1398/11/16,5.70886179038353,15.0
401,1398/11/17,5.70886179038353,15.0
402,1398/11/18,5.70886179038353,15.0
403,1398/11/19,5.70886179038353,15.0
404,1398/11/20,5.70886179038353,15.0
405,1398/11/21,5.70886179038353,15.0
406,1398/11/22,5.70886179038353,15.0
407,1398/11/23,5.70886179038353,15.0
408,1398/11/24,5.70886179038353,15.0
409,1398/11/25,5.70886179038353,15.0
410,1398/11/26,5.70886179038353,15.0
411,1398/11/27,5.70886179038353,15.0
412,1398/11/28,5.70886179038353,15.0
413,1398/11/29,5.70886179038353,15.0
414,1398/11/30,5.70886179038353,14.0
415,1398/12/01,5.70886179038353,14.0
416,1398/12/02,5.70886179038353,14.0
417,1398/12/03,5.70886179038353,14.0
418,1398/12/04,5.70886179038353,14.0
419,1398/12/05,5.70886179038353,15.0
420,1398/12/06,5.70886179038353,15.0
421,1398/12/07,5.70886179038353,15.0
422,1398/12/08,5.70886179038353,15.0
423,1398/12/09,5.70886179038353,15.0
424,1398/12/10,5.70886179038353,15.0
425,1398/12/11,5.70886179038353,15.0
426,1398/12/12,5.70886179038353,15.0
427,1398/12/13,5.70886179038353,15.0
428,1398/12/14,5.70886179038353,15.0
429,1398/12/15,5.70886179038353,15.0
430,1398/12/16,5.70886179038353,15.0
431,1398/12/17,5.70886179038353,15.0
432,1398/12/18,5.70886179038353,15.0
433,1398/12/19,5.70886179038353,15.0
434,1398/12/20,5.70886179038353,15.0
435,1398/12/21,5.70886179038353,15.0
436,1398/12/22,5.70886179038353,15.0
437,1398/12/23,5.70886179038353,15.0
438,1398/12/24,5.70886179038353,15.0
439,1398/12/25,5.70886179038353,15.0
440,1398/12/26,5.70886179038353,15.0
441,1398/12/27,5.70886179038353,15.0
442,1398/12/28,5.70886179038353,15.0
443,1398/12/29,5.70886179038353,15.0
444,1399/01/01,5.70886179038353,15.0
445,1399/01/02,5.70886179038353,15.0
446,1399/01/03,5.70886179038353,15.0
447,1399/01/04,5.70886179038353,15.0
448,1399/01/05,5.70886179038353,15.0
449,1399/01/06,5.70886179038353,15.0
450,1399/01/07,5.70886179038353,15.0
451,1399/01/08,5.70886179038353,15.0
452,1399/01/09,5.70886179038353,15.0
453,1399/01/10,5.70886179038353,15.0
454,1399/01/11,5.70886179038353,15.0
455,1399/01/12,5.70886179038353,15.0
456,1399/01/13,5.70886179038353,15.0
457,1399/01/14,5.70886179038353,15.0
458,1399/01/15,5.70886179038353,15.0
459,1399/01/16,5.70886179038353,15.0
460,1399/01/17,5.70886179038353,15.0
461,1399/01/18,5.70886179038353,15.0
462,1399/01/19,5.70886179038353,15.0
463,1399/01/20,5.70886179038353,15.0
464,1399/01/21,5.70886179038353,15.0
465,1399/01/22,5.70886179038353,15.0
466,1399/01/23,5.70886179038353,15.0
467,1399/01/24,5.70886179038353,15.0
468,1399/01/25,5.70886179038353,15.0
469,1399/01/26,5.70886179038353,15.0
470,1399/01/27,5.70886179038353,15.0
471,1399/01/28,5.70886179038353,15.0
472,1399/01/29,5.70886179038353,15.0
473,1399/01/30,5.70886179038353,15.0
474,1399/01/31,5.70886179038353,15.0
475,1399/02/01,5.70886179038353,15.0
476,1399/02/02,5.70886179038353,15.0
477,1399/02/03,5.70886179038353,15.0
478,1399/02/04,5.70886179038353,15.0
479,1399/02/05,5.70886179038353,15.0
480,1399/02/06,5.70886179038353,15.0
481,1399/02/07,5.70886179038353,15.0
482,1399/02/08,5.70886179038353,15.0
483,1399/02/09,5.70886179038353,15.0
484,1399/02/10,5.70886179038353,15.0
485,1399/02/11,5.70886179038353,15.0
486,1399/02/12,5.70886179038353,15.0
487,1399/02/13,5.70886179038353,15.0
488,1399/02/14,5.70886179038353,15.0
489,1399/02/15,5.70886179038353,15.0
490,1399/02/16,5.70886179038353,15.0
491,1399/02/17,5.70886179038353,15.0
492,1399/02/18,5.70886179038353,15.0
493,1399/02/19,5.70886179038353,15.0
494,1399/02/20,5.70886179038353,15.0
495,1399/02/21,5.70886179038353,15.0
496,1399/02/22,5.70886179038353,15.0
497,1399/02/23,5.70886179038353,15.0
498,1399/02/24,5.70886179038353,15.0
499,1399/02/25,5.70886179038353,15.0
500,1399/02/26,5.70886179038353,15.0
501,1399/02/27,5.70886179038353,15.0
502,1399/02/28,5.70886179038353,15.0
503,1399/02/29,5.70886179038353,15.0
504,1399/02/30,5.70886179038353,15.0
505,1399/02/31,5.70886179038353,14.0
506,1399/03/01,5.70886179038353,14.0
507,1399/03/02,5.70886179038353,14.0
508,1399/03/03,5.70886179038353,14.0
509,1399/03/04,5.70886179038353,13.0
510,1399/03/05,5.70886179038353,12.0
511,1399/03/06,5.70886179038353,13.0
512,1399/03/07,5.70886179038353,12.0
513,1399/03/08,5.70886179038353,12.0
514,1399/03/09,5.70886179038353,12.0
515,1399/03/10,5.70886179038353,12.0
516,1399/03/11,5.70886179038353,12.0
517,1399/03/12,5.70886179038353,12.0
518,1399/03/13,5.70886179038353,12.0
519,1399/03/14,5.70886179038353,13.0
520,1399/03/15,5.70886179038353,14.0
521,1399/03/16,5.70886179038353,14.0
522,1399/03/17,5.70886179038353,14.0
523,1399/03/18,5.70886179038353,14.0
524,1399/03/19,5.70886179038353,13.0
525,1399/03/20,5.70886179038353,13.0
526,1399/03/21,5.70886179038353,12.0
527,1399/03/22,5.70886179038353,12.0
528,1399/03/23,5.70886179038353,12.0
529,1399/03/24,5.70886179038353,12.0
530,1399/03/25,5.70886179038353,12.0
531,1399/03/26,5.70886179038353,12.0
532,1399/03/27,5.70886179038353,13.0
533,1399/03/28,5.70886179038353,13.0
534,1399/03/29,5.70886179038353,13.0
535,1399/03/30,5.70886179038353,13.0
536,1399/03/31,5.70886179038353,13.0
537,1399/04/01,5.70886179038353,14.0
538,1399/04/02,5.70886179038353,14.0
539,1399/04/03,5.70886179038353,14.0
540,1399/04/04,5.70886179038353,13.0
541,1399/04/05,5.70886179038353,14.0
542,1399/04/06,5.70886179038353,13.0
543,1399/04/07,5.70886179038353,13.0
544,1399/04/08,5.70886179038353,13.0
545,1399/04/09,5.70886179038353,13.0
546,1399/04/10,5.70886179038353,13.0
547,1399/04/11,5.70886179038353,13.0
548,1399/04/12,5.70886179038353,13.0
549,1399/04/13,5.70886179038353,13.0
550,1399/04/14,5.70886179038353,13.0
551,1399/04/15,5.70886179038353,13.0
552,1399/04/16,5.70886179038353,14.0
553,1399/04/17,5.70886179038353,14.0
554,1399/04/18,5.70886179038353,13.0
555,1399/04/19,5.70886179038353,13.0
556,1399/04/20,5.70886179038353,13.0
557,1399/04/21,5.70886179038353,14.0
558,1399/04/22,5.70886179038353,14.0
559,1399/04/23,5.70886179038353,14.0
560,1399/04/24,5.70886179038353,14.0
561,1399/04/25,5.70886179038353,14.0
562,1399/04/26,5.70886179038353,14.0
563,1399/04/27,5.70886179038353,14.0
564,1399/04/28,5.70886179038353,14.0
565,1399/04/29,5.70886179038353,14.0
566,1399/04/30,5.70886179038353,14.0
567,1399/04/31,5.70886179038353,14.0
568,1399/05/01,5.70886179038353,14.0
569,1399/05/02,5.70886179038353,14.0
570,1399/05/03,5.70886179038353,14.0
571,1399/05/04,5.70886179038353,14.0
572,1399/05/05,5.70886179038353,14.0
573,1399/05/06,5.70886179038353,14.0
574,1399/05/07,5.70886179038353,15.0
575,1399/05/08,5.70886179038353,15.0
576,1399/05/09,5.70886179038353,15.0
577,1399/05/10,5.70886179038353,15.0
578,1399/05/11,5.70886179038353,14.0
579,1399/05/12,5.70886179038353,15.0
580,1399/05/13,5.70886179038353,15.0
581,1399/05/14,5.70886179038353,15.0
582,1399/05/15,4.142857142857143,14.0
583,1399/05/16,5.70886179038353,15.0
584,1399/05/17,3.2857142857142856,14.0
585,1399/05/18,3.7857142857142856,14.0
586,1399/05/19,5.70886179038353,15.0
587,1399/05/20,5.70886179038353,15.0
588,1399/05/21,5.70886179038353,15.0
589,1399/05/22,5.70886179038353,15.0
590,1399/05/23,5.70886179038353,15.0
591,1399/05/24,5.70886179038353,15.0
592,1399/05/25,5.70886179038353,15.0
593,1399/05/26,5.70886179038353,15.0
594,1399/05/27,5.70886179038353,15.0
595,1399/05/28,5.70886179038353,15.0
596,1399/05/29,5.70886179038353,15.0
597,1399/05/30,5.70886179038353,15.0
598,1399/05/31,5.70886179038353,15.0
599,1399/06/01,5.70886179038353,15.0
600,1399/06/02,5.70886179038353,15.0
601,1399/06/03,5.70886179038353,15.0
602,1399/06/04,5.70886179038353,15.0
603,1399/06/05,5.70886179038353,15.0
604,1399/06/06,5.70886179038353,15.0
605,1399/06/07,5.70886179038353,15.0
606,1399/06/08,5.70886179038353,15.0
607,1399/06/09,5.70886179038353,15.0
608,1399/06/10,5.70886179038353,15.0
609,1399/06/11,5.70886179038353,15.0
610,1399/06/12,5.70886179038353,15.0
611,1399/06/13,5.70886179038353,15.0
612,1399/06/15,5.70886179038353,15.0
613,1399/06/16,5.70886179038353,15.0
614,1399/06/17,5.70886179038353,15.0
615,1399/06/18,5.70886179038353,15.0
616,1399/06/19,5.70886179038353,15.0
617,1399/06/20,5.70886179038353,15.0
618,1399/06/21,5.70886179038353,15.0
619,1399/06/22,5.70886179038353,15.0
620,1399/06/23,5.70886179038353,15.0
621,1399/06/24,5.70886179038353,15.0
622,1399/06/25,5.70886179038353,15.0
623,1399/06/26,5.70886179038353,15.0
624,1399/06/27,5.70886179038353,15.0
625,1399/06/28,5.70886179038353,15.0
626,1399/06/29,5.70886179038353,15.0
627,1399/06/30,5.70886179038353,15.0
628,1399/06/31,5.70886179038353,15.0
629,1399/07/01,5.70886179038353,15.0
630,1399/07/02,5.70886179038353,15.0
631,1399/07/03,5.70886179038353,15.0
632,1399/07/04,5.70886179038353,15.0
633,1399/07/05,5.70886179038353,15.0
634,1399/07/06,5.70886179038353,15.0
635,1399/07/07,5.70886179038353,15.0
636,1399/07/08,5.428571428571429,14.0
637,1399/07/09,5.571428571428571,14.0
638,1399/07/10,6.285714285714286,14.0
639,1399/07/11,5.642857142857143,14.0
640,1399/07/12,5.357142857142857,14.0
641,1399/07/13,5.70886179038353,15.0
642,1399/07/14,3.0,14.0
643,1399/07/15,4.266666666666667,15.0
644,1399/07/16,5.70886179038353,15.0
645,1399/07/17,5.70886179038353,15.0
646,1399/07/18,5.70886179038353,15.0
647,1399/07/19,5.70886179038353,15.0
648,1399/07/20,5.266666666666667,15.0
649,1399/07/21,6.8,15.0
650,1399/07/22,8.0,15.0
651,1399/07/23,6.933333333333334,15.0
652,1399/07/24,7.066666666666666,15.0
653,1399/07/25,7.466666666666667,15.0
654,1399/07/26,6.6,15.0
655,1399/07/27,6.533333333333333,15.0
656,1399/07/28,6.466666666666667,15.0
657,1399/07/29,7.733333333333333,15.0
658,1399/07/30,6.4,15.0
659,1399/08/01,5.066666666666666,15.0
660,1399/08/02,6.4,15.0
661,1399/08/03,5.866666666666666,15.0
662,1399/08/04,6.533333333333333,15.0
663,1399/08/05,8.133333333333333,15.0
664,1399/08/06,6.866666666666666,15.0
665,1399/08/07,5.70886179038353,15.0
666,1399/08/08,5.733333333333333,15.0
667,1399/08/09,5.6,15.0
668,1399/08/10,7.533333333333333,15.0
669,1399/08/11,7.733333333333333,15.0
670,1399/08/12,7.266666666666667,15.0
671,1399/08/13,5.70886179038353,15.0
672,1399/08/14,5.70886179038353,15.0
673,1399/08/15,5.70886179038353,15.0
674,1399/08/16,5.70886179038353,15.0
675,1399/08/17,5.70886179038353,15.0
676,1399/08/18,5.70886179038353,15.0
677,1399/08/19,5.70886179038353,15.0
678,1399/08/20,5.70886179038353,15.0
679,1399/08/21,4.2,15.0
680,1399/08/22,5.066666666666666,15.0
681,1399/08/23,3.2,15.0
682,1399/08/24,4.066666666666666,15.0
683,1399/08/25,4.4,15.0
684,1399/08/26,5.70886179038353,14.0
685,1399/08/27,5.70886179038353,15.0
686,1399/08/28,5.70886179038353,15.0
687,1399/08/29,5.70886179038353,15.0
688,1399/08/30,5.70886179038353,15.0
689,1399/09/01,5.70886179038353,15.0
690,1399/09/02,5.70886179038353,15.0
691,1399/09/03,5.70886179038353,15.0
692,1399/09/04,5.70886179038353,15.0
693,1399/09/05,5.70886179038353,15.0
694,1399/09/06,5.70886179038353,15.0
695,1399/09/07,5.70886179038353,14.0
696,1399/09/08,5.70886179038353,15.0
697,1399/09/09,5.70886179038353,15.0
698,1399/09/10,5.70886179038353,15.0
699,1399/09/11,5.70886179038353,15.0
700,1399/09/12,5.70886179038353,15.0
701,1399/09/13,5.70886179038353,15.0
702,1399/09/14,5.70886179038353,15.0
703,1399/09/15,5.70886179038353,15.0
704,1399/09/16,5.70886179038353,15.0
705,1399/09/17,5.70886179038353,15.0
706,1399/09/18,5.70886179038353,15.0
707,1399/09/19,5.70886179038353,15.0
708,1399/09/20,5.70886179038353,15.0
709,1399/09/21,5.70886179038353,15.0
710,1399/09/22,5.70886179038353,15.0
711,1399/09/23,5.70886179038353,15.0
712,1399/09/24,5.70886179038353,15.0
713,1399/09/25,5.70886179038353,15.0
714,1399/09/26,5.70886179038353,14.0
715,1399/09/27,5.70886179038353,14.0
716,1399/09/28,5.70886179038353,14.0
717,1399/09/29,5.70886179038353,14.0
718,1399/09/30,5.70886179038353,14.0
719,1399/10/01,5.70886179038353,15.0
720,1399/10/02,5.70886179038353,15.0
721,1399/10/03,5.70886179038353,15.0
722,1399/10/04,5.70886179038353,15.0
723,1399/10/05,5.70886179038353,15.0
724,1399/10/06,5.70886179038353,15.0
725,1399/10/07,5.70886179038353,15.0
726,1399/10/08,5.70886179038353,14.0
727,1399/10/09,5.70886179038353,14.0
728,1399/10/10,5.70886179038353,14.0
729,1399/10/11,5.70886179038353,14.0
730,1399/10/12,5.70886179038353,14.0
731,1399/10/13,5.70886179038353,14.0
732,1399/10/14,5.70886179038353,14.0
733,1399/10/15,5.70886179038353,15.0
734,1399/10/16,5.70886179038353,15.0
735,1399/10/17,5.70886179038353,15.0
736,1399/10/18,5.70886179038353,15.0
737,1399/10/19,5.70886179038353,15.0
738,1399/10/20,5.70886179038353,15.0
739,1399/10/21,5.70886179038353,15.0
740,1399/10/22,5.70886179038353,15.0
741,1399/10/23,5.70886179038353,15.0
742,1399/10/24,5.70886179038353,15.0
743,1399/10/25,5.70886179038353,15.0
744,1399/10/26,5.70886179038353,15.0
745,1399/10/27,5.70886179038353,15.0
746,1399/10/28,5.70886179038353,15.0
747,1399/10/29,5.70886179038353,15.0
748,1399/10/30,5.70886179038353,15.0
749,1399/11/01,5.70886179038353,15.0
750,1399/11/02,5.70886179038353,15.0
751,1399/11/03,5.70886179038353,15.0
752,1399/11/04,5.70886179038353,15.0
753,1399/11/05,5.70886179038353,15.0
754,1399/11/06,5.70886179038353,15.0
755,1399/11/07,5.70886179038353,15.0
756,1399/11/08,5.70886179038353,15.0
757,1399/11/09,5.70886179038353,15.0
758,1399/11/10,5.70886179038353,15.0
759,1399/11/11,5.70886179038353,15.0
760,1399/11/12,5.70886179038353,15.0
761,1399/11/13,5.70886179038353,15.0
762,1399/11/14,5.70886179038353,15.0
763,1399/11/15,5.70886179038353,15.0
764,1399/11/16,5.70886179038353,15.0
765,1399/11/17,5.70886179038353,15.0
766,1399/11/18,5.70886179038353,15.0
767,1399/11/19,5.70886179038353,15.0
768,1399/11/20,5.70886179038353,15.0
769,1399/11/21,5.70886179038353,15.0
770,1399/11/22,5.70886179038353,15.0
771,1399/11/23,5.70886179038353,15.0
772,1399/11/24,5.70886179038353,15.0
773,1399/11/25,5.70886179038353,15.0
774,1399/11/26,5.70886179038353,15.0
775,1399/11/27,5.70886179038353,15.0
776,1399/11/28,5.70886179038353,15.0
777,1399/11/29,5.70886179038353,15.0
778,1399/11/30,5.70886179038353,15.0
779,1399/12/01,5.70886179038353,15.0
780,1399/12/02,5.70886179038353,15.0
781,1399/12/03,5.70886179038353,15.0
782,1399/12/04,5.70886179038353,15.0
783,1399/12/05,5.70886179038353,15.0
784,1399/12/06,5.70886179038353,15.0
785,1399/12/07,5.70886179038353,15.0
786,1399/12/08,5.70886179038353,15.0
787,1399/12/09,5.70886179038353,15.0
788,1399/12/10,5.70886179038353,15.0
789,1399/12/11,5.70886179038353,15.0
790,1399/12/12,5.70886179038353,15.0
791,1399/12/13,5.70886179038353,15.0
792,1399/12/14,5.70886179038353,15.0
793,1399/12/15,5.70886179038353,15.0
794,1399/12/16,5.70886179038353,15.0
795,1399/12/17,5.70886179038353,15.0
796,1399/12/18,5.70886179038353,15.0
797,1399/12/19,5.70886179038353,15.0
798,1399/12/20,5.70886179038353,15.0
799,1399/12/21,5.70886179038353,15.0
800,1399/12/22,5.70886179038353,15.0
801,1399/12/23,5.70886179038353,15.0
802,1399/12/24,5.70886179038353,15.0
803,1399/12/25,5.70886179038353,15.0
804,1399/12/26,5.70886179038353,15.0
805,1399/12/27,5.70886179038353,15.0
806,1399/12/28,5.70886179038353,15.0
807,1399/12/29,5.70886179038353,15.0
808,1399/12/30,5.70886179038353,15.0
809,1400/01/01,5.70886179038353,15.0
810,1400/01/02,5.70886179038353,15.0
811,1400/01/03,5.70886179038353,15.0
812,1400/01/04,5.70886179038353,15.0
813,1400/01/05,5.70886179038353,15.0
814,1400/01/06,5.70886179038353,15.0
815,1400/01/07,5.70886179038353,15.0
816,1400/01/08,5.70886179038353,15.0
817,1400/01/09,5.70886179038353,15.0
818,1400/01/10,5.70886179038353,15.0
819,1400/01/11,5.70886179038353,15.0
820,1400/01/12,5.70886179038353,15.0
821,1400/01/13,5.70886179038353,15.0
822,1400/01/14,5.70886179038353,15.0
823,1400/01/15,5.70886179038353,15.0
824,1400/01/16,5.70886179038353,15.0
825,1400/01/17,5.70886179038353,15.0
826,1400/01/18,5.70886179038353,15.0
827,1400/01/19,5.70886179038353,15.0
828,1400/01/20,5.70886179038353,15.0
829,1400/01/21,5.70886179038353,15.0
830,1400/01/22,5.70886179038353,15.0
831,1400/01/23,5.70886179038353,15.0
832,1400/01/24,5.70886179038353,15.0
833,1400/01/25,5.70886179038353,15.0
834,1400/01/26,5.70886179038353,15.0
835,1400/01/28,5.70886179038353,15.0
836,1400/01/29,5.70886179038353,15.0
837,1400/01/30,5.70886179038353,15.0
838,1400/01/31,5.70886179038353,15.0
839,1400/02/01,5.70886179038353,15.0
840,1400/02/02,5.70886179038353,15.0
841,1400/02/03,5.70886179038353,15.0
842,1400/02/04,5.70886179038353,15.0
843,1400/02/05,5.70886179038353,15.0
844,1400/02/06,5.70886179038353,15.0
845,1400/02/07,5.70886179038353,15.0
846,1400/02/08,5.70886179038353,15.0
847,1400/02/09,5.70886179038353,15.0
848,1400/02/10,5.70886179038353,15.0
849,1400/02/11,5.70886179038353,15.0
850,1400/02/12,5.70886179038353,15.0
851,1400/02/13,5.70886179038353,15.0
852,1400/02/14,5.70886179038353,15.0
853,1400/02/15,5.70886179038353,15.0
854,1400/02/16,5.70886179038353,15.0
855,1400/02/17,5.70886179038353,15.0
856,1400/02/18,5.70886179038353,15.0
857,1400/02/19,5.70886179038353,15.0
858,1400/02/20,5.70886179038353,15.0
859,1400/02/21,5.70886179038353,15.0
860,1400/02/22,5.70886179038353,15.0
861,1400/02/23,5.70886179038353,15.0
862,1400/02/24,5.70886179038353,15.0
863,1400/02/25,5.70886179038353,15.0
864,1400/02/26,5.70886179038353,15.0
865,1400/02/27,5.70886179038353,15.0
866,1400/02/28,5.70886179038353,15.0
867,1400/02/29,5.70886179038353,15.0
868,1400/02/30,5.70886179038353,15.0
869,1400/02/31,5.70886179038353,15.0
870,1400/03/01,5.70886179038353,15.0
871,1400/03/02,5.70886179038353,15.0
872,1400/03/03,5.70886179038353,15.0
873,1400/03/04,5.70886179038353,15.0
874,1400/03/05,5.70886179038353,15.0
875,1400/03/06,5.70886179038353,15.0
876,1400/03/07,5.70886179038353,15.0
877,1400/03/08,5.70886179038353,15.0
878,1400/03/09,5.70886179038353,15.0
879,1400/03/10,5.70886179038353,15.0
880,1400/03/11,5.70886179038353,15.0
881,1400/03/12,5.70886179038353,15.0
882,1400/03/13,5.70886179038353,15.0
883,1400/03/14,5.70886179038353,15.0
884,1400/03/15,5.70886179038353,15.0
885,1400/03/16,5.70886179038353,15.0
886,1400/03/17,5.70886179038353,15.0
887,1400/03/18,5.928571428571429,14.0
888,1400/03/19,6.0,13.0
889,1400/03/20,5.0,14.0
890,1400/03/21,4.357142857142857,14.0
891,1400/03/22,5.70886179038353,14.0
892,1400/03/23,5.70886179038353,15.0
893,1400/03/24,5.70886179038353,15.0
894,1400/03/25,5.70886179038353,15.0
895,1400/03/26,5.70886179038353,15.0
896,1400/03/27,5.70886179038353,15.0
897,1400/03/28,5.70886179038353,15.0
898,1400/03/29,5.70886179038353,15.0
899,1400/03/30,5.70886179038353,15.0
900,1400/03/31,5.285714285714286,14.0
901,1400/04/01,5.571428571428571,14.0
902,1400/04/02,5.428571428571429,14.0
903,1400/04/03,5.214285714285714,14.0
904,1400/04/04,4.857142857142857,14.0
905,1400/04/05,4.785714285714286,14.0
906,1400/04/06,4.214285714285714,14.0
907,1400/04/07,3.7857142857142856,14.0
908,1400/04/08,4.071428571428571,14.0
909,1400/04/09,4.214285714285714,14.0
910,1400/04/10,4.142857142857143,14.0
911,1400/04/11,4.071428571428571,14.0
912,1400/04/12,5.571428571428571,14.0
913,1400/04/13,5.5,14.0
914,1400/04/14,5.384615384615385,13.0
915,1400/04/15,5.5,14.0
916,1400/04/16,6.071428571428571,14.0
917,1400/04/17,5.071428571428571,14.0
918,1400/04/18,4.0,14.0
919,1400/04/19,4.428571428571429,14.0
920,1400/04/20,5.70886179038353,15.0
921,1400/04/21,5.70886179038353,15.0
922,1400/04/22,4.357142857142857,14.0
923,1400/04/23,4.928571428571429,14.0
924,1400/04/24,4.142857142857143,14.0
925,1400/04/25,3.9285714285714284,14.0
926,1400/04/26,4.785714285714286,14.0
927,1400/04/27,5.70886179038353,15.0
928,1400/04/28,5.70886179038353,15.0
929,1400/04/29,5.70886179038353,15.0
930,1400/04/30,5.70886179038353,15.0
931,1400/04/31,5.70886179038353,15.0
932,1400/05/01,5.70886179038353,15.0
933,1400/05/02,5.70886179038353,14.0
934,1400/05/03,5.70886179038353,14.0
935,1400/05/04,5.70886179038353,14.0
936,1400/05/05,5.70886179038353,14.0
937,1400/05/06,5.70886179038353,14.0
938,1400/05/07,5.70886179038353,14.0
939,1400/05/08,5.70886179038353,14.0
940,1400/05/09,5.70886179038353,14.0
941,1400/05/10,5.70886179038353,13.0
942,1400/05/11,5.70886179038353,13.0
943,1400/05/12,5.70886179038353,13.0
944,1400/05/13,5.70886179038353,13.0
945,1400/05/14,5.70886179038353,13.0
946,1400/05/15,5.70886179038353,13.0
947,1400/05/16,5.70886179038353,13.0
948,1400/05/17,5.70886179038353,13.0
949,1400/05/18,5.70886179038353,13.0
950,1400/05/19,5.70886179038353,13.0
951,1400/05/20,5.70886179038353,14.0
952,1400/05/21,5.70886179038353,13.0
953,1400/05/22,5.70886179038353,13.0
954,1400/05/23,5.70886179038353,14.0
955,1400/05/24,5.70886179038353,13.0
956,1400/05/25,5.70886179038353,14.0
957,1400/05/26,5.70886179038353,14.0
958,1400/05/27,5.70886179038353,14.0
959,1400/05/28,5.70886179038353,14.0
960,1400/05/29,5.70886179038353,14.0
961,1400/05/30,5.70886179038353,14.0
962,1400/05/31,5.70886179038353,14.0
963,1400/06/01,5.70886179038353,14.0
964,1400/06/02,5.70886179038353,14.0
965,1400/06/03,5.70886179038353,14.0
966,1400/06/04,5.70886179038353,14.0
967,1400/06/05,5.70886179038353,13.0
968,1400/06/06,5.70886179038353,14.0
969,1400/06/07,5.70886179038353,14.0
970,1400/06/08,5.70886179038353,14.0
971,1400/06/09,5.70886179038353,14.0
972,1400/06/10,5.70886179038353,14.0
973,1400/06/11,5.70886179038353,15.0
974,1400/06/12,5.70886179038353,15.0
975,1400/06/13,5.70886179038353,15.0
976,1400/06/14,5.70886179038353,15.0
977,1400/06/15,5.70886179038353,15.0
978,1400/06/16,5.70886179038353,15.0
979,1400/06/17,5.70886179038353,15.0
980,1400/06/18,5.70886179038353,15.0
981,1400/06/19,5.70886179038353,15.0
982,1400/06/20,5.70886179038353,15.0
983,1400/06/21,5.70886179038353,15.0
984,1400/06/22,5.70886179038353,15.0
985,1400/06/23,5.70886179038353,15.0
986,1400/06/24,5.70886179038353,15.0
987,1400/06/25,5.70886179038353,15.0
988,1400/06/26,5.70886179038353,15.0
989,1400/06/27,5.70886179038353,15.0
990,1400/06/28,5.70886179038353,15.0
991,1400/06/29,5.70886179038353,15.0
992,1400/06/30,5.70886179038353,15.0
993,1400/06/31,5.70886179038353,15.0
994,1400/07/01,5.70886179038353,15.0
995,1400/07/02,5.70886179038353,15.0
996,1400/07/03,5.70886179038353,15.0
997,1400/07/04,5.70886179038353,15.0
998,1400/07/05,5.70886179038353,15.0
999,1400/07/06,5.70886179038353,15.0
1000,1400/07/07,5.70886179038353,14.0
1001,1400/07/08,5.70886179038353,14.0
1002,1400/07/09,5.70886179038353,14.0
1003,1400/07/10,5.70886179038353,14.0
1004,1400/07/11,5.70886179038353,14.0
1005,1400/07/12,5.70886179038353,15.0
1006,1400/07/13,5.70886179038353,15.0
1007,1400/07/14,5.70886179038353,15.0
1008,1400/07/15,5.70886179038353,15.0
1009,1400/07/16,5.70886179038353,15.0
1010,1400/07/17,5.70886179038353,15.0
1011,1400/07/18,5.70886179038353,15.0
1012,1400/07/19,5.70886179038353,15.0
1013,1400/07/20,5.70886179038353,15.0
1014,1400/07/21,5.70886179038353,15.0
1015,1400/07/22,5.70886179038353,15.0
1016,1400/07/23,5.70886179038353,15.0
1017,1400/07/24,5.70886179038353,15.0
1018,1400/07/25,5.70886179038353,15.0
1019,1400/07/26,5.70886179038353,15.0
1020,1400/07/27,5.70886179038353,15.0
1021,1400/07/28,5.70886179038353,15.0
1022,1400/07/29,5.70886179038353,15.0
1023,1400/07/30,5.70886179038353,15.0
1024,1400/08/01,5.70886179038353,15.0
1025,1400/08/02,5.70886179038353,15.0
1026,1400/08/03,5.70886179038353,15.0
1027,1400/08/04,5.70886179038353,15.0
1028,1400/08/05,5.70886179038353,15.0
1029,1400/08/06,5.70886179038353,15.0
1030,1400/08/07,5.70886179038353,15.0
1031,1400/08/08,5.70886179038353,15.0
1032,1400/08/09,5.70886179038353,15.0
1033,1400/08/10,5.70886179038353,14.0
1034,1400/08/11,5.70886179038353,15.0
1035,1400/08/12,5.70886179038353,14.0
1036,1400/08/13,5.70886179038353,15.0
1037,1400/08/14,5.70886179038353,15.0
1038,1400/08/15,5.70886179038353,15.0
1039,1400/08/16,5.70886179038353,15.0
1040,1400/08/17,5.70886179038353,15.0
1041,1400/08/18,5.70886179038353,15.0
1042,1400/08/19,5.70886179038353,15.0
1043,1400/08/20,5.70886179038353,15.0
1044,1400/08/21,5.70886179038353,15.0
1045,1400/08/22,5.70886179038353,15.0
1046,1400/08/23,5.70886179038353,15.0
1047,1400/08/24,5.70886179038353,15.0
1048,1400/08/25,5.70886179038353,15.0
1049,1400/08/26,5.70886179038353,15.0
1050,1400/08/27,5.70886179038353,15.0
1051,1400/08/28,5.70886179038353,15.0
1052,1400/08/29,5.70886179038353,15.0
1053,1400/08/30,5.70886179038353,15.0
1054,1400/09/01,5.70886179038353,15.0
1055,1400/09/02,5.70886179038353,15.0
1056,1400/09/03,5.70886179038353,15.0
1057,1400/09/04,5.70886179038353,15.0
1058,1400/09/05,5.70886179038353,15.0
1059,1400/09/06,6.5,14.0
1060,1400/09/07,11.285714285714286,14.0
1061,1400/09/08,13.214285714285714,14.0
1062,1400/09/09,11.214285714285714,14.0
1063,1400/09/10,14.285714285714286,14.0
1064,1400/09/11,5.70886179038353,15.0
1065,1400/09/12,5.70886179038353,15.0
1066,1400/09/13,5.70886179038353,15.0
1067,1400/09/14,5.70886179038353,15.0
1068,1400/09/15,5.70886179038353,15.0
1069,1400/09/16,5.70886179038353,15.0
1070,1400/09/17,5.70886179038353,15.0
1071,1400/09/18,5.70886179038353,15.0
1072,1400/09/19,5.70886179038353,15.0
1073,1400/09/20,5.70886179038353,15.0
1074,1400/09/21,5.70886179038353,15.0
1075,1400/09/22,5.70886179038353,15.0
1076,1400/09/23,5.70886179038353,15.0
1077,1400/09/24,5.70886179038353,15.0
1078,1400/09/25,5.70886179038353,15.0
1079,1400/09/26,5.70886179038353,15.0
1080,1400/09/27,5.70886179038353,15.0
1081,1400/09/28,5.70886179038353,15.0
1082,1400/09/29,5.70886179038353,15.0
1083,1400/09/30,5.70886179038353,15.0
1084,1400/10/01,5.70886179038353,15.0
1085,1400/10/02,5.70886179038353,15.0
1086,1400/10/03,5.70886179038353,15.0
1087,1400/10/04,5.70886179038353,15.0
1088,1400/10/05,5.70886179038353,15.0
1089,1400/10/06,5.70886179038353,15.0
1090,1400/10/07,5.70886179038353,15.0
1091,1400/10/08,5.70886179038353,15.0
1092,1400/10/09,5.70886179038353,15.0
1093,1400/10/10,5.70886179038353,14.0
1094,1400/10/11,5.70886179038353,15.0
1095,1400/10/12,5.70886179038353,15.0
1096,1400/10/13,5.70886179038353,15.0
1097,1400/10/14,5.70886179038353,15.0
1098,1400/10/15,5.70886179038353,15.0
1099,1400/10/16,5.70886179038353,15.0
1100,1400/10/17,5.70886179038353,15.0
1101,1400/10/18,5.70886179038353,15.0
1102,1400/10/19,5.70886179038353,15.0
1103,1400/10/20,5.70886179038353,15.0
1104,1400/10/21,5.70886179038353,15.0
1105,1400/10/22,5.70886179038353,15.0
1106,1400/10/23,5.70886179038353,15.0
1107,1400/10/24,5.70886179038353,15.0
1108,1400/10/25,5.70886179038353,15.0
1109,1400/10/26,5.70886179038353,15.0
1110,1400/10/27,5.70886179038353,15.0
1111,1400/10/28,5.70886179038353,15.0
1112,1400/10/29,5.70886179038353,15.0
1113,1400/10/30,5.70886179038353,15.0
1114,1400/11/01,5.70886179038353,15.0
1115,1400/11/02,5.70886179038353,15.0
1116,1400/11/03,5.70886179038353,15.0
1117,1400/11/04,5.70886179038353,15.0
1118,1400/11/05,5.70886179038353,15.0
1119,1400/11/06,5.70886179038353,15.0
1120,1400/11/07,5.70886179038353,15.0
1121,1400/11/08,5.70886179038353,15.0
1122,1400/11/09,5.70886179038353,15.0
1123,1400/11/10,5.70886179038353,15.0
1124,1400/11/11,5.70886179038353,15.0
1125,1400/11/12,5.70886179038353,15.0
1126,1400/11/13,5.70886179038353,15.0
1127,1400/11/14,5.70886179038353,15.0
1128,1400/11/15,5.70886179038353,15.0
1129,1400/11/16,5.70886179038353,15.0
1130,1400/11/17,5.70886179038353,15.0
1131,1400/11/18,5.70886179038353,15.0
1132,1400/11/19,5.70886179038353,15.0
1133,1400/11/20,5.70886179038353,15.0
1134,1400/11/21,5.70886179038353,15.0
1135,1400/11/22,5.70886179038353,14.0
1136,1400/11/23,5.70886179038353,14.0
1137,1400/11/24,5.70886179038353,14.0
1138,1400/11/25,5.70886179038353,14.0
1139,1400/11/26,5.70886179038353,15.0
1140,1400/11/27,5.70886179038353,15.0
1141,1400/11/28,5.70886179038353,15.0
1142,1400/11/29,5.70886179038353,15.0
1143,1400/11/30,5.70886179038353,15.0
1144,1400/12/01,5.70886179038353,15.0
1145,1400/12/02,5.70886179038353,15.0
1146,1400/12/03,5.70886179038353,15.0
1147,1400/12/04,5.70886179038353,15.0
1148,1400/12/05,5.70886179038353,15.0
1149,1400/12/06,5.70886179038353,14.0
1150,1400/12/07,5.70886179038353,15.0
1151,1400/12/08,5.70886179038353,15.0
1152,1400/12/09,5.70886179038353,15.0
1153,1400/12/10,5.70886179038353,15.0
1154,1400/12/11,5.70886179038353,15.0
1155,1400/12/12,5.70886179038353,15.0
1156,1400/12/13,5.70886179038353,15.0
1157,1400/12/14,5.70886179038353,15.0
1158,1400/12/15,5.70886179038353,15.0
1159,1400/12/16,5.70886179038353,15.0
1160,1400/12/17,5.70886179038353,15.0
1161,1400/12/18,5.70886179038353,15.0
1162,1400/12/19,5.70886179038353,15.0
1163,1400/12/20,5.70886179038353,15.0
1164,1400/12/21,5.70886179038353,15.0
1165,1400/12/22,5.70886179038353,15.0
1166,1400/12/23,5.70886179038353,15.0
1167,1400/12/24,5.70886179038353,15.0
1168,1400/12/25,5.70886179038353,15.0
1169,1400/12/26,5.70886179038353,15.0
1170,1400/12/27,5.70886179038353,15.0
1171,1400/12/28,5.70886179038353,15.0
1172,1400/12/29,5.70886179038353,15.0
1173,1401/01/01,5.70886179038353,15.0
1174,1401/01/02,5.70886179038353,15.0
1175,1401/01/03,5.70886179038353,15.0
1176,1401/01/04,5.70886179038353,14.0
1177,1401/01/05,5.70886179038353,14.0
1178,1401/01/06,5.70886179038353,14.0
1179,1401/01/07,5.70886179038353,15.0
1180,1401/01/08,5.70886179038353,15.0
1181,1401/01/09,5.70886179038353,15.0
1182,1401/01/10,5.70886179038353,15.0
1183,1401/01/11,5.70886179038353,15.0
1184,1401/01/12,5.70886179038353,15.0
1185,1401/01/13,5.70886179038353,15.0
1186,1401/01/14,5.615384615384615,13.0
1187,1401/01/15,5.70886179038353,14.0
1188,1401/01/16,5.70886179038353,14.0
1189,1401/01/17,5.70886179038353,14.0
1190,1401/01/18,5.70886179038353,15.0
1191,1401/01/19,5.70886179038353,15.0
1192,1401/01/20,5.70886179038353,14.0
1193,1401/01/21,4.0,14.0
1194,1401/01/22,6.642857142857143,14.0
1195,1401/01/23,5.70886179038353,15.0
1196,1401/01/24,6.571428571428571,14.0
1197,1401/01/25,5.071428571428571,14.0
1198,1401/01/26,5.70886179038353,15.0
1199,1401/01/27,5.70886179038353,15.0
1200,1401/01/28,5.70886179038353,15.0
1201,1401/01/29,5.70886179038353,15.0
1202,1401/01/30,5.70886179038353,15.0
1203,1401/01/31,5.70886179038353,15.0
1204,1401/02/01,5.70886179038353,15.0
1205,1401/02/02,5.70886179038353,15.0
1206,1401/02/03,5.70886179038353,15.0
1207,1401/02/04,5.70886179038353,15.0
1208,1401/02/05,5.70886179038353,15.0
1209,1401/02/06,5.70886179038353,15.0
1210,1401/02/07,5.70886179038353,15.0
1211,1401/02/08,5.70886179038353,15.0
1212,1401/02/09,5.70886179038353,15.0
1213,1401/02/10,5.70886179038353,15.0
1214,1401/02/11,5.70886179038353,15.0
1215,1401/02/12,5.70886179038353,15.0
1216,1401/02/13,5.70886179038353,15.0
1217,1401/02/14,5.70886179038353,15.0
1218,1401/02/15,5.70886179038353,15.0
1219,1401/02/16,5.70886179038353,15.0
1220,1401/02/17,5.70886179038353,15.0
1221,1401/02/18,5.70886179038353,15.0
1222,1401/02/19,5.70886179038353,15.0
1223,1401/02/20,5.70886179038353,15.0
1224,1401/02/21,5.70886179038353,15.0
1225,1401/02/22,5.70886179038353,15.0
1226,1401/02/23,5.70886179038353,15.0
1227,1401/02/24,5.70886179038353,15.0
1228,1401/02/25,5.70886179038353,15.0
1229,1401/02/26,5.70886179038353,15.0
1230,1401/02/27,5.70886179038353,15.0
1231,1401/02/28,5.70886179038353,15.0
1232,1401/02/29,5.70886179038353,15.0
1233,1401/02/30,5.70886179038353,15.0
1234,1401/02/31,5.70886179038353,15.0
1235,1401/03/01,5.70886179038353,15.0
1236,1401/03/02,5.70886179038353,15.0
1237,1401/03/03,5.70886179038353,15.0
1238,1401/03/04,5.70886179038353,15.0
1239,1401/03/05,5.70886179038353,15.0
1240,1401/03/06,5.70886179038353,15.0
1241,1401/03/07,5.70886179038353,15.0
1242,1401/03/08,5.70886179038353,15.0
1243,1401/03/09,5.70886179038353,15.0
1244,1401/03/10,5.70886179038353,14.0
1245,1401/03/11,5.70886179038353,14.0
1246,1401/03/13,5.70886179038353,14.0
1247,1401/03/14,5.70886179038353,15.0
1248,1401/03/15,5.70886179038353,15.0
1249,1401/03/16,5.70886179038353,15.0
1250,1401/03/17,5.70886179038353,15.0
1251,1401/03/18,5.70886179038353,15.0
1252,1401/03/19,5.70886179038353,15.0
1253,1401/03/20,5.70886179038353,15.0
1254,1401/03/21,5.70886179038353,15.0
1255,1401/03/22,5.70886179038353,15.0
1256,1401/03/23,5.70886179038353,15.0
1257,1401/03/24,5.70886179038353,15.0
1258,1401/03/25,5.70886179038353,15.0
1259,1401/03/26,5.70886179038353,15.0
1260,1401/03/27,5.70886179038353,15.0
1261,1401/03/28,5.70886179038353,15.0
1262,1401/03/29,5.70886179038353,15.0
1263,1401/03/30,5.70886179038353,15.0
1264,1401/03/31,5.70886179038353,15.0
1265,1401/04/01,5.70886179038353,15.0
1266,1401/04/02,5.70886179038353,15.0
1267,1401/04/03,5.70886179038353,15.0
1268,1401/04/04,5.70886179038353,15.0
1269,1401/04/05,5.70886179038353,15.0
1270,1401/04/06,5.70886179038353,15.0
1271,1401/04/07,5.70886179038353,15.0
1272,1401/04/08,5.70886179038353,15.0
1273,1401/04/09,5.70886179038353,15.0
1274,1401/04/10,5.70886179038353,15.0
1275,1401/04/11,5.70886179038353,15.0
1276,1401/04/12,5.70886179038353,15.0
1277,1401/04/13,5.70886179038353,15.0
1278,1401/04/14,5.70886179038353,14.0
1279,1401/04/15,5.70886179038353,14.0
1280,1401/04/16,5.70886179038353,14.0
1281,1401/04/17,5.70886179038353,14.0
1282,1401/04/18,5.70886179038353,14.0
1283,1401/04/19,5.70886179038353,14.0
1284,1401/04/20,5.70886179038353,15.0
1285,1401/04/21,5.70886179038353,15.0
1286,1401/04/22,5.70886179038353,15.0
1287,1401/04/23,5.70886179038353,15.0
1288,1401/04/24,5.70886179038353,15.0
1289,1401/04/25,5.70886179038353,15.0
1290,1401/04/26,5.70886179038353,15.0
1291,1401/04/27,5.70886179038353,15.0
1292,1401/04/28,5.70886179038353,15.0
1293,1401/04/29,5.70886179038353,15.0
1294,1401/04/30,5.70886179038353,15.0
1295,1401/04/31,5.70886179038353,15.0
1296,1401/05/01,5.70886179038353,15.0
1297,1401/05/02,5.70886179038353,15.0
1298,1401/05/03,5.70886179038353,15.0
1299,1401/05/04,5.70886179038353,15.0
1300,1401/05/05,5.70886179038353,15.0
1301,1401/05/06,5.70886179038353,15.0
1302,1401/05/07,5.70886179038353,13.0
1303,1401/05/08,5.70886179038353,15.0
1304,1401/05/09,5.70886179038353,15.0
1305,1401/05/10,5.70886179038353,15.0
1306,1401/05/11,5.70886179038353,15.0
1307,1401/05/12,5.70886179038353,15.0
1308,1401/05/13,5.70886179038353,15.0
1309,1401/05/14,5.70886179038353,15.0
1310,1401/05/15,5.70886179038353,15.0
1311,1401/05/16,5.70886179038353,15.0
1312,1401/05/17,5.70886179038353,15.0
1313,1401/05/18,5.70886179038353,15.0
1314,1401/05/19,5.70886179038353,15.0
1315,1401/05/24,5.70886179038353,15.0
1316,1401/05/25,5.70886179038353,15.0
1317,1401/05/26,5.70886179038353,14.0
1318,1401/05/27,5.70886179038353,14.0
1319,1401/05/28,5.70886179038353,14.0
1320,1401/05/29,5.70886179038353,15.0
1321,1401/05/30,5.70886179038353,14.0
1322,1401/05/31,5.70886179038353,14.0
1323,1401/06/01,5.70886179038353,14.0
1324,1401/06/02,5.70886179038353,14.0
1325,1401/06/03,5.70886179038353,14.0
1326,1401/06/04,5.70886179038353,14.0
1327,1401/06/05,5.70886179038353,14.0
1328,1401/06/06,5.70886179038353,14.0
1329,1401/06/07,5.70886179038353,14.0
1330,1401/06/08,5.70886179038353,15.0
1331,1401/06/09,5.70886179038353,15.0
1332,1401/06/10,5.70886179038353,15.0
1333,1401/06/11,5.70886179038353,15.0
1334,1401/06/12,5.70886179038353,15.0
1335,1401/06/13,5.70886179038353,15.0
1336,1401/06/14,5.70886179038353,15.0
1337,1401/06/15,5.70886179038353,15.0
1338,1401/06/16,5.70886179038353,15.0
1339,1401/06/17,5.70886179038353,15.0
1340,1401/06/18,5.70886179038353,15.0
1341,1401/06/19,5.70886179038353,15.0
1342,1401/06/20,5.70886179038353,15.0
1343,1401/06/21,5.70886179038353,15.0
1344,1401/06/22,5.70886179038353,15.0
1345,1401/06/23,5.70886179038353,15.0
1346,1401/06/24,5.70886179038353,15.0
1347,1401/06/25,5.70886179038353,15.0
1348,1401/06/26,5.70886179038353,15.0
1349,1401/06/27,5.70886179038353,15.0
1350,1401/06/28,5.70886179038353,15.0
1351,1401/06/29,5.70886179038353,15.0
1352,1401/06/30,5.70886179038353,15.0
1353,1401/06/31,5.70886179038353,15.0
1354,1401/07/01,5.70886179038353,15.0
1355,1401/07/02,5.70886179038353,15.0
1356,1401/07/03,5.70886179038353,15.0
1357,1401/07/04,5.70886179038353,15.0
1358,1401/07/05,5.70886179038353,15.0
1359,1401/07/06,5.70886179038353,15.0
1360,1401/07/07,5.70886179038353,15.0
1361,1401/07/08,5.70886179038353,15.0
1362,1401/07/09,5.70886179038353,15.0
1363,1401/07/10,5.70886179038353,15.0
1364,1401/07/11,5.70886179038353,15.0
1365,1401/07/12,5.70886179038353,15.0
1366,1401/07/13,5.70886179038353,15.0
1367,1401/07/14,5.70886179038353,15.0
1368,1401/07/15,5.70886179038353,15.0
1369,1401/07/16,5.70886179038353,15.0
1370,1401/07/17,5.70886179038353,15.0
1371,1401/07/18,5.70886179038353,15.0
1372,1401/07/19,5.70886179038353,15.0
1373,1401/07/20,5.70886179038353,15.0
1374,1401/07/21,5.70886179038353,15.0
1375,1401/07/22,5.70886179038353,15.0
1376,1401/07/23,5.70886179038353,15.0
1377,1401/07/24,5.70886179038353,15.0
1378,1401/07/25,5.70886179038353,15.0
1379,1401/07/26,5.70886179038353,15.0
1380,1401/07/27,5.70886179038353,15.0
1381,1401/07/28,5.70886179038353,15.0
1382,1401/07/29,5.70886179038353,15.0
1383,1401/07/30,5.70886179038353,15.0
1384,1401/08/01,5.70886179038353,15.0
1385,1401/08/02,5.70886179038353,15.0
1386,1401/08/03,5.70886179038353,15.0
1387,1401/08/04,5.70886179038353,15.0
1388,1401/08/05,5.70886179038353,15.0
1389,1401/08/06,5.70886179038353,15.0
1390,1401/08/07,5.70886179038353,15.0
1391,1401/08/08,5.70886179038353,15.0
1392,1401/08/09,5.70886179038353,15.0
1393,1401/08/10,5.70886179038353,15.0
1394,1401/08/11,5.70886179038353,15.0
1395,1401/08/12,5.70886179038353,15.0
1396,1401/08/13,5.70886179038353,15.0
1397,1401/08/14,5.70886179038353,15.0
1398,1401/08/15,5.70886179038353,15.0
1399,1401/08/16,5.70886179038353,15.0
1400,1401/08/17,5.70886179038353,15.0
1401,1401/08/18,5.70886179038353,15.0
1402,1401/08/19,5.70886179038353,15.0
1403,1401/08/20,5.70886179038353,15.0
1404,1401/08/21,5.70886179038353,15.0
1405,1401/08/22,5.70886179038353,15.0
1406,1401/08/23,5.70886179038353,15.0
1407,1401/08/24,5.70886179038353,15.0
1408,1401/08/25,5.70886179038353,15.0
1409,1401/08/26,5.70886179038353,15.0
1410,1401/08/27,5.70886179038353,15.0
1411,1401/08/28,5.70886179038353,15.0
1412,1401/08/29,5.70886179038353,15.0
1413,1401/08/30,5.70886179038353,15.0
1414,1401/09/01,5.70886179038353,15.0
1415,1401/09/02,5.70886179038353,15.0
1416,1401/09/03,5.70886179038353,15.0
1417,1401/09/04,5.70886179038353,15.0
1418,1401/09/05,5.70886179038353,15.0
1419,1401/09/06,5.70886179038353,15.0
1420,1401/09/07,5.70886179038353,15.0
1421,1401/09/08,5.70886179038353,15.0
1422,1401/09/09,5.70886179038353,15.0
1423,1401/09/10,5.70886179038353,15.0
1424,1401/09/11,5.70886179038353,15.0
1425,1401/09/12,5.70886179038353,15.0
1426,1401/09/13,5.70886179038353,15.0
1427,1401/09/14,5.70886179038353,15.0
1428,1401/09/15,5.70886179038353,15.0
1429,1401/09/16,5.70886179038353,15.0
1430,1401/09/17,5.70886179038353,15.0
1431,1401/09/18,5.70886179038353,15.0
1432,1401/09/19,5.70886179038353,15.0
1433,1401/09/20,5.70886179038353,15.0
1434,1401/09/21,5.70886179038353,15.0
1435,1401/09/22,5.70886179038353,15.0
1436,1401/09/23,5.70886179038353,15.0
1437,1401/09/24,5.70886179038353,15.0
1438,1401/09/25,5.70886179038353,15.0
1439,1401/09/26,5.70886179038353,15.0
1440,1401/09/27,5.70886179038353,15.0
1441,1401/09/28,5.70886179038353,15.0
1442,1401/09/29,5.70886179038353,15.0
1443,1401/09/30,5.70886179038353,15.0
1444,1401/10/01,5.70886179038353,15.0
1445,1401/10/02,5.70886179038353,15.0
1446,1401/10/03,5.70886179038353,15.0
1447,1401/10/04,5.70886179038353,15.0
1448,1401/10/05,5.70886179038353,15.0
1449,1401/10/06,5.70886179038353,15.0
1450,1401/10/07,5.70886179038353,15.0
1451,1401/10/08,5.70886179038353,15.0
1452,1401/10/09,5.70886179038353,15.0
1453,1401/10/10,5.70886179038353,15.0
1454,1399/06/14,5.70886179038353,14.0
1455,1400/01/27,5.70886179038353,14.0
1456,1401/03/12,5.0,1.0
1457,1401/05/20,5.70886179038353,14.0
1458,1401/05/21,5.70886179038353,14.0
1459,1401/05/22,5.70886179038353,14.0
1460,1401/05/23,5.70886179038353,14.0
