SET SQL_MODE = "NO_AUTO_VALUE_ON_ZERO";
SET GLOBAL sql_mode=(SELECT REPLACE(@@sql_mode,'ONLY_FULL_GROUP_BY',''));
START TRANSACTION;
SET time_zone = "+00:00";


/*!40101 SET @OLD_CHARACTER_SET_CLIENT=@@CHARACTER_SET_CLIENT */;
/*!40101 SET @OLD_CHARACTER_SET_RESULTS=@@CHARACTER_SET_RESULTS */;
/*!40101 SET @OLD_COLLATION_CONNECTION=@@COLLATION_CONNECTION */;
/*!40101 SET NAMES utf8mb4 */;

-- --------------------------------------------------------

--
-- Table structure for table `deliveries`
--

CREATE TABLE `deliveries` (
  `id` int(11) NOT NULL,
  `user_id` int(11) NOT NULL,
  `driver_id` int(11) NOT NULL,
  `src` point NOT NULL,
  `dest` point NOT NULL,
  `requested_at` datetime NOT NULL DEFAULT '0000-00-00 00:00:00',
  `delivered_at` datetime NOT NULL DEFAULT '0000-00-00 00:00:00'
) ENGINE=InnoDB DEFAULT CHARSET=utf8mb4;

--
-- Dumping data for table `deliveries`
--

INSERT INTO `deliveries` (`id`, `user_id`, `driver_id`, `src`, `dest`, `requested_at`, `delivered_at`) VALUES
(1, 16, 38, 0x000000000101000000b56c09f85436544017ae45280dd755c0, 0x00000000010100000096dd8763bc4e544032d795a299cb55c0, '2019-02-28 01:47:14', '2019-02-28 04:37:12'),
(2, 23, 16, 0x00000000010100000083f3f6264b7a2f408c798e4cbc3c50c0, 0x000000000101000000ef6108f204312f407d04a6a6382250c0, '2021-03-23 02:24:13', '2021-03-23 02:56:13'),
(3, 16, 10, 0x000000000101000000d72153e5ca903bc07a791975913c6140, 0x000000000101000000b8c41a0c2ce23bc08dfee0d32e2f6140, '2021-02-21 16:34:51', '2021-02-21 17:36:21'),
(4, 26, 28, 0x0000000001010000007e561c8f1e2b4340c7f3d3eed9f93d40, 0x0000000001010000006065745cc2f242402b5cb728e62d3e40, '2020-09-25 13:44:12', '2020-09-25 14:25:27'),
(5, 24, 30, 0x000000000101000000802f4a3db017334092954fe2764a61c0, 0x000000000101000000cf747b937d3a3340367448ed234a61c0, '2020-10-30 12:02:35', '2020-10-30 12:48:59'),
(6, 5, 7, 0x00000000010100000062d2018f32e94540d7c3f75abbe15c40, 0x0000000001010000005c080db63cc445403d7d81d494de5c40, '2020-11-01 16:10:37', '2020-11-01 16:58:15'),
(7, 21, 46, 0x0000000001010000009abd5c2dc25e344042731e989c3954c0, 0x000000000101000000b987fe1acdc33440d9cc702e604654c0, '2021-04-19 13:47:09', '2021-04-19 13:48:25'),
(8, 13, 41, 0x00000000010100000011223ccd18114540f979c47f1ebd6040, 0x0000000001010000004691bb74ac0845401f1a609e26bd6040, '2021-01-31 11:29:27', '2021-01-31 12:03:59'),
(9, 38, 5, 0x0000000001010000005f4d4523c02653c070fa0827077d5d40, 0x00000000010100000000ce6182f80653c0a4f618dd249b5d40, '2020-02-29 13:11:21', '2020-02-29 13:18:36'),
(10, 42, 14, 0x0000000001010000004190630d43c842c06081d4bda2c06340, 0x000000000101000000ce527fbb6ae942c0a23c7e0d71ce6340, '2019-02-11 22:02:16', '2019-02-11 23:04:32'),
(11, 30, 23, 0x000000000101000000c16246186db153408e2ce6554a164540, 0x00000000010100000009e9280494945340ce1ca0995c4e4540, '2019-12-23 20:29:39', '2019-12-23 23:06:52'),
(12, 23, 34, 0x00000000010100000000f6f3610efb334087799358babc4740, 0x000000000101000000c458169198ac3340b5da621668ad4740, '2019-03-12 02:37:11', '2019-03-12 03:22:28'),
(13, 43, 29, 0x00000000010100000028e9e57075f41a401c91b532c34862c0, 0x0000000001010000009f05d685b60219407931e8fc014962c0, '2021-01-17 06:57:53', '2021-01-17 08:46:30'),
(14, 27, 10, 0x000000000101000000094770bd882336c0ac4ef0e2a6265940, 0x000000000101000000139692973ecb35c053795961731c5940, '2020-04-06 09:47:27', '2020-04-06 10:11:52'),
(15, 32, 18, 0x0000000001010000005c4f9664dc273dc066a99f5bbbd452c0, 0x0000000001010000007dcef3c6fb663dc05b5f56379ecf52c0, '2019-01-15 22:36:56', '2019-01-16 01:17:12'),
(16, 27, 48, 0x00000000010100000002a9341e94544d40212c2e4712165640, 0x00000000010100000024f88ee0ff3b4d406a1998d7a42c5640, '2019-07-28 01:45:39', '2019-07-28 05:10:03'),
(17, 38, 13, 0x0000000001010000003cb95cbda45c4bc08d2e478b59974dc0, 0x0000000001010000009eb82cec2e9c4bc0cb419995c8604dc0, '2020-05-15 11:45:54', '2020-05-15 13:25:39'),
(18, 29, 6, 0x000000000101000000ecacf2e3dc56f9bf439df92d32cf59c0, 0x000000000101000000bbee1864f176f4bf2e2a7da1b0b459c0, '2021-03-31 08:47:23', '2021-03-31 10:08:59'),
(19, 31, 50, 0x0000000001010000006c58c32534ac444098c6919e29e34e40, 0x0000000001010000000acbd8b087a5444030da87d3feac4e40, '2021-05-08 07:57:00', '2021-05-08 10:04:11'),
(20, 49, 1, 0x000000000101000000ddea507277f551403f9d9c0b954e53c0, 0x0000000001010000004c0d8f13b2e6514050c9ae88b34453c0, '2019-06-29 02:11:00', '2019-06-29 03:11:15'),
(21, 50, 25, 0x000000000101000000e1bbf56811de4140755048db3d285140, 0x00000000010100000094fd1e8fecbe414003f87c16081c5140, '2019-06-16 16:31:13', '2019-06-16 16:47:57'),
(22, 38, 32, 0x00000000010100000046a16a4a9dd053c0448f00e1a2475740, 0x000000000101000000fa49d7abfac453c027a408c704325740, '2020-07-20 17:38:56', '2020-07-20 20:19:39'),
(23, 39, 29, 0x00000000010100000011b846e40bdc52c0d0eaf4f4577551c0, 0x000000000101000000c3f3da57e6d952c0e22ce65c697651c0, '2020-02-07 04:20:09', '2020-02-07 04:27:42'),
(24, 36, 20, 0x0000000001010000008d4d0aa3d1264e408ab6ab9bc0da5ec0, 0x00000000010100000061ae7a5f1d174e401eeb1b4805d65ec0, '2019-09-25 09:23:27', '2019-09-25 12:31:57'),
(25, 45, 4, 0x000000000101000000d9797af8f3bc5440aad964449aec61c0, 0x0000000001010000000241a8a286c054407ec7b3eaacf361c0, '2020-07-14 15:43:19', '2020-07-14 16:20:32'),
(26, 17, 7, 0x000000000101000000622a8660309555c033f38f9685f94dc0, 0x00000000010100000069e5e9b1a79255c0a2d0885743284ec0, '2020-08-10 17:58:08', '2020-08-10 21:02:01'),
(27, 42, 13, 0x0000000001010000003babac018c554740c36a179a38356040, 0x00000000010100000041119dc5be484740b9c631b143336040, '2021-05-07 01:26:52', '2021-05-07 04:01:16'),
(28, 42, 30, 0x0000000001010000007cff3c0cadff53407764c113e1b25dc0, 0x000000000101000000ef84c38e85e253408489b0d032a55dc0, '2019-11-02 13:52:47', '2019-11-02 15:11:58'),
(29, 23, 32, 0x000000000101000000f3d4b74c85ea3940ddcd167bf3664940, 0x00000000010100000014397a16c99c3940a50c12355e464940, '2020-08-01 04:50:36', '2020-08-01 05:19:25'),
(30, 16, 48, 0x000000000101000000e3a7403ae4d35440132aa1dadf945d40, 0x000000000101000000689d65d1abee5440e0b5edf2937b5d40, '2019-03-15 23:02:05', '2019-03-16 01:24:09'),
(31, 48, 4, 0x000000000101000000d4f3619df7795640fb3608c96c9b65c0, 0x000000000101000000c23aea9b707d5640f33c902a2a8e65c0, '2019-09-16 23:30:26', '2019-09-17 00:26:07'),
(32, 32, 37, 0x0000000001010000008b56436c382b5340a9ae15173ed744c0, 0x00000000010100000066cbf510af4553403cbd8a43c19e44c0, '2019-10-11 10:40:04', '2019-10-11 11:34:53'),
(33, 49, 15, 0x0000000001010000009d25a05bcd1218408c2c671c5e964dc0, 0x000000000101000000004cf3e2e5a51740add59735f1aa4dc0, '2019-04-20 08:43:37', '2019-04-20 10:29:48'),
(34, 33, 41, 0x000000000101000000c55f82b3d82f01c01d3b5374881d63c0, 0x000000000101000000666fa85ea237fcbf847c20aaf90d63c0, '2020-02-11 13:51:24', '2020-02-11 14:19:46'),
(35, 36, 18, 0x000000000101000000e122ba396a1115c0498e3bd805476540, 0x0000000001010000009fa53e93db5215c07f3807325d4c6540, '2020-07-06 14:09:40', '2020-07-06 17:49:08'),
(36, 42, 49, 0x000000000101000000e32931040a95104021c827e8f8e349c0, 0x0000000001010000004d49803c9224124027df6ff887af49c0, '2020-10-14 18:16:04', '2020-10-14 18:40:45'),
(37, 14, 9, 0x0000000001010000007b06b03e47835340b831d96dec9857c0, 0x0000000001010000006d4e72c625875340d9cacb7c6b8557c0, '2020-05-15 16:27:59', '2020-05-15 18:29:09'),
(38, 11, 34, 0x00000000010100000056aade0936d55140ad358b2ee99a4fc0, 0x00000000010100000091812a89bbe051401c542eb01d6a4fc0, '2020-12-05 00:57:16', '2020-12-05 02:04:28'),
(39, 35, 24, 0x000000000101000000b28023854ac04c401cc540be956255c0, 0x00000000010100000065730ec0d2f94c409531f907bd7855c0, '2020-02-22 02:00:43', '2020-02-22 02:10:42'),
(40, 50, 38, 0x00000000010100000068466c9854234340347791536a3b62c0, 0x00000000010100000028243a390352434033120301713962c0, '2019-12-10 05:42:47', '2019-12-10 08:21:11'),
(41, 41, 5, 0x00000000010100000027fbdaed97fd5240fea146c2ffd06540, 0x000000000101000000b3bc810267fe52401d790cfaafcc6540, '2019-06-25 21:22:00', '2019-06-25 23:41:46'),
(42, 30, 25, 0x000000000101000000be458f2bd9a248c06ab25107bfd85dc0, 0x00000000010100000065b175029b9848c00c506ede8bc75dc0, '2020-03-11 07:59:46', '2020-03-11 11:58:59'),
(43, 3, 17, 0x0000000001010000002bd00a940f6846c05273cc2896394040, 0x00000000010100000048a7c0dabd9346c08657f629d26b4040, '2020-02-07 07:40:57', '2020-02-07 11:14:39'),
(44, 22, 21, 0x00000000010100000083bc618d41de4dc0cb504d3f6b2861c0, 0x0000000001010000008f5872075cec4dc02a4b47a0b43561c0, '2020-07-08 15:27:56', '2020-07-08 16:26:05'),
(45, 10, 30, 0x0000000001010000005ec44ff22ce2444026ccb70d3f6660c0, 0x00000000010100000033ef6ba88cb74440a4c3e3d1847160c0, '2020-01-08 13:26:40', '2020-01-08 16:30:38'),
(46, 3, 5, 0x000000000101000000a9bbd847c25d43c01450416beba74240, 0x0000000001010000008b004315254043c05c8de201c9864240, '2019-08-31 10:55:43', '2019-08-31 11:21:13'),
(47, 39, 36, 0x0000000001010000004c24867b169253404f1f52b6f18f6140, 0x000000000101000000add4afc54b8a53408301b61dac906140, '2019-05-09 18:29:41', '2019-05-09 20:04:27'),
(48, 4, 43, 0x00000000010100000081757ab0dd3a46c07dd3a382e7e935c0, 0x000000000101000000df8c9f2f900646c042506c2216a835c0, '2019-03-22 23:21:43', '2019-03-22 23:54:45'),
(49, 23, 35, 0x00000000010100000016d522b7896a194056e322f0ac714340, 0x00000000010100000074b24e763a591940826ed3645c774340, '2020-04-04 18:22:12', '2020-04-04 18:56:32'),
(50, 50, 16, 0x0000000001010000002d5c17c42bae4e40420aeda1008544c0, 0x000000000101000000a32d4ecbd5d64e40fc1bf8f9204e44c0, '2020-08-12 19:55:21', '2020-08-12 21:58:16'),
(51, 35, 14, 0x0000000001010000008256576848ab4c4019224c97609161c0, 0x00000000010100000025282dad29d44c4074d22228819961c0, '2019-09-11 19:05:14', '2019-09-11 19:26:45'),
(52, 2, 11, 0x000000000101000000ae0dd6d0c78653c024466c160d234c40, 0x000000000101000000b0c40dd7638253c005f8f32af03b4c40, '2019-07-15 12:57:52', '2019-07-15 13:00:02'),
(53, 43, 32, 0x0000000001010000002367a6c79033444023ec2b2a1b766440, 0x000000000101000000893466195e5a4440adbfb8d80d706440, '2020-09-29 01:57:50', '2020-09-29 02:45:34'),
(54, 20, 8, 0x000000000101000000b8c9d82cec643ac07cbbb9c1965d65c0, 0x0000000001010000007141d641dda03ac023f7c93ad26b65c0, '2020-05-18 05:25:53', '2020-05-18 06:25:11'),
(55, 14, 22, 0x0000000001010000004bb96e4e4d5c2b40947b22f6d43d5cc0, 0x000000000101000000e059ceb2c62c2c40265f72eef54e5cc0, '2019-05-29 16:26:26', '2019-05-29 18:31:08'),
(56, 34, 9, 0x000000000101000000622929e09e943ec0eacdb64beb6658c0, 0x00000000010100000025a9f3fa52543ec05052fcfd374958c0, '2021-01-10 18:50:33', '2021-01-10 18:51:17'),
(57, 9, 13, 0x000000000101000000c087c537e343554077c99572b0e45540, 0x000000000101000000b52402404f3255401dc7860299035640, '2020-11-15 16:56:12', '2020-11-15 18:50:24'),
(58, 13, 46, 0x00000000010100000084edbff19ff64a40df6f5ebdfd3745c0, 0x000000000101000000130d7522a8c64a40e6d6f8f6572b45c0, '2021-03-04 05:07:48', '2021-03-04 07:35:02'),
(59, 19, 27, 0x0000000001010000009aabb306c65552c08e166ea74f0b56c0, 0x0000000001010000001b86804d056352c03416ef570f2b56c0, '2020-06-05 18:03:05', '2020-06-05 19:14:40'),
(60, 35, 29, 0x000000000101000000c0d7487dd66b47c0f84e398c71276340, 0x00000000010100000099469ceb2b6347c07cfe3eaa432f6340, '2019-05-18 12:37:07', '2019-05-18 14:33:21'),
(61, 6, 37, 0x000000000101000000d6ad7620e4d65540c1593e06ec2c52c0, 0x000000000101000000b5d38d76d4c95540282ddac9903652c0, '2020-09-08 06:45:45', '2020-09-08 08:02:30'),
(62, 12, 18, 0x00000000010100000007bc05fe11de41c03981dd37b7c044c0, 0x000000000101000000e28f1546110842c0c52d1cf6c0d644c0, '2020-02-10 09:10:21', '2020-02-10 09:59:00'),
(63, 31, 17, 0x000000000101000000324044ab0aa052402bb04b515cd85c40, 0x000000000101000000c1c648095a835240fce71c3930d45c40, '2019-01-06 04:29:00', '2019-01-06 06:02:19'),
(64, 33, 46, 0x000000000101000000097f7e8d8b3f23c01beb335217f65a40, 0x000000000101000000325403251eaa22c02363ee3d45115b40, '2019-04-11 08:26:43', '2019-04-11 09:49:11'),
(65, 45, 6, 0x00000000010100000039fb142192fd5040eeeb079ae97560c0, 0x0000000001010000008b4840aa44045140ca0738afb17360c0, '2019-10-17 05:58:02', '2019-10-17 06:28:51'),
(66, 24, 45, 0x000000000101000000aa5538f7152b36c0e88b87b7cac55ac0, 0x000000000101000000ad0ce3a02c0636c0ee8a5b5534e55ac0, '2020-02-23 21:05:47', '2020-02-23 22:57:48'),
(67, 39, 9, 0x00000000010100000014d4819925ea4bc043524c58152940c0, 0x000000000101000000bbfad25d41bd4bc051be04eb01df3fc0, '2019-10-21 06:13:34', '2019-10-21 08:36:36'),
(68, 17, 2, 0x0000000001010000003979be329b3c44c0fa62b29b83315240, 0x000000000101000000dca0b307701044c0f531833cf5385240, '2020-03-11 01:08:20', '2020-03-11 03:43:14'),
(69, 19, 33, 0x000000000101000000c8866dc488c334c061aef42b305751c0, 0x00000000010100000091de263011ef34c057156bc29a6a51c0, '2020-12-22 09:17:14', '2020-12-22 10:37:48'),
(70, 48, 48, 0x000000000101000000fdacb3717a565440421d1b5da08e5040, 0x000000000101000000ceff5c1cda5f544047e3d8daa5915040, '2020-02-21 15:34:14', '2020-02-21 15:58:06'),
(71, 31, 44, 0x0000000001010000007f20352250105240cd44b39471a25040, 0x000000000101000000a6c6eb5f56035240d4e26c9164915040, '2021-03-08 23:31:32', '2021-03-09 02:10:59'),
(72, 16, 45, 0x000000000101000000bae8659b18f43c4064d7b2b16a6b5cc0, 0x000000000101000000152005b0f30f3d40dcae76cb11785cc0, '2019-10-27 05:01:52', '2019-10-27 06:42:38'),
(73, 32, 35, 0x0000000001010000009cbbc49bd2dd50405e8263bb4ac14b40, 0x0000000001010000006d8095ca2fe05040e4f100390cb94b40, '2019-06-17 14:32:21', '2019-06-17 18:11:55'),
(74, 24, 37, 0x0000000001010000005815c910ad8a41c0f86ad06294b56340, 0x00000000010100000075bd03e1da9e41c005903bd144b86340, '2019-01-21 18:45:24', '2019-01-21 22:10:31'),
(75, 4, 3, 0x0000000001010000000c356a8ca71a33c042c0ec711c6057c0, 0x000000000101000000803f9a69ea9f32c0595a64a22d4d57c0, '2021-01-30 11:29:23', '2021-01-30 12:19:22'),
(76, 35, 13, 0x0000000001010000003c51bffbaaa83dc0f22212b561115c40, 0x0000000001010000009ca1157feb503dc02db098a53af85b40, '2021-03-10 12:23:42', '2021-03-10 13:47:19'),
(77, 19, 43, 0x000000000101000000ec9bed40f14d53c00eaa1ad046d565c0, 0x000000000101000000a0e11af4d25053c0642019e8e3df65c0, '2019-11-18 08:54:12', '2019-11-18 12:22:14'),
(78, 29, 31, 0x000000000101000000b0ccd9e880e63ac0b7a2efbd6ad156c0, 0x0000000001010000003c4439444c223bc02603c70e99e156c0, '2020-05-13 11:12:40', '2020-05-13 11:12:40'),
(79, 8, 40, 0x000000000101000000a9d2dc1562693840fa737a550e3a5840, 0x0000000001010000009cbfd1ae0f6038407bc2d36135415840, '2021-05-12 05:37:24', '2021-05-12 08:09:23'),
(80, 32, 19, 0x0000000001010000002a7f9f9c873f52407515e725d48a4140, 0x0000000001010000008780665f3e205240cf39b186f85c4140, '2020-03-21 23:34:01', '2020-03-22 03:21:35'),
(81, 43, 15, 0x0000000001010000008cc3b2fccd613b4042fc12c759fe63c0, 0x0000000001010000002627287466933b405acc5330fcf563c0, '2020-02-26 12:58:04', '2020-02-26 13:37:25'),
(82, 30, 25, 0x00000000010100000031c2d90a0be14bc06f097f51e8840f40, 0x0000000001010000003c050fbc91c24bc07593e43ec2490e40, '2019-09-19 23:21:57', '2019-09-20 01:29:31'),
(83, 13, 31, 0x0000000001010000005733cdaf939943c0dab6990f73db5540, 0x0000000001010000004334cc79405a43c0cf5b75fddbcd5540, '2021-02-26 02:24:50', '2021-02-26 03:13:04'),
(84, 36, 23, 0x000000000101000000fab65290925b4cc0cb7388e238395940, 0x000000000101000000e29a53fd818d4cc0209b209c942d5940, '2020-01-15 02:48:31', '2020-01-15 03:14:18'),
(85, 5, 24, 0x0000000001010000003ef82e662c7c4040375e8dc13c2f6540, 0x000000000101000000d3d3b146fba94040f9eabecc7f256540, '2021-03-11 16:06:17', '2021-03-11 17:29:10'),
(86, 50, 9, 0x0000000001010000001ca1e0e283504f401b634c5e96b16040, 0x000000000101000000c99703fef38b4f404814021775ba6040, '2021-04-28 01:45:52', '2021-04-28 02:12:02'),
(87, 2, 9, 0x0000000001010000001bfaaf9deffc2b40dac3173d2fe25ac0, 0x00000000010100000092fcd5d325fe2b406dbcd72bc5fd5ac0, '2019-11-12 02:20:49', '2019-11-12 02:32:06'),
(88, 19, 31, 0x0000000001010000001642a7e3fd2053c090b871bc51dc2040, 0x0000000001010000008b01fadac22053c03489da76a4442040, '2021-05-09 11:12:08', '2021-05-09 13:02:13'),
(89, 16, 24, 0x000000000101000000238f07728c4751c0134f90b97b274a40, 0x000000000101000000efc2af1b834151c0cc06b5084d434a40, '2019-04-27 06:35:35', '2019-04-27 08:32:23'),
(90, 36, 38, 0x000000000101000000f2096855d904f4bf07132b2b680963c0, 0x000000000101000000d4bb126f845df1bffea761a5240463c0, '2021-03-02 13:11:50', '2021-03-02 14:07:01'),
(91, 20, 38, 0x0000000001010000008bea52d135754a409ac805e83de43ec0, 0x000000000101000000393dace49f5e4a406ddaff0b576d3ec0, '2020-06-15 08:04:26', '2020-06-15 10:48:44'),
(92, 28, 42, 0x000000000101000000bbd3dc88d0e950c0fcc9e3e3c66461c0, 0x000000000101000000c65481ca68ca50c0e5fc00b79c6e61c0, '2019-11-23 02:55:59', '2019-11-23 03:52:11'),
(93, 49, 20, 0x00000000010100000029addc8c58563840c208723455045e40, 0x0000000001010000001ba3a8d652d138402866d7393c135e40, '2020-01-13 19:24:36', '2020-01-13 19:27:52'),
(94, 10, 36, 0x000000000101000000e79044157b484d4079bdc369a0de3540, 0x0000000001010000009f488c7a68644d408b146de8130a3640, '2019-07-06 00:16:11', '2019-07-06 00:36:09'),
(95, 1, 38, 0x000000000101000000c0eed84056771440ddf897e950fc49c0, 0x00000000010100000063132f10ad891540f27e87e273ff49c0, '2019-02-27 06:19:00', '2019-02-27 07:56:33'),
(96, 1, 2, 0x0000000001010000009e70c8f743383e40352e0054619760c0, 0x000000000101000000f914a0899b8a3e400ab3ca4f6f8960c0, '2020-07-01 09:09:04', '2020-07-01 11:02:03'),
(97, 33, 22, 0x00000000010100000036d2ed5658e93cc067f8628134fc6440, 0x000000000101000000b6e13892e1f03cc02bdcf3b66dfe6440, '2019-11-30 14:42:34', '2019-11-30 16:12:47'),
(98, 35, 44, 0x0000000001010000004eb19dc8b6d843c0c9faeb37ccfd5ac0, 0x0000000001010000000da7b4a7861344c0d4c390cf15025bc0, '2019-05-30 05:48:56', '2019-05-30 08:34:25'),
(99, 9, 14, 0x0000000001010000005c4c017d22a649c0952c826d57165240, 0x000000000101000000f966ed9a937349c0f8e2271c6e115240, '2020-02-25 06:04:34', '2020-02-25 06:16:53'),
(100, 29, 31, 0x0000000001010000003c959ebc7d4a44c081c4c7fc58e24d40, 0x000000000101000000996319d5c57144c0a030438b58d84d40, '2020-10-15 06:02:27', '2020-10-15 07:14:57'),
(101, 5, 2, 0x00000000010100000055577fc37cabffbf00ee1baa147765c0, 0x000000000101000000a02687411a93fbbfcac96f89c37465c0, '2020-01-23 14:15:46', '2020-01-23 15:24:47'),
(102, 42, 21, 0x00000000010100000045bd707c6e5e24c02e90c5e928c84840, 0x000000000101000000cd6fe5e1dab723c0da879495df034940, '2021-05-10 10:00:43', '2021-05-10 11:29:57'),
(103, 32, 33, 0x0000000001010000002e5b518a9d2d50405faf8ee6b05754c0, 0x000000000101000000261d47a5962e504008157fd4936a54c0, '2020-02-04 19:44:42', '2020-02-04 20:06:58'),
(104, 27, 13, 0x000000000101000000540403e4198219c08a0d26298b8665c0, 0x0000000001010000008bca27442ce519c0881d46a1a37e65c0, '2019-10-17 02:40:21', '2019-10-17 02:54:03'),
(105, 37, 1, 0x000000000101000000f6d36972d8e9364025fa3986107d61c0, 0x000000000101000000e40ba489da85364028fdeba4a56e61c0, '2019-11-27 22:46:06', '2019-11-27 23:11:48'),
(106, 19, 12, 0x0000000001010000007f095daad08441406ee06d0b64706140, 0x00000000010100000071bd5567c39e414061541e70127a6140, '2019-04-26 04:57:41', '2019-04-26 07:24:07'),
(107, 21, 11, 0x000000000101000000abb2bb4b65d948c055aa27eaf5546140, 0x000000000101000000b2af124cc41749c0b4ab500ad7456140, '2019-10-02 19:05:56', '2019-10-02 23:28:22'),
(108, 11, 11, 0x000000000101000000272013672110554004154e1b4b8a61c0, 0x000000000101000000cf8eb05e612755400289db9d309461c0, '2020-05-10 13:23:20', '2020-05-10 14:20:48'),
(109, 38, 10, 0x0000000001010000005f8d48bab3c653407641bb95cd2062c0, 0x000000000101000000192edfa906b753409885dfe1e31262c0, '2019-01-09 04:47:44', '2019-01-09 06:34:57'),
(110, 38, 31, 0x0000000001010000006244b303e3a12dc08af4408e2e7a5dc0, 0x000000000101000000abc11b3fbde02cc00c5651768e8a5dc0, '2020-01-21 17:46:11', '2020-01-21 19:34:23'),
(111, 36, 8, 0x000000000101000000cf3c075f7a9e3540c88509a073c25b40, 0x000000000101000000edbc66ce7ade3540000cf811daa55b40, '2019-10-12 20:29:08', '2019-10-12 20:57:35'),
(112, 33, 24, 0x0000000001010000003e62e1362fb136401c25283a82125540, 0x000000000101000000fd2636daa29336408a8af9b037255540, '2019-10-13 16:38:26', '2019-10-13 16:46:30'),
(113, 36, 12, 0x00000000010100000068f427363c7a54406c118f52d8884540, 0x0000000001010000005f8831763b6454407d3718c9d05b4540, '2021-04-22 00:19:30', '2021-04-22 00:41:30'),
(114, 38, 11, 0x000000000101000000249a20ff1d4d3240a1eb393c2af5cc3f, 0x000000000101000000a9d72db0f06b3240c9e23328effe89bf, '2019-10-18 16:15:19', '2019-10-18 16:23:43'),
(115, 36, 41, 0x000000000101000000f2ff48dc198049c0223d4e71b41e5a40, 0x000000000101000000cf6b7381dc7549c0b503f0fe08225a40, '2020-12-03 19:26:48', '2020-12-03 19:55:09'),
(116, 40, 14, 0x000000000101000000a442c9551aa13640a43150bf6c195dc0, 0x000000000101000000f9e4d46d56f23640d11bc7ac702e5dc0, '2019-12-31 15:38:57', '2019-12-31 15:53:43'),
(117, 26, 10, 0x0000000001010000000f9fb1ed98cf3640af7657284c3b6640, 0x00000000010100000017df43f7536f3640b5140d42a53a6640, '2020-11-05 23:00:16', '2020-11-05 23:06:08'),
(118, 43, 43, 0x000000000101000000fdd4810a7bea3e404e56c43008ab6140, 0x000000000101000000f6647a0eadb23e40a5603faf23a06140, '2021-05-10 20:54:25', '2021-05-10 20:59:36'),
(119, 21, 12, 0x000000000101000000e6edbacc0077edbfb484262fdf415c40, 0x0000000001010000009e7c4632573ee3bf7a05758960225c40, '2019-11-19 09:16:02', '2019-11-19 09:48:13'),
(120, 43, 15, 0x000000000101000000daccc83c8e662840c28e80bf6f4755c0, 0x000000000101000000f3fe117208ff27403e80eed30e6055c0, '2021-05-16 02:58:53', '2021-05-16 03:42:18'),
(121, 45, 35, 0x0000000001010000009748a9b35ba441c0d7ce8f2e97e75ec0, 0x000000000101000000275e3765316f41c0de466a78ca035fc0, '2020-05-04 22:29:51', '2020-05-04 22:53:34'),
(122, 36, 5, 0x0000000001010000000deaac92faf450c01a61c44975305d40, 0x00000000010100000062c45187390251c00576f08e641b5d40, '2020-03-11 20:20:50', '2020-03-11 20:34:21'),
(123, 46, 4, 0x00000000010100000016b544e786da544021a18ab88b504f40, 0x0000000001010000002eff9586a0df54408076b80a4f7b4f40, '2020-12-31 14:01:06', '2020-12-31 14:56:02'),
(124, 4, 43, 0x0000000001010000002c53e66884291bc00812bb3df3086340, 0x000000000101000000533b338cad9d1bc0a9cf583eb5176340, '2019-07-10 17:57:08', '2019-07-10 20:25:09'),
(125, 16, 2, 0x0000000001010000007f2b01d3b1954bc0e47baf4de5bd58c0, 0x000000000101000000e8d7ecb313ac4bc0bde16ebecdd058c0, '2019-12-27 02:34:59', '2019-12-27 04:44:52'),
(126, 26, 40, 0x00000000010100000049fd9516dbfe3c40ed3c21ad859ee03f, 0x000000000101000000f21e981ba38f3c40005a90af0f2de83f, '2020-08-21 10:37:20', '2020-08-21 13:05:49'),
(127, 23, 10, 0x000000000101000000720ab2d8f6042dc0bb34dae8561a56c0, 0x000000000101000000a632965d16192cc0c437904eeafb55c0, '2019-08-23 19:10:45', '2019-08-23 20:26:08'),
(128, 18, 10, 0x00000000010100000008b415a613da12407033d1d0d8993440, 0x000000000101000000fbabf1b8e9d51240b57464b015ba3440, '2020-11-03 10:12:48', '2020-11-03 11:21:37'),
(129, 32, 30, 0x000000000101000000d940a44bf71f2640d194ebcb414a6640, 0x00000000010100000094b08f1617d82640cb7b937b384e6640, '2020-06-21 19:58:29', '2020-06-21 20:28:13'),
(130, 2, 6, 0x000000000101000000e410fe6d768850c0b17620444a3b57c0, 0x00000000010100000004cd9bd98a8650c06e944ebf452a57c0, '2019-02-22 02:01:44', '2019-02-22 02:26:51'),
(131, 6, 40, 0x000000000101000000348bc9ed82c54dc0935a6772292d62c0, 0x0000000001010000001ce3a6198fb14dc07538b297532c62c0, '2019-10-21 11:12:33', '2019-10-21 12:11:59'),
(132, 6, 38, 0x000000000101000000a9535f9ece2954404708a4b4230457c0, 0x00000000010100000031ce293e074754408d59e943c90c57c0, '2020-08-24 05:30:17', '2020-08-24 07:10:28'),
(133, 14, 7, 0x000000000101000000ce2e1277fc16254016b7f26dcb5b5e40, 0x00000000010100000011744e24173a24400677274e315c5e40, '2021-03-06 11:35:23', '2021-03-06 11:37:13'),
(134, 42, 2, 0x00000000010100000082cd487d8b663240fdd7c3ebf1eb5440, 0x0000000001010000006aba8bc77b5d3240a062028f5fd15440, '2021-04-18 15:04:32', '2021-04-18 15:35:00'),
(135, 24, 24, 0x000000000101000000728b7aafa04540407d4f6cca04a86040, 0x00000000010100000031333046b7594040f83c93be4fae6040, '2021-04-11 08:28:46', '2021-04-11 09:24:48'),
(136, 22, 1, 0x0000000001010000002e6b6db090355140771aaa2e310d4740, 0x000000000101000000459e5db7252f5140c861750dd8f04640, '2019-12-29 15:22:16', '2019-12-29 16:13:44'),
(137, 34, 20, 0x000000000101000000cc2ea2c4981737c005f29a3413795040, 0x0000000001010000009b5162aea3a836c08bfaed144e5d5040, '2019-09-14 18:52:41', '2019-09-14 22:55:06'),
(138, 46, 36, 0x000000000101000000f240f360832056c057f71a7f317c5a40, 0x000000000101000000dce99d14e81456c00ec0b06f49805a40, '2019-08-25 23:04:58', '2019-08-25 23:28:41'),
(139, 39, 36, 0x000000000101000000f5f6e4e4707b30403b99ae258c4c56c0, 0x0000000001010000000b050b707102304093023a383a6156c0, '2020-06-18 22:28:42', '2020-06-18 23:03:19'),
(140, 8, 25, 0x000000000101000000452d0406971602404aa8e5dc765465c0, 0x000000000101000000695edad4292f0140ccdf80e1995f65c0, '2019-10-27 22:42:59', '2019-10-28 00:19:47'),
(141, 50, 20, 0x000000000101000000d35101fbc5a800c00eb002a910585440, 0x000000000101000000329fd94f7acf00c03a1169e394685440, '2020-09-04 06:12:31', '2020-09-04 06:17:58'),
(142, 20, 30, 0x000000000101000000931327cdca095440b3e6eb3b67736140, 0x0000000001010000009d58138b5c0c544032adba8a70666140, '2020-06-05 07:35:39', '2020-06-05 07:56:52'),
(143, 45, 25, 0x000000000101000000c7c289e363e14b40b16d930ddcb63540, 0x00000000010100000098f55bc3adba4b4042abfe82a7d53540, '2021-05-06 00:18:34', '2021-05-06 01:44:59'),
(144, 36, 19, 0x000000000101000000d2f72c78037c4540f8382bb9639c31c0, 0x00000000010100000001b53993849a4540819e6b86494f31c0, '2019-04-19 21:18:43', '2019-04-19 22:15:08'),
(145, 43, 25, 0x000000000101000000c4a44c8c7c5241c00f60af3afeaf2f40, 0x00000000010100000083a1f09bbd9041c0841cdf2a2c0e3040, '2021-03-19 16:42:40', '2021-03-19 17:12:01'),
(146, 38, 4, 0x000000000101000000892e49025c9741c04f42c14ce6a03c40, 0x000000000101000000e6dc5fb482ae41c0b26a5a6617b53c40, '2020-04-16 02:45:30', '2020-04-16 05:42:27'),
(147, 22, 39, 0x000000000101000000412aff362f1551c0876158b8c13042c0, 0x00000000010100000056ac06e51af650c094b823a4351c42c0, '2020-10-30 20:43:53', '2020-10-30 21:17:28'),
(148, 40, 14, 0x000000000101000000aee180e6ca704bc0049c1abe104e3940, 0x000000000101000000f003881a13424bc0e11084ea42883940, '2019-01-12 00:34:31', '2019-01-12 01:41:46'),
(149, 9, 16, 0x000000000101000000ef4b99efbca528c0501e076bde0e64c0, 0x000000000101000000035e3d7c5eaf27c068cee651281764c0, '2019-05-07 12:25:54', '2019-05-07 15:27:48'),
(150, 48, 6, 0x0000000001010000002dddc58c7fee1a40e0f5198400fb5140, 0x000000000101000000fd42ebf962a11b40f21764e2efeb5140, '2020-02-07 00:53:23', '2020-02-07 00:55:08'),
(151, 47, 17, 0x000000000101000000edc105a306615040c84917b0912464c0, 0x000000000101000000303dfe1c8d7e5040ef96326f861b64c0, '2020-06-15 21:42:50', '2020-06-15 23:05:11'),
(152, 32, 6, 0x000000000101000000ceac101267d654c014783db72a3c60c0, 0x000000000101000000aa3cbf845dbe54c011d9c216a83c60c0, '2020-09-25 06:20:53', '2020-09-25 06:41:36'),
(153, 34, 10, 0x0000000001010000009ac3104fd6614f4098927a734bc96140, 0x000000000101000000802d55cbca564f40dcc935bb39d56140, '2021-05-15 05:59:42', '2021-05-15 06:07:53'),
(154, 29, 1, 0x000000000101000000a5b749fdbddb1cc044ee4e824b773bc0, 0x000000000101000000aec6708e55631ec0e3df448cdaef3bc0, '2021-05-19 18:14:20', '2021-05-19 18:47:10'),
(155, 31, 21, 0x0000000001010000003ecc4b5c226652400fe9f7f698f45240, 0x000000000101000000bf515a01d44852404ca4402b37f25240, '2019-07-13 07:44:46', '2019-07-13 08:33:17'),
(156, 21, 9, 0x000000000101000000e99734dbe74b2640389515967a4a6640, 0x000000000101000000b4b7bd7bcadb2540f4cd31c037576640, '2019-09-22 04:14:30', '2019-09-22 04:27:34'),
(157, 33, 8, 0x0000000001010000007e22cd415f914dc0f41f4e3793105ac0, 0x000000000101000000479dcf43958e4dc0044e17c1c8065ac0, '2019-12-22 19:50:36', '2019-12-23 00:04:24'),
(158, 33, 34, 0x000000000101000000ec958092c34a3240010d8b0ea30666c0, 0x000000000101000000d5199446078d324047467f83221366c0, '2019-08-15 16:47:32', '2019-08-15 17:34:27'),
(159, 50, 29, 0x000000000101000000518085592f4052c017fae35b05fd5440, 0x000000000101000000859797b5c92b52c04997d3b5afeb5440, '2019-05-22 12:37:03', '2019-05-22 13:46:57'),
(160, 39, 36, 0x000000000101000000e5f6dfe5757b5140ebe14c92117116c0, 0x0000000001010000002d4250841c81514020c76cf9a76318c0, '2019-11-20 23:40:49', '2019-11-21 00:20:36'),
(161, 14, 44, 0x000000000101000000584ef78f1a2754c0eafe0a3e867f52c0, 0x000000000101000000eb0b6b6d002654c0b67c33e8529e52c0, '2020-09-13 01:21:09', '2020-09-13 01:59:57'),
(162, 33, 44, 0x000000000101000000372768a89e9355c0f0be110560df59c0, 0x00000000010100000042440b44278255c040395d2c3dfc59c0, '2020-05-25 12:50:34', '2020-05-25 16:59:52'),
(163, 9, 36, 0x000000000101000000dadd5a0bd66e44c0ac03bffa3d82ffbf, 0x0000000001010000002df3b1c7983944c047a9a8b9bd5400c0, '2019-06-17 22:04:43', '2019-06-18 00:27:40'),
(164, 44, 47, 0x00000000010100000084a2252725d14540a3d53ce6c16a5340, 0x000000000101000000260bdc91b2c54540fa84753c6f625340, '2020-10-21 06:29:08', '2020-10-21 09:12:05'),
(165, 7, 44, 0x000000000101000000e1b8fcdd575c16c0bda88c7e50d46140, 0x00000000010100000083dac51c26ed14c063a151ed66e06140, '2020-08-27 20:48:49', '2020-08-27 23:00:23'),
(166, 25, 26, 0x000000000101000000b1d67d2e646b52c009fd293f7bfe4e40, 0x000000000101000000cebcec135c7e52c0916cd3062af64e40, '2019-06-30 02:42:41', '2019-06-30 05:33:40'),
(167, 50, 38, 0x000000000101000000f81fac9119103c40214488fafea164c0, 0x000000000101000000c89460498eca3b40010baa574b9564c0, '2021-05-31 21:04:22', '2021-05-31 21:36:43'),
(168, 11, 24, 0x000000000101000000d14585de0ba30240243d84b48b1e5f40, 0x000000000101000000a1b96b55bbdc01401ccdaaf018075f40, '2019-07-30 15:20:33', '2019-07-30 15:59:30'),
(169, 37, 25, 0x000000000101000000d4986dac69cc4340db26399b16932440, 0x000000000101000000ccf3a27cd4b943407c0390cfdc012540, '2020-01-14 12:50:11', '2020-01-14 14:36:31'),
(170, 27, 27, 0x000000000101000000f9e3e684487227c01f6cbcd70a3651c0, 0x000000000101000000c5dc6f463eee26c0efdb68ebf54d51c0, '2020-02-02 00:02:45', '2020-02-02 03:01:48'),
(171, 12, 49, 0x0000000001010000001f6b7c6c8f3547402605c14c008328c0, 0x000000000101000000f24132580c614740171bf429c40d29c0, '2019-06-21 16:07:17', '2019-06-21 16:44:56'),
(172, 5, 14, 0x0000000001010000007306ba0a230348408b3c4e14341e5e40, 0x000000000101000000b60016c842404840f04617395a035e40, '2019-08-15 14:19:36', '2019-08-15 14:39:36'),
(173, 47, 5, 0x0000000001010000009f674b89a2b33b4039a3a9d3925166c0, 0x000000000101000000193e480b3a9f3b40aaa786b5044466c0, '2019-08-03 06:34:44', '2019-08-03 07:44:59'),
(174, 20, 33, 0x00000000010100000001c404dc016247c05cf2425f287956c0, 0x000000000101000000eeacfc4d949647c09e703ce63f9856c0, '2020-07-26 18:27:51', '2020-07-26 19:39:10'),
(175, 5, 13, 0x00000000010100000022cb34e4846512c0302ee7f678972bc0, 0x00000000010100000013a7e295a45313c0004eb2f1ed262cc0, '2020-12-11 17:31:42', '2020-12-11 18:13:30'),
(176, 47, 32, 0x00000000010100000069dd5327bfee09c0752bae3682153340, 0x000000000101000000e70009d9738008c0dba79e93c5d33240, '2019-07-12 14:12:04', '2019-07-12 16:55:13'),
(177, 25, 33, 0x0000000001010000008df7a092b5fb51c080d691a69feb5dc0, 0x000000000101000000adf52db7cb1a52c0841c48e434ee5dc0, '2020-10-04 08:59:16', '2020-10-04 11:00:59'),
(178, 30, 17, 0x000000000101000000096620dd22334740bdc9b83ff9644a40, 0x000000000101000000023932a46e5c47401a562613066b4a40, '2020-12-29 04:49:47', '2020-12-29 06:55:35'),
(179, 2, 47, 0x000000000101000000ec520b467d29564025078c4aa0035140, 0x00000000010100000083db1d17bf0d5640c60bab4cdce55040, '2020-07-13 04:34:55', '2020-07-13 04:52:54'),
(180, 21, 46, 0x000000000101000000f6d475ea746a52c050244187a7915f40, 0x000000000101000000fbcf2069f98752c0b8b3c026497a5f40, '2019-11-30 06:39:58', '2019-11-30 07:13:55'),
(181, 36, 34, 0x000000000101000000dc42bef04a212bc0dde5a1b2d37263c0, 0x00000000010100000097fc6cb1777e2bc094ea7a4ffa6463c0, '2020-06-23 11:26:41', '2020-06-23 13:09:34'),
(182, 20, 45, 0x00000000010100000048ec8991357652400c4e2a6bef26e5bf, 0x000000000101000000792b4956ca7552402b196917a18cd4bf, '2020-03-17 20:21:02', '2020-03-17 20:25:08'),
(183, 32, 38, 0x000000000101000000269d956553ce3c40bd39721ee41c09c0, 0x0000000001010000003690396847483d40abbec7b33edf07c0, '2019-08-26 09:55:57', '2019-08-26 10:28:29'),
(184, 6, 5, 0x000000000101000000f6f082bd887844c0e686a4604bc36340, 0x0000000001010000005cd0022442a844c00ba3a3be59c16340, '2020-10-04 15:23:23', '2020-10-04 15:48:23'),
(185, 10, 11, 0x000000000101000000dd6343afabb133c00f1edc89030f1ec0, 0x000000000101000000e479fbe8b13c33c0838e308f55471ec0, '2019-12-12 01:30:51', '2019-12-12 02:00:19'),
(186, 19, 20, 0x000000000101000000853a49de209d32c0029cab461fce4b40, 0x000000000101000000af6a14d355b532c0b9a309b7c2914b40, '2019-08-21 04:57:07', '2019-08-21 09:22:20'),
(187, 28, 12, 0x0000000001010000005eecd5cc297655c079e81f36847462c0, 0x000000000101000000fae2221d729155c08f6bb0d6d06562c0, '2020-08-14 16:49:43', '2020-08-14 20:06:19'),
(188, 41, 22, 0x00000000010100000036e54d07957251c010ea9ab861745a40, 0x000000000101000000a68a5d73586551c0bbce1f9d98875a40, '2019-03-14 00:04:55', '2019-03-14 00:43:08'),
(189, 46, 46, 0x0000000001010000006a3e8374ba9f2540a0bcfb2839de0dc0, 0x000000000101000000a7f1951a2bf92540118fcd4f61c70ac0, '2019-06-27 02:50:39', '2019-06-27 03:16:59'),
(190, 38, 10, 0x000000000101000000810e421f488752c0d98bf65ee14523c0, 0x000000000101000000cfe6cff4699352c0fc1054c87a0823c0, '2019-12-12 12:10:22', '2019-12-12 13:41:02'),
(191, 26, 33, 0x0000000001010000000ac681fff56256408e3d74b6d19e63c0, 0x000000000101000000c42783b2e473564086c18985cb9063c0, '2020-08-07 23:32:46', '2020-08-08 00:34:58'),
(192, 16, 30, 0x0000000001010000007d2c7d3d569630c07f7018003c3824c0, 0x000000000101000000f960a6b087b030c05859e009ae2c25c0, '2019-12-13 00:50:09', '2019-12-13 01:14:40'),
(193, 20, 3, 0x0000000001010000009181ccb2b7c055c0c3de8f6b126f63c0, 0x000000000101000000b580c4e45ae055c0b1248805276263c0, '2019-02-07 09:39:52', '2019-02-07 11:35:09'),
(194, 46, 6, 0x000000000101000000e13f713eb19f3e40183c6431cf9d61c0, 0x0000000001010000007ce10ee9e1f03e4064e1598c65a061c0, '2020-05-21 10:51:58', '2020-05-21 11:10:27'),
(195, 2, 20, 0x00000000010100000098bbeb6511de334077965c4b0acb6340, 0x000000000101000000bccd78ebfbe63340978d65dbb6d66340, '2019-03-24 04:11:32', '2019-03-24 04:20:35'),
(196, 12, 33, 0x00000000010100000093d2edca46e945c09dd3a1a4a1e93c40, 0x00000000010100000017ceaf43182746c002e9ec0c85f43c40, '2020-01-17 03:21:39', '2020-01-17 03:29:49'),
(197, 26, 27, 0x0000000001010000002acb9a09786548c0974f55bb73276540, 0x00000000010100000011a3d236979148c007cae20802356540, '2020-12-18 05:54:19', '2020-12-18 08:45:09'),
(198, 30, 49, 0x0000000001010000007755458cabaa38409f3b22f5c59d6140, 0x0000000001010000000e315badc4183940b2d25e4eb0996140, '2021-04-11 02:49:39', '2021-04-11 06:27:22'),
(199, 47, 13, 0x000000000101000000777a6b6b4c3d55c0b810773018885a40, 0x000000000101000000f3676ed5f85355c0c20e73f6cfa65a40, '2020-02-27 20:49:24', '2020-02-27 21:07:35'),
(200, 28, 28, 0x000000000101000000f41d5fdf318f3dc0ed06032741036440, 0x00000000010100000052af9bd36c573dc023a4c6b136026440, '2021-03-03 00:18:19', '2021-03-03 00:47:54'),
(201, 14, 50, 0x000000000101000000ca032090e28154c08e9f4275b64f58c0, 0x000000000101000000ff3ed5e5827f54c046247b5d163258c0, '2020-09-06 08:35:59', '2020-09-06 08:39:04'),
(202, 7, 19, 0x000000000101000000bfd664b1806b41c033f04c54c47759c0, 0x0000000001010000009cce6d6e6aa741c0874976d3498559c0, '2019-12-07 20:36:36', '2019-12-07 21:49:47'),
(203, 29, 21, 0x000000000101000000aa4b838e5da625405f4115b3eb2061c0, 0x000000000101000000f3ed8d8380f62540b6db4905c11d61c0, '2020-05-19 04:11:05', '2020-05-19 04:14:04'),
(204, 4, 44, 0x000000000101000000a2a1ca01d9504440fbed3f77207762c0, 0x000000000101000000b74d1dd9fd664440f7f5bce1356b62c0, '2021-05-08 06:31:51', '2021-05-08 07:38:30'),
(205, 13, 41, 0x0000000001010000005aecc3b147f64cc07a5ff6430a305ac0, 0x000000000101000000b8bb2999e91d4dc0ce84e7240a235ac0, '2019-05-29 07:53:54', '2019-05-29 09:34:10'),
(206, 38, 24, 0x000000000101000000be1dfa2bd98e55c0b4aeba4b84575ec0, 0x000000000101000000e7c46735738255c09043f97df2415ec0, '2020-12-03 09:52:58', '2020-12-03 11:28:50'),
(207, 25, 19, 0x000000000101000000c88348d29f413ac0815d0ca7fdae64c0, 0x000000000101000000ce41528dd2a03ac06b6e89fbefa664c0, '2019-08-05 12:23:24', '2019-08-05 13:21:51'),
(208, 26, 25, 0x0000000001010000008202b8498d0128c0e66ceedea2362fc0, 0x000000000101000000995d0c47922e27c0280481d4e60130c0, '2020-10-25 02:10:59', '2020-10-25 02:17:13'),
(209, 25, 7, 0x000000000101000000f2fa62aa6c7d25c0a8bd32151bdf64c0, 0x00000000010100000006c6d0750b6325c004cac36130d564c0, '2020-05-24 08:08:41', '2020-05-24 08:58:28'),
(210, 49, 30, 0x000000000101000000717f1623cc3f48c039650138683260c0, 0x00000000010100000022ccd95a012648c008fcf4ef042e60c0, '2020-05-31 11:05:32', '2020-05-31 12:29:54'),
(211, 37, 14, 0x000000000101000000c05d839ac2ae464048eb4028e1f562c0, 0x00000000010100000078139d0da8c946409683ed738df162c0, '2019-04-17 21:17:51', '2019-04-17 21:23:27'),
(212, 22, 27, 0x00000000010100000044e9566780744c4008fcae65fa7d5440, 0x00000000010100000005f0875f1d384c40720f457fc0675440, '2019-05-21 20:37:15', '2019-05-21 21:01:43'),
(213, 40, 16, 0x000000000101000000cb588a4c5d2c05400e4145b270206040, 0x000000000101000000dd94014e9bca04408fc65e3d44136040, '2019-01-19 16:34:48', '2019-01-19 18:08:00'),
(214, 17, 23, 0x000000000101000000bfc7ec269063f6bf835f2deac2af51c0, 0x0000000001010000009d8309cc4bc2fcbfb070c05d559851c0, '2020-01-18 19:24:30', '2020-01-18 20:59:32'),
(215, 39, 15, 0x000000000101000000dd69f71fe9b44ec02db9786d8adc6040, 0x0000000001010000005897600cc68b4ec03884a8bbe6d16040, '2020-06-19 00:18:21', '2020-06-19 01:15:36'),
(216, 23, 24, 0x0000000001010000000f98f6f6e44b4ec0398839825f446440, 0x0000000001010000004bf827f5253c4ec022fa090b474d6440, '2020-03-21 05:13:27', '2020-03-21 05:20:56'),
(217, 39, 44, 0x0000000001010000003c77de4cac3b23c03dc590628d625f40, 0x0000000001010000000e58110b08ac23c0dbb4c674ec7a5f40, '2020-11-09 15:07:36', '2020-11-09 15:39:31'),
(218, 47, 43, 0x00000000010100000000b3d70c66d944408c8506b7d54252c0, 0x000000000101000000ff68ae5495f44440625cd99d304e52c0, '2020-09-03 23:49:45', '2020-09-04 00:41:00'),
(219, 1, 37, 0x00000000010100000085769fa8413b5040b86829a2a8346240, 0x000000000101000000afc3c78ae04150407466a6062d436240, '2020-10-24 18:22:42', '2020-10-24 18:37:31'),
(220, 2, 41, 0x00000000010100000002dff824696f14c01627b403981348c0, 0x0000000001010000008a4e59e02da712c0fb8b1d541f0648c0, '2020-09-17 09:48:03', '2020-09-17 11:21:49'),
(221, 17, 27, 0x000000000101000000e79e1187694f55c0fdd365211aea02c0, 0x00000000010100000033a41372223255c0c7f9cc39ca7c02c0, '2021-02-11 17:34:57', '2021-02-11 18:28:09'),
(222, 30, 29, 0x00000000010100000096a4687169524dc0f38f9a4104c86140, 0x000000000101000000e206014158434dc05207017fbed36140, '2020-06-09 05:24:33', '2020-06-09 05:35:33'),
(223, 42, 36, 0x000000000101000000a3788c09733c38c0a93a65235b9d57c0, 0x000000000101000000c69c166626ce37c0373e5500157f57c0, '2020-09-23 00:09:24', '2020-09-23 00:28:45'),
(224, 22, 2, 0x000000000101000000f5e92c7416754d403fe82392b1f35ec0, 0x000000000101000000c9c610514ba34d40d46e20037bd75ec0, '2020-12-15 07:04:28', '2020-12-15 09:25:04'),
(225, 19, 5, 0x00000000010100000013cd904f5f663ec05acc95fd0ce64c40, 0x000000000101000000d456c5666a2b3ec01ea8eb6008144d40, '2019-11-25 18:49:59', '2019-11-25 19:23:47'),
(226, 20, 20, 0x000000000101000000433a656b429d49c083d3c519b6e95540, 0x000000000101000000f5a6840a999349c069ae84d941f75540, '2019-02-23 22:19:59', '2019-02-24 00:23:30'),
(227, 5, 25, 0x00000000010100000076697228e034f93fc6d4364c76ea6040, 0x000000000101000000e701743eaf00f23f2f835d9bd0f16040, '2019-11-30 12:39:29', '2019-11-30 13:45:49'),
(228, 23, 25, 0x0000000001010000005a24614221125340279559fc87ca51c0, 0x0000000001010000006c9f2c14bd2f53404d994200a8ac51c0, '2020-06-25 16:50:42', '2020-06-25 17:17:18'),
(229, 33, 44, 0x00000000010100000019d863b3056c504066cab69f2a6523c0, 0x000000000101000000c46f4ae7df5750409c01df58d98022c0, '2019-01-21 08:16:02', '2019-01-21 11:11:05'),
(230, 40, 27, 0x0000000001010000008c07b4d8cc031240ea5f13c02b3061c0, 0x000000000101000000eacd7c2ef16610405aa491b54a2261c0, '2020-11-19 16:49:54', '2020-11-19 19:19:49'),
(231, 33, 47, 0x00000000010100000092205527561050c0733ee50f4d9f5d40, 0x000000000101000000f11f51ffe82f50c094d945354a8c5d40, '2019-09-07 17:03:37', '2019-09-07 18:42:30'),
(232, 20, 10, 0x00000000010100000071142053418a51c0443a29a52d9d51c0, 0x0000000001010000003787ec099ba351c05f9a29b029ad51c0, '2020-08-19 07:11:16', '2020-08-19 07:48:13'),
(233, 28, 11, 0x000000000101000000c247b6dda1233d40fce5beab30f36540, 0x0000000001010000005ea62cf13cd33c40d8374fbfbbeb6540, '2019-10-27 21:01:43', '2019-10-27 21:33:00'),
(234, 43, 39, 0x000000000101000000323bf950bc9dfcbf64be37e540df5ec0, 0x000000000101000000082643c5af92f9bff9a0b16cf7f05ec0, '2020-07-23 20:29:32', '2020-07-23 21:34:06'),
(235, 36, 22, 0x00000000010100000068b35676b55948c0a3d274591b693640, 0x000000000101000000afe50384c03248c047671de9ac333640, '2019-04-18 23:11:33', '2019-04-18 23:49:29'),
(236, 15, 1, 0x00000000010100000090700e52623839400cc742749c6311c0, 0x00000000010100000026887f550e443940e92dba87f81613c0, '2019-02-14 01:53:14', '2019-02-14 02:02:35'),
(237, 48, 11, 0x0000000001010000004d74af6019ba1fc0c856a6c7ce2a5cc0, 0x000000000101000000b65b9ef0d02d20c0311df919302e5cc0, '2021-01-05 14:36:25', '2021-01-05 14:58:51'),
(238, 14, 26, 0x0000000001010000003e2d50997c1643c0ea8cd3bbb0c635c0, 0x00000000010100000011c961ca9d2443c0ab7adbd8143d36c0, '2020-12-19 04:47:44', '2020-12-19 06:13:02'),
(239, 38, 30, 0x00000000010100000089f32a06c8f95040fa1610c4d38b6540, 0x0000000001010000004287feb1aae35040fc062af788936540, '2019-11-13 22:52:52', '2019-11-14 01:31:14'),
(240, 7, 14, 0x000000000101000000e8082e5f8f0442407e0d39d17a0663c0, 0x00000000010100000038d86f60fc2b4240461d93898ffe62c0, '2020-03-31 07:02:24', '2020-03-31 07:11:56'),
(241, 18, 50, 0x000000000101000000f5f24851b0793e4097568efc1d2b2f40, 0x000000000101000000ae5a2d865c2d3e40cd076dcdf3832f40, '2020-04-25 10:13:59', '2020-04-25 11:28:42'),
(242, 44, 20, 0x000000000101000000d0a427897ed2404050d7360dc3eb6040, 0x000000000101000000f09c12c4770e4140e268adb96ee46040, '2019-12-30 04:40:31', '2019-12-30 04:58:59'),
(243, 2, 42, 0x0000000001010000006676c98755bb36c0b3d7ae02c06b4940, 0x000000000101000000dbf33955c17936c0a2d85701492c4940, '2019-08-24 00:26:40', '2019-08-24 01:42:12'),
(244, 38, 17, 0x000000000101000000b6cdc5c5e4e61ac0a968856067b44040, 0x00000000010100000081d98e74c76c19c0a218f0096fcc4040, '2021-03-10 03:37:27', '2021-03-10 04:26:21'),
(245, 38, 48, 0x000000000101000000f5ac60f1995645c0edb370b8fb5955c0, 0x0000000001010000009f7bdccbaf7d45c05374d8f2305a55c0, '2021-05-18 00:17:54', '2021-05-18 01:28:55'),
(246, 3, 21, 0x000000000101000000f4366cf7741b22403e07c118da0362c0, 0x0000000001010000005b08d41529042340298d5c5975f661c0, '2020-01-10 09:35:31', '2020-01-10 09:51:27'),
(247, 31, 26, 0x0000000001010000004510b7be2b884a40c612888956095740, 0x000000000101000000ca54b713426a4a4078aab3113df55640, '2019-02-25 13:18:53', '2019-02-25 18:06:51'),
(248, 9, 20, 0x000000000101000000a08f136dc5c74cc06f44d27fb7215c40, 0x00000000010100000064c96008c7a44cc0762cdb4ad7365c40, '2019-08-01 20:46:43', '2019-08-02 00:28:04'),
(249, 3, 8, 0x000000000101000000d0c70bf0e3e31dc0b60016c85e005040, 0x0000000001010000002aeca8f915761ec0c8527d9876e94f40, '2019-05-21 10:24:45', '2019-05-21 11:31:48'),
(250, 35, 37, 0x0000000001010000000e55b6f8092a2fc08d80827a77405ec0, 0x0000000001010000004618eb1b858c2ec02e640439a5525ec0, '2019-05-01 23:59:43', '2019-05-02 00:24:39'),
(251, 30, 3, 0x000000000101000000aaf2ac94587943c02a28f266339461c0, 0x0000000001010000006ff44909543a43c089939977109a61c0, '2019-12-23 02:45:47', '2019-12-23 04:42:40'),
(252, 29, 18, 0x000000000101000000c4a2a6cb335135406e59a9ccacac4a40, 0x000000000101000000f476c67d5cbb3540661489d53dca4a40, '2020-04-30 12:58:40', '2020-04-30 13:35:28'),
(253, 19, 32, 0x000000000101000000de00f6717d0013401822c43c101153c0, 0x000000000101000000f5d7949b156c144039de5221100f53c0, '2020-04-25 14:12:23', '2020-04-25 16:39:43'),
(254, 10, 11, 0x00000000010100000087d1d88cbc68324012480fb5eba317c0, 0x00000000010100000036241dd9211232400f4f464c9c2719c0, '2020-12-09 23:38:00', '2020-12-10 00:00:34'),
(255, 27, 18, 0x0000000001010000001bb2c219f4584a407926dcb581936040, 0x000000000101000000a1fd07cef33e4a406b2fa9f0f8876040, '2019-05-15 18:58:53', '2019-05-15 20:52:08'),
(256, 44, 25, 0x0000000001010000006949687dcc2443c04db8f9d330dc46c0, 0x000000000101000000de9c2617870e43c02d824033010147c0, '2021-05-20 10:44:33', '2021-05-20 13:50:57'),
(257, 50, 48, 0x0000000001010000008ff15c52bd7822c0eca4aca8bdd26240, 0x00000000010100000072e82ec0437422c0d8f83e3217cc6240, '2019-05-06 00:36:56', '2019-05-06 01:14:15'),
(258, 11, 46, 0x000000000101000000c7620ae95a314640bac38d42f5e14040, 0x0000000001010000006ebe0019331f4640c4167a3d7acb4040, '2020-06-26 01:03:09', '2020-06-26 02:00:07'),
(259, 41, 21, 0x000000000101000000be821c8c5dc1524063039c8362816240, 0x000000000101000000b01e7ecd5caf52400876cc7f4d8b6240, '2020-09-26 15:07:47', '2020-09-26 15:23:44'),
(260, 19, 39, 0x000000000101000000fbc45f717ee22340b8a05924fbcf5b40, 0x000000000101000000a0809fbe77c02440c88566188ae35b40, '2020-02-18 03:42:27', '2020-02-18 04:27:14'),
(261, 34, 2, 0x000000000101000000c4e6365bac73dbbf520d7f1775066240, 0x000000000101000000afc9ec3c0465d6bf04b5c5d6300a6240, '2020-06-12 17:18:35', '2020-06-12 17:38:34'),
(262, 34, 12, 0x00000000010100000085021160438147408ebd425abc5e52c0, 0x00000000010100000018ef096fb0b74740f8ecf5a67b5652c0, '2019-01-10 06:24:37', '2019-01-10 08:27:43'),
(263, 46, 25, 0x000000000101000000ca228d944d911ec09d6db38eb9b64bc0, 0x0000000001010000006b0a1fa543851dc012ef079b8db74bc0, '2021-06-16 22:22:21', '2021-06-17 01:44:36'),
(264, 5, 45, 0x000000000101000000570011be218036c0de4ec12a66a75740, 0x0000000001010000002d9805d4fc4b36c0495d366b958e5740, '2019-11-24 21:44:32', '2019-11-24 22:00:57'),
(265, 17, 12, 0x000000000101000000de90b2b864c8504019548947272a63c0, 0x000000000101000000b9f0c4be4cd8504074cf27cdd83763c0, '2020-08-19 21:05:29', '2020-08-19 21:51:07'),
(266, 5, 17, 0x000000000101000000be56e14a58ab41c05b65f0d5ae325140, 0x0000000001010000007c02ff583bc141c0236410a809525140, '2021-06-18 14:22:34', '2021-06-18 15:33:28'),
(267, 26, 13, 0x0000000001010000001f744348e5b93bc035140a51fb0915c0, 0x0000000001010000000f3b0daa9e1d3cc0046693cb0ab313c0, '2019-08-09 05:55:59', '2019-08-09 08:47:05'),
(268, 44, 26, 0x0000000001010000003e21e251b51048c06f1990c1950c42c0, 0x00000000010100000083aae73b601548c028179472884b42c0, '2020-05-30 20:38:16', '2020-05-30 21:36:32'),
(269, 40, 5, 0x00000000010100000052306989241851c08d5e6b7537af5240, 0x000000000101000000b7d2f84e650951c085f8dc383a9c5240, '2020-10-12 08:37:48', '2020-10-12 12:41:14'),
(270, 9, 45, 0x000000000101000000bdaf3fd5e0d748401c6b39f9bb356540, 0x000000000101000000f7600c4490f0484016b1c51c7c286540, '2020-10-08 10:39:37', '2020-10-08 12:21:41'),
(271, 1, 21, 0x000000000101000000c95691625f2b55c0b8357c793a1a5d40, 0x0000000001010000002e466e32154355c059cf0665b5075d40, '2020-02-19 18:54:43', '2020-02-19 19:38:53'),
(272, 33, 6, 0x00000000010100000095be8e21775f3d40a2d64f4b496b63c0, 0x000000000101000000854904ed80a43d40c1446ac0767263c0, '2019-12-10 19:25:48', '2019-12-10 20:13:19'),
(273, 41, 21, 0x0000000001010000000deec59ae9f643c0f93a762bba1d3f40, 0x0000000001010000002e5c0ae922ee43c0601ffb7d960f3f40, '2020-03-26 17:21:54', '2020-03-26 18:16:37'),
(274, 15, 23, 0x0000000001010000001da24da31c5153406d0eb9d8278753c0, 0x0000000001010000008d7736a0c05b53404254508a278a53c0, '2019-05-23 21:37:32', '2019-05-23 22:15:50'),
(275, 45, 13, 0x000000000101000000035da18499ae43405887ac05bd434cc0, 0x000000000101000000113bb90f77dd43409dee97e06a374cc0, '2021-05-19 19:24:16', '2021-05-19 21:34:12'),
(276, 14, 38, 0x000000000101000000ee3ddec0fe1e1740d12596f7f09261c0, 0x0000000001010000002b8dca2aaf461740f49f6c4f36a061c0, '2020-01-12 11:14:16', '2020-01-12 11:42:49'),
(277, 15, 47, 0x000000000101000000e47a9aed683d3f403342b6f630214d40, 0x000000000101000000c0d9fc1d1fed3e403fe3bf61b2314d40, '2019-01-17 20:20:06', '2019-01-17 21:24:23'),
(278, 41, 46, 0x00000000010100000067c7b314c1e342c0cd5c964c482e4d40, 0x0000000001010000008b25d0eea2d242c030fb50448c3d4d40, '2019-08-15 23:49:55', '2019-08-16 01:14:12'),
(279, 37, 4, 0x00000000010100000083e7dad3c9f351c057239dceae9155c0, 0x000000000101000000c77f6ccbdfdf51c09f063a944aa355c0, '2019-10-24 08:05:40', '2019-10-24 09:33:28'),
(280, 2, 32, 0x0000000001010000002d4cd9441a2653c01430da1002185440, 0x00000000010100000029a258ad223153c077fa657b341d5440, '2021-05-04 15:17:27', '2021-05-04 18:05:37'),
(281, 34, 16, 0x000000000101000000fe7ef5687fbf4540388e2475edc66140, 0x00000000010100000023cfde0191a7454040cfbb587bb76140, '2020-10-23 05:48:56', '2020-10-23 08:46:15'),
(282, 45, 8, 0x00000000010100000045926d2f02c93c402f5e4a03af2e5cc0, 0x000000000101000000dd65d0b2ddb23c40dd00de620a205cc0, '2019-10-11 12:59:39', '2019-10-11 13:52:54'),
(283, 29, 39, 0x000000000101000000b5a99bbfdc54544022bca82e5bde60c0, 0x0000000001010000001492648f0a695440e499852906dd60c0, '2019-10-21 16:32:32', '2019-10-21 17:22:21'),
(284, 4, 39, 0x0000000001010000006cff3a66ac7f48c0fac141fb446160c0, 0x000000000101000000d607f2e9024448c0fd70defe416860c0, '2021-05-22 19:29:50', '2021-05-22 21:38:50'),
(285, 26, 8, 0x000000000101000000279a82ea07cd54c0c36cb35e33b6f93f, 0x0000000001010000004ac334989fc154c064fb09c2a0fdfc3f, '2019-11-20 07:57:53', '2019-11-20 09:49:33'),
(286, 35, 2, 0x000000000101000000fa7b0a00f73d42404c289f4748944dc0, 0x0000000001010000002c9d4fa4b30e424068e632dc41b34dc0, '2020-05-03 11:57:09', '2020-05-03 14:48:42'),
(287, 42, 42, 0x0000000001010000002ba827bc47d43d40aef0ae20cf78f7bf, 0x000000000101000000cbdedc7242ef3d403a4e1ab24b27f5bf, '2019-03-28 16:31:20', '2019-03-28 19:58:33'),
(288, 49, 3, 0x000000000101000000849d05afb44e524032b74fcb26db5c40, 0x000000000101000000e093bd17eb695240475917ce36cc5c40, '2020-05-28 05:14:59', '2020-05-28 06:45:12'),
(289, 31, 8, 0x0000000001010000000f0fed85870751c018277d581e935d40, 0x000000000101000000ba9741a5e6eb50c0bb2ce09bfd765d40, '2019-06-25 22:35:07', '2019-06-25 23:16:46'),
(290, 16, 34, 0x000000000101000000ed590a8e0c2d1dc0c2c0deb67f603bc0, 0x0000000001010000006ab5bb6c97da1bc07810b46f6f883bc0, '2020-02-22 01:02:44', '2020-02-22 01:34:12'),
(291, 35, 35, 0x0000000001010000000d44b73efa2152c0d80a433545853540, 0x000000000101000000f30c0ea9762652c0356411f3f1313540, '2021-04-11 23:17:47', '2021-04-12 03:29:44'),
(292, 35, 23, 0x000000000101000000d37bd21ddcbd51c07cc56555bb6265c0, 0x000000000101000000a28887084ba451c09d07a2bb835365c0, '2019-09-27 22:55:01', '2019-09-27 23:35:08'),
(293, 46, 14, 0x000000000101000000a7dfaeb7c9ef50c0c2abe658c05549c0, 0x000000000101000000df9616a863eb50c0f51db5a6fe4e49c0, '2019-03-02 09:37:44', '2019-03-02 09:55:10'),
(294, 5, 38, 0x000000000101000000329444711e4a2ec0d093327def4956c0, 0x0000000001010000009a1e9c5d4a0f2fc064e8489c2c5456c0, '2020-12-22 06:02:16', '2020-12-22 06:50:46'),
(295, 37, 29, 0x0000000001010000007342157b41215140a6c05e7632e064c0, 0x00000000010100000059204665393051405e742fed41ea64c0, '2019-07-18 07:57:09', '2019-07-18 09:20:07'),
(296, 2, 9, 0x00000000010100000096e2d30b29f137c09d3da286cc1e54c0, 0x00000000010100000074d46f0a426a38c0dffc6acf681e54c0, '2020-06-14 00:21:39', '2020-06-14 00:25:34'),
(297, 38, 14, 0x000000000101000000e4cc34276d6641c0e82e8f6874975240, 0x00000000010100000024b071d7059841c05a7c9c46239e5240, '2021-04-28 09:15:39', '2021-04-28 09:22:10'),
(298, 8, 25, 0x000000000101000000fccd34fbfae6514062445b6d33a256c0, 0x00000000010100000009d49f9f01ca5140296d2092889656c0, '2019-07-04 04:03:47', '2019-07-04 04:31:42'),
(299, 46, 13, 0x000000000101000000dc1ad196640d56c0f6147a7dcc8a6240, 0x000000000101000000bcc6fd416f0356c075e575137e826240, '2019-04-14 02:28:01', '2019-04-14 03:30:32'),
(300, 4, 1, 0x00000000010100000006c611341ce347c06fbe6481355f51c0, 0x0000000001010000000ff4828417ba47c059c2c17e1b4151c0, '2021-04-18 01:02:24', '2021-04-18 02:33:48');
INSERT INTO `deliveries` (`id`, `user_id`, `driver_id`, `src`, `dest`, `requested_at`, `delivered_at`) VALUES
(301, 40, 27, 0x000000000101000000cb0b14c9e1054fc01e3f0315451f6340, 0x00000000010100000039115b52bec84ec0d77078aba3286340, '2020-08-24 12:46:56', '2020-08-24 13:40:41'),
(302, 40, 4, 0x000000000101000000bf9d9babd2ce1540fb0d3975e8865dc0, 0x0000000001010000002e9afc0e0a4d14402c1c1836c26e5dc0, '2020-08-24 13:21:12', '2020-08-24 14:59:07'),
(303, 21, 1, 0x000000000101000000996eccc242b750c06ca243291bd15cc0, 0x000000000101000000cb104e3c68a850c01b9f3b5432f05cc0, '2019-10-25 10:40:21', '2019-10-25 12:30:48'),
(304, 11, 34, 0x000000000101000000f3621f368b31524070694c18bcb461c0, 0x0000000001010000005bae962d25375240b6a1d6c618c161c0, '2020-03-13 10:45:58', '2020-03-13 13:15:53'),
(305, 28, 39, 0x0000000001010000001ea75c9983d3504071e95c3dcf743a40, 0x0000000001010000002431391180b85040c254e916332a3a40, '2019-08-02 11:04:11', '2019-08-02 11:45:34'),
(306, 7, 34, 0x000000000101000000bbc4cfd146e235c0bf2dfac0d7164340, 0x00000000010100000091029cc2708135c082b950eece1c4340, '2020-01-25 01:54:13', '2020-01-25 03:01:52'),
(307, 3, 23, 0x000000000101000000a797d2cee54b4e402c5a2cd408ad60c0, 0x00000000010100000069699aeba3744e406a459bb7feb260c0, '2020-11-02 07:34:51', '2020-11-02 07:53:07'),
(308, 18, 4, 0x0000000001010000003cb4cd0f12da34c0392324c78c115140, 0x000000000101000000d0ff7276a9ff34c0a81adc1a4c2d5140, '2020-01-02 23:36:13', '2020-01-02 23:56:00'),
(309, 1, 8, 0x000000000101000000e1a7ec44c75330c0064f1faed3a65a40, 0x00000000010100000079755063deba30c04daa9b0c02b55a40, '2020-11-24 20:27:22', '2020-11-24 22:28:43'),
(310, 21, 18, 0x000000000101000000a688dd8935c445c00d6b329d62b56440, 0x0000000001010000009cf59cb3caba45c06368b33c27c46440, '2020-01-30 16:56:37', '2020-01-30 17:27:21'),
(311, 5, 6, 0x0000000001010000003adee15834ef32c03761a0688e3053c0, 0x0000000001010000003802f69f328132c00a777e7f7b1b53c0, '2020-11-23 02:33:09', '2020-11-23 02:40:53'),
(312, 26, 24, 0x0000000001010000001ff4e6bdf9794840e05c0830632e55c0, 0x000000000101000000fed8316f6eac484090186985372c55c0, '2021-03-15 10:42:16', '2021-03-15 11:08:25'),
(313, 48, 32, 0x000000000101000000d398b1257acc4dc0649d71e059ce5fc0, 0x0000000001010000009544995436e24dc00739daf6dfbc5fc0, '2021-01-21 03:19:51', '2021-01-21 04:40:35'),
(314, 16, 18, 0x000000000101000000d0938d0df54956405424775b679237c0, 0x000000000101000000d81b9afaed2d564080dfc2c5c9ef37c0, '2020-05-13 21:36:10', '2020-05-14 00:54:16'),
(315, 39, 15, 0x00000000010100000069deeb503fef3fc081cfb35ad9e75a40, 0x000000000101000000c2e9fc56f23440c06a5fcdfd7dcf5a40, '2019-10-05 11:01:04', '2019-10-05 11:39:46'),
(316, 50, 42, 0x0000000001010000009f136be8cb8942c014746dce313a61c0, 0x000000000101000000976c31dc2b7642c087875ff1ef3361c0, '2021-05-06 12:28:18', '2021-05-06 13:53:22'),
(317, 1, 4, 0x000000000101000000df67deb1d0334c404c157ff4b58a4dc0, 0x000000000101000000e424499e4f524c403b162bb1ff4a4dc0, '2021-03-03 13:23:42', '2021-03-03 13:27:11'),
(318, 31, 12, 0x00000000010100000039731f1792b94840a92d8f263b975ec0, 0x000000000101000000973b9739aadd4840c6e7b3db7d945ec0, '2020-07-31 11:37:23', '2020-07-31 11:57:44'),
(319, 8, 6, 0x0000000001010000008d22f8f1331141c0542d856e8e964840, 0x0000000001010000005761589ea0f040c082f8d5dd41bc4840, '2020-04-11 05:00:42', '2020-04-11 05:24:01'),
(320, 4, 10, 0x000000000101000000797627c603bb35c0bde56ecabf7241c0, 0x000000000101000000eba51cd237d335c0d48f0afae38741c0, '2019-04-27 17:31:19', '2019-04-27 18:06:11'),
(321, 29, 24, 0x000000000101000000b8d9c075d1ec5240508ebad442c76140, 0x0000000001010000009ed92c31d3cc524085a93202c0c46140, '2019-01-07 04:07:25', '2019-01-07 05:45:15'),
(322, 33, 1, 0x000000000101000000db5dbc280b2f304095f4e461567a5740, 0x00000000010100000048dd89e4afee2f4031bc0eaf1a7e5740, '2020-09-21 03:50:37', '2020-09-21 04:05:37'),
(323, 17, 7, 0x0000000001010000000bb7798fbddb3a40c55dd1f9d5ae5340, 0x000000000101000000e85d7db8d22e3b40da19ff97f9ac5340, '2019-04-11 19:58:44', '2019-04-11 22:43:35'),
(324, 30, 6, 0x000000000101000000c314568e5a0a4cc038a382d1edd163c0, 0x0000000001010000000a88ad5903044cc08668b2eefec363c0, '2020-09-18 01:10:04', '2020-09-18 01:11:15'),
(325, 25, 39, 0x000000000101000000e4cb3dee37e63c40abc264f75a6148c0, 0x000000000101000000357c2e922bbe3c4031299771a45448c0, '2019-02-14 13:06:44', '2019-02-14 15:18:47'),
(326, 46, 4, 0x000000000101000000b19c88fe7c4e36c07cde9e1b30ef65c0, 0x00000000010100000073ee67302a7736c0323671b969eb65c0, '2021-01-01 14:06:26', '2021-01-01 18:18:28'),
(327, 41, 33, 0x000000000101000000e080741654404fc0a750423026a86340, 0x000000000101000000deadaed510174fc02e18d405cf9b6340, '2019-02-14 16:42:12', '2019-02-14 19:18:33'),
(328, 35, 37, 0x00000000010100000067875efea4c350408f6e5b0f17376340, 0x0000000001010000005b1fdae8b5af5040b57d4733212f6340, '2020-10-26 15:43:44', '2020-10-26 16:51:02'),
(329, 21, 30, 0x000000000101000000f359dbf5fdac4240d12bfe3bde155040, 0x000000000101000000341cced32bce42408080ad2f46205040, '2019-10-01 03:45:41', '2019-10-01 04:41:45'),
(330, 39, 20, 0x000000000101000000bd279927e2135140e504611523026440, 0x000000000101000000b0f01cfb48185140f2b2d13a74096440, '2020-07-23 11:08:29', '2020-07-23 14:27:00'),
(331, 15, 47, 0x00000000010100000084d1e7d4d6e842c0a7cdd6f165665c40, 0x000000000101000000a98337bef10143c0bbebb55c67555c40, '2021-03-14 00:20:22', '2021-03-14 02:38:44'),
(332, 41, 44, 0x000000000101000000d134ec42461a47c07ffe383a3aff6540, 0x000000000101000000d62e56a9885747c099bbce66a80d6640, '2019-08-11 00:42:43', '2019-08-11 00:56:41'),
(333, 11, 39, 0x0000000001010000008e60fd8044305140cf7a2371b63d60c0, 0x00000000010100000068c5b3d5af425140c25ac9653e3d60c0, '2019-06-18 08:59:19', '2019-06-18 10:07:54'),
(334, 36, 10, 0x000000000101000000ef8efe0196474ac060f264f0fc7836c0, 0x000000000101000000aa32cbe33f594ac0c726e1ac9f1336c0, '2020-10-14 19:12:46', '2020-10-14 20:13:43'),
(335, 1, 47, 0x000000000101000000d182b8a1764132c0f2f19d3bf0f84c40, 0x0000000001010000002c582210e4ab32c00b3247cef3d84c40, '2020-01-13 03:56:37', '2020-01-13 06:20:27'),
(336, 20, 7, 0x000000000101000000087597208c3a55c0a61bc3ead08d4b40, 0x0000000001010000002ac7311b984355c0d7b5cb8e079b4b40, '2021-05-22 09:02:31', '2021-05-22 09:38:00'),
(337, 10, 33, 0x00000000010100000070352a1dc51a48c0922b8784ca954140, 0x0000000001010000006262a0ca4ef147c0ae8b342abb854140, '2020-11-18 21:40:04', '2020-11-18 22:05:35'),
(338, 20, 32, 0x000000000101000000db0e915e4f8741400714d254bb896140, 0x0000000001010000003e15647e7e4a414088ea89d84a856140, '2019-07-18 23:46:29', '2019-07-19 01:45:39'),
(339, 38, 43, 0x0000000001010000002d7bd98b88bd1440d934209d221a28c0, 0x0000000001010000001df0e34321f81340149a8e3b7e4d28c0, '2019-02-03 19:17:44', '2019-02-03 20:00:21'),
(340, 37, 6, 0x000000000101000000eaed1053d57649404003cbaa8d814bc0, 0x000000000101000000a545831ed062494058e6cd1b2db34bc0, '2020-04-06 02:34:08', '2020-04-06 05:52:25'),
(341, 35, 18, 0x000000000101000000c85f6506e2af4bc0f2114b5c71895ac0, 0x0000000001010000000c041bc81fc24bc0e4b855e3367c5ac0, '2019-08-02 16:26:38', '2019-08-02 19:19:14'),
(342, 33, 3, 0x000000000101000000fdd0000c87e8524034ffb228907f5840, 0x000000000101000000facf885f0a085340d7533d2df9895840, '2019-11-05 00:47:02', '2019-11-05 01:32:37'),
(343, 43, 36, 0x000000000101000000786f5c5db73722c00ea9b1b953546340, 0x000000000101000000e419a7a3e78c22c0b403d05e08526340, '2019-12-10 01:51:09', '2019-12-10 02:16:36'),
(344, 47, 11, 0x00000000010100000081715b68be3855c07802f74dcf805cc0, 0x000000000101000000ac8df6c7e42655c07caaf5edc2755cc0, '2020-09-09 08:34:22', '2020-09-09 09:00:58'),
(345, 44, 5, 0x00000000010100000012c11e9aab604040d612915b4c893cc0, 0x000000000101000000f998045b868c40409c2577e4bf123cc0, '2020-01-23 01:01:22', '2020-01-23 01:03:38'),
(346, 41, 27, 0x000000000101000000c9d4d0ce566a4540ddcd002aeb665340, 0x0000000001010000002694e26a1b8a45404dca1a7a18855340, '2020-01-27 02:52:39', '2020-01-27 07:33:27'),
(347, 30, 14, 0x000000000101000000452f466eab9755c096f9f09c01fd6340, 0x000000000101000000f5b3a045037a55c06fb4d8d93d0a6440, '2019-01-05 10:00:41', '2019-01-05 13:14:56'),
(348, 29, 49, 0x000000000101000000f342a2712b21254089a956033f545ac0, 0x00000000010100000030647fcb48b22440ba0e077781675ac0, '2019-12-04 01:44:58', '2019-12-04 04:52:24'),
(349, 33, 45, 0x0000000001010000007ccf3ae0c7e7554012f13a0d9b784fc0, 0x000000000101000000c268862856d45540508061154b804fc0, '2020-07-13 19:06:10', '2020-07-13 21:25:00'),
(350, 21, 36, 0x0000000001010000009ccca77858e6e3bf7a488845422446c0, 0x00000000010100000061a30109c6d1e0bf7eb701dfe01b46c0, '2019-10-15 10:15:00', '2019-10-15 11:54:39'),
(351, 13, 34, 0x000000000101000000724d8e6e9b2639c0a3ac78782f560cc0, 0x000000000101000000be4577b6e62239c0397b10b8c03d0cc0, '2020-07-09 22:19:41', '2020-07-10 00:11:46'),
(352, 41, 30, 0x0000000001010000006434cdbe211a53c0e94d2ce5ff263ac0, 0x000000000101000000947dedd0cd1e53c099fd7c9dd2fe39c0, '2019-01-06 06:27:43', '2019-01-06 08:50:26'),
(353, 11, 45, 0x000000000101000000872eea00151737409be2c32339f11140, 0x00000000010100000017f12a31b4f836401d49c80e6c241240, '2019-08-25 20:00:29', '2019-08-25 21:57:38'),
(354, 3, 24, 0x00000000010100000011c08b2500e048c0b423248b0c9261c0, 0x000000000101000000722a9c234cd548c049a10237f3a061c0, '2021-02-10 19:47:32', '2021-02-10 20:26:41'),
(355, 5, 20, 0x0000000001010000009f2cdfdd5b165140b2c5a84db0623840, 0x00000000010100000056c521489f025140447997cfbd3c3840, '2021-06-19 11:14:14', '2021-06-19 11:58:11'),
(356, 26, 3, 0x000000000101000000d2c711eefbe34bc01ab642b7695b2940, 0x0000000001010000007198d8b4360c4cc017e5791d37f22940, '2020-06-12 13:16:59', '2020-06-12 14:39:35'),
(357, 38, 30, 0x000000000101000000bfff6605e47f1b40a81203c60e8935c0, 0x000000000101000000f76debc2e8b61b40da65abde133335c0, '2021-03-22 15:05:51', '2021-03-22 15:39:57'),
(358, 31, 5, 0x000000000101000000f8fc4f7e59fe46c042041cb79e0159c0, 0x0000000001010000000487e9647b0347c0ffcf29897f0859c0, '2020-12-14 20:05:33', '2020-12-14 21:38:22'),
(359, 24, 10, 0x0000000001010000000c4aeb17eaa429406f5b888b7cad60c0, 0x00000000010100000090c18bdd00e12840d3612f45a0a060c0, '2019-12-14 01:00:30', '2019-12-14 02:21:22'),
(360, 3, 32, 0x000000000101000000d6f93638ad7c31c00951b2368e285840, 0x000000000101000000d5aea3f57a5731c074d309feaf095840, '2021-03-13 08:10:36', '2021-03-13 09:48:23'),
(361, 21, 41, 0x000000000101000000e72cbe4a621648c01808cf33118450c0, 0x000000000101000000f44a4a5b83e547c05153e71ba78950c0, '2020-07-08 04:17:41', '2020-07-08 05:13:01'),
(362, 37, 22, 0x0000000001010000002401205c8d8051408668b82e47345740, 0x0000000001010000004c533742a089514076e0b4e82c505740, '2020-04-10 21:33:15', '2020-04-10 23:01:50'),
(363, 10, 46, 0x000000000101000000b24898c46c244b402822f337521166c0, 0x00000000010100000040b7f1fbb51b4b4099126968f91866c0, '2019-08-10 12:26:04', '2019-08-10 12:36:32'),
(364, 36, 1, 0x000000000101000000fa1554451c0b4b40611c14f10b0e4040, 0x000000000101000000b2bb0332e91d4b406146c05c63a33f40, '2021-04-08 02:00:07', '2021-04-08 02:27:44'),
(365, 7, 2, 0x00000000010100000086543d3d522a55c0484fac9ca72748c0, 0x0000000001010000003601ee539f2055c0ab75575db4fa47c0, '2019-03-28 04:22:47', '2019-03-28 05:15:48'),
(366, 29, 13, 0x00000000010100000046cfc08899e755c057792e8eb63c49c0, 0x0000000001010000003882250113e155c0e9435fcef86149c0, '2021-05-02 10:08:23', '2021-05-02 12:26:16'),
(367, 46, 37, 0x0000000001010000000ca2e5701bd145c079766bdd2abb50c0, 0x000000000101000000ebaf41bb0f9845c06d08883f44a450c0, '2020-11-19 18:08:30', '2020-11-19 21:02:14'),
(368, 8, 15, 0x0000000001010000002331a216859852406b3a8ffe359d4540, 0x000000000101000000c81946bcdfac5240b04d63adc9664540, '2020-12-13 01:31:17', '2020-12-13 01:47:07'),
(369, 9, 15, 0x0000000001010000002780dbb6e3bf37401c4d9cc943265bc0, 0x00000000010100000061e256e636f137400b02d39b2f215bc0, '2020-06-24 22:24:38', '2020-06-24 23:08:03'),
(370, 44, 20, 0x000000000101000000e769add6f0345340c0a383abe8d156c0, 0x000000000101000000ecc7d9fceb435340a1e4527f59d256c0, '2020-03-22 02:44:30', '2020-03-22 04:48:55'),
(371, 5, 18, 0x000000000101000000b52724e97c132640e53b12afdf1d1940, 0x0000000001010000007a0d182c2707274088157df2bc8a1840, '2020-04-01 16:48:34', '2020-04-01 17:10:59'),
(372, 36, 39, 0x00000000010100000097550f6cc9aa4c408d29aa8be6144340, 0x00000000010100000030dfdba0afaf4c405ae0dc1134304340, '2021-02-04 11:03:26', '2021-02-04 11:07:24'),
(373, 45, 37, 0x00000000010100000088c17056d8603e40585d84c5a72e51c0, 0x000000000101000000ad4982bed8a43e404864ad6d311251c0, '2019-03-09 10:11:11', '2019-03-09 10:33:26'),
(374, 2, 15, 0x00000000010100000084a56c36c75247c07795bd0dbbca4440, 0x0000000001010000000faa162c231547c00a28bf55fad34440, '2021-05-07 22:22:33', '2021-05-08 00:01:59'),
(375, 26, 39, 0x00000000010100000064ee40e83ff754408b80b839c8405940, 0x0000000001010000003bbe70f12dff54404dabedfbb0355940, '2020-07-04 20:15:51', '2020-07-04 20:38:40'),
(376, 2, 33, 0x000000000101000000fd45df37f4a217c0f19ecf887dcf4dc0, 0x00000000010100000013d5b010886a16c07b619f50c3f04dc0, '2020-10-05 10:29:48', '2020-10-05 14:48:10'),
(377, 36, 15, 0x0000000001010000009aefe1c4edf743c056d864582f6c4cc0, 0x0000000001010000007a92a6db330944c044937d4b8e894cc0, '2019-06-29 07:58:20', '2019-06-29 09:20:30'),
(378, 29, 32, 0x0000000001010000001eca37cd016551c07fe71f79db7365c0, 0x00000000010100000016462316148351c0359c0917da7d65c0, '2020-05-05 17:04:46', '2020-05-05 18:24:39'),
(379, 13, 42, 0x0000000001010000008c7979d1c73c53c0d6c4dd5a66e25740, 0x00000000010100000090eaba8a375553c03c2c270012f65740, '2021-03-16 22:59:46', '2021-03-17 00:50:16'),
(380, 8, 26, 0x00000000010100000096ceee7452e755c0426c99f131366140, 0x00000000010100000046005b052fe055c0c4b50b0cb12a6140, '2019-03-29 00:09:00', '2019-03-29 01:41:38'),
(381, 6, 30, 0x0000000001010000003de86741fdf342c012a2b3670cd156c0, 0x00000000010100000076e137e4c43043c0cbe641c673d356c0, '2020-08-30 09:36:57', '2020-08-30 12:18:06'),
(382, 46, 25, 0x000000000101000000ffc3b9dffbe1ecbfd61a356f888d44c0, 0x00000000010100000091ebd408c875f2bf09b2ab7af69844c0, '2019-09-30 13:06:43', '2019-09-30 13:35:16'),
(383, 22, 42, 0x000000000101000000aabd8745aede3dc08618d75e480c62c0, 0x000000000101000000de44b1962a223ec08bc48c170e1262c0, '2019-07-03 20:11:03', '2019-07-03 20:24:38'),
(384, 11, 2, 0x000000000101000000f1cad02186653ac002b47e5258da62c0, 0x0000000001010000009d05d39b8b023ac0c10360f5dad162c0, '2021-05-24 14:21:55', '2021-05-24 15:23:45'),
(385, 20, 24, 0x00000000010100000044c8df2632e44c40b1dfb0aa6c6f5940, 0x000000000101000000b3f228773db94c4081dbc10f4e8e5940, '2019-06-14 12:24:26', '2019-06-14 13:15:28'),
(386, 18, 15, 0x000000000101000000efe3911300f23e40734e58e03e275740, 0x000000000101000000688c1a174ec63e40d4a39379fa315740, '2019-12-30 15:01:50', '2019-12-30 15:36:31'),
(387, 11, 37, 0x00000000010100000072ddd582c4ee0ac0208c30dafa454ec0, 0x0000000001010000006995498bc4ca08c0819f1311cb0f4ec0, '2021-02-26 22:41:58', '2021-02-26 22:51:58'),
(388, 19, 26, 0x000000000101000000a703b3e0d90155c0b9a51fbfe6d250c0, 0x0000000001010000005328de8439f454c0502a5c6a28b550c0, '2021-03-15 05:38:04', '2021-03-15 08:03:27'),
(389, 34, 6, 0x000000000101000000589d960cb94e44408e43808412a263c0, 0x00000000010100000064e2d7e410314440bf632e33dba163c0, '2019-06-19 01:22:15', '2019-06-19 02:07:54'),
(390, 36, 6, 0x00000000010100000070f3d0e4dd792cc05839340e421c59c0, 0x00000000010100000066502675de272cc0925c3445aa0d59c0, '2019-06-09 10:08:53', '2019-06-09 10:13:29'),
(391, 40, 45, 0x00000000010100000082ca5d0d4be543c0bac8b6cb5a645440, 0x000000000101000000b3b3f456bf1944c058810560ad605440, '2021-01-18 03:20:48', '2021-01-18 04:37:07'),
(392, 25, 45, 0x0000000001010000009dc39f3de3e14ac0c55a20e38cad60c0, 0x000000000101000000881bc114bccd4ac06520f6a511a060c0, '2019-11-05 19:08:20', '2019-11-05 20:35:41'),
(393, 48, 29, 0x000000000101000000bbab09ebe55552c063af232ba7d75840, 0x000000000101000000996c20373b5652c005248edcfff15840, '2020-10-29 04:19:31', '2020-10-29 04:28:21'),
(394, 7, 47, 0x000000000101000000b833a429d8191ac035ac871c2bd64d40, 0x000000000101000000c1e9bdcceef418c047e95637afb44d40, '2021-05-04 07:40:22', '2021-05-04 08:35:24'),
(395, 4, 42, 0x0000000001010000004f315c97b6184dc0d403432ff18152c0, 0x0000000001010000004cf8317a153c4dc06b4b139ec48552c0, '2019-04-15 19:07:42', '2019-04-15 20:37:34'),
(396, 36, 36, 0x00000000010100000005b39b1985d93340f7975e89264c5ec0, 0x000000000101000000d1477f9bd42334408c1e59c66a2f5ec0, '2021-05-18 19:17:12', '2021-05-18 21:04:32'),
(397, 1, 19, 0x000000000101000000ad2077f053904ec04bb98dc3b6dc51c0, 0x00000000010100000045f9b65896bc4ec0220e283811e751c0, '2020-05-27 23:52:32', '2020-05-27 23:58:07'),
(398, 8, 31, 0x000000000101000000929fd411c9cf5540e13a0b757a9d5040, 0x00000000010100000029c2387615c155402291e999a1a85040, '2020-03-18 20:14:42', '2020-03-18 20:37:41'),
(399, 2, 49, 0x000000000101000000cce354d6e5f151409d288f80741461c0, 0x00000000010100000068fab7da3bdd51404f0ada4e7c1561c0, '2019-10-27 23:21:58', '2019-10-27 23:30:47'),
(400, 37, 36, 0x0000000001010000008dbc1c5c575e4fc07e2f01186c176540, 0x000000000101000000ccc96054c9244fc05f42074613116540, '2019-05-03 04:09:56', '2019-05-03 04:15:02'),
(401, 10, 25, 0x00000000010100000006df03c387ef40c038342a06141a43c0, 0x000000000101000000c338316e54dc40c0ab35b019c6da42c0, '2019-07-23 00:37:57', '2019-07-23 01:06:42'),
(402, 34, 23, 0x000000000101000000b1a47c342b52304051da20aae0ec60c0, 0x000000000101000000e17d524a1bbf3040125eea0a5adf60c0, '2019-08-11 17:34:28', '2019-08-11 20:41:29'),
(403, 6, 13, 0x00000000010100000011e50556817253c06689409e04c561c0, 0x000000000101000000d1db0aaff38d53c0b0c3cedf1ad261c0, '2021-05-10 19:33:10', '2021-05-10 19:50:26'),
(404, 48, 27, 0x000000000101000000301c73ac0f0e504067203dbd28904cc0, 0x000000000101000000c1fccaee561e5040f393bd92f5894cc0, '2021-04-29 07:27:29', '2021-04-29 10:55:25'),
(405, 31, 25, 0x000000000101000000adee41524577544002ab41b3415563c0, 0x000000000101000000b6c6cca86083544050ba38f56d4d63c0, '2019-07-25 06:28:17', '2019-07-25 08:29:34'),
(406, 42, 32, 0x00000000010100000044057e249f0217c0b77b5047743e5d40, 0x00000000010100000045986a51174c17c02e62d77e5e515d40, '2021-04-14 05:49:03', '2021-04-14 07:51:24'),
(407, 4, 36, 0x000000000101000000e140e85753204dc0b6230bf7b2913940, 0x0000000001010000002945db4f9ce24cc0d977775df33b3940, '2020-10-21 12:50:49', '2020-10-21 14:49:55'),
(408, 12, 27, 0x0000000001010000007b473ac7a82329405e25837cbc9252c0, 0x0000000001010000009f8e1177c7c62940277115ee8f9852c0, '2020-09-10 01:10:50', '2020-09-10 03:24:28'),
(409, 31, 31, 0x00000000010100000080ba6baa4bdd2140ea3765c6c39b02c0, 0x0000000001010000004cfacbe617fd2040e2e66f6c96f3ffbf, '2021-02-22 14:23:05', '2021-02-22 15:43:04'),
(410, 19, 17, 0x00000000010100000079142e873a8a5040a77711e7c5bb2040, 0x0000000001010000005495dd45ae6a504017c0546f0c602140, '2019-12-08 01:41:29', '2019-12-08 02:44:38'),
(411, 38, 29, 0x0000000001010000001f29ad4da4944540d7a294ac21515dc0, 0x000000000101000000234f2d63756745409fb0088083385dc0, '2019-03-30 20:16:04', '2019-03-30 20:46:32'),
(412, 33, 28, 0x000000000101000000efd70933e4eb4b4034b01b4c05586040, 0x0000000001010000007d442cdc55e24b40157102f3d1486040, '2020-06-25 06:20:09', '2020-06-25 07:04:25'),
(413, 16, 19, 0x000000000101000000a45da1b30baf3e40617c31a730be4240, 0x00000000010100000049d25ddd20693e40323b50897edd4240, '2020-04-22 22:44:22', '2020-04-22 23:13:14'),
(414, 41, 19, 0x000000000101000000bcd5a67de6ea53c08d98de15254c5ac0, 0x000000000101000000df6003d274d053c0a5889d4f16645ac0, '2020-10-25 12:25:00', '2020-10-25 13:06:10'),
(415, 27, 24, 0x0000000001010000007a95b3bad7ca3f40e5ad7604f45641c0, 0x000000000101000000c0a174ccc810404072d78d06b12b41c0, '2021-06-06 05:33:04', '2021-06-06 06:09:35'),
(416, 26, 40, 0x000000000101000000fdaa00aa82d551c08948a0b140245140, 0x0000000001010000002ba19f7d94f051c00e1e61a9fa2e5140, '2019-08-15 04:41:10', '2019-08-15 05:53:28'),
(417, 19, 1, 0x000000000101000000612c44343e9650408efe476f5fff45c0, 0x00000000010100000089556e4dcf8a5040194e934215e745c0, '2021-03-06 20:11:20', '2021-03-06 20:58:46'),
(418, 42, 36, 0x000000000101000000dd3d5a8a001f334055f6b6a3437b4940, 0x000000000101000000219d4adad1ce32402e4a852c03654940, '2019-06-05 05:50:39', '2019-06-05 05:52:07'),
(419, 19, 29, 0x000000000101000000264b93228aa542c0bcfd25ca987e6640, 0x000000000101000000de0a583d83c542c005cf8fda3a776640, '2021-06-08 21:15:18', '2021-06-08 22:37:50'),
(420, 4, 15, 0x000000000101000000e946dd0370a322406adfed0da5ef5740, 0x0000000001010000007de23868377123404630591219f85740, '2019-03-17 18:13:28', '2019-03-17 18:21:51'),
(421, 27, 47, 0x000000000101000000487c7c1eaa3e2ac0993e36fb5e9f61c0, 0x00000000010100000002afcbfe97d72ac0b4ab9c98f4a561c0, '2020-10-07 14:13:22', '2020-10-07 14:13:38'),
(422, 36, 22, 0x0000000001010000000865862cb73235405911ce71e4085ec0, 0x000000000101000000a4afc0fed0d73440eab7b288a3fb5dc0, '2020-01-02 18:30:30', '2020-01-02 20:35:58'),
(423, 28, 41, 0x000000000101000000dc776c5a243c384082e3f57fc3f15bc0, 0x0000000001010000004678a90f593c38404aeb2c27cdd55bc0, '2020-06-12 11:52:42', '2020-06-12 12:37:52'),
(424, 35, 23, 0x0000000001010000007c632039afb154c03179bb0a90bc5240, 0x000000000101000000177372be869954c0fa24d44d76b25240, '2021-05-14 01:27:19', '2021-05-14 03:49:37'),
(425, 2, 3, 0x000000000101000000c22edc1252173c409ccf93cbcfe75640, 0x0000000001010000009d90227176c83b40727bcb61c1dd5640, '2019-03-21 08:11:42', '2019-03-21 09:26:42'),
(426, 22, 27, 0x0000000001010000006e113fd452882b40305850f8f72b42c0, 0x000000000101000000ba67ffcc15b42a40ca02c186444142c0, '2019-05-24 14:19:58', '2019-05-24 17:34:00'),
(427, 12, 18, 0x000000000101000000d70a86d829053540a6580f8ab7ab5ac0, 0x000000000101000000d7c85c12a5e43440aa05a785c6a25ac0, '2020-09-15 20:07:15', '2020-09-15 20:59:00'),
(428, 19, 28, 0x000000000101000000a807befbd2835040022f294c839757c0, 0x00000000010100000038bacc3f117d504013c09304fe7f57c0, '2019-05-08 14:27:34', '2019-05-08 15:22:52'),
(429, 40, 6, 0x000000000101000000f6770d7d08bc22c07dbaa5f053ddf2bf, 0x000000000101000000fa134596008a23c01f26c1773b93f8bf, '2020-08-02 12:08:32', '2020-08-02 14:30:09'),
(430, 28, 16, 0x0000000001010000000b6949076db447c0e3f8f1a2b0fc3440, 0x0000000001010000008c0b51d2cdc547c002859f763e423540, '2020-09-15 12:03:37', '2020-09-15 13:11:06'),
(431, 24, 2, 0x000000000101000000aff047c745f840c0362dc43598161240, 0x00000000010100000017d852ffef2b41c076ce67ca1ae71140, '2020-03-05 12:58:23', '2020-03-05 12:59:43'),
(432, 50, 38, 0x0000000001010000001ece6abd12674ac0a6bcf7fa39de49c0, 0x0000000001010000009f6bb365c5754ac004e60808e8b249c0, '2019-03-01 01:13:44', '2019-03-01 03:01:40'),
(433, 39, 28, 0x000000000101000000b6a2f59838d130c0de84ae3996c26340, 0x000000000101000000a28e3c1323c730c0b164795103c26340, '2019-07-07 07:41:22', '2019-07-07 08:15:10'),
(434, 35, 12, 0x0000000001010000003076bc9018bb514032c81ed4156452c0, 0x0000000001010000003389a6dbaaa451407a34c67e357a52c0, '2021-01-30 23:09:39', '2021-01-31 01:00:15'),
(435, 48, 30, 0x000000000101000000594f220ba8a753c0b10c591e0b0660c0, 0x00000000010100000056bade9e30bd53c07c086480031460c0, '2020-06-21 19:45:19', '2020-06-21 19:47:03'),
(436, 18, 33, 0x000000000101000000177b6de488bd4fc07e27bda9ca934040, 0x0000000001010000006a8252ac26814fc035bd34679d9e4040, '2020-09-29 18:48:03', '2020-09-29 20:26:39'),
(437, 23, 37, 0x000000000101000000bcf0df0146f80f40e4de105593ef65c0, 0x0000000001010000007197c100accb0c409fe7516503e465c0, '2021-03-18 17:40:26', '2021-03-18 19:10:38'),
(438, 13, 48, 0x0000000001010000003914d6053a0a31c0eb48bc3d6f245540, 0x0000000001010000009028dd2e7e1431c0efd9531b030d5540, '2020-03-17 06:01:15', '2020-03-17 06:27:03'),
(439, 41, 1, 0x000000000101000000d54e08ca6d271cc084dbbd5e7c6d6540, 0x000000000101000000d7fa28d0827d1ac017b6ecade16a6540, '2020-04-12 12:50:16', '2020-04-12 15:31:10'),
(440, 41, 13, 0x0000000001010000005dbb74a7c15d4dc0a85351facb296440, 0x00000000010100000050053c04b4424dc08486c37bfe326440, '2019-06-08 21:50:37', '2019-06-09 00:39:15'),
(441, 3, 24, 0x000000000101000000af49d26eda24334034ed4b1e92f650c0, 0x0000000001010000001b3706114f9b33406265e543b21251c0, '2020-11-18 15:31:17', '2020-11-18 17:13:45'),
(442, 46, 43, 0x0000000001010000005d5abb9712ad424042666663e3b26440, 0x0000000001010000004d3c27e133de4240f457e58d22bc6440, '2019-03-01 10:48:47', '2019-03-01 13:51:52'),
(443, 30, 25, 0x000000000101000000fe4a0c10852522c0735f2dc7b0af48c0, 0x000000000101000000906ca7be37b622c0f1f6f6fa7ebb48c0, '2020-09-22 00:34:11', '2020-09-22 00:52:59'),
(444, 3, 17, 0x0000000001010000009c02e604408155c08ba8fb1e2e5465c0, 0x0000000001010000004e7631cb159b55c0dc2020df906065c0, '2021-01-22 16:23:07', '2021-01-22 16:43:37'),
(445, 44, 43, 0x0000000001010000007f7eb1de23bfe83f3bf88df66c7c6340, 0x000000000101000000575a8aa21e2de53f15bdd2df456e6340, '2019-03-27 16:28:28', '2019-03-27 18:24:39'),
(446, 34, 9, 0x00000000010100000086a9b6a2a35435c0e2ff0e7629802f40, 0x0000000001010000005e182dd8630c35c0e315fb3eda8a2e40, '2020-03-24 12:41:54', '2020-03-24 13:20:02'),
(447, 2, 47, 0x000000000101000000e870824071384240be576ff0882b6440, 0x000000000101000000fc10eaca8f484240eadbafb1401e6440, '2019-04-16 20:53:44', '2019-04-16 21:00:25'),
(448, 9, 20, 0x000000000101000000ffd0280d8de85440e1a8273065d458c0, 0x0000000001010000002c0c2f8f0be65440bc1de386e4ee58c0, '2019-01-08 19:20:58', '2019-01-08 19:29:05'),
(449, 8, 9, 0x00000000010100000009c411c2086251c08874721d4e3a58c0, 0x000000000101000000661affd02d6d51c0a6cbb86fc64558c0, '2020-03-10 19:38:10', '2020-03-10 20:01:12'),
(450, 21, 9, 0x00000000010100000060a408b0265243c06048487b51a463c0, 0x000000000101000000d63e88e4865f43c04dc65710e9b263c0, '2020-11-08 13:00:39', '2020-11-08 13:12:29'),
(451, 4, 17, 0x0000000001010000004fac272d2ed64c40331b1ee2de8d62c0, 0x000000000101000000adcba111d1a54c4097db2d31959d62c0, '2021-01-27 02:03:07', '2021-01-27 04:55:53'),
(452, 34, 39, 0x000000000101000000cd833897244228c0049c60aa044e42c0, 0x0000000001010000008784bdc9aec227c034fd397e823e42c0, '2019-07-19 14:47:57', '2019-07-19 16:51:48'),
(453, 27, 21, 0x000000000101000000fa015270fe8054c05723f2cf9e115840, 0x000000000101000000d6bdbd3be97e54c03be0066621105840, '2021-04-18 20:42:25', '2021-04-18 21:26:09'),
(454, 36, 39, 0x000000000101000000d3c98ee0e96448c0b26faf1fd1b73b40, 0x0000000001010000002933d6609d5948c02a04af18f6013c40, '2019-01-18 06:33:14', '2019-01-18 06:54:42'),
(455, 47, 42, 0x000000000101000000a77086aa6a382fc060ac86e92f565440, 0x00000000010100000041e388b921712fc06edbb64cc04d5440, '2020-02-12 02:25:14', '2020-02-12 06:31:42'),
(456, 47, 24, 0x00000000010100000006ebea8893753340d30f20d20a083440, 0x000000000101000000a00e6c0963873340128ee226c9c63340, '2020-02-05 16:50:56', '2020-02-05 18:12:40'),
(457, 49, 39, 0x00000000010100000061678b50cfb33340af9222180e492940, 0x0000000001010000007650f85937a83340942f1c447a172940, '2021-02-11 22:35:05', '2021-02-11 23:10:05'),
(458, 38, 37, 0x00000000010100000083edc89dca7641c0ceb6fd7337db3a40, 0x0000000001010000009c242df4705241c0b1931030a7c93a40, '2019-01-23 09:19:22', '2019-01-23 10:38:32'),
(459, 41, 8, 0x000000000101000000ff84ae6f8bc251c050e6b5cca4f3fabf, 0x0000000001010000004a2f2807a8b751c0919fafe157d0ffbf, '2020-12-09 15:08:23', '2020-12-09 16:00:54'),
(460, 37, 40, 0x000000000101000000870cd4822b063040fec5de4a15e362c0, 0x000000000101000000d259fdf8142d304011d1dbfad0d862c0, '2019-10-19 05:26:18', '2019-10-19 08:31:04'),
(461, 22, 16, 0x000000000101000000d6ba9beb70dd214026b7e22d73db6340, 0x0000000001010000006d9c230a3dce22408a70e76620e86340, '2019-03-07 13:44:42', '2019-03-07 14:00:47'),
(462, 9, 45, 0x000000000101000000066464ac09324f407e499d78c2a45340, 0x0000000001010000005d6a84f327f54e4040d268de28895340, '2019-05-15 15:53:54', '2019-05-15 19:03:22'),
(463, 33, 46, 0x000000000101000000acaa62d12d55f13fddab1133d3d54ac0, 0x0000000001010000004935782eb01af43f43ff913a80bf4ac0, '2021-06-07 10:51:27', '2021-06-07 11:06:41'),
(464, 48, 33, 0x000000000101000000bcdd6945da6e564054748d2a403a64c0, 0x000000000101000000066aecd9f25456407d9b78f58f3d64c0, '2019-01-23 11:26:35', '2019-01-23 13:31:59'),
(465, 31, 3, 0x0000000001010000004cf62d6b32fb41c0b809aeead00454c0, 0x000000000101000000a2e1e903e53042c0f08e6e1085e753c0, '2019-02-17 10:51:13', '2019-02-17 11:28:13'),
(466, 21, 43, 0x00000000010100000099d6551b456b524077ada99d4ad62cc0, 0x000000000101000000671887253d6c5240891698a1670b2dc0, '2020-05-27 18:37:43', '2020-05-27 19:30:38'),
(467, 1, 17, 0x000000000101000000b668e3af5a3453c00833b8b1869961c0, 0x000000000101000000da87902af42353c00c9a0271da9c61c0, '2019-09-11 11:57:57', '2019-09-11 15:02:09'),
(468, 25, 30, 0x000000000101000000ab092666ee0446c00a1b8997c40d6140, 0x0000000001010000001b28c36e22d445c0d2b2d26b33096140, '2019-07-29 19:25:43', '2019-07-29 19:50:12'),
(469, 6, 42, 0x000000000101000000451ebeebf20e35c043ca75411ce522c0, 0x0000000001010000002d191bd0a90c35c037b8e4f0225c23c0, '2021-01-28 14:30:42', '2021-01-28 16:03:47'),
(470, 28, 5, 0x00000000010100000049072b08ac0350407af10a0aca784bc0, 0x0000000001010000003cebd2b79a155040d7b68267659b4bc0, '2020-02-07 17:43:19', '2020-02-07 17:49:36'),
(471, 5, 23, 0x000000000101000000fd975e78f54b48c004f293e209f95ec0, 0x00000000010100000009828ab0fa8048c06330f05633f85ec0, '2020-12-04 02:10:27', '2020-12-04 02:21:50'),
(472, 37, 23, 0x000000000101000000b3ffc701cc7f55408bf74d0e1efc5bc0, 0x000000000101000000905be45dd28d5540dc739de5411a5cc0, '2019-08-15 15:16:53', '2019-08-15 16:40:56'),
(473, 20, 45, 0x0000000001010000008e0fe0a0d2074f40a78e24d6464740c0, 0x000000000101000000b86dda20e0f64e40ffaacef37b1540c0, '2021-01-31 04:13:19', '2021-01-31 05:06:15'),
(474, 35, 26, 0x0000000001010000002f0cd2fce0053fc0e67d2ef6853fd7bf, 0x000000000101000000aa9def01974e3fc059f9f0d9137dd8bf, '2020-05-16 11:00:59', '2020-05-16 11:16:47'),
(475, 35, 15, 0x0000000001010000001c7dd2707dbe5540a799cba8f54c61c0, 0x0000000001010000005741c00ea5c055408f66705f274361c0, '2020-01-13 01:19:28', '2020-01-13 03:16:32'),
(476, 47, 46, 0x0000000001010000007d32e3ac4e1956c00d353cb6d11a5bc0, 0x0000000001010000002760914b201056c059ae9efd91375bc0, '2019-11-26 06:12:25', '2019-11-26 06:59:35'),
(477, 10, 8, 0x000000000101000000857ade3b4a3d4a40f8575a35712c5ec0, 0x00000000010100000004e71da772334a4091703abe47185ec0, '2019-08-05 03:14:49', '2019-08-05 03:56:48'),
(478, 33, 15, 0x000000000101000000f9967f43b0cb3140b2db1ba80f6e64c0, 0x00000000010100000000a1d05ec3d031408484998f537264c0, '2020-11-18 09:38:08', '2020-11-18 13:43:52'),
(479, 19, 48, 0x00000000010100000010d055640be826406dc6c2e1d5635ac0, 0x000000000101000000d5423d97e3a027406983cbaacc615ac0, '2019-11-19 14:17:15', '2019-11-19 16:20:42'),
(480, 7, 5, 0x0000000001010000007c3af337389d4e409efb1e6e2d7e5ac0, 0x0000000001010000005ae52a9f98b24e40d082204605615ac0, '2020-04-29 07:17:50', '2020-04-29 07:48:12'),
(481, 48, 20, 0x000000000101000000b806f23c53835440d7fe040e7aff63c0, 0x000000000101000000d3293638f0745440365e6dc22bff63c0, '2019-08-22 01:37:11', '2019-08-22 04:04:36'),
(482, 30, 22, 0x000000000101000000a52a8caa459551c08ccb675cd0e550c0, 0x000000000101000000bae6d53b679351c0c356e42a66cb50c0, '2019-03-17 16:40:08', '2019-03-17 17:09:23'),
(483, 43, 41, 0x000000000101000000934f8042bc274f4046c54837ad625740, 0x000000000101000000e7eadda383354f40a9e4d62164525740, '2019-10-12 12:27:34', '2019-10-12 13:01:41'),
(484, 24, 22, 0x0000000001010000009f5466da7c2a35c01e0c6e221b063bc0, 0x000000000101000000d023ecc5169235c02082e872e7c03ac0, '2021-02-11 12:44:25', '2021-02-11 13:22:49'),
(485, 36, 13, 0x00000000010100000048e2505222f15040771d85b3158f5940, 0x000000000101000000816b5393c8d55040e2ebc457a1955940, '2021-02-06 10:16:05', '2021-02-06 13:09:32'),
(486, 25, 37, 0x0000000001010000006682576c28c146c0c495afa7ecca4dc0, 0x00000000010100000007a7c3819f9346c0cbe870a450b44dc0, '2019-11-08 20:17:52', '2019-11-08 23:11:35'),
(487, 7, 6, 0x000000000101000000d15f98b9d52f4bc092cc188257e66440, 0x000000000101000000280b44dd86454bc0b6c03c534af06440, '2020-11-01 00:31:13', '2020-11-01 02:00:31'),
(488, 34, 21, 0x000000000101000000a900ca5e500040c06741189fd9a06340, 0x00000000010100000021acbdb22b1640c0075ef825129f6340, '2021-04-15 23:02:42', '2021-04-16 00:19:10'),
(489, 16, 42, 0x0000000001010000004e2b9c9cb41522c03820cba5eb8f3940, 0x0000000001010000003f142236220a22c075d739e49b6b3940, '2019-08-21 03:27:33', '2019-08-21 06:00:31'),
(490, 28, 8, 0x00000000010100000083b44900335a53c0ef559fb2a42a62c0, 0x000000000101000000ae41f005e34053c0e224ef68c22262c0, '2020-05-27 01:16:34', '2020-05-27 03:52:08'),
(491, 26, 39, 0x000000000101000000aa41a30acb2052c0534d88d4bd2614c0, 0x00000000010100000038328a0a1c3952c09b096418b20414c0, '2021-03-23 07:04:57', '2021-03-23 07:33:50'),
(492, 43, 25, 0x000000000101000000daa03aa0224d8dbf31435e166a215ec0, 0x000000000101000000d9576ffe14acd73f68c9e9a6c4045ec0, '2021-05-13 03:17:16', '2021-05-13 03:22:08'),
(493, 41, 14, 0x000000000101000000ae7d48cb103f28c0da04faf6ad8262c0, 0x000000000101000000d867c1ba25b427c03d2525d88a8262c0, '2020-05-26 16:33:00', '2020-05-26 18:12:32'),
(494, 26, 25, 0x00000000010100000059976e8ab04b2340177ee2b9253f4fc0, 0x0000000001010000003c21620357102440a8dea01e5c2f4fc0, '2019-11-29 13:06:32', '2019-11-29 15:46:25'),
(495, 47, 32, 0x0000000001010000006eded2535c6f3fc0cded7f28c77663c0, 0x000000000101000000d3bec4a263df3fc07e1afbef6d7d63c0, '2020-09-08 17:44:51', '2020-09-08 18:13:56'),
(496, 22, 7, 0x00000000010100000063e16e2d9a7040c0a4dcaa68496e5640, 0x0000000001010000002016f5ca224b40c0da1a5c57716d5640, '2020-08-11 05:49:21', '2020-08-11 08:41:29'),
(497, 29, 49, 0x000000000101000000165e22001b2f4240a83f1ba78c1f6440, 0x00000000010100000065de6253252f42407fa8774425246440, '2020-04-01 00:41:38', '2020-04-01 00:50:51'),
(498, 19, 9, 0x000000000101000000f0e32297f471d1bf594aa62c42a564c0, 0x000000000101000000573caadd461ec53f532162ef97a064c0, '2020-07-26 00:29:15', '2020-07-26 01:03:35'),
(499, 23, 28, 0x00000000010100000037b5ecbc5f5a38407e6fc81e6a375f40, 0x00000000010100000024b06c0b30d8384066bf18d04e3f5f40, '2019-11-02 23:41:48', '2019-11-03 00:28:39'),
(500, 27, 26, 0x000000000101000000576231d3293154c013bf5c97b75f3a40, 0x000000000101000000bc4aaaab5d4554c06ccf37c6c0673a40, '2021-04-19 06:20:50', '2021-04-19 07:05:21');

-- --------------------------------------------------------

--
-- Table structure for table `drivers`
--

CREATE TABLE `drivers` (
  `id` int(11) NOT NULL,
  `name` varchar(255) NOT NULL,
  `phone` varchar(255) NOT NULL
) ENGINE=InnoDB DEFAULT CHARSET=utf8mb4;

--
-- Dumping data for table `drivers`
--

INSERT INTO `drivers` (`id`, `name`, `phone`) VALUES
(1, 'ali9AbdUI', '+989482564718'),
(2, 'aliSs8rUafcL7o', '+989404704101'),
(3, 'mGSRtFMFaJd3gfw', '+989446041754'),
(4, 'KkdDpW2vGWo', '+989634360389'),
(5, 'GBMBrkw', '+989357007121'),
(6, '8cLZ5S', '+989218238704'),
(7, 'aliBlW3N0', '+989798070755'),
(8, 'KHL9EN1vDxuTwi', '+989225976532'),
(9, 'alikUVuGwJ', '+989547238711'),
(10, 'UbryWtjUY8Hu', '+989701620913'),
(11, 'F iQFjkL1ude09', '+989177368151'),
(12, 'uh HwF', '+989177364987'),
(13, 'vlYNg', '+989150755829'),
(14, 'aliE11MDiXpZqg6l', '+989397518677'),
(15, 'alinrTdtASnsBUeKL', '+989220089065'),
(16, 'ali Ft8Mm9', '+989423372997'),
(17, 'Tnec1ISSDhQFAaD', '+989868209880'),
(18, '8dGrL7', '+989385286980'),
(19, 'uogUIi4jsuhYa', '+989162700100'),
(20, 'alifCoE2YVVRHZ3Iy', '+989231673431'),
(21, 'wbpLKv', '+989148579314'),
(22, 'aligCIgvZ8', '+989751975856'),
(23, 'aliUulc3SzBNhZbL', '+989950920006'),
(24, 'zb8IfmlS', '+989754466052'),
(25, 'aliyZxIphb', '+989808860475'),
(26, 'PPpoPX8il6h hd', '+989909335580'),
(27, 'aliXseHAS11N4', '+989409895170'),
(28, 'vidK JLm', '+989857728454'),
(29, 'QQILGyGSLz8f', '+989868212291'),
(30, 'aliLi qpCkUr', '+989818601661'),
(31, 'aliFOzJjeIC3PuCp', '+989807270644'),
(32, 'Karez4SpAm2g', '+989632609916'),
(33, 'B3N75zHf2', '+989567657792'),
(34, 'fG0P Bm5DoF3M', '+989811648871'),
(35, 'alizZ6lCLS R', '+989278081493'),
(36, 'FCDDN31jHJ1', '+989709358297'),
(37, 'aliEH9lR7jUwG FaP', '+989120191187'),
(38, 'nbxRb8VW3', '+989301962011'),
(39, 'lgaNr', '+989264266028'),
(40, 'VzitukaBpTZG4z', '+989445709555'),
(41, 'BIPEfVXX4qqBOL3', '+989378379615'),
(42, 'alikwKzwYSHKWRZmGL', '+989665040644'),
(43, 'ali6JXWN5HlXiT', '+989569696883'),
(44, 'ua6B HIqM8G', '+989982873730'),
(45, 'ZLDTH2UtFjeJ3jM', '+989612227234'),
(46, 'j4dyz7Eb', '+989771335900'),
(47, 'EoLQ1mbO7', '+989758604267'),
(48, 'ali9EEv2sAnG', '+989495060170'),
(49, 'gShBgCbb53w9', '+989652589194'),
(50, 'jbuVq', '+989963215413');

-- --------------------------------------------------------

--
-- Table structure for table `orders`
--

CREATE TABLE `orders` (
  `delivery_id` int(11) NOT NULL,
  `price` decimal(10,2) NOT NULL
) ENGINE=InnoDB DEFAULT CHARSET=utf8mb4;

--
-- Dumping data for table `orders`
--

INSERT INTO `orders` (`delivery_id`, `price`) VALUES
(1, '78640.00'),
(2, '169492.00'),
(3, '167426.00'),
(4, '85123.00'),
(5, '53477.00'),
(6, '83212.00'),
(7, '64606.00'),
(8, '137353.00'),
(9, '61435.00'),
(10, '113396.00'),
(11, '183493.00'),
(12, '117652.00'),
(13, '155735.00'),
(14, '198059.00'),
(15, '89537.00'),
(16, '130053.00'),
(17, '36431.00'),
(18, '124672.00'),
(19, '158737.00'),
(20, '55403.00'),
(21, '97266.00'),
(22, '75114.00'),
(23, '112782.00'),
(24, '193925.00'),
(25, '156866.00'),
(26, '128771.00'),
(27, '52228.00'),
(28, '172103.00'),
(29, '45614.00'),
(30, '194873.00'),
(31, '59268.00'),
(32, '191246.00'),
(33, '182503.00'),
(34, '83454.00'),
(35, '188497.00'),
(36, '127686.00'),
(37, '85509.00'),
(38, '159649.00'),
(39, '89259.00'),
(40, '120797.00'),
(41, '118381.00'),
(42, '180546.00'),
(43, '47200.00'),
(44, '141858.00'),
(45, '153982.00'),
(46, '189049.00'),
(47, '132200.00'),
(48, '67442.00'),
(49, '139899.00'),
(50, '120802.00'),
(51, '77184.00'),
(52, '101086.00'),
(53, '109156.00'),
(54, '97106.00'),
(55, '43119.00'),
(56, '145573.00'),
(57, '98768.00'),
(58, '115644.00'),
(59, '29478.00'),
(60, '91795.00'),
(61, '73146.00'),
(62, '156363.00'),
(63, '162339.00'),
(64, '56199.00'),
(65, '36354.00'),
(66, '78368.00'),
(67, '25472.00'),
(68, '77305.00'),
(69, '50058.00'),
(70, '166982.00'),
(71, '116299.00'),
(72, '157926.00'),
(73, '53503.00'),
(74, '71773.00'),
(75, '101662.00'),
(76, '104633.00'),
(77, '155079.00'),
(78, '68038.00'),
(79, '45766.00'),
(80, '107812.00'),
(81, '191201.00'),
(82, '163386.00'),
(83, '160219.00'),
(84, '175802.00'),
(85, '87989.00'),
(86, '124583.00'),
(87, '121522.00'),
(88, '34471.00'),
(89, '110598.00'),
(90, '149702.00'),
(91, '72568.00'),
(92, '84018.00'),
(93, '47829.00'),
(94, '139348.00'),
(95, '59799.00'),
(96, '54306.00'),
(97, '94489.00'),
(98, '65726.00'),
(99, '32778.00'),
(100, '125550.00'),
(101, '196798.00'),
(102, '162647.00'),
(103, '48985.00'),
(104, '155114.00'),
(105, '42698.00'),
(106, '126890.00'),
(107, '157583.00'),
(108, '95976.00'),
(109, '190011.00'),
(110, '125806.00'),
(111, '43765.00'),
(112, '146477.00'),
(113, '88362.00'),
(114, '186491.00'),
(115, '191974.00'),
(116, '182294.00'),
(117, '54344.00'),
(118, '90793.00'),
(119, '85133.00'),
(120, '40794.00'),
(121, '163057.00'),
(122, '127138.00'),
(123, '98904.00'),
(124, '70000.00'),
(125, '110813.00'),
(126, '150827.00'),
(127, '155666.00'),
(128, '113258.00'),
(129, '155214.00'),
(130, '96764.00'),
(131, '170854.00'),
(132, '198178.00'),
(133, '125334.00'),
(134, '63826.00'),
(135, '197076.00'),
(136, '74128.00'),
(137, '185264.00'),
(138, '191245.00'),
(139, '172495.00'),
(140, '88096.00'),
(141, '51326.00'),
(142, '149744.00'),
(143, '121118.00'),
(144, '98952.00'),
(145, '173129.00'),
(146, '97477.00'),
(147, '75389.00'),
(148, '197599.00'),
(149, '92525.00'),
(150, '178099.00'),
(151, '118414.00'),
(152, '68556.00'),
(153, '27527.00'),
(154, '187536.00'),
(155, '44737.00'),
(156, '158279.00'),
(157, '159917.00'),
(158, '73615.00'),
(159, '39529.00'),
(160, '115137.00'),
(161, '89079.00'),
(162, '47910.00'),
(163, '47649.00'),
(164, '65820.00'),
(165, '32472.00'),
(166, '131869.00'),
(167, '116671.00'),
(168, '91951.00'),
(169, '137083.00'),
(170, '30240.00'),
(171, '133280.00'),
(172, '67987.00'),
(173, '88359.00'),
(174, '159409.00'),
(175, '69237.00'),
(176, '139624.00'),
(177, '68918.00'),
(178, '46477.00'),
(179, '108353.00'),
(180, '133016.00'),
(181, '40031.00'),
(182, '158631.00'),
(183, '27961.00'),
(184, '67190.00'),
(185, '175647.00'),
(186, '193841.00'),
(187, '47219.00'),
(188, '199754.00'),
(189, '50312.00'),
(190, '110378.00'),
(191, '99690.00'),
(192, '95266.00'),
(193, '127932.00'),
(194, '193036.00'),
(195, '168649.00'),
(196, '33845.00'),
(197, '55774.00'),
(198, '106195.00'),
(199, '145802.00'),
(200, '116035.00'),
(201, '187923.00'),
(202, '33098.00'),
(203, '59069.00'),
(204, '125628.00'),
(205, '116437.00'),
(206, '36157.00'),
(207, '155550.00'),
(208, '154100.00'),
(209, '35868.00'),
(210, '149981.00'),
(211, '143525.00'),
(212, '156028.00'),
(213, '128707.00'),
(214, '55235.00'),
(215, '149978.00'),
(216, '31026.00'),
(217, '157634.00'),
(218, '135252.00'),
(219, '26947.00'),
(220, '165833.00'),
(221, '138840.00'),
(222, '68271.00'),
(223, '189013.00'),
(224, '60124.00'),
(225, '47931.00'),
(226, '68085.00'),
(227, '107475.00'),
(228, '79091.00'),
(229, '107523.00'),
(230, '131456.00'),
(231, '179695.00'),
(232, '61769.00'),
(233, '199195.00'),
(234, '107779.00'),
(235, '134424.00'),
(236, '69058.00'),
(237, '99099.00'),
(238, '34394.00'),
(239, '141055.00'),
(240, '96316.00'),
(241, '43182.00'),
(242, '72778.00'),
(243, '199016.00'),
(244, '51447.00'),
(245, '166559.00'),
(246, '115144.00'),
(247, '73534.00'),
(248, '145819.00'),
(249, '101716.00'),
(250, '171458.00'),
(251, '174070.00'),
(252, '191411.00'),
(253, '57210.00'),
(254, '193409.00'),
(255, '118633.00'),
(256, '50544.00'),
(257, '81452.00'),
(258, '27408.00'),
(259, '91740.00'),
(260, '155655.00'),
(261, '144622.00'),
(262, '51777.00'),
(263, '100524.00'),
(264, '41954.00'),
(265, '193276.00'),
(266, '177241.00'),
(267, '144229.00'),
(268, '75121.00'),
(269, '72680.00'),
(270, '183338.00'),
(271, '174691.00'),
(272, '41361.00'),
(273, '83349.00'),
(274, '148583.00'),
(275, '188696.00'),
(276, '86881.00'),
(277, '133534.00'),
(278, '114278.00'),
(279, '181977.00'),
(280, '155301.00'),
(281, '178274.00'),
(282, '95915.00'),
(283, '151617.00'),
(284, '70989.00'),
(285, '42356.00'),
(286, '33499.00'),
(287, '34270.00'),
(288, '113714.00'),
(289, '64641.00'),
(290, '126976.00'),
(291, '188505.00'),
(292, '147737.00'),
(293, '147911.00'),
(294, '169456.00'),
(295, '163581.00'),
(296, '101158.00'),
(297, '94143.00'),
(298, '109955.00'),
(299, '129649.00'),
(300, '44824.00'),
(301, '188398.00'),
(302, '163647.00'),
(303, '65847.00'),
(304, '128208.00'),
(305, '157202.00'),
(306, '62816.00'),
(307, '104170.00'),
(308, '92621.00'),
(309, '80254.00'),
(310, '52558.00'),
(311, '59394.00'),
(312, '74010.00'),
(313, '59326.00'),
(314, '184373.00'),
(315, '127321.00'),
(316, '129790.00'),
(317, '109049.00'),
(318, '30033.00'),
(319, '126894.00'),
(320, '159494.00'),
(321, '94232.00'),
(322, '123998.00'),
(323, '188580.00'),
(324, '36898.00'),
(325, '134508.00'),
(326, '166792.00'),
(327, '143290.00'),
(328, '156511.00'),
(329, '166942.00'),
(330, '154077.00'),
(331, '123224.00'),
(332, '170404.00'),
(333, '93255.00'),
(334, '163423.00'),
(335, '152347.00'),
(336, '165974.00'),
(337, '63501.00'),
(338, '154385.00'),
(339, '96554.00'),
(340, '28524.00'),
(341, '48501.00'),
(342, '56423.00'),
(343, '120835.00'),
(344, '113972.00'),
(345, '112691.00'),
(346, '60491.00'),
(347, '175654.00'),
(348, '133225.00'),
(349, '126250.00'),
(350, '121899.00'),
(351, '109383.00'),
(352, '143344.00'),
(353, '84523.00'),
(354, '170059.00'),
(355, '161683.00'),
(356, '121788.00'),
(357, '167615.00'),
(358, '65753.00'),
(359, '124763.00'),
(360, '107422.00'),
(361, '93219.00'),
(362, '51957.00'),
(363, '95653.00'),
(364, '112650.00'),
(365, '36908.00'),
(366, '108781.00'),
(367, '132266.00'),
(368, '67832.00'),
(369, '109714.00'),
(370, '30391.00'),
(371, '158217.00'),
(372, '80252.00'),
(373, '163396.00'),
(374, '100817.00'),
(375, '92822.00'),
(376, '89039.00'),
(377, '61461.00'),
(378, '67932.00'),
(379, '197270.00'),
(380, '81120.00'),
(381, '151998.00'),
(382, '162699.00'),
(383, '27416.00'),
(384, '150860.00'),
(385, '124341.00'),
(386, '130301.00'),
(387, '113719.00'),
(388, '179963.00'),
(389, '61769.00'),
(390, '48848.00'),
(391, '168228.00'),
(392, '183572.00'),
(393, '115548.00'),
(394, '110856.00'),
(395, '69644.00'),
(396, '162810.00'),
(397, '67855.00'),
(398, '88432.00'),
(399, '117445.00'),
(400, '196423.00'),
(401, '57818.00'),
(402, '110149.00'),
(403, '188911.00'),
(404, '137037.00'),
(405, '37282.00'),
(406, '67262.00'),
(407, '81260.00'),
(408, '147647.00'),
(409, '194352.00'),
(410, '191088.00'),
(411, '35912.00'),
(412, '31844.00'),
(413, '194470.00'),
(414, '190615.00'),
(415, '69860.00'),
(416, '94307.00'),
(417, '29430.00'),
(418, '109079.00'),
(419, '166234.00'),
(420, '154319.00'),
(421, '144977.00'),
(422, '33246.00'),
(423, '146763.00'),
(424, '97319.00'),
(425, '116225.00'),
(426, '121095.00'),
(427, '178974.00'),
(428, '41586.00'),
(429, '154606.00'),
(430, '36388.00'),
(431, '90538.00'),
(432, '144298.00'),
(433, '46351.00'),
(434, '46046.00'),
(435, '135730.00'),
(436, '168202.00'),
(437, '183830.00'),
(438, '128935.00'),
(439, '102455.00'),
(440, '89109.00'),
(441, '46445.00'),
(442, '48925.00'),
(443, '29734.00'),
(444, '173214.00'),
(445, '111817.00'),
(446, '167723.00'),
(447, '183281.00'),
(448, '118141.00'),
(449, '76609.00'),
(450, '62757.00'),
(451, '50392.00'),
(452, '122576.00'),
(453, '178151.00'),
(454, '93826.00'),
(455, '46991.00'),
(456, '50525.00'),
(457, '62841.00'),
(458, '130489.00'),
(459, '144888.00'),
(460, '164500.00'),
(461, '123816.00'),
(462, '55977.00'),
(463, '113145.00'),
(464, '60370.00'),
(465, '54627.00'),
(466, '174837.00'),
(467, '65859.00'),
(468, '28163.00'),
(469, '74004.00'),
(470, '101608.00'),
(471, '140838.00'),
(472, '106438.00'),
(473, '90912.00'),
(474, '62354.00'),
(475, '187410.00'),
(476, '69349.00'),
(477, '81195.00'),
(478, '32753.00'),
(479, '106735.00'),
(480, '100794.00'),
(481, '126821.00'),
(482, '192757.00'),
(483, '132302.00'),
(484, '144141.00'),
(485, '26777.00'),
(486, '171500.00'),
(487, '70621.00'),
(488, '180951.00'),
(489, '73197.00'),
(490, '33963.00'),
(491, '88317.00'),
(492, '133725.00'),
(493, '117699.00'),
(494, '40615.00'),
(495, '147955.00'),
(496, '54423.00'),
(497, '91789.00'),
(498, '51648.00'),
(499, '173181.00'),
(500, '174177.00');

-- --------------------------------------------------------

--
-- Table structure for table `rates`
--

CREATE TABLE `rates` (
  `delivery_id` int(11) NOT NULL,
  `rate` enum('1','2','3','4','5') NOT NULL
) ENGINE=InnoDB DEFAULT CHARSET=utf8mb4;

--
-- Dumping data for table `rates`
--

INSERT INTO `rates` (`delivery_id`, `rate`) VALUES
(1, '3'),
(2, '5'),
(3, '5'),
(4, '3'),
(5, '4'),
(6, '5'),
(7, '4'),
(8, '4'),
(9, '2'),
(10, '3'),
(11, '2'),
(12, '3'),
(13, '3'),
(14, '3'),
(15, '1'),
(16, '1'),
(17, '5'),
(18, '3'),
(19, '2'),
(20, '3'),
(21, '3'),
(22, '4'),
(23, '1'),
(24, '1'),
(25, '2'),
(26, '1'),
(27, '1'),
(28, '5'),
(29, '4'),
(30, '2'),
(31, '2'),
(32, '5'),
(33, '1'),
(34, '1'),
(35, '3'),
(36, '3'),
(37, '2'),
(38, '2'),
(39, '2'),
(40, '2'),
(41, '4'),
(42, '1'),
(43, '2'),
(44, '3'),
(45, '5'),
(46, '3'),
(47, '1'),
(48, '3'),
(49, '3'),
(50, '2'),
(51, '4'),
(52, '5'),
(53, '2'),
(54, '1'),
(55, '4'),
(56, '1'),
(57, '1'),
(58, '1'),
(59, '3'),
(60, '4'),
(61, '3'),
(62, '1'),
(63, '4'),
(64, '1'),
(65, '2'),
(66, '3'),
(67, '1'),
(68, '1'),
(69, '5'),
(70, '5'),
(71, '3'),
(72, '3'),
(73, '5'),
(74, '4'),
(75, '5'),
(76, '1'),
(77, '5'),
(78, '2'),
(79, '3'),
(80, '4'),
(81, '2'),
(82, '1'),
(83, '4'),
(84, '1'),
(85, '3'),
(86, '2'),
(87, '2'),
(88, '3'),
(89, '1'),
(90, '2'),
(91, '1'),
(92, '4'),
(93, '2'),
(94, '4'),
(95, '3'),
(96, '3'),
(97, '2'),
(98, '2'),
(99, '5'),
(100, '1'),
(101, '1'),
(102, '2'),
(103, '1'),
(104, '4'),
(105, '2'),
(106, '4'),
(107, '2'),
(108, '1'),
(109, '2'),
(110, '4'),
(111, '4'),
(112, '5'),
(113, '5'),
(114, '5'),
(115, '5'),
(116, '5'),
(117, '4'),
(118, '3'),
(119, '5'),
(120, '2'),
(121, '4'),
(122, '1'),
(123, '3'),
(124, '3'),
(125, '3'),
(126, '5'),
(127, '2'),
(128, '5'),
(129, '2'),
(130, '3'),
(131, '5'),
(132, '3'),
(133, '4'),
(134, '3'),
(135, '2'),
(136, '2'),
(137, '3'),
(138, '3'),
(139, '5'),
(140, '1'),
(141, '2'),
(142, '4'),
(143, '3'),
(144, '2'),
(145, '3'),
(146, '3'),
(147, '1'),
(148, '2'),
(149, '5'),
(150, '4'),
(151, '5'),
(152, '5'),
(153, '3'),
(154, '5'),
(155, '5'),
(156, '1'),
(157, '2'),
(158, '4'),
(159, '4'),
(160, '5'),
(161, '2'),
(162, '4'),
(163, '3'),
(164, '1'),
(165, '5'),
(166, '2'),
(167, '3'),
(168, '3'),
(169, '3'),
(170, '1'),
(171, '5'),
(172, '1'),
(173, '1'),
(174, '5'),
(175, '4'),
(176, '3'),
(177, '3'),
(178, '2'),
(179, '1'),
(180, '1'),
(181, '3'),
(182, '2'),
(183, '1'),
(184, '2'),
(185, '3'),
(186, '1'),
(187, '4'),
(188, '4'),
(189, '4'),
(190, '2'),
(191, '4'),
(192, '3'),
(193, '5'),
(194, '5'),
(195, '5'),
(196, '4'),
(197, '2'),
(198, '5'),
(199, '1'),
(200, '3'),
(201, '1'),
(202, '3'),
(203, '1'),
(204, '5'),
(205, '1'),
(206, '4'),
(207, '5'),
(208, '4'),
(209, '2'),
(210, '5'),
(211, '1'),
(212, '3'),
(213, '5'),
(214, '1'),
(215, '1'),
(216, '4'),
(217, '4'),
(218, '4'),
(219, '4'),
(220, '3'),
(221, '2'),
(222, '5'),
(223, '1'),
(224, '1'),
(225, '1'),
(226, '5'),
(227, '5'),
(228, '4'),
(229, '2'),
(230, '5'),
(231, '1'),
(232, '2'),
(233, '1'),
(234, '1'),
(235, '4'),
(236, '4'),
(237, '5'),
(238, '3'),
(239, '3'),
(240, '2'),
(241, '4'),
(242, '2'),
(243, '3'),
(244, '2'),
(245, '5'),
(246, '5'),
(247, '1'),
(248, '5'),
(249, '4'),
(250, '5'),
(251, '1'),
(252, '5'),
(253, '4'),
(254, '2'),
(255, '2'),
(256, '1'),
(257, '1'),
(258, '1'),
(259, '4'),
(260, '1'),
(261, '2'),
(262, '2'),
(263, '2'),
(264, '2'),
(265, '1'),
(266, '4'),
(267, '4'),
(268, '1'),
(269, '3'),
(270, '4'),
(271, '3'),
(272, '4'),
(273, '2'),
(274, '4'),
(275, '1'),
(276, '2'),
(277, '2'),
(278, '3'),
(279, '1'),
(280, '2'),
(281, '2'),
(282, '2'),
(283, '1'),
(284, '5'),
(285, '2'),
(286, '1'),
(287, '2'),
(288, '4'),
(289, '1'),
(290, '5'),
(291, '2'),
(292, '2'),
(293, '5'),
(294, '5'),
(295, '2'),
(296, '3'),
(297, '4'),
(298, '5'),
(299, '4'),
(300, '1'),
(301, '4'),
(302, '2'),
(303, '3'),
(304, '5'),
(305, '4'),
(306, '4'),
(307, '4'),
(308, '5'),
(309, '3'),
(310, '2'),
(311, '1'),
(312, '5'),
(313, '1'),
(314, '5'),
(315, '2'),
(316, '5'),
(317, '3'),
(318, '2'),
(319, '1'),
(320, '1'),
(321, '2'),
(322, '4'),
(323, '5'),
(324, '5'),
(325, '5'),
(326, '2'),
(327, '2'),
(328, '3'),
(329, '1'),
(330, '4'),
(331, '3'),
(332, '4'),
(333, '1'),
(334, '3'),
(335, '3'),
(336, '3'),
(337, '5'),
(338, '4'),
(339, '2'),
(340, '2'),
(341, '1'),
(342, '5'),
(343, '5'),
(344, '5'),
(345, '2'),
(346, '3'),
(347, '4'),
(348, '4'),
(349, '4'),
(350, '3'),
(351, '4'),
(352, '5'),
(353, '1'),
(354, '5'),
(355, '2'),
(356, '4'),
(357, '3'),
(358, '4'),
(359, '1'),
(360, '4'),
(361, '5'),
(362, '4'),
(363, '3'),
(364, '5'),
(365, '5'),
(366, '4'),
(367, '4'),
(368, '2'),
(369, '4'),
(370, '4'),
(371, '3'),
(372, '4'),
(373, '1'),
(374, '4'),
(375, '1'),
(376, '4'),
(377, '1'),
(378, '3'),
(379, '4'),
(380, '2'),
(381, '4'),
(382, '5'),
(383, '3'),
(384, '2'),
(385, '5'),
(386, '3'),
(387, '5'),
(388, '4'),
(389, '5'),
(390, '4'),
(391, '4'),
(392, '3'),
(393, '4'),
(394, '3'),
(395, '5'),
(396, '2'),
(397, '4'),
(398, '1'),
(399, '1'),
(400, '5'),
(401, '1'),
(402, '5'),
(403, '3'),
(404, '4'),
(405, '2'),
(406, '5'),
(407, '3'),
(408, '3'),
(409, '4'),
(410, '3'),
(411, '1'),
(412, '4'),
(413, '4'),
(414, '1'),
(415, '4'),
(416, '3'),
(417, '3'),
(418, '3'),
(419, '3'),
(420, '5'),
(421, '2'),
(422, '3'),
(423, '4'),
(424, '3'),
(425, '4'),
(426, '4'),
(427, '1'),
(428, '2'),
(429, '3'),
(430, '5'),
(431, '1'),
(432, '4'),
(433, '5'),
(434, '2'),
(435, '5'),
(436, '3'),
(437, '3'),
(438, '1'),
(439, '2'),
(440, '4'),
(441, '3'),
(442, '1'),
(443, '3'),
(444, '4'),
(445, '2'),
(446, '5'),
(447, '5'),
(448, '4'),
(449, '3'),
(450, '2'),
(451, '5'),
(452, '4'),
(453, '5'),
(454, '1'),
(455, '1'),
(456, '2'),
(457, '4'),
(458, '5'),
(459, '5'),
(460, '3'),
(461, '3'),
(462, '2'),
(463, '1'),
(464, '1'),
(465, '1'),
(466, '3'),
(467, '5'),
(468, '3'),
(469, '4'),
(470, '4'),
(471, '1'),
(472, '4'),
(473, '2'),
(474, '2'),
(475, '4'),
(476, '2'),
(477, '2'),
(478, '5'),
(479, '3'),
(480, '2'),
(481, '2'),
(482, '5'),
(483, '2'),
(484, '4'),
(485, '5'),
(486, '1'),
(487, '3'),
(488, '3'),
(489, '2'),
(490, '1'),
(491, '4'),
(492, '5'),
(493, '5'),
(494, '5'),
(495, '3'),
(496, '4'),
(497, '2'),
(498, '5'),
(499, '4'),
(500, '2');

-- --------------------------------------------------------

--
-- Table structure for table `users`
--

CREATE TABLE `users` (
  `id` int(11) NOT NULL,
  `name` varchar(255) NOT NULL,
  `phone` varchar(255) NOT NULL
) ENGINE=InnoDB DEFAULT CHARSET=utf8mb4;

--
-- Dumping data for table `users`
--

INSERT INTO `users` (`id`, `name`, `phone`) VALUES
(1, 'MgQYbcfPjv', '+989213117897'),
(2, 'PwTNOz21', '+989750422934'),
(3, '7H8RO', '+989774031975'),
(4, 'JfsGHZRR', '+989369219220'),
(5, '25hlW', '+989432718992'),
(6, 'f9nAdjYhsORy', '+989436079512'),
(7, 'hMfgtcOC9UB', '+989440476093'),
(8, 'Sdv5k3 6skZaLhx', '+989930582589'),
(9, 'alitVHoW3rmL54', '+989800915815'),
(10, 'ali6HA 86U68gK4bdp', '+989834173214'),
(11, 'alifuhxm7gRm9MRM', '+989605790039'),
(12, 'ali93g5waqwHUdrW 8', '+989138967283'),
(13, 'alilSYN9 ', '+989369592933'),
(14, '9DpFtsnVrof', '+989345976079'),
(15, 'aligQbw8', '+989472525359'),
(16, '02RfW', '+989473774355'),
(17, 'at9HjOnv1NI9qK', '+989566545659'),
(18, 'IljtHbCsI3mx', '+989205938303'),
(19, 'alikc1V6qwOI58lIGs', '+989355744785'),
(20, 'HJEJ8', '+989112627786'),
(21, 'ali9 Cne9p5', '+989673205312'),
(22, 'PWuPaU', '+989373266372'),
(23, 'XIFI4ENklaiJ', '+989518808010'),
(24, 'alij0NXa', '+989159491044'),
(25, 'ali w9MW8', '+989197518290'),
(26, 'npOpJcMaljihu6', '+989511893703'),
(27, 'pGO0rltfZ', '+989212496497'),
(28, 'LVOdj6x9rQ', '+989182271280'),
(29, 'boIJb', '+989645036055'),
(30, 'KlAzQHl30', '+989552835123'),
(31, 'xLPhrg', '+989159267403'),
(32, 'alivUuO171mT', '+989234892837'),
(33, 'HKkSniVk', '+989805111621'),
(34, 'MZxdxlMhblk9j0A', '+989903372839'),
(35, 'aliXLzjm4SfWD1u6FR', '+989922158830'),
(36, 'WpJBq', '+989469124666'),
(37, 'alivIhhPR3CJm8m3hl', '+989967792174'),
(38, 'ali7e0RV5YmaQ1', '+989534640413'),
(39, 'psDFT', '+989430819908'),
(40, '9eUYBN4sdjGlFz', '+989729465880'),
(41, 'aliXE4QetEuEh1l', '+989405942027'),
(42, 'alicPyhR', '+989301919011'),
(43, 'ali2mdyPraMqVP', '+989328439753'),
(44, 'wyTFUBgUQS6dE', '+989307117565'),
(45, 'aliEOPWmul', '+989222771927'),
(46, 'alikhDJIMqR iAc ', '+989600062640'),
(47, 'aliVgvitf', '+989869767770'),
(48, 'alip C7nslwdtjlv', '+989531323546'),
(49, 'alirAMTpa', '+989707154569'),
(50, 'tpAJbvY6peoRJAe', '+989285290626');

--
-- Indexes for dumped tables
--

--
-- Indexes for table `deliveries`
--
ALTER TABLE `deliveries`
  ADD PRIMARY KEY (`id`),
  ADD KEY `user_id` (`user_id`),
  ADD KEY `driver_id` (`driver_id`);

--
-- Indexes for table `drivers`
--
ALTER TABLE `drivers`
  ADD PRIMARY KEY (`id`);

--
-- Indexes for table `orders`
--
ALTER TABLE `orders`
  ADD PRIMARY KEY (`delivery_id`);

--
-- Indexes for table `rates`
--
ALTER TABLE `rates`
  ADD PRIMARY KEY (`delivery_id`);

--
-- Indexes for table `users`
--
ALTER TABLE `users`
  ADD PRIMARY KEY (`id`);

--
-- AUTO_INCREMENT for dumped tables
--

--
-- AUTO_INCREMENT for table `deliveries`
--
ALTER TABLE `deliveries`
  MODIFY `id` int(11) NOT NULL AUTO_INCREMENT, AUTO_INCREMENT=501;

--
-- AUTO_INCREMENT for table `drivers`
--
ALTER TABLE `drivers`
  MODIFY `id` int(11) NOT NULL AUTO_INCREMENT, AUTO_INCREMENT=51;

--
-- AUTO_INCREMENT for table `users`
--
ALTER TABLE `users`
  MODIFY `id` int(11) NOT NULL AUTO_INCREMENT, AUTO_INCREMENT=51;

--
-- Constraints for dumped tables
--

--
-- Constraints for table `deliveries`
--
ALTER TABLE `deliveries`
  ADD CONSTRAINT `deliveries_ibfk_1` FOREIGN KEY (`user_id`) REFERENCES `users` (`id`),
  ADD CONSTRAINT `deliveries_ibfk_2` FOREIGN KEY (`driver_id`) REFERENCES `drivers` (`id`);

--
-- Constraints for table `orders`
--
ALTER TABLE `orders`
  ADD CONSTRAINT `orders_ibfk_1` FOREIGN KEY (`delivery_id`) REFERENCES `deliveries` (`id`);

--
-- Constraints for table `rates`
--
ALTER TABLE `rates`
  ADD CONSTRAINT `rates_ibfk_1` FOREIGN KEY (`delivery_id`) REFERENCES `deliveries` (`id`);
COMMIT;

/*!40101 SET CHARACTER_SET_CLIENT=@OLD_CHARACTER_SET_CLIENT */;
/*!40101 SET CHARACTER_SET_RESULTS=@OLD_CHARACTER_SET_RESULTS */;
/*!40101 SET COLLATION_CONNECTION=@OLD_COLLATION_CONNECTION */;
